timestamp,temperature_c,relative_humidity_pct,sea_level_pressure_hpa,station_level_pressure_hpa,latitude,longitude,elevation_m,station_id,station_name,pressure_hpa,pressure_type
2023-01-01 00:00:00,7.5,97.0,1019.9,,28.5845,77.2058,214.9,INI0000VIDD,SAFDARJUNG,1019.9,sea_level_pressure
2023-01-01 00:00:00,8.0,89.0,1020.3,,26.2511,73.0489,218.5,INI0000VIJO,JODHPUR,1020.3,sea_level_pressure
2023-01-01 00:00:00,8.5,99.0,1017.9,945.1,30.3167,78.0333,682.0,INM00042111,DEHRADUN,1017.9,sea_level_pressure
2023-01-01 03:00:00,9.8,97.0,1021.9,,28.5845,77.2058,214.9,INI0000VIDD,SAFDARJUNG,1021.9,sea_level_pressure
2023-01-01 03:00:00,9.0,69.0,1021.8,,26.2511,73.0489,218.5,INI0000VIJO,JODHPUR,1021.8,sea_level_pressure
2023-01-01 03:00:00,8.4,100.0,1020.5,947.6,30.3167,78.0333,682.0,INM00042111,DEHRADUN,1020.5,sea_level_pressure
2023-01-01 06:00:00,17.6,65.0,1022.3,,28.5845,77.2058,214.9,INI0000VIDD,SAFDARJUNG,1022.3,sea_level_pressure
2023-01-01 06:00:00,18.8,41.0,1022.0,,26.2511,73.0489,218.5,INI0000VIJO,JODHPUR,1022.0,sea_level_pressure
2023-01-01 06:00:00,14.7,70.0,1019.8,948.4,30.3167,78.0333,682.0,INM00042111,DEHRADUN,1019.8,sea_level_pressure
2023-01-01 09:00:00,20.6,50.0,1019.0,,28.5845,77.2058,214.9,INI0000VIDD,SAFDARJUNG,1019.0,sea_level_pressure
2023-01-01 09:00:00,23.2,28.0,1018.6,,26.2511,73.0489,218.5,INI0000VIJO,JODHPUR,1018.6,sea_level_pressure
2023-01-01 09:00:00,17.4,63.0,1017.4,946.9,30.3167,78.0333,682.0,INM00042111,DEHRADUN,1017.4,sea_level_pressure
2023-01-01 12:00:00,18.0,62.0,1018.9,,28.5845,77.2058,214.9,INI0000VIDD,SAFDARJUNG,1018.9,sea_level_pressure
2023-01-01 12:00:00,22.2,34.0,1017.6,,26.2511,73.0489,218.5,INI0000VIJO,JODHPUR,1017.6,sea_level_pressure
2023-01-01 12:00:00,14.7,84.0,1018.8,947.5,30.3167,78.0333,682.0,INM00042111,DEHRADUN,1018.8,sea_level_pressure
2023-01-01 15:00:00,13.8,87.0,1021.0,,28.5845,77.2058,214.9,INI0000VIDD,SAFDARJUNG,1021.0,sea_level_pressure
2023-01-01 15:00:00,13.2,60.0,1020.3,,26.2511,73.0489,218.5,INI0000VIJO,JODHPUR,1020.3,sea_level_pressure
2023-01-01 15:00:00,11.8,93.0,1020.3,948.0,30.3167,78.0333,682.0,INM00042111,DEHRADUN,1020.3,sea_level_pressure
2023-01-01 18:00:00,12.5,88.0,1021.6,,28.5845,77.2058,214.9,INI0000VIDD,SAFDARJUNG,1021.6,sea_level_pressure
2023-01-01 18:00:00,10.4,70.0,1020.6,,26.2511,73.0489,218.5,INI0000VIJO,JODHPUR,1020.6,sea_level_pressure
2023-01-01 18:00:00,10.6,95.0,1021.4,949.0,30.3167,78.0333,682.0,INM00042111,DEHRADUN,1021.4,sea_level_pressure
2023-01-01 21:00:00,11.2,92.0,1020.9,,28.5845,77.2058,214.9,INI0000VIDD,SAFDARJUNG,1020.9,sea_level_pressure
2023-01-01 21:00:00,8.6,81.0,1020.5,,26.2511,73.0489,218.5,INI0000VIJO,JODHPUR,1020.5,sea_level_pressure
2023-01-01 21:00:00,,,,,,,,INM00042111,DEHRADUN,,sea_level_pressure
2023-01-02 00:00:00,9.5,94.0,1020.8,,28.5845,77.2058,214.9,INI0000VIDD,SAFDARJUNG,1020.8,sea_level_pressure
2023-01-02 00:00:00,9.2,71.0,1019.3,,26.2511,73.0489,218.5,INI0000VIJO,JODHPUR,1019.3,sea_level_pressure
2023-01-02 00:00:00,7.6,97.0,1020.1,946.9,30.3167,78.0333,682.0,INM00042111,DEHRADUN,1020.1,sea_level_pressure
2023-01-02 03:00:00,11.6,90.0,1022.7,,28.5845,77.2058,214.9,INI0000VIDD,SAFDARJUNG,1022.7,sea_level_pressure
2023-01-02 03:00:00,10.2,72.0,1021.6,,26.2511,73.0489,218.5,INI0000VIJO,JODHPUR,1021.6,sea_level_pressure
2023-01-02 03:00:00,7.8,95.0,1021.6,948.4,30.3167,78.0333,682.0,INM00042111,DEHRADUN,1021.6,sea_level_pressure
2023-01-02 06:00:00,15.7,71.0,1023.2,,28.5845,77.2058,214.9,INI0000VIDD,SAFDARJUNG,1023.2,sea_level_pressure
2023-01-02 06:00:00,19.2,47.0,1021.5,,26.2511,73.0489,218.5,INI0000VIJO,JODHPUR,1021.5,sea_level_pressure
2023-01-02 06:00:00,16.2,60.0,1019.9,949.0,30.3167,78.0333,682.0,INM00042111,DEHRADUN,1019.9,sea_level_pressure
2023-01-02 09:00:00,16.4,70.0,1020.6,,28.5845,77.2058,214.9,INI0000VIDD,SAFDARJUNG,1020.6,sea_level_pressure
2023-01-02 09:00:00,23.8,27.0,1018.2,,26.2511,73.0489,218.5,INI0000VIJO,JODHPUR,1018.2,sea_level_pressure
2023-01-02 09:00:00,,,,,,,,INM00042111,DEHRADUN,,sea_level_pressure
2023-01-02 12:00:00,15.0,80.0,1020.5,,28.5845,77.2058,214.9,INI0000VIDD,SAFDARJUNG,1020.5,sea_level_pressure
2023-01-02 12:00:00,22.0,36.0,1018.1,,26.2511,73.0489,218.5,INI0000VIJO,JODHPUR,1018.1,sea_level_pressure
2023-01-02 12:00:00,15.0,79.0,1018.2,947.0,30.3167,78.0333,682.0,INM00042111,DEHRADUN,1018.2,sea_level_pressure
2023-01-02 15:00:00,12.2,91.0,1022.1,,28.5845,77.2058,214.9,INI0000VIDD,SAFDARJUNG,1022.1,sea_level_pressure
2023-01-02 15:00:00,14.2,59.0,1020.2,,26.2511,73.0489,218.5,INI0000VIJO,JODHPUR,1020.2,sea_level_pressure
2023-01-02 15:00:00,9.8,90.0,1021.2,948.5,30.3167,78.0333,682.0,INM00042111,DEHRADUN,1021.2,sea_level_pressure
2023-01-02 18:00:00,10.2,95.0,1022.8,,28.5845,77.2058,214.9,INI0000VIDD,SAFDARJUNG,1022.8,sea_level_pressure
2023-01-02 18:00:00,13.4,54.0,1020.9,,26.2511,73.0489,218.5,INI0000VIJO,JODHPUR,1020.9,sea_level_pressure
2023-01-02 18:00:00,9.0,90.0,1021.7,948.6,30.3167,78.0333,682.0,INM00042111,DEHRADUN,1021.7,sea_level_pressure
2023-01-02 21:00:00,9.2,97.0,1022.1,,28.5845,77.2058,214.9,INI0000VIDD,SAFDARJUNG,1022.1,sea_level_pressure
2023-01-02 21:00:00,12.0,58.0,1020.2,,26.2511,73.0489,218.5,INI0000VIJO,JODHPUR,1020.2,sea_level_pressure
2023-01-02 21:00:00,,,,,,,,INM00042111,DEHRADUN,,sea_level_pressure
2023-01-03 00:00:00,11.2,88.0,1021.5,,28.5845,77.2058,214.9,INI0000VIDD,SAFDARJUNG,1021.5,sea_level_pressure
2023-01-03 00:00:00,11.0,76.0,1020.3,,26.2511,73.0489,218.5,INI0000VIJO,JODHPUR,1020.3,sea_level_pressure
2023-01-03 00:00:00,6.6,97.0,1021.5,948.0,30.3167,78.0333,682.0,INM00042111,DEHRADUN,1021.5,sea_level_pressure
2023-01-03 03:00:00,11.2,85.0,1023.6,,28.5845,77.2058,214.9,INI0000VIDD,SAFDARJUNG,1023.6,sea_level_pressure
2023-01-03 03:00:00,10.8,78.0,1022.9,,26.2511,73.0489,218.5,INI0000VIJO,JODHPUR,1022.9,sea_level_pressure
2023-01-03 03:00:00,6.8,97.0,1022.5,949.0,30.3167,78.0333,682.0,INM00042111,DEHRADUN,1022.5,sea_level_pressure
2023-01-03 06:00:00,13.4,77.0,1024.0,,28.5845,77.2058,214.9,INI0000VIDD,SAFDARJUNG,1024.0,sea_level_pressure
2023-01-03 06:00:00,18.8,53.0,1022.5,,26.2511,73.0489,218.5,INI0000VIJO,JODHPUR,1022.5,sea_level_pressure
2023-01-03 06:00:00,16.2,62.0,1020.8,949.8,30.3167,78.0333,682.0,INM00042111,DEHRADUN,1020.8,sea_level_pressure
2023-01-03 09:00:00,15.6,66.0,1021.3,,28.5845,77.2058,214.9,INI0000VIDD,SAFDARJUNG,1021.3,sea_level_pressure
2023-01-03 09:00:00,22.8,30.0,1019.3,,26.2511,73.0489,218.5,INI0000VIJO,JODHPUR,1019.3,sea_level_pressure
2023-01-03 09:00:00,18.6,48.0,1017.5,947.3,30.3167,78.0333,682.0,INM00042111,DEHRADUN,1017.5,sea_level_pressure
2023-01-03 12:00:00,14.6,70.0,1021.1,,28.5845,77.2058,214.9,INI0000VIDD,SAFDARJUNG,1021.1,sea_level_pressure
2023-01-03 12:00:00,21.0,29.0,1019.3,,26.2511,73.0489,218.5,INI0000VIJO,JODHPUR,1019.3,sea_level_pressure
2023-01-03 12:00:00,14.0,67.0,1019.8,948.2,30.3167,78.0333,682.0,INM00042111,DEHRADUN,1019.8,sea_level_pressure
2023-01-03 15:00:00,10.0,90.0,1022.7,,28.5845,77.2058,214.9,INI0000VIDD,SAFDARJUNG,1022.7,sea_level_pressure
2023-01-03 15:00:00,16.8,36.0,1021.8,,26.2511,73.0489,218.5,INI0000VIJO,JODHPUR,1021.8,sea_level_pressure
2023-01-03 15:00:00,8.4,90.0,1021.4,948.4,30.3167,78.0333,682.0,INM00042111,DEHRADUN,1021.4,sea_level_pressure
2023-01-03 18:00:00,7.5,93.0,1022.1,,28.5845,77.2058,214.9,INI0000VIDD,SAFDARJUNG,1022.1,sea_level_pressure
2023-01-03 18:00:00,14.0,43.0,1022.7,,26.2511,73.0489,218.5,INI0000VIJO,JODHPUR,1022.7,sea_level_pressure
2023-01-03 18:00:00,7.0,97.0,1021.9,948.4,30.3167,78.0333,682.0,INM00042111,DEHRADUN,1021.9,sea_level_pressure
2023-01-03 21:00:00,6.6,97.0,1022.5,,28.5845,77.2058,214.9,INI0000VIDD,SAFDARJUNG,1022.5,sea_level_pressure
2023-01-03 21:00:00,12.8,47.0,1022.4,,26.2511,73.0489,218.5,INI0000VIJO,JODHPUR,1022.4,sea_level_pressure
2023-01-03 21:00:00,5.8,97.0,1021.6,947.8,30.3167,78.0333,682.0,INM00042111,DEHRADUN,1021.6,sea_level_pressure
2023-01-04 00:00:00,7.6,97.0,1022.5,,28.5845,77.2058,214.9,INI0000VIDD,SAFDARJUNG,1022.5,sea_level_pressure
2023-01-04 00:00:00,8.4,68.0,1022.2,,26.2511,73.0489,218.5,INI0000VIJO,JODHPUR,1022.2,sea_level_pressure
2023-01-04 00:00:00,5.0,100.0,1021.3,947.3,30.3167,78.0333,682.0,INM00042111,DEHRADUN,1021.3,sea_level_pressure
2023-01-04 03:00:00,6.6,100.0,1025.1,,28.5845,77.2058,214.9,INI0000VIDD,SAFDARJUNG,1025.1,sea_level_pressure
2023-01-04 03:00:00,7.8,75.0,1024.7,,26.2511,73.0489,218.5,INI0000VIJO,JODHPUR,1024.7,sea_level_pressure
2023-01-04 03:00:00,6.0,94.0,1023.2,949.3,30.3167,78.0333,682.0,INM00042111,DEHRADUN,1023.2,sea_level_pressure
2023-01-04 06:00:00,10.5,77.0,1024.4,,28.5845,77.2058,214.9,INI0000VIDD,SAFDARJUNG,1024.4,sea_level_pressure
2023-01-04 06:00:00,16.2,44.0,1024.3,,26.2511,73.0489,218.5,INI0000VIJO,JODHPUR,1024.3,sea_level_pressure
2023-01-04 06:00:00,16.5,49.0,1021.0,950.0,30.3167,78.0333,682.0,INM00042111,DEHRADUN,1021.0,sea_level_pressure
2023-01-04 09:00:00,15.6,59.0,1012.5,,28.5845,77.2058,214.9,INI0000VIDD,SAFDARJUNG,1012.5,sea_level_pressure
2023-01-04 09:00:00,21.0,21.0,1020.5,,26.2511,73.0489,218.5,INI0000VIJO,JODHPUR,1020.5,sea_level_pressure
2023-01-04 09:00:00,21.2,40.0,1016.6,947.1,30.3167,78.0333,682.0,INM00042111,DEHRADUN,1016.6,sea_level_pressure
2023-01-04 12:00:00,13.2,75.0,1012.6,,28.5845,77.2058,214.9,INI0000VIDD,SAFDARJUNG,1012.6,sea_level_pressure
2023-01-04 12:00:00,19.4,28.0,1020.0,,26.2511,73.0489,218.5,INI0000VIJO,JODHPUR,1020.0,sea_level_pressure
2023-01-04 12:00:00,16.5,64.0,1017.9,947.2,30.3167,78.0333,682.0,INM00042111,DEHRADUN,1017.9,sea_level_pressure
2023-01-04 15:00:00,8.4,92.0,1023.0,,28.5845,77.2058,214.9,INI0000VIDD,SAFDARJUNG,1023.0,sea_level_pressure
2023-01-04 15:00:00,13.6,38.0,1021.9,,26.2511,73.0489,218.5,INI0000VIJO,JODHPUR,1021.9,sea_level_pressure
2023-01-04 15:00:00,9.8,90.0,1021.5,948.8,30.3167,78.0333,682.0,INM00042111,DEHRADUN,1021.5,sea_level_pressure
2023-01-04 18:00:00,6.6,94.0,1023.8,,28.5845,77.2058,214.9,INI0000VIDD,SAFDARJUNG,1023.8,sea_level_pressure
2023-01-04 18:00:00,13.4,42.0,1022.5,,26.2511,73.0489,218.5,INI0000VIJO,JODHPUR,1022.5,sea_level_pressure
2023-01-04 18:00:00,7.0,95.0,1022.6,949.0,30.3167,78.0333,682.0,INM00042111,DEHRADUN,1022.6,sea_level_pressure
2023-01-04 21:00:00,5.4,97.0,1023.3,,28.5845,77.2058,214.9,INI0000VIDD,SAFDARJUNG,1023.3,sea_level_pressure
2023-01-04 21:00:00,10.8,56.0,1022.2,,26.2511,73.0489,218.5,INI0000VIJO,JODHPUR,1022.2,sea_level_pressure
2023-01-04 21:00:00,6.4,100.0,1022.4,948.8,30.3167,78.0333,682.0,INM00042111,DEHRADUN,1022.4,sea_level_pressure
2023-01-05 00:00:00,7.0,100.0,1023.0,,28.5845,77.2058,214.9,INI0000VIDD,SAFDARJUNG,1023.0,sea_level_pressure
2023-01-05 00:00:00,8.2,70.0,1022.3,,26.2511,73.0489,218.5,INI0000VIJO,JODHPUR,1022.3,sea_level_pressure
2023-01-05 00:00:00,5.0,100.0,1021.7,947.7,30.3167,78.0333,682.0,INM00042111,DEHRADUN,1021.7,sea_level_pressure
2023-01-05 03:00:00,7.0,100.0,1025.3,,28.5845,77.2058,214.9,INI0000VIDD,SAFDARJUNG,1025.3,sea_level_pressure
2023-01-05 03:00:00,7.0,74.0,1022.9,,26.2511,73.0489,218.5,INI0000VIJO,JODHPUR,1022.9,sea_level_pressure
2023-01-05 03:00:00,6.4,89.0,1023.1,949.5,30.3167,78.0333,682.0,INM00042111,DEHRADUN,1023.1,sea_level_pressure
2023-01-05 06:00:00,,,,,,,,INI0000VIDD,SAFDARJUNG,,sea_level_pressure
2023-01-05 06:00:00,17.0,38.0,1023.8,,26.2511,73.0489,218.5,INI0000VIJO,JODHPUR,1023.8,sea_level_pressure
2023-01-05 06:00:00,,,,,,,,INM00042111,DEHRADUN,,sea_level_pressure
2023-01-05 09:00:00,15.0,64.0,1022.7,,28.5845,77.2058,214.9,INI0000VIDD,SAFDARJUNG,1022.7,sea_level_pressure
2023-01-05 09:00:00,21.6,24.0,1020.3,,26.2511,73.0489,218.5,INI0000VIJO,JODHPUR,1020.3,sea_level_pressure
2023-01-05 09:00:00,21.0,43.0,1018.2,,30.3167,78.0333,682.0,INM00042111,DEHRADUN,1018.2,sea_level_pressure
2023-01-05 12:00:00,13.7,74.0,1023.2,,28.5845,77.2058,214.9,INI0000VIDD,SAFDARJUNG,1023.2,sea_level_pressure
2023-01-05 12:00:00,20.4,26.0,1020.2,,26.2511,73.0489,218.5,INI0000VIJO,JODHPUR,1020.2,sea_level_pressure
2023-01-05 12:00:00,,,,,,,,INM00042111,DEHRADUN,,sea_level_pressure
2023-01-05 15:00:00,9.4,87.0,1025.2,,28.5845,77.2058,214.9,INI0000VIDD,SAFDARJUNG,1025.2,sea_level_pressure
2023-01-05 15:00:00,13.8,37.0,1022.5,,26.2511,73.0489,218.5,INI0000VIJO,JODHPUR,1022.5,sea_level_pressure
2023-01-05 15:00:00,9.0,92.0,1023.1,950.0,30.3167,78.0333,682.0,INM00042111,DEHRADUN,1023.1,sea_level_pressure
2023-01-05 18:00:00,8.2,92.0,1026.0,,28.5845,77.2058,214.9,INI0000VIDD,SAFDARJUNG,1026.0,sea_level_pressure
2023-01-05 18:00:00,10.7,46.0,1023.4,,26.2511,73.0489,218.5,INI0000VIJO,JODHPUR,1023.4,sea_level_pressure
2023-01-05 18:00:00,8.0,97.0,1024.6,951.2,30.3167,78.0333,682.0,INM00042111,DEHRADUN,1024.6,sea_level_pressure
2023-01-05 21:00:00,,,,,,,,INI0000VIDD,SAFDARJUNG,,sea_level_pressure
2023-01-05 21:00:00,9.6,48.0,1023.0,,26.2511,73.0489,218.5,INI0000VIJO,JODHPUR,1023.0,sea_level_pressure
2023-01-05 21:00:00,,,,,,,,INM00042111,DEHRADUN,,sea_level_pressure
2023-01-06 00:00:00,5.6,100.0,1023.9,,28.5845,77.2058,214.9,INI0000VIDD,SAFDARJUNG,1023.9,sea_level_pressure
2023-01-06 00:00:00,7.5,53.0,1021.6,,26.2511,73.0489,218.5,INI0000VIJO,JODHPUR,1021.6,sea_level_pressure
2023-01-06 00:00:00,,,,,,,,INM00042111,DEHRADUN,,sea_level_pressure
2023-01-06 03:00:00,7.6,97.0,1025.6,,28.5845,77.2058,214.9,INI0000VIDD,SAFDARJUNG,1025.6,sea_level_pressure
2023-01-06 03:00:00,8.0,62.0,1023.9,,26.2511,73.0489,218.5,INI0000VIJO,JODHPUR,1023.9,sea_level_pressure
2023-01-06 03:00:00,,,,,,,,INM00042111,DEHRADUN,,sea_level_pressure
2023-01-06 06:00:00,11.0,76.0,1026.6,,28.5845,77.2058,214.9,INI0000VIDD,SAFDARJUNG,1026.6,sea_level_pressure
2023-01-06 06:00:00,18.8,29.0,1022.9,,26.2511,73.0489,218.5,INI0000VIJO,JODHPUR,1022.9,sea_level_pressure
2023-01-06 06:00:00,16.0,58.0,1022.5,951.2,30.3167,78.0333,682.0,INM00042111,DEHRADUN,1022.5,sea_level_pressure
2023-01-06 09:00:00,15.4,58.0,1023.2,,28.5845,77.2058,214.9,INI0000VIDD,SAFDARJUNG,1023.2,sea_level_pressure
2023-01-06 09:00:00,24.0,24.0,1020.4,,26.2511,73.0489,218.5,INI0000VIJO,JODHPUR,1020.4,sea_level_pressure
2023-01-06 09:00:00,19.0,52.0,1020.0,949.5,30.3167,78.0333,682.0,INM00042111,DEHRADUN,1020.0,sea_level_pressure
2023-01-06 12:00:00,13.6,65.0,1022.7,,28.5845,77.2058,214.9,INI0000VIDD,SAFDARJUNG,1022.7,sea_level_pressure
2023-01-06 12:00:00,22.6,32.0,1019.6,,26.2511,73.0489,218.5,INI0000VIJO,JODHPUR,1019.6,sea_level_pressure
2023-01-06 12:00:00,14.7,74.0,1020.2,948.8,30.3167,78.0333,682.0,INM00042111,DEHRADUN,1020.2,sea_level_pressure
2023-01-06 15:00:00,9.0,95.0,1024.4,,28.5845,77.2058,214.9,INI0000VIDD,SAFDARJUNG,1024.4,sea_level_pressure
2023-01-06 15:00:00,16.2,33.0,1021.4,,26.2511,73.0489,218.5,INI0000VIJO,JODHPUR,1021.4,sea_level_pressure
2023-01-06 15:00:00,10.0,92.0,1023.1,950.3,30.3167,78.0333,682.0,INM00042111,DEHRADUN,1023.1,sea_level_pressure
2023-01-06 18:00:00,6.6,91.0,1024.7,,28.5845,77.2058,214.9,INI0000VIDD,SAFDARJUNG,1024.7,sea_level_pressure
2023-01-06 18:00:00,13.2,40.0,1022.0,,26.2511,73.0489,218.5,INI0000VIJO,JODHPUR,1022.0,sea_level_pressure
2023-01-06 18:00:00,7.7,98.0,1023.5,950.1,30.3167,78.0333,682.0,INM00042111,DEHRADUN,1023.5,sea_level_pressure
2023-01-06 21:00:00,5.5,93.0,1024.4,,28.5845,77.2058,214.9,INI0000VIDD,SAFDARJUNG,1024.4,sea_level_pressure
2023-01-06 21:00:00,11.6,43.0,1020.9,,26.2511,73.0489,218.5,INI0000VIJO,JODHPUR,1020.9,sea_level_pressure
2023-01-06 21:00:00,7.5,99.0,1020.6,947.4,30.3167,78.0333,682.0,INM00042111,DEHRADUN,1020.6,sea_level_pressure
2023-01-07 00:00:00,6.2,100.0,1022.7,,28.5845,77.2058,214.9,INI0000VIDD,SAFDARJUNG,1022.7,sea_level_pressure
2023-01-07 00:00:00,11.0,48.0,1020.4,,26.2511,73.0489,218.5,INI0000VIJO,JODHPUR,1020.4,sea_level_pressure
2023-01-07 00:00:00,7.0,100.0,1019.2,945.9,30.3167,78.0333,682.0,INM00042111,DEHRADUN,1019.2,sea_level_pressure
2023-01-07 03:00:00,6.2,100.0,1024.0,,28.5845,77.2058,214.9,INI0000VIDD,SAFDARJUNG,1024.0,sea_level_pressure
2023-01-07 03:00:00,11.0,50.0,1022.5,,26.2511,73.0489,218.5,INI0000VIJO,JODHPUR,1022.5,sea_level_pressure
2023-01-07 03:00:00,6.6,97.0,1012.5,948.9,30.3167,78.0333,682.0,INM00042111,DEHRADUN,1012.5,sea_level_pressure
2023-01-07 06:00:00,11.0,71.0,1024.3,,28.5845,77.2058,214.9,INI0000VIDD,SAFDARJUNG,1024.3,sea_level_pressure
2023-01-07 06:00:00,19.4,38.0,1022.3,,26.2511,73.0489,218.5,INI0000VIJO,JODHPUR,1022.3,sea_level_pressure
2023-01-07 06:00:00,18.2,46.0,1019.2,948.8,30.3167,78.0333,682.0,INM00042111,DEHRADUN,1019.2,sea_level_pressure
2023-01-07 09:00:00,15.2,59.0,1020.9,,28.5845,77.2058,214.9,INI0000VIDD,SAFDARJUNG,1020.9,sea_level_pressure
2023-01-07 09:00:00,25.6,29.0,1018.5,,26.2511,73.0489,218.5,INI0000VIJO,JODHPUR,1018.5,sea_level_pressure
2023-01-07 09:00:00,22.0,45.0,1015.6,946.1,30.3167,78.0333,682.0,INM00042111,DEHRADUN,1015.6,sea_level_pressure
2023-01-07 12:00:00,14.2,70.0,1020.1,,28.5845,77.2058,214.9,INI0000VIDD,SAFDARJUNG,1020.1,sea_level_pressure
2023-01-07 12:00:00,24.8,44.0,1017.4,,26.2511,73.0489,218.5,INI0000VIJO,JODHPUR,1017.4,sea_level_pressure
2023-01-07 12:00:00,16.0,71.0,1017.2,946.2,30.3167,78.0333,682.0,INM00042111,DEHRADUN,1017.2,sea_level_pressure
2023-01-07 15:00:00,8.4,89.0,1022.4,,28.5845,77.2058,214.9,INI0000VIDD,SAFDARJUNG,1022.4,sea_level_pressure
2023-01-07 15:00:00,18.0,59.0,1019.6,,26.2511,73.0489,218.5,INI0000VIJO,JODHPUR,1019.6,sea_level_pressure
2023-01-07 15:00:00,10.6,88.0,1020.2,947.8,30.3167,78.0333,682.0,INM00042111,DEHRADUN,1020.2,sea_level_pressure
2023-01-07 18:00:00,6.5,97.0,1022.0,,28.5845,77.2058,214.9,INI0000VIDD,SAFDARJUNG,1022.0,sea_level_pressure
2023-01-07 18:00:00,17.8,43.0,1019.9,,26.2511,73.0489,218.5,INI0000VIJO,JODHPUR,1019.9,sea_level_pressure
2023-01-07 18:00:00,8.6,92.0,1020.6,947.6,30.3167,78.0333,682.0,INM00042111,DEHRADUN,1020.6,sea_level_pressure
2023-01-07 21:00:00,5.5,99.0,1020.0,,28.5845,77.2058,214.9,INI0000VIDD,SAFDARJUNG,1020.0,sea_level_pressure
2023-01-07 21:00:00,17.0,38.0,1019.4,,26.2511,73.0489,218.5,INI0000VIJO,JODHPUR,1019.4,sea_level_pressure
2023-01-07 21:00:00,7.7,95.0,1018.5,945.4,30.3167,78.0333,682.0,INM00042111,DEHRADUN,1018.5,sea_level_pressure
2023-01-08 00:00:00,6.6,100.0,1019.6,,28.5845,77.2058,214.9,INI0000VIDD,SAFDARJUNG,1019.6,sea_level_pressure
2023-01-08 00:00:00,13.0,54.0,1018.3,,26.2511,73.0489,218.5,INI0000VIJO,JODHPUR,1018.3,sea_level_pressure
2023-01-08 00:00:00,7.2,97.0,1018.0,945.0,30.3167,78.0333,682.0,INM00042111,DEHRADUN,1018.0,sea_level_pressure
2023-01-08 03:00:00,5.0,100.0,1020.6,,28.5845,77.2058,214.9,INI0000VIDD,SAFDARJUNG,1020.6,sea_level_pressure
2023-01-08 03:00:00,12.6,61.0,1020.3,,26.2511,73.0489,218.5,INI0000VIJO,JODHPUR,1020.3,sea_level_pressure
2023-01-08 03:00:00,8.6,92.0,1018.2,945.4,30.3167,78.0333,682.0,INM00042111,DEHRADUN,1018.2,sea_level_pressure
2023-01-08 06:00:00,8.6,89.0,1021.6,,28.5845,77.2058,214.9,INI0000VIDD,SAFDARJUNG,1021.6,sea_level_pressure
2023-01-08 06:00:00,21.2,44.0,1020.0,,26.2511,73.0489,218.5,INI0000VIJO,JODHPUR,1020.0,sea_level_pressure
2023-01-08 06:00:00,19.7,44.0,1016.4,946.4,30.3167,78.0333,682.0,INM00042111,DEHRADUN,1016.4,sea_level_pressure
2023-01-08 09:00:00,18.0,55.0,1017.8,,28.5845,77.2058,214.9,INI0000VIDD,SAFDARJUNG,1017.8,sea_level_pressure
2023-01-08 09:00:00,27.4,33.0,1016.4,,26.2511,73.0489,218.5,INI0000VIJO,JODHPUR,1016.4,sea_level_pressure
2023-01-08 09:00:00,23.2,43.0,1012.6,943.7,30.3167,78.0333,682.0,INM00042111,DEHRADUN,1012.6,sea_level_pressure
2023-01-08 12:00:00,15.5,72.0,1017.8,,28.5845,77.2058,214.9,INI0000VIDD,SAFDARJUNG,1017.8,sea_level_pressure
2023-01-08 12:00:00,25.2,45.0,1015.7,,26.2511,73.0489,218.5,INI0000VIJO,JODHPUR,1015.7,sea_level_pressure
2023-01-08 12:00:00,16.6,60.0,1015.3,944.7,30.3167,78.0333,682.0,INM00042111,DEHRADUN,1015.3,sea_level_pressure
2023-01-08 15:00:00,,,,,,,,INI0000VIDD,SAFDARJUNG,,sea_level_pressure
2023-01-08 15:00:00,17.2,74.0,1018.3,,26.2511,73.0489,218.5,INI0000VIJO,JODHPUR,1018.3,sea_level_pressure
2023-01-08 15:00:00,10.4,88.0,1018.4,946.1,30.3167,78.0333,682.0,INM00042111,DEHRADUN,1018.4,sea_level_pressure
2023-01-08 18:00:00,7.5,97.0,1020.7,,28.5845,77.2058,214.9,INI0000VIDD,SAFDARJUNG,1020.7,sea_level_pressure
2023-01-08 18:00:00,14.6,78.0,1018.5,,26.2511,73.0489,218.5,INI0000VIJO,JODHPUR,1018.5,sea_level_pressure
2023-01-08 18:00:00,8.5,94.0,1020.5,947.5,30.3167,78.0333,682.0,INM00042111,DEHRADUN,1020.5,sea_level_pressure
2023-01-08 21:00:00,5.6,97.0,1019.3,,28.5845,77.2058,214.9,INI0000VIDD,SAFDARJUNG,1019.3,sea_level_pressure
2023-01-08 21:00:00,14.0,76.0,1018.3,,26.2511,73.0489,218.5,INI0000VIJO,JODHPUR,1018.3,sea_level_pressure
2023-01-08 21:00:00,,,,,,,,INM00042111,DEHRADUN,,sea_level_pressure
2023-01-09 00:00:00,7.2,100.0,1020.0,,28.5845,77.2058,214.9,INI0000VIDD,SAFDARJUNG,1020.0,sea_level_pressure
2023-01-09 00:00:00,12.2,74.0,1019.0,,26.2511,73.0489,218.5,INI0000VIJO,JODHPUR,1019.0,sea_level_pressure
2023-01-09 00:00:00,7.2,97.0,1019.8,946.7,30.3167,78.0333,682.0,INM00042111,DEHRADUN,1019.8,sea_level_pressure
2023-01-09 03:00:00,8.2,100.0,1022.2,,28.5845,77.2058,214.9,INI0000VIDD,SAFDARJUNG,1022.2,sea_level_pressure
2023-01-09 03:00:00,12.2,77.0,1021.2,,26.2511,73.0489,218.5,INI0000VIJO,JODHPUR,1021.2,sea_level_pressure
2023-01-09 03:00:00,8.4,95.0,1020.8,947.8,30.3167,78.0333,682.0,INM00042111,DEHRADUN,1020.8,sea_level_pressure
2023-01-09 06:00:00,10.4,97.0,1022.8,,28.5845,77.2058,214.9,INI0000VIDD,SAFDARJUNG,1022.8,sea_level_pressure
2023-01-09 06:00:00,24.2,38.0,1020.6,,26.2511,73.0489,218.5,INI0000VIJO,JODHPUR,1020.6,sea_level_pressure
2023-01-09 06:00:00,19.6,55.0,1018.1,948.0,30.3167,78.0333,682.0,INM00042111,DEHRADUN,1018.1,sea_level_pressure
2023-01-09 09:00:00,18.4,66.0,1019.3,,28.5845,77.2058,214.9,INI0000VIDD,SAFDARJUNG,1019.3,sea_level_pressure
2023-01-09 09:00:00,27.4,35.0,1017.6,,26.2511,73.0489,218.5,INI0000VIJO,JODHPUR,1017.6,sea_level_pressure
2023-01-09 09:00:00,23.0,38.0,1015.5,946.2,30.3167,78.0333,682.0,INM00042111,DEHRADUN,1015.5,sea_level_pressure
2023-01-09 12:00:00,15.0,81.0,1018.9,,28.5845,77.2058,214.9,INI0000VIDD,SAFDARJUNG,1018.9,sea_level_pressure
2023-01-09 12:00:00,26.4,46.0,1016.6,,26.2511,73.0489,218.5,INI0000VIJO,JODHPUR,1016.6,sea_level_pressure
2023-01-09 12:00:00,17.5,62.0,1016.3,945.8,30.3167,78.0333,682.0,INM00042111,DEHRADUN,1016.3,sea_level_pressure
2023-01-09 15:00:00,12.6,86.0,1020.5,,28.5845,77.2058,214.9,INI0000VIDD,SAFDARJUNG,1020.5,sea_level_pressure
2023-01-09 15:00:00,18.6,71.0,1019.1,,26.2511,73.0489,218.5,INI0000VIJO,JODHPUR,1019.1,sea_level_pressure
2023-01-09 15:00:00,12.8,80.0,1019.0,947.1,30.3167,78.0333,682.0,INM00042111,DEHRADUN,1019.0,sea_level_pressure
2023-01-09 18:00:00,11.2,90.0,1021.2,,28.5845,77.2058,214.9,INI0000VIDD,SAFDARJUNG,1021.2,sea_level_pressure
2023-01-09 18:00:00,17.6,58.0,1019.6,,26.2511,73.0489,218.5,INI0000VIJO,JODHPUR,1019.6,sea_level_pressure
2023-01-09 18:00:00,10.2,91.0,1019.5,947.1,30.3167,78.0333,682.0,INM00042111,DEHRADUN,1019.5,sea_level_pressure
2023-01-09 21:00:00,9.6,95.0,1020.9,,28.5845,77.2058,214.9,INI0000VIDD,SAFDARJUNG,1020.9,sea_level_pressure
2023-01-09 21:00:00,16.2,54.0,1019.7,,26.2511,73.0489,218.5,INI0000VIJO,JODHPUR,1019.7,sea_level_pressure
2023-01-09 21:00:00,8.8,95.0,1018.2,945.4,30.3167,78.0333,682.0,INM00042111,DEHRADUN,1018.2,sea_level_pressure
2023-01-10 00:00:00,7.7,100.0,1020.3,,28.5845,77.2058,214.9,INI0000VIDD,SAFDARJUNG,1020.3,sea_level_pressure
2023-01-10 00:00:00,14.6,62.0,1019.0,,26.2511,73.0489,218.5,INI0000VIJO,JODHPUR,1019.0,sea_level_pressure
2023-01-10 00:00:00,8.6,92.0,1018.3,945.5,30.3167,78.0333,682.0,INM00042111,DEHRADUN,1018.3,sea_level_pressure
2023-01-10 03:00:00,8.2,100.0,1021.4,,28.5845,77.2058,214.9,INI0000VIDD,SAFDARJUNG,1021.4,sea_level_pressure
2023-01-10 03:00:00,14.6,56.0,1020.8,,26.2511,73.0489,218.5,INI0000VIJO,JODHPUR,1020.8,sea_level_pressure
2023-01-10 03:00:00,8.6,92.0,1019.9,947.0,30.3167,78.0333,682.0,INM00042111,DEHRADUN,1019.9,sea_level_pressure
2023-01-10 06:00:00,11.6,83.0,1021.3,,28.5845,77.2058,214.9,INI0000VIDD,SAFDARJUNG,1021.3,sea_level_pressure
2023-01-10 06:00:00,23.6,39.0,1020.4,,26.2511,73.0489,218.5,INI0000VIJO,JODHPUR,1020.4,sea_level_pressure
2023-01-10 06:00:00,21.0,48.0,1017.7,947.8,30.3167,78.0333,682.0,INM00042111,DEHRADUN,1017.7,sea_level_pressure
2023-01-10 09:00:00,17.0,61.0,1017.6,,28.5845,77.2058,214.9,INI0000VIDD,SAFDARJUNG,1017.6,sea_level_pressure
2023-01-10 09:00:00,27.4,30.0,1016.8,,26.2511,73.0489,218.5,INI0000VIJO,JODHPUR,1016.8,sea_level_pressure
2023-01-10 09:00:00,24.0,43.0,1012.8,943.9,30.3167,78.0333,682.0,INM00042111,DEHRADUN,1012.8,sea_level_pressure
2023-01-10 12:00:00,16.7,63.0,1017.1,,28.5845,77.2058,214.9,INI0000VIDD,SAFDARJUNG,1017.1,sea_level_pressure
2023-01-10 12:00:00,26.0,45.0,1015.7,,26.2511,73.0489,218.5,INI0000VIJO,JODHPUR,1015.7,sea_level_pressure
2023-01-10 12:00:00,18.0,67.0,1014.1,943.8,30.3167,78.0333,682.0,INM00042111,DEHRADUN,1014.1,sea_level_pressure
2023-01-10 15:00:00,10.2,95.0,1018.5,,28.5845,77.2058,214.9,INI0000VIDD,SAFDARJUNG,1018.5,sea_level_pressure
2023-01-10 15:00:00,17.2,65.0,1016.8,,26.2511,73.0489,218.5,INI0000VIJO,JODHPUR,1016.8,sea_level_pressure
2023-01-10 15:00:00,11.2,88.0,1016.3,944.4,30.3167,78.0333,682.0,INM00042111,DEHRADUN,1016.3,sea_level_pressure
2023-01-10 18:00:00,8.0,97.0,1019.2,,28.5845,77.2058,214.9,INI0000VIDD,SAFDARJUNG,1019.2,sea_level_pressure
2023-01-10 18:00:00,14.8,64.0,1017.2,,26.2511,73.0489,218.5,INI0000VIJO,JODHPUR,1017.2,sea_level_pressure
2023-01-10 18:00:00,9.2,95.0,1017.4,945.0,30.3167,78.0333,682.0,INM00042111,DEHRADUN,1017.4,sea_level_pressure
2023-01-10 21:00:00,6.4,100.0,1018.8,,28.5845,77.2058,214.9,INI0000VIDD,SAFDARJUNG,1018.8,sea_level_pressure
2023-01-10 21:00:00,14.2,67.0,1015.2,,26.2511,73.0489,218.5,INI0000VIJO,JODHPUR,1015.2,sea_level_pressure
2023-01-10 21:00:00,,,,,,,,INM00042111,DEHRADUN,,sea_level_pressure
2023-01-11 00:00:00,6.0,100.0,1016.5,,28.5845,77.2058,214.9,INI0000VIDD,SAFDARJUNG,1016.5,sea_level_pressure
2023-01-11 00:00:00,11.2,64.0,1014.7,,26.2511,73.0489,218.5,INI0000VIJO,JODHPUR,1014.7,sea_level_pressure
2023-01-11 00:00:00,7.7,98.0,1014.8,942.0,30.3167,78.0333,682.0,INM00042111,DEHRADUN,1014.8,sea_level_pressure
2023-01-11 03:00:00,7.8,100.0,1016.5,,28.5845,77.2058,214.9,INI0000VIDD,SAFDARJUNG,1016.5,sea_level_pressure
2023-01-11 03:00:00,10.4,75.0,1016.7,,26.2511,73.0489,218.5,INI0000VIJO,JODHPUR,1016.7,sea_level_pressure
2023-01-11 03:00:00,8.6,97.0,1015.3,942.8,30.3167,78.0333,682.0,INM00042111,DEHRADUN,1015.3,sea_level_pressure
2023-01-11 06:00:00,12.6,82.0,1016.7,,28.5845,77.2058,214.9,INI0000VIDD,SAFDARJUNG,1016.7,sea_level_pressure
2023-01-11 06:00:00,22.8,37.0,1015.4,,26.2511,73.0489,218.5,INI0000VIJO,JODHPUR,1015.4,sea_level_pressure
2023-01-11 06:00:00,14.7,64.0,1013.6,942.7,30.3167,78.0333,682.0,INM00042111,DEHRADUN,1013.6,sea_level_pressure
2023-01-11 09:00:00,18.4,64.0,1012.3,,28.5845,77.2058,214.9,INI0000VIDD,SAFDARJUNG,1012.3,sea_level_pressure
2023-01-11 09:00:00,27.0,26.0,1010.9,,26.2511,73.0489,218.5,INI0000VIJO,JODHPUR,1010.9,sea_level_pressure
2023-01-11 09:00:00,14.8,72.0,1011.1,940.3,30.3167,78.0333,682.0,INM00042111,DEHRADUN,1011.1,sea_level_pressure
2023-01-11 12:00:00,17.6,67.0,1011.7,,28.5845,77.2058,214.9,INI0000VIDD,SAFDARJUNG,1011.7,sea_level_pressure
2023-01-11 12:00:00,26.0,32.0,1009.6,,26.2511,73.0489,218.5,INI0000VIJO,JODHPUR,1009.6,sea_level_pressure
2023-01-11 12:00:00,12.5,82.0,1011.5,940.2,30.3167,78.0333,682.0,INM00042111,DEHRADUN,1011.5,sea_level_pressure
2023-01-11 15:00:00,12.6,86.0,1014.2,,28.5845,77.2058,214.9,INI0000VIDD,SAFDARJUNG,1014.2,sea_level_pressure
2023-01-11 15:00:00,18.8,60.0,1011.7,,26.2511,73.0489,218.5,INI0000VIJO,JODHPUR,1011.7,sea_level_pressure
2023-01-11 15:00:00,10.6,93.0,1013.9,941.9,30.3167,78.0333,682.0,INM00042111,DEHRADUN,1013.9,sea_level_pressure
2023-01-11 18:00:00,11.5,87.0,1015.3,,28.5845,77.2058,214.9,INI0000VIDD,SAFDARJUNG,1015.3,sea_level_pressure
2023-01-11 18:00:00,19.8,54.0,1012.1,,26.2511,73.0489,218.5,INI0000VIJO,JODHPUR,1012.1,sea_level_pressure
2023-01-11 18:00:00,,,,,,,,INM00042111,DEHRADUN,,sea_level_pressure
2023-01-11 21:00:00,10.6,90.0,1013.7,,28.5845,77.2058,214.9,INI0000VIDD,SAFDARJUNG,1013.7,sea_level_pressure
2023-01-11 21:00:00,18.4,57.0,1011.3,,26.2511,73.0489,218.5,INI0000VIJO,JODHPUR,1011.3,sea_level_pressure
2023-01-11 21:00:00,,,,,,,,INM00042111,DEHRADUN,,sea_level_pressure
2023-01-12 00:00:00,10.7,95.0,1012.5,,28.5845,77.2058,214.9,INI0000VIDD,SAFDARJUNG,1012.5,sea_level_pressure
2023-01-12 00:00:00,14.4,91.0,1010.4,,26.2511,73.0489,218.5,INI0000VIJO,JODHPUR,1010.4,sea_level_pressure
2023-01-12 00:00:00,9.5,97.0,1013.1,941.0,30.3167,78.0333,682.0,INM00042111,DEHRADUN,1013.1,sea_level_pressure
2023-01-12 03:00:00,10.6,97.0,1013.6,,28.5845,77.2058,214.9,INI0000VIDD,SAFDARJUNG,1013.6,sea_level_pressure
2023-01-12 03:00:00,13.4,96.0,1012.2,,26.2511,73.0489,218.5,INI0000VIJO,JODHPUR,1012.2,sea_level_pressure
2023-01-12 03:00:00,9.6,90.0,1013.6,941.5,30.3167,78.0333,682.0,INM00042111,DEHRADUN,1013.6,sea_level_pressure
2023-01-12 06:00:00,14.7,75.0,1013.9,,28.5845,77.2058,214.9,INI0000VIDD,SAFDARJUNG,1013.9,sea_level_pressure
2023-01-12 06:00:00,22.2,46.0,1012.4,,26.2511,73.0489,218.5,INI0000VIJO,JODHPUR,1012.4,sea_level_pressure
2023-01-12 06:00:00,19.7,44.0,1011.5,941.8,30.3167,78.0333,682.0,INM00042111,DEHRADUN,1011.5,sea_level_pressure
2023-01-12 09:00:00,20.6,65.0,1010.1,,28.5845,77.2058,214.9,INI0000VIDD,SAFDARJUNG,1010.1,sea_level_pressure
2023-01-12 09:00:00,26.2,32.0,1009.0,,26.2511,73.0489,218.5,INI0000VIJO,JODHPUR,1009.0,sea_level_pressure
2023-01-12 09:00:00,22.0,43.0,1009.4,940.3,30.3167,78.0333,682.0,INM00042111,DEHRADUN,1009.4,sea_level_pressure
2023-01-12 12:00:00,18.7,74.0,1010.0,,28.5845,77.2058,214.9,INI0000VIDD,SAFDARJUNG,1010.0,sea_level_pressure
2023-01-12 12:00:00,24.6,43.0,1008.2,,26.2511,73.0489,218.5,INI0000VIJO,JODHPUR,1008.2,sea_level_pressure
2023-01-12 12:00:00,17.6,58.0,1009.4,939.4,30.3167,78.0333,682.0,INM00042111,DEHRADUN,1009.4,sea_level_pressure
2023-01-12 15:00:00,15.4,87.0,1011.6,,28.5845,77.2058,214.9,INI0000VIDD,SAFDARJUNG,1011.6,sea_level_pressure
2023-01-12 15:00:00,18.4,61.0,1010.4,,26.2511,73.0489,218.5,INI0000VIJO,JODHPUR,1010.4,sea_level_pressure
2023-01-12 15:00:00,11.8,84.0,1011.8,940.2,30.3167,78.0333,682.0,INM00042111,DEHRADUN,1011.8,sea_level_pressure
2023-01-12 18:00:00,14.2,91.0,1012.3,,28.5845,77.2058,214.9,INI0000VIDD,SAFDARJUNG,1012.3,sea_level_pressure
2023-01-12 18:00:00,16.2,71.0,1011.9,,26.2511,73.0489,218.5,INI0000VIJO,JODHPUR,1011.9,sea_level_pressure
2023-01-12 18:00:00,9.6,90.0,1012.8,940.7,30.3167,78.0333,682.0,INM00042111,DEHRADUN,1012.8,sea_level_pressure
2023-01-12 21:00:00,12.6,93.0,1011.0,,28.5845,77.2058,214.9,INI0000VIDD,SAFDARJUNG,1011.0,sea_level_pressure
2023-01-12 21:00:00,13.8,82.0,1011.4,,26.2511,73.0489,218.5,INI0000VIJO,JODHPUR,1011.4,sea_level_pressure
2023-01-12 21:00:00,12.0,84.0,1012.2,940.6,30.3167,78.0333,682.0,INM00042111,DEHRADUN,1012.2,sea_level_pressure
2023-01-13 00:00:00,12.2,97.0,1011.8,,28.5845,77.2058,214.9,INI0000VIDD,SAFDARJUNG,1011.8,sea_level_pressure
2023-01-13 00:00:00,12.4,88.0,1011.8,,26.2511,73.0489,218.5,INI0000VIJO,JODHPUR,1011.8,sea_level_pressure
2023-01-13 00:00:00,11.0,88.0,1012.1,940.3,30.3167,78.0333,682.0,INM00042111,DEHRADUN,1012.1,sea_level_pressure
2023-01-13 03:00:00,12.8,97.0,1014.0,,28.5845,77.2058,214.9,INI0000VIDD,SAFDARJUNG,1014.0,sea_level_pressure
2023-01-13 03:00:00,10.8,95.0,1014.9,,26.2511,73.0489,218.5,INI0000VIJO,JODHPUR,1014.9,sea_level_pressure
2023-01-13 03:00:00,10.0,92.0,1014.3,942.1,30.3167,78.0333,682.0,INM00042111,DEHRADUN,1014.3,sea_level_pressure
2023-01-13 06:00:00,18.2,71.0,1014.2,,28.5845,77.2058,214.9,INI0000VIDD,SAFDARJUNG,1014.2,sea_level_pressure
2023-01-13 06:00:00,14.6,74.0,1016.2,,26.2511,73.0489,218.5,INI0000VIJO,JODHPUR,1016.2,sea_level_pressure
2023-01-13 06:00:00,20.0,50.0,1012.5,942.8,30.3167,78.0333,682.0,INM00042111,DEHRADUN,1012.5,sea_level_pressure
2023-01-13 09:00:00,21.4,64.0,1011.7,,28.5845,77.2058,214.9,INI0000VIDD,SAFDARJUNG,1011.7,sea_level_pressure
2023-01-13 09:00:00,20.2,45.0,1013.5,,26.2511,73.0489,218.5,INI0000VIJO,JODHPUR,1013.5,sea_level_pressure
2023-01-13 09:00:00,21.6,46.0,1010.1,941.0,30.3167,78.0333,682.0,INM00042111,DEHRADUN,1010.1,sea_level_pressure
2023-01-13 12:00:00,19.2,77.0,1012.4,,28.5845,77.2058,214.9,INI0000VIDD,SAFDARJUNG,1012.4,sea_level_pressure
2023-01-13 12:00:00,19.2,47.0,1014.4,,26.2511,73.0489,218.5,INI0000VIJO,JODHPUR,1014.4,sea_level_pressure
2023-01-13 12:00:00,18.0,65.0,1011.1,941.1,30.3167,78.0333,682.0,INM00042111,DEHRADUN,1011.1,sea_level_pressure
2023-01-13 15:00:00,16.0,90.0,1015.1,,28.5845,77.2058,214.9,INI0000VIDD,SAFDARJUNG,1015.1,sea_level_pressure
2023-01-13 15:00:00,15.2,61.0,1016.9,,26.2511,73.0489,218.5,INI0000VIJO,JODHPUR,1016.9,sea_level_pressure
2023-01-13 15:00:00,13.0,89.0,1013.6,942.1,30.3167,78.0333,682.0,INM00042111,DEHRADUN,1013.6,sea_level_pressure
2023-01-13 18:00:00,15.2,91.0,1016.1,,28.5845,77.2058,214.9,INI0000VIDD,SAFDARJUNG,1016.1,sea_level_pressure
2023-01-13 18:00:00,12.0,79.0,1017.7,,26.2511,73.0489,218.5,INI0000VIJO,JODHPUR,1017.7,sea_level_pressure
2023-01-13 18:00:00,13.0,96.0,1014.3,942.8,30.3167,78.0333,682.0,INM00042111,DEHRADUN,1014.3,sea_level_pressure
2023-01-13 21:00:00,13.8,93.0,1015.5,,28.5845,77.2058,214.9,INI0000VIDD,SAFDARJUNG,1015.5,sea_level_pressure
2023-01-13 21:00:00,11.0,80.0,1017.0,,26.2511,73.0489,218.5,INI0000VIJO,JODHPUR,1017.0,sea_level_pressure
2023-01-13 21:00:00,13.0,97.0,1013.9,942.4,30.3167,78.0333,682.0,INM00042111,DEHRADUN,1013.9,sea_level_pressure
2023-01-14 00:00:00,11.6,97.0,1015.9,,28.5845,77.2058,214.9,INI0000VIDD,SAFDARJUNG,1015.9,sea_level_pressure
2023-01-14 00:00:00,9.8,69.0,1017.8,,26.2511,73.0489,218.5,INI0000VIJO,JODHPUR,1017.8,sea_level_pressure
2023-01-14 00:00:00,12.2,97.0,1014.2,942.7,30.3167,78.0333,682.0,INM00042111,DEHRADUN,1014.2,sea_level_pressure
2023-01-14 03:00:00,12.0,88.0,1017.6,,28.5845,77.2058,214.9,INI0000VIDD,SAFDARJUNG,1017.6,sea_level_pressure
2023-01-14 03:00:00,8.4,71.0,1020.2,,26.2511,73.0489,218.5,INI0000VIJO,JODHPUR,1020.2,sea_level_pressure
2023-01-14 03:00:00,11.8,97.0,1015.0,943.1,30.3167,78.0333,682.0,INM00042111,DEHRADUN,1015.0,sea_level_pressure
2023-01-14 06:00:00,15.5,65.0,1017.9,,28.5845,77.2058,214.9,INI0000VIDD,SAFDARJUNG,1017.9,sea_level_pressure
2023-01-14 06:00:00,15.4,32.0,1020.7,,26.2511,73.0489,218.5,INI0000VIJO,JODHPUR,1020.7,sea_level_pressure
2023-01-14 06:00:00,17.5,75.0,1014.4,944.1,30.3167,78.0333,682.0,INM00042111,DEHRADUN,1014.4,sea_level_pressure
2023-01-14 09:00:00,18.0,52.0,1014.8,,28.5845,77.2058,214.9,INI0000VIDD,SAFDARJUNG,1014.8,sea_level_pressure
2023-01-14 09:00:00,18.6,21.0,1017.9,,26.2511,73.0489,218.5,INI0000VIJO,JODHPUR,1017.9,sea_level_pressure
2023-01-14 09:00:00,20.8,57.0,1011.3,941.7,30.3167,78.0333,682.0,INM00042111,DEHRADUN,1011.3,sea_level_pressure
2023-01-14 12:00:00,15.6,57.0,1014.9,,28.5845,77.2058,214.9,INI0000VIDD,SAFDARJUNG,1014.9,sea_level_pressure
2023-01-14 12:00:00,17.8,25.0,1017.3,,26.2511,73.0489,218.5,INI0000VIJO,JODHPUR,1017.3,sea_level_pressure
2023-01-14 12:00:00,15.7,84.0,1012.4,941.7,30.3167,78.0333,682.0,INM00042111,DEHRADUN,1012.4,sea_level_pressure
2023-01-14 15:00:00,12.0,76.0,1017.6,,28.5845,77.2058,214.9,INI0000VIDD,SAFDARJUNG,1017.6,sea_level_pressure
2023-01-14 15:00:00,10.0,58.0,1019.3,,26.2511,73.0489,218.5,INI0000VIJO,JODHPUR,1019.3,sea_level_pressure
2023-01-14 15:00:00,13.6,89.0,1014.6,943.0,30.3167,78.0333,682.0,INM00042111,DEHRADUN,1014.6,sea_level_pressure
2023-01-14 18:00:00,10.6,80.0,1016.6,,28.5845,77.2058,214.9,INI0000VIDD,SAFDARJUNG,1016.6,sea_level_pressure
2023-01-14 18:00:00,9.8,53.0,1018.9,,26.2511,73.0489,218.5,INI0000VIJO,JODHPUR,1018.9,sea_level_pressure
2023-01-14 18:00:00,11.2,96.0,1014.7,943.0,30.3167,78.0333,682.0,INM00042111,DEHRADUN,1014.7,sea_level_pressure
2023-01-14 21:00:00,9.6,82.0,1016.1,,28.5845,77.2058,214.9,INI0000VIDD,SAFDARJUNG,1016.1,sea_level_pressure
2023-01-14 21:00:00,8.0,59.0,1018.5,,26.2511,73.0489,218.5,INI0000VIJO,JODHPUR,1018.5,sea_level_pressure
2023-01-14 21:00:00,,,,,,,,INM00042111,DEHRADUN,,sea_level_pressure
2023-01-15 00:00:00,7.0,77.0,1015.6,,28.5845,77.2058,214.9,INI0000VIDD,SAFDARJUNG,1015.6,sea_level_pressure
2023-01-15 00:00:00,7.8,54.0,1018.0,,26.2511,73.0489,218.5,INI0000VIJO,JODHPUR,1018.0,sea_level_pressure
2023-01-15 00:00:00,11.5,97.0,1012.6,941.0,30.3167,78.0333,682.0,INM00042111,DEHRADUN,1012.6,sea_level_pressure
2023-01-15 03:00:00,6.8,75.0,1016.8,,28.5845,77.2058,214.9,INI0000VIDD,SAFDARJUNG,1016.8,sea_level_pressure
2023-01-15 03:00:00,6.6,55.0,1020.4,,26.2511,73.0489,218.5,INI0000VIJO,JODHPUR,1020.4,sea_level_pressure
2023-01-15 03:00:00,11.2,97.0,1013.7,942.0,30.3167,78.0333,682.0,INM00042111,DEHRADUN,1013.7,sea_level_pressure
2023-01-15 06:00:00,15.2,33.0,1017.1,,28.5845,77.2058,214.9,INI0000VIDD,SAFDARJUNG,1017.1,sea_level_pressure
2023-01-15 06:00:00,15.0,34.0,1019.7,,26.2511,73.0489,218.5,INI0000VIJO,JODHPUR,1019.7,sea_level_pressure
2023-01-15 06:00:00,16.0,76.0,1014.0,943.2,30.3167,78.0333,682.0,INM00042111,DEHRADUN,1014.0,sea_level_pressure
2023-01-15 09:00:00,16.6,31.0,1014.4,,28.5845,77.2058,214.9,INI0000VIDD,SAFDARJUNG,1014.4,sea_level_pressure
2023-01-15 09:00:00,19.2,22.0,1015.8,,26.2511,73.0489,218.5,INI0000VIJO,JODHPUR,1015.8,sea_level_pressure
2023-01-15 09:00:00,18.8,63.0,1009.6,939.8,30.3167,78.0333,682.0,INM00042111,DEHRADUN,1009.6,sea_level_pressure
2023-01-15 12:00:00,14.7,47.0,1013.8,,28.5845,77.2058,214.9,INI0000VIDD,SAFDARJUNG,1013.8,sea_level_pressure
2023-01-15 12:00:00,18.8,23.0,1013.9,,26.2511,73.0489,218.5,INI0000VIJO,JODHPUR,1013.9,sea_level_pressure
2023-01-15 12:00:00,15.2,75.0,1010.6,940.1,30.3167,78.0333,682.0,INM00042111,DEHRADUN,1010.6,sea_level_pressure
2023-01-15 15:00:00,8.6,76.0,1015.7,,28.5845,77.2058,214.9,INI0000VIDD,SAFDARJUNG,1015.7,sea_level_pressure
2023-01-15 15:00:00,9.4,62.0,1016.2,,26.2511,73.0489,218.5,INI0000VIJO,JODHPUR,1016.2,sea_level_pressure
2023-01-15 15:00:00,13.0,84.0,1012.1,940.8,30.3167,78.0333,682.0,INM00042111,DEHRADUN,1012.1,sea_level_pressure
2023-01-15 18:00:00,5.7,88.0,1016.8,,28.5845,77.2058,214.9,INI0000VIDD,SAFDARJUNG,1016.8,sea_level_pressure
2023-01-15 18:00:00,7.4,58.0,1016.4,,26.2511,73.0489,218.5,INI0000VIJO,JODHPUR,1016.4,sea_level_pressure
2023-01-15 18:00:00,11.6,88.0,1013.6,941.9,30.3167,78.0333,682.0,INM00042111,DEHRADUN,1013.6,sea_level_pressure
2023-01-15 21:00:00,5.2,91.0,1016.1,,28.5845,77.2058,214.9,INI0000VIDD,SAFDARJUNG,1016.1,sea_level_pressure
2023-01-15 21:00:00,5.8,64.0,1016.1,,26.2511,73.0489,218.5,INI0000VIJO,JODHPUR,1016.1,sea_level_pressure
2023-01-15 21:00:00,11.0,88.0,1013.8,941.8,30.3167,78.0333,682.0,INM00042111,DEHRADUN,1013.8,sea_level_pressure
2023-01-16 00:00:00,4.2,90.0,1016.6,,28.5845,77.2058,214.9,INI0000VIDD,SAFDARJUNG,1016.6,sea_level_pressure
2023-01-16 00:00:00,6.4,51.0,1016.5,,26.2511,73.0489,218.5,INI0000VIJO,JODHPUR,1016.5,sea_level_pressure
2023-01-16 00:00:00,10.7,89.0,1012.0,941.1,30.3167,78.0333,682.0,INM00042111,DEHRADUN,1012.0,sea_level_pressure
2023-01-16 03:00:00,5.4,82.0,1018.3,,28.5845,77.2058,214.9,INI0000VIDD,SAFDARJUNG,1018.3,sea_level_pressure
2023-01-16 03:00:00,7.2,45.0,1018.6,,26.2511,73.0489,218.5,INI0000VIJO,JODHPUR,1018.6,sea_level_pressure
2023-01-16 03:00:00,10.8,88.0,1015.7,943.6,30.3167,78.0333,682.0,INM00042111,DEHRADUN,1015.7,sea_level_pressure
2023-01-16 06:00:00,15.5,44.0,1018.8,,28.5845,77.2058,214.9,INI0000VIDD,SAFDARJUNG,1018.8,sea_level_pressure
2023-01-16 06:00:00,18.0,23.0,1018.6,,26.2511,73.0489,218.5,INI0000VIJO,JODHPUR,1018.6,sea_level_pressure
2023-01-16 06:00:00,13.6,68.0,1016.0,944.7,30.3167,78.0333,682.0,INM00042111,DEHRADUN,1016.0,sea_level_pressure
2023-01-16 09:00:00,17.8,40.0,1015.8,,28.5845,77.2058,214.9,INI0000VIDD,SAFDARJUNG,1015.8,sea_level_pressure
2023-01-16 09:00:00,20.2,19.0,1015.4,,26.2511,73.0489,218.5,INI0000VIJO,JODHPUR,1015.4,sea_level_pressure
2023-01-16 09:00:00,,,,,,,,INM00042111,DEHRADUN,,sea_level_pressure
2023-01-16 12:00:00,15.5,51.0,1015.8,,28.5845,77.2058,214.9,INI0000VIDD,SAFDARJUNG,1015.8,sea_level_pressure
2023-01-16 12:00:00,20.6,21.0,1014.8,,26.2511,73.0489,218.5,INI0000VIJO,JODHPUR,1014.8,sea_level_pressure
2023-01-16 12:00:00,15.0,66.0,1013.1,942.2,30.3167,78.0333,682.0,INM00042111,DEHRADUN,1013.1,sea_level_pressure
2023-01-16 15:00:00,9.8,77.0,1018.0,,28.5845,77.2058,214.9,INI0000VIDD,SAFDARJUNG,1018.0,sea_level_pressure
2023-01-16 15:00:00,12.8,39.0,1017.1,,26.2511,73.0489,218.5,INI0000VIJO,JODHPUR,1017.1,sea_level_pressure
2023-01-16 15:00:00,12.2,87.0,1015.6,944.0,30.3167,78.0333,682.0,INM00042111,DEHRADUN,1015.6,sea_level_pressure
2023-01-16 18:00:00,7.0,92.0,1018.1,,28.5845,77.2058,214.9,INI0000VIDD,SAFDARJUNG,1018.1,sea_level_pressure
2023-01-16 18:00:00,12.4,36.0,1017.7,,26.2511,73.0489,218.5,INI0000VIJO,JODHPUR,1017.7,sea_level_pressure
2023-01-16 18:00:00,9.5,94.0,1017.0,944.6,30.3167,78.0333,682.0,INM00042111,DEHRADUN,1017.0,sea_level_pressure
2023-01-16 21:00:00,15.6,49.0,1017.1,,28.5845,77.2058,214.9,INI0000VIDD,SAFDARJUNG,1017.1,sea_level_pressure
2023-01-16 21:00:00,10.5,42.0,1017.2,,26.2511,73.0489,218.5,INI0000VIJO,JODHPUR,1017.2,sea_level_pressure
2023-01-16 21:00:00,7.8,97.0,1016.9,944.0,30.3167,78.0333,682.0,INM00042111,DEHRADUN,1016.9,sea_level_pressure
2023-01-17 00:00:00,4.6,93.0,1016.9,,28.5845,77.2058,214.9,INI0000VIDD,SAFDARJUNG,1016.9,sea_level_pressure
2023-01-17 00:00:00,9.0,46.0,1016.9,,26.2511,73.0489,218.5,INI0000VIJO,JODHPUR,1016.9,sea_level_pressure
2023-01-17 00:00:00,6.7,98.0,1016.3,943.1,30.3167,78.0333,682.0,INM00042111,DEHRADUN,1016.3,sea_level_pressure
2023-01-17 03:00:00,5.4,97.0,1018.8,,28.5845,77.2058,214.9,INI0000VIDD,SAFDARJUNG,1018.8,sea_level_pressure
2023-01-17 03:00:00,8.2,55.0,1019.0,,26.2511,73.0489,218.5,INI0000VIJO,JODHPUR,1019.0,sea_level_pressure
2023-01-17 03:00:00,7.6,97.0,1016.7,943.8,30.3167,78.0333,682.0,INM00042111,DEHRADUN,1016.7,sea_level_pressure
2023-01-17 06:00:00,15.8,45.0,1018.9,,28.5845,77.2058,214.9,INI0000VIDD,SAFDARJUNG,1018.9,sea_level_pressure
2023-01-17 06:00:00,17.2,37.0,1019.5,,26.2511,73.0489,218.5,INI0000VIJO,JODHPUR,1019.5,sea_level_pressure
2023-01-17 06:00:00,15.0,60.0,1015.3,944.2,30.3167,78.0333,682.0,INM00042111,DEHRADUN,1015.3,sea_level_pressure
2023-01-17 09:00:00,19.4,30.0,1015.8,,28.5845,77.2058,214.9,INI0000VIDD,SAFDARJUNG,1015.8,sea_level_pressure
2023-01-17 09:00:00,21.2,24.0,1015.8,,26.2511,73.0489,218.5,INI0000VIJO,JODHPUR,1015.8,sea_level_pressure
2023-01-17 09:00:00,16.0,61.0,1013.1,942.4,30.3167,78.0333,682.0,INM00042111,DEHRADUN,1013.1,sea_level_pressure
2023-01-17 12:00:00,16.0,41.0,1015.2,,28.5845,77.2058,214.9,INI0000VIDD,SAFDARJUNG,1015.2,sea_level_pressure
2023-01-17 12:00:00,21.0,28.0,1014.9,,26.2511,73.0489,218.5,INI0000VIJO,JODHPUR,1014.9,sea_level_pressure
2023-01-17 12:00:00,14.6,69.0,1013.2,942.3,30.3167,78.0333,682.0,INM00042111,DEHRADUN,1013.2,sea_level_pressure
2023-01-17 15:00:00,11.6,67.0,1018.1,,28.5845,77.2058,214.9,INI0000VIDD,SAFDARJUNG,1018.1,sea_level_pressure
2023-01-17 15:00:00,12.2,54.0,1016.9,,26.2511,73.0489,218.5,INI0000VIJO,JODHPUR,1016.9,sea_level_pressure
2023-01-17 15:00:00,11.5,83.0,1016.4,944.5,30.3167,78.0333,682.0,INM00042111,DEHRADUN,1016.4,sea_level_pressure
2023-01-17 18:00:00,9.7,80.0,1019.9,,28.5845,77.2058,214.9,INI0000VIDD,SAFDARJUNG,1019.9,sea_level_pressure
2023-01-17 18:00:00,10.2,49.0,1018.6,,26.2511,73.0489,218.5,INI0000VIJO,JODHPUR,1018.6,sea_level_pressure
2023-01-17 18:00:00,10.0,88.0,1017.4,945.0,30.3167,78.0333,682.0,INM00042111,DEHRADUN,1017.4,sea_level_pressure
2023-01-17 21:00:00,7.6,94.0,1019.4,,28.5845,77.2058,214.9,INI0000VIDD,SAFDARJUNG,1019.4,sea_level_pressure
2023-01-17 21:00:00,8.6,48.0,1018.2,,26.2511,73.0489,218.5,INI0000VIJO,JODHPUR,1018.2,sea_level_pressure
2023-01-17 21:00:00,,,,,,,,INM00042111,DEHRADUN,,sea_level_pressure
2023-01-18 00:00:00,5.7,97.0,1019.2,,28.5845,77.2058,214.9,INI0000VIDD,SAFDARJUNG,1019.2,sea_level_pressure
2023-01-18 00:00:00,8.8,46.0,1017.9,,26.2511,73.0489,218.5,INI0000VIJO,JODHPUR,1017.9,sea_level_pressure
2023-01-18 00:00:00,5.6,99.0,1018.3,944.8,30.3167,78.0333,682.0,INM00042111,DEHRADUN,1018.3,sea_level_pressure
2023-01-18 03:00:00,5.2,94.0,1021.2,,28.5845,77.2058,214.9,INI0000VIDD,SAFDARJUNG,1021.2,sea_level_pressure
2023-01-18 03:00:00,9.2,54.0,1020.0,,26.2511,73.0489,218.5,INI0000VIJO,JODHPUR,1020.0,sea_level_pressure
2023-01-18 03:00:00,6.2,97.0,1019.5,946.0,30.3167,78.0333,682.0,INM00042111,DEHRADUN,1019.5,sea_level_pressure
2023-01-18 06:00:00,16.4,40.0,1021.4,,28.5845,77.2058,214.9,INI0000VIDD,SAFDARJUNG,1021.4,sea_level_pressure
2023-01-18 06:00:00,19.4,32.0,1020.2,,26.2511,73.0489,218.5,INI0000VIJO,JODHPUR,1020.2,sea_level_pressure
2023-01-18 06:00:00,15.7,63.0,1018.9,947.8,30.3167,78.0333,682.0,INM00042111,DEHRADUN,1018.9,sea_level_pressure
2023-01-18 09:00:00,18.6,35.0,1018.1,,28.5845,77.2058,214.9,INI0000VIDD,SAFDARJUNG,1018.1,sea_level_pressure
2023-01-18 09:00:00,23.8,20.0,1016.2,,26.2511,73.0489,218.5,INI0000VIJO,JODHPUR,1016.2,sea_level_pressure
2023-01-18 09:00:00,18.6,50.0,1014.8,944.7,30.3167,78.0333,682.0,INM00042111,DEHRADUN,1014.8,sea_level_pressure
2023-01-18 12:00:00,17.0,43.0,1016.6,,28.5845,77.2058,214.9,INI0000VIDD,SAFDARJUNG,1016.6,sea_level_pressure
2023-01-18 12:00:00,22.6,24.0,1014.9,,26.2511,73.0489,218.5,INI0000VIJO,JODHPUR,1014.9,sea_level_pressure
2023-01-18 12:00:00,16.0,61.0,1014.7,943.9,30.3167,78.0333,682.0,INM00042111,DEHRADUN,1014.7,sea_level_pressure
2023-01-18 15:00:00,9.0,79.0,1018.5,,28.5845,77.2058,214.9,INI0000VIDD,SAFDARJUNG,1018.5,sea_level_pressure
2023-01-18 15:00:00,14.2,45.0,1017.5,,26.2511,73.0489,218.5,INI0000VIJO,JODHPUR,1017.5,sea_level_pressure
2023-01-18 15:00:00,10.2,91.0,1018.2,945.9,30.3167,78.0333,682.0,INM00042111,DEHRADUN,1018.2,sea_level_pressure
2023-01-18 18:00:00,7.6,86.0,1019.4,,28.5845,77.2058,214.9,INI0000VIDD,SAFDARJUNG,1019.4,sea_level_pressure
2023-01-18 18:00:00,13.8,39.0,1018.5,,26.2511,73.0489,218.5,INI0000VIJO,JODHPUR,1018.5,sea_level_pressure
2023-01-18 18:00:00,9.0,92.0,1018.4,945.6,30.3167,78.0333,682.0,INM00042111,DEHRADUN,1018.4,sea_level_pressure
2023-01-18 21:00:00,6.4,91.0,1018.7,,28.5845,77.2058,214.9,INI0000VIDD,SAFDARJUNG,1018.7,sea_level_pressure
2023-01-18 21:00:00,13.4,36.0,1017.8,,26.2511,73.0489,218.5,INI0000VIJO,JODHPUR,1017.8,sea_level_pressure
2023-01-18 21:00:00,10.0,88.0,1018.7,946.2,30.3167,78.0333,682.0,INM00042111,DEHRADUN,1018.7,sea_level_pressure
2023-01-19 00:00:00,9.5,81.0,1018.9,,28.5845,77.2058,214.9,INI0000VIDD,SAFDARJUNG,1018.9,sea_level_pressure
2023-01-19 00:00:00,11.0,52.0,1017.6,,26.2511,73.0489,218.5,INI0000VIJO,JODHPUR,1017.6,sea_level_pressure
2023-01-19 00:00:00,10.0,92.0,1017.6,945.1,30.3167,78.0333,682.0,INM00042111,DEHRADUN,1017.6,sea_level_pressure
2023-01-19 03:00:00,10.0,82.0,1020.3,,28.5845,77.2058,214.9,INI0000VIDD,SAFDARJUNG,1020.3,sea_level_pressure
2023-01-19 03:00:00,10.6,50.0,1019.8,,26.2511,73.0489,218.5,INI0000VIJO,JODHPUR,1019.8,sea_level_pressure
2023-01-19 03:00:00,9.6,92.0,1019.2,946.6,30.3167,78.0333,682.0,INM00042111,DEHRADUN,1019.2,sea_level_pressure
2023-01-19 06:00:00,19.5,37.0,1020.8,,28.5845,77.2058,214.9,INI0000VIDD,SAFDARJUNG,1020.8,sea_level_pressure
2023-01-19 06:00:00,19.8,35.0,1019.2,,26.2511,73.0489,218.5,INI0000VIJO,JODHPUR,1019.2,sea_level_pressure
2023-01-19 06:00:00,15.0,70.0,1019.0,947.6,30.3167,78.0333,682.0,INM00042111,DEHRADUN,1019.0,sea_level_pressure
2023-01-19 09:00:00,21.6,36.0,1017.2,,28.5845,77.2058,214.9,INI0000VIDD,SAFDARJUNG,1017.2,sea_level_pressure
2023-01-19 09:00:00,24.6,28.0,1014.3,,26.2511,73.0489,218.5,INI0000VIJO,JODHPUR,1014.3,sea_level_pressure
2023-01-19 09:00:00,15.6,69.0,1017.2,946.2,30.3167,78.0333,682.0,INM00042111,DEHRADUN,1017.2,sea_level_pressure
2023-01-19 12:00:00,20.5,43.0,1017.1,,28.5845,77.2058,214.9,INI0000VIDD,SAFDARJUNG,1017.1,sea_level_pressure
2023-01-19 12:00:00,23.4,33.0,1013.9,,26.2511,73.0489,218.5,INI0000VIJO,JODHPUR,1013.9,sea_level_pressure
2023-01-19 12:00:00,15.5,71.0,1016.3,945.5,30.3167,78.0333,682.0,INM00042111,DEHRADUN,1016.3,sea_level_pressure
2023-01-19 15:00:00,14.8,72.0,1018.1,,28.5845,77.2058,214.9,INI0000VIDD,SAFDARJUNG,1018.1,sea_level_pressure
2023-01-19 15:00:00,17.4,46.0,1015.6,,26.2511,73.0489,218.5,INI0000VIJO,JODHPUR,1015.6,sea_level_pressure
2023-01-19 15:00:00,11.4,88.0,1017.3,945.3,30.3167,78.0333,682.0,INM00042111,DEHRADUN,1017.3,sea_level_pressure
2023-01-19 18:00:00,13.6,77.0,1018.2,,28.5845,77.2058,214.9,INI0000VIDD,SAFDARJUNG,1018.2,sea_level_pressure
2023-01-19 18:00:00,15.4,49.0,1016.4,,26.2511,73.0489,218.5,INI0000VIJO,JODHPUR,1016.4,sea_level_pressure
2023-01-19 18:00:00,11.5,93.0,1018.4,946.4,30.3167,78.0333,682.0,INM00042111,DEHRADUN,1018.4,sea_level_pressure
2023-01-19 21:00:00,12.8,84.0,1017.5,,28.5845,77.2058,214.9,INI0000VIDD,SAFDARJUNG,1017.5,sea_level_pressure
2023-01-19 21:00:00,14.6,48.0,1016.5,,26.2511,73.0489,218.5,INI0000VIJO,JODHPUR,1016.5,sea_level_pressure
2023-01-19 21:00:00,11.4,97.0,1018.1,946.1,30.3167,78.0333,682.0,INM00042111,DEHRADUN,1018.1,sea_level_pressure
2023-01-20 00:00:00,12.2,81.0,1016.8,,28.5845,77.2058,214.9,INI0000VIDD,SAFDARJUNG,1016.8,sea_level_pressure
2023-01-20 00:00:00,13.2,58.0,1014.7,,26.2511,73.0489,218.5,INI0000VIJO,JODHPUR,1014.7,sea_level_pressure
2023-01-20 00:00:00,10.6,100.0,1018.1,945.8,30.3167,78.0333,682.0,INM00042111,DEHRADUN,1018.1,sea_level_pressure
2023-01-20 03:00:00,11.6,83.0,1018.9,,28.5845,77.2058,214.9,INI0000VIDD,SAFDARJUNG,1018.9,sea_level_pressure
2023-01-20 03:00:00,12.4,59.0,1016.8,,26.2511,73.0489,218.5,INI0000VIJO,JODHPUR,1016.8,sea_level_pressure
2023-01-20 03:00:00,11.0,95.0,1017.4,945.1,30.3167,78.0333,682.0,INM00042111,DEHRADUN,1017.4,sea_level_pressure
2023-01-20 06:00:00,18.2,59.0,1018.6,,28.5845,77.2058,214.9,INI0000VIDD,SAFDARJUNG,1018.6,sea_level_pressure
2023-01-20 06:00:00,18.8,41.0,1016.6,,26.2511,73.0489,218.5,INI0000VIJO,JODHPUR,1016.6,sea_level_pressure
2023-01-20 06:00:00,13.0,89.0,1018.0,946.2,30.3167,78.0333,682.0,INM00042111,DEHRADUN,1018.0,sea_level_pressure
2023-01-20 09:00:00,22.8,42.0,1014.8,,28.5845,77.2058,214.9,INI0000VIDD,SAFDARJUNG,1014.8,sea_level_pressure
2023-01-20 09:00:00,23.6,35.0,1013.5,,26.2511,73.0489,218.5,INI0000VIJO,JODHPUR,1013.5,sea_level_pressure
2023-01-20 09:00:00,17.0,63.0,1014.9,944.3,30.3167,78.0333,682.0,INM00042111,DEHRADUN,1014.9,sea_level_pressure
2023-01-20 12:00:00,20.2,48.0,1014.5,,28.5845,77.2058,214.9,INI0000VIDD,SAFDARJUNG,1014.5,sea_level_pressure
2023-01-20 12:00:00,22.8,39.0,1013.3,,26.2511,73.0489,218.5,INI0000VIJO,JODHPUR,1013.3,sea_level_pressure
2023-01-20 12:00:00,15.2,81.0,1014.7,943.9,30.3167,78.0333,682.0,INM00042111,DEHRADUN,1014.7,sea_level_pressure
2023-01-20 15:00:00,15.4,79.0,1017.1,,28.5845,77.2058,214.9,INI0000VIDD,SAFDARJUNG,1017.1,sea_level_pressure
2023-01-20 15:00:00,15.6,61.0,1015.8,,26.2511,73.0489,218.5,INI0000VIJO,JODHPUR,1015.8,sea_level_pressure
2023-01-20 15:00:00,12.2,93.0,1016.3,944.6,30.3167,78.0333,682.0,INM00042111,DEHRADUN,1016.3,sea_level_pressure
2023-01-20 18:00:00,13.5,83.0,1018.1,,28.5845,77.2058,214.9,INI0000VIDD,SAFDARJUNG,1018.1,sea_level_pressure
2023-01-20 18:00:00,16.6,53.0,1016.3,,26.2511,73.0489,218.5,INI0000VIJO,JODHPUR,1016.3,sea_level_pressure
2023-01-20 18:00:00,9.2,97.0,1017.9,945.4,30.3167,78.0333,682.0,INM00042111,DEHRADUN,1017.9,sea_level_pressure
2023-01-20 21:00:00,12.0,88.0,1017.8,,28.5845,77.2058,214.9,INI0000VIDD,SAFDARJUNG,1017.8,sea_level_pressure
2023-01-20 21:00:00,13.6,53.0,1016.4,,26.2511,73.0489,218.5,INI0000VIJO,JODHPUR,1016.4,sea_level_pressure
2023-01-20 21:00:00,7.8,97.0,1018.6,945.5,30.3167,78.0333,682.0,INM00042111,DEHRADUN,1018.6,sea_level_pressure
2023-01-21 00:00:00,8.7,95.0,1017.3,,28.5845,77.2058,214.9,INI0000VIDD,SAFDARJUNG,1017.3,sea_level_pressure
2023-01-21 00:00:00,11.6,72.0,1015.9,,26.2511,73.0489,218.5,INI0000VIJO,JODHPUR,1015.9,sea_level_pressure
2023-01-21 00:00:00,7.0,100.0,1017.9,944.7,30.3167,78.0333,682.0,INM00042111,DEHRADUN,1017.9,sea_level_pressure
2023-01-21 03:00:00,8.6,92.0,1018.5,,28.5845,77.2058,214.9,INI0000VIDD,SAFDARJUNG,1018.5,sea_level_pressure
2023-01-21 03:00:00,11.2,71.0,1017.3,,26.2511,73.0489,218.5,INI0000VIJO,JODHPUR,1017.3,sea_level_pressure
2023-01-21 03:00:00,8.0,95.0,1019.1,946.0,30.3167,78.0333,682.0,INM00042111,DEHRADUN,1019.1,sea_level_pressure
2023-01-21 06:00:00,17.7,71.0,1017.8,,28.5845,77.2058,214.9,INI0000VIDD,SAFDARJUNG,1017.8,sea_level_pressure
2023-01-21 06:00:00,18.4,51.0,1017.3,,26.2511,73.0489,218.5,INI0000VIJO,JODHPUR,1017.3,sea_level_pressure
2023-01-21 06:00:00,17.7,60.0,1016.0,945.5,30.3167,78.0333,682.0,INM00042111,DEHRADUN,1016.0,sea_level_pressure
2023-01-21 09:00:00,23.0,43.0,1014.3,,28.5845,77.2058,214.9,INI0000VIDD,SAFDARJUNG,1014.3,sea_level_pressure
2023-01-21 09:00:00,23.6,40.0,1013.8,,26.2511,73.0489,218.5,INI0000VIJO,JODHPUR,1013.8,sea_level_pressure
2023-01-21 09:00:00,22.0,41.0,1012.7,943.6,30.3167,78.0333,682.0,INM00042111,DEHRADUN,1012.7,sea_level_pressure
2023-01-21 12:00:00,20.7,55.0,1014.5,,28.5845,77.2058,214.9,INI0000VIDD,SAFDARJUNG,1014.5,sea_level_pressure
2023-01-21 12:00:00,23.4,36.0,1012.7,,26.2511,73.0489,218.5,INI0000VIJO,JODHPUR,1012.7,sea_level_pressure
2023-01-21 12:00:00,18.7,65.0,1012.3,942.4,30.3167,78.0333,682.0,INM00042111,DEHRADUN,1012.3,sea_level_pressure
2023-01-21 15:00:00,16.2,79.0,1015.4,,28.5845,77.2058,214.9,INI0000VIDD,SAFDARJUNG,1015.4,sea_level_pressure
2023-01-21 15:00:00,18.4,52.0,1014.7,,26.2511,73.0489,218.5,INI0000VIJO,JODHPUR,1014.7,sea_level_pressure
2023-01-21 15:00:00,11.8,88.0,1015.1,943.2,30.3167,78.0333,682.0,INM00042111,DEHRADUN,1015.1,sea_level_pressure
2023-01-21 18:00:00,14.6,87.0,1016.1,,28.5845,77.2058,214.9,INI0000VIDD,SAFDARJUNG,1016.1,sea_level_pressure
2023-01-21 18:00:00,16.2,54.0,1015.0,,26.2511,73.0489,218.5,INI0000VIJO,JODHPUR,1015.0,sea_level_pressure
2023-01-21 18:00:00,9.0,97.0,1016.7,944.0,30.3167,78.0333,682.0,INM00042111,DEHRADUN,1016.7,sea_level_pressure
2023-01-21 21:00:00,13.5,90.0,1015.4,,28.5845,77.2058,214.9,INI0000VIDD,SAFDARJUNG,1015.4,sea_level_pressure
2023-01-21 21:00:00,13.8,57.0,1014.9,,26.2511,73.0489,218.5,INI0000VIJO,JODHPUR,1014.9,sea_level_pressure
2023-01-21 21:00:00,8.6,97.0,1015.0,942.5,30.3167,78.0333,682.0,INM00042111,DEHRADUN,1015.0,sea_level_pressure
2023-01-22 00:00:00,11.6,95.0,1015.1,,28.5845,77.2058,214.9,INI0000VIDD,SAFDARJUNG,1015.1,sea_level_pressure
2023-01-22 00:00:00,12.0,72.0,1014.5,,26.2511,73.0489,218.5,INI0000VIJO,JODHPUR,1014.5,sea_level_pressure
2023-01-22 00:00:00,8.0,97.0,1014.8,942.0,30.3167,78.0333,682.0,INM00042111,DEHRADUN,1014.8,sea_level_pressure
2023-01-22 03:00:00,10.2,97.0,1016.4,,28.5845,77.2058,214.9,INI0000VIDD,SAFDARJUNG,1016.4,sea_level_pressure
2023-01-22 03:00:00,11.6,88.0,1016.4,,26.2511,73.0489,218.5,INI0000VIJO,JODHPUR,1016.4,sea_level_pressure
2023-01-22 03:00:00,8.6,95.0,1016.7,944.0,30.3167,78.0333,682.0,INM00042111,DEHRADUN,1016.7,sea_level_pressure
2023-01-22 06:00:00,19.2,65.0,1017.2,,28.5845,77.2058,214.9,INI0000VIDD,SAFDARJUNG,1017.2,sea_level_pressure
2023-01-22 06:00:00,16.2,64.0,1017.0,,26.2511,73.0489,218.5,INI0000VIJO,JODHPUR,1017.0,sea_level_pressure
2023-01-22 06:00:00,19.0,53.0,1013.9,943.8,30.3167,78.0333,682.0,INM00042111,DEHRADUN,1013.9,sea_level_pressure
2023-01-22 09:00:00,23.2,41.0,1014.4,,28.5845,77.2058,214.9,INI0000VIDD,SAFDARJUNG,1014.4,sea_level_pressure
2023-01-22 09:00:00,20.8,51.0,1014.1,,26.2511,73.0489,218.5,INI0000VIJO,JODHPUR,1014.1,sea_level_pressure
2023-01-22 09:00:00,22.0,48.0,1012.3,943.1,30.3167,78.0333,682.0,INM00042111,DEHRADUN,1012.3,sea_level_pressure
2023-01-22 12:00:00,21.0,51.0,1014.4,,28.5845,77.2058,214.9,INI0000VIDD,SAFDARJUNG,1014.4,sea_level_pressure
2023-01-22 12:00:00,20.6,56.0,1013.2,,26.2511,73.0489,218.5,INI0000VIJO,JODHPUR,1013.2,sea_level_pressure
2023-01-22 12:00:00,18.6,64.0,1012.3,942.4,30.3167,78.0333,682.0,INM00042111,DEHRADUN,1012.3,sea_level_pressure
2023-01-22 15:00:00,16.0,75.0,1015.0,,28.5845,77.2058,214.9,INI0000VIDD,SAFDARJUNG,1015.0,sea_level_pressure
2023-01-22 15:00:00,17.6,63.0,1014.9,,26.2511,73.0489,218.5,INI0000VIJO,JODHPUR,1014.9,sea_level_pressure
2023-01-22 15:00:00,11.4,81.0,1015.4,943.5,30.3167,78.0333,682.0,INM00042111,DEHRADUN,1015.4,sea_level_pressure
2023-01-22 18:00:00,13.2,82.0,1016.4,,28.5845,77.2058,214.9,INI0000VIDD,SAFDARJUNG,1016.4,sea_level_pressure
2023-01-22 18:00:00,15.8,61.0,1015.7,,26.2511,73.0489,218.5,INI0000VIJO,JODHPUR,1015.7,sea_level_pressure
2023-01-22 18:00:00,9.6,92.0,1016.6,944.2,30.3167,78.0333,682.0,INM00042111,DEHRADUN,1016.6,sea_level_pressure
2023-01-22 21:00:00,11.2,92.0,1016.2,,28.5845,77.2058,214.9,INI0000VIDD,SAFDARJUNG,1016.2,sea_level_pressure
2023-01-22 21:00:00,14.4,62.0,1015.5,,26.2511,73.0489,218.5,INI0000VIJO,JODHPUR,1015.5,sea_level_pressure
2023-01-22 21:00:00,8.4,95.0,1017.0,944.3,30.3167,78.0333,682.0,INM00042111,DEHRADUN,1017.0,sea_level_pressure
2023-01-23 00:00:00,9.6,97.0,1016.3,,28.5845,77.2058,214.9,INI0000VIDD,SAFDARJUNG,1016.3,sea_level_pressure
2023-01-23 00:00:00,12.6,77.0,1014.9,,26.2511,73.0489,218.5,INI0000VIJO,JODHPUR,1014.9,sea_level_pressure
2023-01-23 00:00:00,7.6,97.0,1017.0,944.1,30.3167,78.0333,682.0,INM00042111,DEHRADUN,1017.0,sea_level_pressure
2023-01-23 03:00:00,9.4,100.0,1017.1,,28.5845,77.2058,214.9,INI0000VIDD,SAFDARJUNG,1017.1,sea_level_pressure
2023-01-23 03:00:00,12.0,83.0,1016.5,,26.2511,73.0489,218.5,INI0000VIJO,JODHPUR,1016.5,sea_level_pressure
2023-01-23 03:00:00,8.6,92.0,1017.9,945.1,30.3167,78.0333,682.0,INM00042111,DEHRADUN,1017.9,sea_level_pressure
2023-01-23 06:00:00,20.2,56.0,1016.7,,28.5845,77.2058,214.9,INI0000VIDD,SAFDARJUNG,1016.7,sea_level_pressure
2023-01-23 06:00:00,17.0,64.0,1016.8,,26.2511,73.0489,218.5,INI0000VIJO,JODHPUR,1016.8,sea_level_pressure
2023-01-23 06:00:00,19.6,55.0,1016.7,946.6,30.3167,78.0333,682.0,INM00042111,DEHRADUN,1016.7,sea_level_pressure
2023-01-23 09:00:00,25.0,37.0,1013.3,,28.5845,77.2058,214.9,INI0000VIDD,SAFDARJUNG,1013.3,sea_level_pressure
2023-01-23 09:00:00,22.4,48.0,1012.9,,26.2511,73.0489,218.5,INI0000VIJO,JODHPUR,1012.9,sea_level_pressure
2023-01-23 09:00:00,23.6,41.0,1011.5,942.8,30.3167,78.0333,682.0,INM00042111,DEHRADUN,1011.5,sea_level_pressure
2023-01-23 12:00:00,22.6,48.0,1012.4,,28.5845,77.2058,214.9,INI0000VIDD,SAFDARJUNG,1012.4,sea_level_pressure
2023-01-23 12:00:00,22.0,45.0,1011.9,,26.2511,73.0489,218.5,INI0000VIJO,JODHPUR,1011.9,sea_level_pressure
2023-01-23 12:00:00,20.2,64.0,1010.5,,30.3167,78.0333,682.0,INM00042111,DEHRADUN,1010.5,sea_level_pressure
2023-01-23 15:00:00,15.2,79.0,1013.0,,28.5845,77.2058,214.9,INI0000VIDD,SAFDARJUNG,1013.0,sea_level_pressure
2023-01-23 15:00:00,17.6,60.0,1013.1,,26.2511,73.0489,218.5,INI0000VIJO,JODHPUR,1013.1,sea_level_pressure
2023-01-23 15:00:00,13.4,85.0,1013.2,942.0,30.3167,78.0333,682.0,INM00042111,DEHRADUN,1013.2,sea_level_pressure
2023-01-23 18:00:00,14.2,84.0,1013.5,,28.5845,77.2058,214.9,INI0000VIDD,SAFDARJUNG,1013.5,sea_level_pressure
2023-01-23 18:00:00,16.2,54.0,1013.8,,26.2511,73.0489,218.5,INI0000VIJO,JODHPUR,1013.8,sea_level_pressure
2023-01-23 18:00:00,10.7,95.0,1014.5,942.5,30.3167,78.0333,682.0,INM00042111,DEHRADUN,1014.5,sea_level_pressure
2023-01-23 21:00:00,13.0,91.0,1013.7,,28.5845,77.2058,214.9,INI0000VIDD,SAFDARJUNG,1013.7,sea_level_pressure
2023-01-23 21:00:00,14.2,57.0,1013.6,,26.2511,73.0489,218.5,INI0000VIJO,JODHPUR,1013.6,sea_level_pressure
2023-01-23 21:00:00,,,,,,,,INM00042111,DEHRADUN,,sea_level_pressure
2023-01-24 00:00:00,13.6,96.0,1012.6,,28.5845,77.2058,214.9,INI0000VIDD,SAFDARJUNG,1012.6,sea_level_pressure
2023-01-24 00:00:00,13.2,65.0,1013.4,,26.2511,73.0489,218.5,INI0000VIJO,JODHPUR,1013.4,sea_level_pressure
2023-01-24 00:00:00,11.6,96.0,1012.6,941.0,30.3167,78.0333,682.0,INM00042111,DEHRADUN,1012.6,sea_level_pressure
2023-01-24 03:00:00,15.2,91.0,1015.1,,28.5845,77.2058,214.9,INI0000VIDD,SAFDARJUNG,1015.1,sea_level_pressure
2023-01-24 03:00:00,12.8,70.0,1015.0,,26.2511,73.0489,218.5,INI0000VIJO,JODHPUR,1015.0,sea_level_pressure
2023-01-24 03:00:00,12.2,82.0,1015.0,943.5,30.3167,78.0333,682.0,INM00042111,DEHRADUN,1015.0,sea_level_pressure
2023-01-24 06:00:00,18.2,77.0,1016.3,,28.5845,77.2058,214.9,INI0000VIDD,SAFDARJUNG,1016.3,sea_level_pressure
2023-01-24 06:00:00,17.4,62.0,1015.8,,26.2511,73.0489,218.5,INI0000VIJO,JODHPUR,1015.8,sea_level_pressure
2023-01-24 06:00:00,19.7,56.0,1016.0,944.9,30.3167,78.0333,682.0,INM00042111,DEHRADUN,1016.0,sea_level_pressure
2023-01-24 09:00:00,20.8,68.0,1013.0,,28.5845,77.2058,214.9,INI0000VIDD,SAFDARJUNG,1013.0,sea_level_pressure
2023-01-24 09:00:00,20.6,50.0,1012.4,,26.2511,73.0489,218.5,INI0000VIJO,JODHPUR,1012.4,sea_level_pressure
2023-01-24 09:00:00,21.6,59.0,1011.6,942.4,30.3167,78.0333,682.0,INM00042111,DEHRADUN,1011.6,sea_level_pressure
2023-01-24 12:00:00,19.7,75.0,1012.1,,28.5845,77.2058,214.9,INI0000VIDD,SAFDARJUNG,1012.1,sea_level_pressure
2023-01-24 12:00:00,19.4,48.0,1012.6,,26.2511,73.0489,218.5,INI0000VIJO,JODHPUR,1012.6,sea_level_pressure
2023-01-24 12:00:00,17.6,76.0,1011.3,941.1,30.3167,78.0333,682.0,INM00042111,DEHRADUN,1011.3,sea_level_pressure
2023-01-24 15:00:00,17.2,88.0,1014.2,,28.5845,77.2058,214.9,INI0000VIDD,SAFDARJUNG,1014.2,sea_level_pressure
2023-01-24 15:00:00,14.6,62.0,1015.1,,26.2511,73.0489,218.5,INI0000VIJO,JODHPUR,1015.1,sea_level_pressure
2023-01-24 15:00:00,14.8,91.0,1012.9,942.0,30.3167,78.0333,682.0,INM00042111,DEHRADUN,1012.9,sea_level_pressure
2023-01-24 18:00:00,17.0,88.0,1014.3,,28.5845,77.2058,214.9,INI0000VIDD,SAFDARJUNG,1014.3,sea_level_pressure
2023-01-24 18:00:00,11.8,67.0,1016.2,,26.2511,73.0489,218.5,INI0000VIJO,JODHPUR,1016.2,sea_level_pressure
2023-01-24 18:00:00,13.6,97.0,1013.8,942.6,30.3167,78.0333,682.0,INM00042111,DEHRADUN,1013.8,sea_level_pressure
2023-01-24 21:00:00,16.0,91.0,1014.3,,28.5845,77.2058,214.9,INI0000VIDD,SAFDARJUNG,1014.3,sea_level_pressure
2023-01-24 21:00:00,10.6,70.0,1015.8,,26.2511,73.0489,218.5,INI0000VIJO,JODHPUR,1015.8,sea_level_pressure
2023-01-24 21:00:00,13.0,97.0,1014.3,942.8,30.3167,78.0333,682.0,INM00042111,DEHRADUN,1014.3,sea_level_pressure
2023-01-25 00:00:00,12.7,96.0,1014.4,,28.5845,77.2058,214.9,INI0000VIDD,SAFDARJUNG,1014.4,sea_level_pressure
2023-01-25 00:00:00,7.2,80.0,1016.7,,26.2511,73.0489,218.5,INI0000VIJO,JODHPUR,1016.7,sea_level_pressure
2023-01-25 00:00:00,12.6,100.0,1013.9,942.4,30.3167,78.0333,682.0,INM00042111,DEHRADUN,1013.9,sea_level_pressure
2023-01-25 03:00:00,12.0,95.0,1016.5,,28.5845,77.2058,214.9,INI0000VIDD,SAFDARJUNG,1016.5,sea_level_pressure
2023-01-25 03:00:00,7.2,78.0,1018.3,,26.2511,73.0489,218.5,INI0000VIJO,JODHPUR,1018.3,sea_level_pressure
2023-01-25 03:00:00,13.2,97.0,1015.1,943.8,30.3167,78.0333,682.0,INM00042111,DEHRADUN,1015.1,sea_level_pressure
2023-01-25 06:00:00,18.0,81.0,1017.1,,28.5845,77.2058,214.9,INI0000VIDD,SAFDARJUNG,1017.1,sea_level_pressure
2023-01-25 06:00:00,19.0,31.0,1018.4,,26.2511,73.0489,218.5,INI0000VIJO,JODHPUR,1018.4,sea_level_pressure
2023-01-25 06:00:00,20.0,72.0,1014.9,945.1,30.3167,78.0333,682.0,INM00042111,DEHRADUN,1014.9,sea_level_pressure
2023-01-25 09:00:00,18.6,77.0,1015.0,,28.5845,77.2058,214.9,INI0000VIDD,SAFDARJUNG,1015.0,sea_level_pressure
2023-01-25 09:00:00,21.4,21.0,1015.8,,26.2511,73.0489,218.5,INI0000VIJO,JODHPUR,1015.8,sea_level_pressure
2023-01-25 09:00:00,21.4,60.0,1012.7,943.4,30.3167,78.0333,682.0,INM00042111,DEHRADUN,1012.7,sea_level_pressure
2023-01-25 12:00:00,17.0,87.0,1014.6,,28.5845,77.2058,214.9,INI0000VIDD,SAFDARJUNG,1014.6,sea_level_pressure
2023-01-25 12:00:00,21.4,28.0,1015.2,,26.2511,73.0489,218.5,INI0000VIJO,JODHPUR,1015.2,sea_level_pressure
2023-01-25 12:00:00,18.6,80.0,1013.5,943.4,30.3167,78.0333,682.0,INM00042111,DEHRADUN,1013.5,sea_level_pressure
2023-01-25 15:00:00,16.4,90.0,1016.8,,28.5845,77.2058,214.9,INI0000VIDD,SAFDARJUNG,1016.8,sea_level_pressure
2023-01-25 15:00:00,13.8,45.0,1017.7,,26.2511,73.0489,218.5,INI0000VIJO,JODHPUR,1017.7,sea_level_pressure
2023-01-25 15:00:00,15.6,90.0,1014.9,944.1,30.3167,78.0333,682.0,INM00042111,DEHRADUN,1014.9,sea_level_pressure
2023-01-25 18:00:00,16.0,91.0,1017.1,,28.5845,77.2058,214.9,INI0000VIDD,SAFDARJUNG,1017.1,sea_level_pressure
2023-01-25 18:00:00,13.8,35.0,1018.3,,26.2511,73.0489,218.5,INI0000VIJO,JODHPUR,1018.3,sea_level_pressure
2023-01-25 18:00:00,15.0,94.0,1016.3,945.1,30.3167,78.0333,682.0,INM00042111,DEHRADUN,1016.3,sea_level_pressure
2023-01-25 21:00:00,15.6,94.0,1016.9,,28.5845,77.2058,214.9,INI0000VIDD,SAFDARJUNG,1016.9,sea_level_pressure
2023-01-25 21:00:00,12.6,36.0,1017.6,,26.2511,73.0489,218.5,INI0000VIJO,JODHPUR,1017.6,sea_level_pressure
2023-01-25 21:00:00,13.7,92.0,1016.0,944.6,30.3167,78.0333,682.0,INM00042111,DEHRADUN,1016.0,sea_level_pressure
2023-01-26 00:00:00,15.2,93.0,1017.1,,28.5845,77.2058,214.9,INI0000VIDD,SAFDARJUNG,1017.1,sea_level_pressure
2023-01-26 00:00:00,10.4,51.0,1018.4,,26.2511,73.0489,218.5,INI0000VIJO,JODHPUR,1018.4,sea_level_pressure
2023-01-26 00:00:00,11.5,95.0,1016.2,944.3,30.3167,78.0333,682.0,INM00042111,DEHRADUN,1016.2,sea_level_pressure
2023-01-26 03:00:00,14.0,96.0,1018.7,,28.5845,77.2058,214.9,INI0000VIDD,SAFDARJUNG,1018.7,sea_level_pressure
2023-01-26 03:00:00,10.0,47.0,1020.9,,26.2511,73.0489,218.5,INI0000VIJO,JODHPUR,1020.9,sea_level_pressure
2023-01-26 03:00:00,11.4,96.0,1017.5,945.5,30.3167,78.0333,682.0,INM00042111,DEHRADUN,1017.5,sea_level_pressure
2023-01-26 06:00:00,13.7,91.0,1020.6,,28.5845,77.2058,214.9,INI0000VIDD,SAFDARJUNG,1020.6,sea_level_pressure
2023-01-26 06:00:00,18.2,34.0,1021.1,,26.2511,73.0489,218.5,INI0000VIJO,JODHPUR,1021.1,sea_level_pressure
2023-01-26 06:00:00,20.0,62.0,1016.6,946.6,30.3167,78.0333,682.0,INM00042111,DEHRADUN,1016.6,sea_level_pressure
2023-01-26 09:00:00,16.6,74.0,1017.4,992.1,28.5845,77.2058,214.9,INI0000VIDD,SAFDARJUNG,1017.4,sea_level_pressure
2023-01-26 09:00:00,21.8,24.0,1017.4,,26.2511,73.0489,218.5,INI0000VIJO,JODHPUR,1017.4,sea_level_pressure
2023-01-26 09:00:00,24.0,52.0,1012.8,943.9,30.3167,78.0333,682.0,INM00042111,DEHRADUN,1012.8,sea_level_pressure
2023-01-26 12:00:00,15.2,85.0,1017.5,,28.5845,77.2058,214.9,INI0000VIDD,SAFDARJUNG,1017.5,sea_level_pressure
2023-01-26 12:00:00,20.4,25.0,1017.7,,26.2511,73.0489,218.5,INI0000VIJO,JODHPUR,1017.7,sea_level_pressure
2023-01-26 12:00:00,19.7,74.0,1013.5,943.7,30.3167,78.0333,682.0,INM00042111,DEHRADUN,1013.5,sea_level_pressure
2023-01-26 15:00:00,14.2,93.0,1018.4,,28.5845,77.2058,214.9,INI0000VIDD,SAFDARJUNG,1018.4,sea_level_pressure
2023-01-26 15:00:00,16.6,34.0,1019.5,,26.2511,73.0489,218.5,INI0000VIJO,JODHPUR,1019.5,sea_level_pressure
2023-01-26 15:00:00,15.0,94.0,1015.1,944.0,30.3167,78.0333,682.0,INM00042111,DEHRADUN,1015.1,sea_level_pressure
2023-01-26 18:00:00,12.0,93.0,1018.8,,28.5845,77.2058,214.9,INI0000VIDD,SAFDARJUNG,1018.8,sea_level_pressure
2023-01-26 18:00:00,14.2,36.0,1019.9,,26.2511,73.0489,218.5,INI0000VIJO,JODHPUR,1019.9,sea_level_pressure
2023-01-26 18:00:00,13.0,96.0,1015.1,944.0,30.3167,78.0333,682.0,INM00042111,DEHRADUN,1015.1,sea_level_pressure
2023-01-26 21:00:00,10.6,95.0,1018.4,,28.5845,77.2058,214.9,INI0000VIDD,SAFDARJUNG,1018.4,sea_level_pressure
2023-01-26 21:00:00,11.2,46.0,1019.5,,26.2511,73.0489,218.5,INI0000VIJO,JODHPUR,1019.5,sea_level_pressure
2023-01-26 21:00:00,,,,,,,,INM00042111,DEHRADUN,,sea_level_pressure
2023-01-27 00:00:00,8.4,86.0,1017.7,,28.5845,77.2058,214.9,INI0000VIDD,SAFDARJUNG,1017.7,sea_level_pressure
2023-01-27 00:00:00,9.2,52.0,1019.7,,26.2511,73.0489,218.5,INI0000VIJO,JODHPUR,1019.7,sea_level_pressure
2023-01-27 00:00:00,11.6,96.0,1013.9,942.2,30.3167,78.0333,682.0,INM00042111,DEHRADUN,1013.9,sea_level_pressure
2023-01-27 03:00:00,7.8,80.0,1019.8,,28.5845,77.2058,214.9,INI0000VIDD,SAFDARJUNG,1019.8,sea_level_pressure
2023-01-27 03:00:00,8.4,57.0,1022.4,,26.2511,73.0489,218.5,INI0000VIJO,JODHPUR,1022.4,sea_level_pressure
2023-01-27 03:00:00,11.2,97.0,1016.9,945.0,30.3167,78.0333,682.0,INM00042111,DEHRADUN,1016.9,sea_level_pressure
2023-01-27 06:00:00,17.0,45.0,1020.6,,28.5845,77.2058,214.9,INI0000VIDD,SAFDARJUNG,1020.6,sea_level_pressure
2023-01-27 06:00:00,17.4,36.0,1021.9,,26.2511,73.0489,218.5,INI0000VIJO,JODHPUR,1021.9,sea_level_pressure
2023-01-27 06:00:00,20.2,59.0,1016.1,946.4,30.3167,78.0333,682.0,INM00042111,DEHRADUN,1016.1,sea_level_pressure
2023-01-27 09:00:00,20.2,44.0,1016.9,,28.5845,77.2058,214.9,INI0000VIDD,SAFDARJUNG,1016.9,sea_level_pressure
2023-01-27 09:00:00,21.8,22.0,1017.0,,26.2511,73.0489,218.5,INI0000VIJO,JODHPUR,1017.0,sea_level_pressure
2023-01-27 09:00:00,25.0,42.0,1011.8,943.2,30.3167,78.0333,682.0,INM00042111,DEHRADUN,1011.8,sea_level_pressure
2023-01-27 12:00:00,18.5,47.0,1016.4,,28.5845,77.2058,214.9,INI0000VIDD,SAFDARJUNG,1016.4,sea_level_pressure
2023-01-27 12:00:00,21.4,23.0,1016.5,,26.2511,73.0489,218.5,INI0000VIJO,JODHPUR,1016.5,sea_level_pressure
2023-01-27 12:00:00,20.7,57.0,1011.4,942.0,30.3167,78.0333,682.0,INM00042111,DEHRADUN,1011.4,sea_level_pressure
2023-01-27 15:00:00,12.8,68.0,1017.4,,28.5845,77.2058,214.9,INI0000VIDD,SAFDARJUNG,1017.4,sea_level_pressure
2023-01-27 15:00:00,16.2,32.0,1018.2,,26.2511,73.0489,218.5,INI0000VIJO,JODHPUR,1018.2,sea_level_pressure
2023-01-27 15:00:00,15.4,86.0,1014.0,943.2,30.3167,78.0333,682.0,INM00042111,DEHRADUN,1014.0,sea_level_pressure
2023-01-27 18:00:00,10.6,82.0,1016.9,,28.5845,77.2058,214.9,INI0000VIDD,SAFDARJUNG,1016.9,sea_level_pressure
2023-01-27 18:00:00,13.4,38.0,1018.2,,26.2511,73.0489,218.5,INI0000VIJO,JODHPUR,1018.2,sea_level_pressure
2023-01-27 18:00:00,12.5,95.0,1014.7,943.1,30.3167,78.0333,682.0,INM00042111,DEHRADUN,1014.7,sea_level_pressure
2023-01-27 21:00:00,8.8,92.0,1016.5,,28.5845,77.2058,214.9,INI0000VIDD,SAFDARJUNG,1016.5,sea_level_pressure
2023-01-27 21:00:00,12.2,59.0,1016.7,,26.2511,73.0489,218.5,INI0000VIJO,JODHPUR,1016.7,sea_level_pressure
2023-01-27 21:00:00,10.8,97.0,1013.8,941.8,30.3167,78.0333,682.0,INM00042111,DEHRADUN,1013.8,sea_level_pressure
2023-01-28 00:00:00,7.7,87.0,1015.7,,28.5845,77.2058,214.9,INI0000VIDD,SAFDARJUNG,1015.7,sea_level_pressure
2023-01-28 00:00:00,8.8,51.0,1016.6,,26.2511,73.0489,218.5,INI0000VIJO,JODHPUR,1016.6,sea_level_pressure
2023-01-28 00:00:00,8.6,99.0,1013.7,941.2,30.3167,78.0333,682.0,INM00042111,DEHRADUN,1013.7,sea_level_pressure
2023-01-28 03:00:00,8.4,89.0,1017.7,,28.5845,77.2058,214.9,INI0000VIDD,SAFDARJUNG,1017.7,sea_level_pressure
2023-01-28 03:00:00,8.6,55.0,1017.9,,26.2511,73.0489,218.5,INI0000VIJO,JODHPUR,1017.9,sea_level_pressure
2023-01-28 03:00:00,9.6,90.0,1014.4,942.2,30.3167,78.0333,682.0,INM00042111,DEHRADUN,1014.4,sea_level_pressure
2023-01-28 06:00:00,17.5,52.0,1016.6,,28.5845,77.2058,214.9,INI0000VIDD,SAFDARJUNG,1016.6,sea_level_pressure
2023-01-28 06:00:00,19.4,32.0,1016.2,,26.2511,73.0489,218.5,INI0000VIJO,JODHPUR,1016.2,sea_level_pressure
2023-01-28 06:00:00,20.6,39.0,1013.5,943.9,30.3167,78.0333,682.0,INM00042111,DEHRADUN,1013.5,sea_level_pressure
2023-01-28 09:00:00,23.0,35.0,1013.9,,28.5845,77.2058,214.9,INI0000VIDD,SAFDARJUNG,1013.9,sea_level_pressure
2023-01-28 09:00:00,25.4,23.0,1012.1,,26.2511,73.0489,218.5,INI0000VIJO,JODHPUR,1012.1,sea_level_pressure
2023-01-28 09:00:00,25.0,33.0,1009.1,940.8,30.3167,78.0333,682.0,INM00042111,DEHRADUN,1009.1,sea_level_pressure
2023-01-28 12:00:00,21.0,51.0,1011.9,,28.5845,77.2058,214.9,INI0000VIDD,SAFDARJUNG,1011.9,sea_level_pressure
2023-01-28 12:00:00,25.4,24.0,1010.4,,26.2511,73.0489,218.5,INI0000VIJO,JODHPUR,1010.4,sea_level_pressure
2023-01-28 12:00:00,21.2,62.0,1009.1,940.0,30.3167,78.0333,682.0,INM00042111,DEHRADUN,1009.1,sea_level_pressure
2023-01-28 15:00:00,13.2,82.0,1013.6,,28.5845,77.2058,214.9,INI0000VIDD,SAFDARJUNG,1013.6,sea_level_pressure
2023-01-28 15:00:00,18.8,32.0,1012.2,,26.2511,73.0489,218.5,INI0000VIJO,JODHPUR,1012.2,sea_level_pressure
2023-01-28 15:00:00,14.4,85.0,1011.9,941.1,30.3167,78.0333,682.0,INM00042111,DEHRADUN,1011.9,sea_level_pressure
2023-01-28 18:00:00,9.7,93.0,1014.8,,28.5845,77.2058,214.9,INI0000VIDD,SAFDARJUNG,1014.8,sea_level_pressure
2023-01-28 18:00:00,17.4,29.0,1011.3,,26.2511,73.0489,218.5,INI0000VIJO,JODHPUR,1011.3,sea_level_pressure
2023-01-28 18:00:00,11.0,93.0,1013.1,941.3,30.3167,78.0333,682.0,INM00042111,DEHRADUN,1013.1,sea_level_pressure
2023-01-28 21:00:00,8.6,95.0,1014.7,,28.5845,77.2058,214.9,INI0000VIDD,SAFDARJUNG,1014.7,sea_level_pressure
2023-01-28 21:00:00,16.2,35.0,1010.3,,26.2511,73.0489,218.5,INI0000VIJO,JODHPUR,1010.3,sea_level_pressure
2023-01-28 21:00:00,9.0,97.0,1013.1,940.8,30.3167,78.0333,682.0,INM00042111,DEHRADUN,1013.1,sea_level_pressure
2023-01-29 00:00:00,8.6,95.0,1013.1,,28.5845,77.2058,214.9,INI0000VIDD,SAFDARJUNG,1013.1,sea_level_pressure
2023-01-29 00:00:00,14.8,49.0,1010.1,,26.2511,73.0489,218.5,INI0000VIJO,JODHPUR,1010.1,sea_level_pressure
2023-01-29 00:00:00,9.0,87.0,1013.3,941.0,30.3167,78.0333,682.0,INM00042111,DEHRADUN,1013.3,sea_level_pressure
2023-01-29 03:00:00,11.6,95.0,1015.9,,28.5845,77.2058,214.9,INI0000VIDD,SAFDARJUNG,1015.9,sea_level_pressure
2023-01-29 03:00:00,15.8,83.0,1012.3,,26.2511,73.0489,218.5,INI0000VIJO,JODHPUR,1012.3,sea_level_pressure
2023-01-29 03:00:00,10.2,92.0,1014.8,942.8,30.3167,78.0333,682.0,INM00042111,DEHRADUN,1014.8,sea_level_pressure
2023-01-29 06:00:00,16.5,77.0,1016.2,,28.5845,77.2058,214.9,INI0000VIDD,SAFDARJUNG,1016.2,sea_level_pressure
2023-01-29 06:00:00,16.8,96.0,1012.9,,26.2511,73.0489,218.5,INI0000VIJO,JODHPUR,1012.9,sea_level_pressure
2023-01-29 06:00:00,14.6,75.0,1015.9,944.8,30.3167,78.0333,682.0,INM00042111,DEHRADUN,1015.9,sea_level_pressure
2023-01-29 09:00:00,14.6,93.0,1013.1,,28.5845,77.2058,214.9,INI0000VIDD,SAFDARJUNG,1013.1,sea_level_pressure
2023-01-29 09:00:00,18.4,86.0,1010.4,,26.2511,73.0489,218.5,INI0000VIJO,JODHPUR,1010.4,sea_level_pressure
2023-01-29 09:00:00,15.6,70.0,1012.9,942.2,30.3167,78.0333,682.0,INM00042111,DEHRADUN,1012.9,sea_level_pressure
2023-01-29 12:00:00,14.5,95.0,1014.8,,28.5845,77.2058,214.9,INI0000VIDD,SAFDARJUNG,1014.8,sea_level_pressure
2023-01-29 12:00:00,18.2,87.0,1009.4,,26.2511,73.0489,218.5,INI0000VIJO,JODHPUR,1009.4,sea_level_pressure
2023-01-29 12:00:00,14.7,78.0,1012.9,942.0,30.3167,78.0333,682.0,INM00042111,DEHRADUN,1012.9,sea_level_pressure
2023-01-29 15:00:00,14.6,96.0,1016.4,,28.5845,77.2058,214.9,INI0000VIDD,SAFDARJUNG,1016.4,sea_level_pressure
2023-01-29 15:00:00,16.0,94.0,1012.0,,26.2511,73.0489,218.5,INI0000VIJO,JODHPUR,1012.0,sea_level_pressure
2023-01-29 15:00:00,14.2,94.0,1012.9,942.0,30.3167,78.0333,682.0,INM00042111,DEHRADUN,1012.9,sea_level_pressure
2023-01-29 18:00:00,14.2,97.0,1017.8,,28.5845,77.2058,214.9,INI0000VIDD,SAFDARJUNG,1017.8,sea_level_pressure
2023-01-29 18:00:00,14.8,96.0,1013.4,,26.2511,73.0489,218.5,INI0000VIJO,JODHPUR,1013.4,sea_level_pressure
2023-01-29 18:00:00,14.0,95.0,1014.4,943.2,30.3167,78.0333,682.0,INM00042111,DEHRADUN,1014.4,sea_level_pressure
2023-01-29 21:00:00,13.4,97.0,1016.8,,28.5845,77.2058,214.9,INI0000VIDD,SAFDARJUNG,1016.8,sea_level_pressure
2023-01-29 21:00:00,14.2,87.0,1013.5,,26.2511,73.0489,218.5,INI0000VIJO,JODHPUR,1013.5,sea_level_pressure
2023-01-29 21:00:00,,,,,,,,INM00042111,DEHRADUN,,sea_level_pressure
2023-01-30 00:00:00,12.5,99.0,1016.6,,28.5845,77.2058,214.9,INI0000VIDD,SAFDARJUNG,1016.6,sea_level_pressure
2023-01-30 00:00:00,13.4,97.0,1014.3,,26.2511,73.0489,218.5,INI0000VIJO,JODHPUR,1014.3,sea_level_pressure
2023-01-30 00:00:00,12.7,100.0,1016.8,945.2,30.3167,78.0333,682.0,INM00042111,DEHRADUN,1016.8,sea_level_pressure
2023-01-30 03:00:00,12.2,100.0,1018.8,,28.5845,77.2058,214.9,INI0000VIDD,SAFDARJUNG,1018.8,sea_level_pressure
2023-01-30 03:00:00,12.8,97.0,1017.2,,26.2511,73.0489,218.5,INI0000VIJO,JODHPUR,1017.2,sea_level_pressure
2023-01-30 03:00:00,12.6,100.0,1020.9,947.8,30.3167,78.0333,682.0,INM00042111,DEHRADUN,1020.9,sea_level_pressure
2023-01-30 06:00:00,16.0,87.0,1019.8,,28.5845,77.2058,214.9,INI0000VIDD,SAFDARJUNG,1019.8,sea_level_pressure
2023-01-30 06:00:00,18.8,73.0,1018.4,,26.2511,73.0489,218.5,INI0000VIJO,JODHPUR,1018.4,sea_level_pressure
2023-01-30 06:00:00,15.2,87.0,1020.0,948.9,30.3167,78.0333,682.0,INM00042111,DEHRADUN,1020.0,sea_level_pressure
2023-01-30 09:00:00,18.8,77.0,1017.5,,28.5845,77.2058,214.9,INI0000VIDD,SAFDARJUNG,1017.5,sea_level_pressure
2023-01-30 09:00:00,22.6,62.0,1015.9,,26.2511,73.0489,218.5,INI0000VIJO,JODHPUR,1015.9,sea_level_pressure
2023-01-30 09:00:00,16.2,84.0,1017.5,946.8,30.3167,78.0333,682.0,INM00042111,DEHRADUN,1017.5,sea_level_pressure
2023-01-30 12:00:00,17.8,86.0,1016.5,,28.5845,77.2058,214.9,INI0000VIDD,SAFDARJUNG,1016.5,sea_level_pressure
2023-01-30 12:00:00,22.2,65.0,1015.9,,26.2511,73.0489,218.5,INI0000VIJO,JODHPUR,1015.9,sea_level_pressure
2023-01-30 12:00:00,16.5,82.0,1016.3,945.6,30.3167,78.0333,682.0,INM00042111,DEHRADUN,1016.3,sea_level_pressure
2023-01-30 15:00:00,14.0,96.0,1018.5,,28.5845,77.2058,214.9,INI0000VIDD,SAFDARJUNG,1018.5,sea_level_pressure
2023-01-30 15:00:00,17.2,82.0,1018.0,,26.2511,73.0489,218.5,INI0000VIJO,JODHPUR,1018.0,sea_level_pressure
2023-01-30 15:00:00,13.4,96.0,1018.2,946.7,30.3167,78.0333,682.0,INM00042111,DEHRADUN,1018.2,sea_level_pressure
2023-01-30 18:00:00,13.0,97.0,1019.2,,28.5845,77.2058,214.9,INI0000VIDD,SAFDARJUNG,1019.2,sea_level_pressure
2023-01-30 18:00:00,15.6,91.0,1019.5,,26.2511,73.0489,218.5,INI0000VIJO,JODHPUR,1019.5,sea_level_pressure
2023-01-30 18:00:00,11.0,97.0,1018.6,946.3,30.3167,78.0333,682.0,INM00042111,DEHRADUN,1018.6,sea_level_pressure
2023-01-30 21:00:00,11.8,97.0,1018.9,,28.5845,77.2058,214.9,INI0000VIDD,SAFDARJUNG,1018.9,sea_level_pressure
2023-01-30 21:00:00,14.8,96.0,1019.5,,26.2511,73.0489,218.5,INI0000VIJO,JODHPUR,1019.5,sea_level_pressure
2023-01-30 21:00:00,9.8,97.0,1018.5,946.0,30.3167,78.0333,682.0,INM00042111,DEHRADUN,1018.5,sea_level_pressure
2023-01-31 00:00:00,13.6,100.0,1017.9,,28.5845,77.2058,214.9,INI0000VIDD,SAFDARJUNG,1017.9,sea_level_pressure
2023-01-31 00:00:00,14.0,84.0,1019.4,,26.2511,73.0489,218.5,INI0000VIJO,JODHPUR,1019.4,sea_level_pressure
2023-01-31 00:00:00,8.6,100.0,1017.7,945.0,30.3167,78.0333,682.0,INM00042111,DEHRADUN,1017.7,sea_level_pressure
2023-01-31 03:00:00,13.2,100.0,1019.6,,28.5845,77.2058,214.9,INI0000VIDD,SAFDARJUNG,1019.6,sea_level_pressure
2023-01-31 03:00:00,12.8,96.0,1021.7,,26.2511,73.0489,218.5,INI0000VIJO,JODHPUR,1021.7,sea_level_pressure
2023-01-31 03:00:00,9.6,92.0,1018.8,946.3,30.3167,78.0333,682.0,INM00042111,DEHRADUN,1018.8,sea_level_pressure
2023-01-31 06:00:00,17.5,83.0,1019.4,,28.5845,77.2058,214.9,INI0000VIDD,SAFDARJUNG,1019.4,sea_level_pressure
2023-01-31 06:00:00,17.2,76.0,1022.9,,26.2511,73.0489,218.5,INI0000VIJO,JODHPUR,1022.9,sea_level_pressure
2023-01-31 06:00:00,18.7,63.0,1017.2,947.0,30.3167,78.0333,682.0,INM00042111,DEHRADUN,1017.2,sea_level_pressure
2023-01-31 09:00:00,19.8,71.0,1018.1,,28.5845,77.2058,214.9,INI0000VIDD,SAFDARJUNG,1018.1,sea_level_pressure
2023-01-31 09:00:00,22.2,44.0,1019.1,,26.2511,73.0489,218.5,INI0000VIJO,JODHPUR,1019.1,sea_level_pressure
2023-01-31 09:00:00,22.8,49.0,1016.1,946.8,30.3167,78.0333,682.0,INM00042111,DEHRADUN,1016.1,sea_level_pressure
2023-01-31 12:00:00,17.2,80.0,1017.4,,28.5845,77.2058,214.9,INI0000VIDD,SAFDARJUNG,1017.4,sea_level_pressure
2023-01-31 12:00:00,21.6,36.0,1018.3,,26.2511,73.0489,218.5,INI0000VIJO,JODHPUR,1018.3,sea_level_pressure
2023-01-31 12:00:00,19.6,65.0,1013.1,943.3,30.3167,78.0333,682.0,INM00042111,DEHRADUN,1013.1,sea_level_pressure
2023-01-31 15:00:00,14.4,89.0,1018.9,,28.5845,77.2058,214.9,INI0000VIDD,SAFDARJUNG,1018.9,sea_level_pressure
2023-01-31 15:00:00,14.8,72.0,1020.0,,26.2511,73.0489,218.5,INI0000VIJO,JODHPUR,1020.0,sea_level_pressure
2023-01-31 15:00:00,15.8,82.0,1013.7,943.0,30.3167,78.0333,682.0,INM00042111,DEHRADUN,1013.7,sea_level_pressure
2023-01-31 18:00:00,12.5,92.0,1019.3,,28.5845,77.2058,214.9,INI0000VIDD,SAFDARJUNG,1019.3,sea_level_pressure
2023-01-31 18:00:00,13.0,62.0,1020.5,,26.2511,73.0489,218.5,INI0000VIJO,JODHPUR,1020.5,sea_level_pressure
2023-01-31 18:00:00,12.6,96.0,1016.1,944.7,30.3167,78.0333,682.0,INM00042111,DEHRADUN,1016.1,sea_level_pressure
2023-01-31 21:00:00,11.8,95.0,1018.5,,28.5845,77.2058,214.9,INI0000VIDD,SAFDARJUNG,1018.5,sea_level_pressure
2023-01-31 21:00:00,12.4,70.0,1019.9,,26.2511,73.0489,218.5,INI0000VIJO,JODHPUR,1019.9,sea_level_pressure
2023-01-31 21:00:00,12.2,97.0,1014.5,943.0,30.3167,78.0333,682.0,INM00042111,DEHRADUN,1014.5,sea_level_pressure
2023-02-01 00:00:00,11.0,95.0,1017.6,,28.5845,77.2058,214.9,INI0000VIDD,SAFDARJUNG,1017.6,sea_level_pressure
2023-02-01 00:00:00,10.0,80.0,1019.8,,26.2511,73.0489,218.5,INI0000VIJO,JODHPUR,1019.8,sea_level_pressure
2023-02-01 00:00:00,11.7,98.0,1014.2,942.5,30.3167,78.0333,682.0,INM00042111,DEHRADUN,1014.2,sea_level_pressure
2023-02-01 03:00:00,10.2,100.0,1019.7,,28.5845,77.2058,214.9,INI0000VIDD,SAFDARJUNG,1019.7,sea_level_pressure
2023-02-01 03:00:00,9.8,90.0,1021.2,,26.2511,73.0489,218.5,INI0000VIJO,JODHPUR,1021.2,sea_level_pressure
2023-02-01 03:00:00,11.4,100.0,1015.9,944.0,30.3167,78.0333,682.0,INM00042111,DEHRADUN,1015.9,sea_level_pressure
2023-02-01 06:00:00,15.5,78.0,1019.8,,28.5845,77.2058,214.9,INI0000VIDD,SAFDARJUNG,1019.8,sea_level_pressure
2023-02-01 06:00:00,15.2,73.0,1022.1,,26.2511,73.0489,218.5,INI0000VIJO,JODHPUR,1022.1,sea_level_pressure
2023-02-01 06:00:00,20.0,54.0,1015.2,945.4,30.3167,78.0333,682.0,INM00042111,DEHRADUN,1015.2,sea_level_pressure
2023-02-01 09:00:00,20.2,53.0,1016.2,,28.5845,77.2058,214.9,INI0000VIDD,SAFDARJUNG,1016.2,sea_level_pressure
2023-02-01 09:00:00,21.0,48.0,1018.1,,26.2511,73.0489,218.5,INI0000VIJO,JODHPUR,1018.1,sea_level_pressure
2023-02-01 09:00:00,24.6,45.0,1010.5,942.0,30.3167,78.0333,682.0,INM00042111,DEHRADUN,1010.5,sea_level_pressure
2023-02-01 12:00:00,19.5,50.0,1015.5,,28.5845,77.2058,214.9,INI0000VIDD,SAFDARJUNG,1015.5,sea_level_pressure
2023-02-01 12:00:00,23.2,38.0,1016.3,,26.2511,73.0489,218.5,INI0000VIJO,JODHPUR,1016.3,sea_level_pressure
2023-02-01 12:00:00,20.7,64.0,1011.6,942.2,30.3167,78.0333,682.0,INM00042111,DEHRADUN,1011.6,sea_level_pressure
2023-02-01 15:00:00,14.8,79.0,1016.9,,28.5845,77.2058,214.9,INI0000VIDD,SAFDARJUNG,1016.9,sea_level_pressure
2023-02-01 15:00:00,14.8,68.0,1019.1,,26.2511,73.0489,218.5,INI0000VIJO,JODHPUR,1019.1,sea_level_pressure
2023-02-01 15:00:00,15.0,90.0,1014.8,943.7,30.3167,78.0333,682.0,INM00042111,DEHRADUN,1014.8,sea_level_pressure
2023-02-01 18:00:00,13.2,82.0,1017.5,,28.5845,77.2058,214.9,INI0000VIDD,SAFDARJUNG,1017.5,sea_level_pressure
2023-02-01 18:00:00,12.0,81.0,1019.5,,26.2511,73.0489,218.5,INI0000VIJO,JODHPUR,1019.5,sea_level_pressure
2023-02-01 18:00:00,12.0,96.0,1015.4,943.5,30.3167,78.0333,682.0,INM00042111,DEHRADUN,1015.4,sea_level_pressure
2023-02-01 21:00:00,11.8,85.0,1017.2,,28.5845,77.2058,214.9,INI0000VIDD,SAFDARJUNG,1017.2,sea_level_pressure
2023-02-01 21:00:00,10.8,80.0,1018.8,,26.2511,73.0489,218.5,INI0000VIJO,JODHPUR,1018.8,sea_level_pressure
2023-02-01 21:00:00,11.0,97.0,1014.5,942.5,30.3167,78.0333,682.0,INM00042111,DEHRADUN,1014.5,sea_level_pressure
2023-02-02 00:00:00,10.5,89.0,1015.6,,28.5845,77.2058,214.9,INI0000VIDD,SAFDARJUNG,1015.6,sea_level_pressure
2023-02-02 00:00:00,9.6,85.0,1017.8,,26.2511,73.0489,218.5,INI0000VIJO,JODHPUR,1017.8,sea_level_pressure
2023-02-02 00:00:00,10.0,100.0,1013.1,941.0,30.3167,78.0333,682.0,INM00042111,DEHRADUN,1013.1,sea_level_pressure
2023-02-02 03:00:00,11.4,83.0,1017.4,,28.5845,77.2058,214.9,INI0000VIDD,SAFDARJUNG,1017.4,sea_level_pressure
2023-02-02 03:00:00,11.0,76.0,1019.3,,26.2511,73.0489,218.5,INI0000VIJO,JODHPUR,1019.3,sea_level_pressure
2023-02-02 03:00:00,10.6,88.0,1014.8,,30.3167,78.0333,682.0,INM00042111,DEHRADUN,1014.8,sea_level_pressure
2023-02-02 06:00:00,19.8,49.0,1017.9,,28.5845,77.2058,214.9,INI0000VIDD,SAFDARJUNG,1017.9,sea_level_pressure
2023-02-02 06:00:00,21.6,43.0,1019.3,,26.2511,73.0489,218.5,INI0000VIJO,JODHPUR,1019.3,sea_level_pressure
2023-02-02 06:00:00,21.0,48.0,1013.2,943.6,30.3167,78.0333,682.0,INM00042111,DEHRADUN,1013.2,sea_level_pressure
2023-02-02 09:00:00,23.6,40.0,1014.7,,28.5845,77.2058,214.9,INI0000VIDD,SAFDARJUNG,1014.7,sea_level_pressure
2023-02-02 09:00:00,26.2,28.0,1015.8,,26.2511,73.0489,218.5,INI0000VIJO,JODHPUR,1015.8,sea_level_pressure
2023-02-02 09:00:00,25.0,46.0,1009.3,941.0,30.3167,78.0333,682.0,INM00042111,DEHRADUN,1009.3,sea_level_pressure
2023-02-02 12:00:00,22.6,48.0,1014.8,,28.5845,77.2058,214.9,INI0000VIDD,SAFDARJUNG,1014.8,sea_level_pressure
2023-02-02 12:00:00,26.4,26.0,1014.5,,26.2511,73.0489,218.5,INI0000VIJO,JODHPUR,1014.5,sea_level_pressure
2023-02-02 12:00:00,20.6,66.0,1011.9,942.5,30.3167,78.0333,682.0,INM00042111,DEHRADUN,1011.9,sea_level_pressure
2023-02-02 15:00:00,17.6,67.0,1016.4,,28.5845,77.2058,214.9,INI0000VIDD,SAFDARJUNG,1016.4,sea_level_pressure
2023-02-02 15:00:00,17.2,56.0,1016.5,,26.2511,73.0489,218.5,INI0000VIJO,JODHPUR,1016.5,sea_level_pressure
2023-02-02 15:00:00,15.2,80.0,1012.2,941.6,30.3167,78.0333,682.0,INM00042111,DEHRADUN,1012.2,sea_level_pressure
2023-02-02 18:00:00,16.2,71.0,1016.9,,28.5845,77.2058,214.9,INI0000VIDD,SAFDARJUNG,1016.9,sea_level_pressure
2023-02-02 18:00:00,14.6,58.0,1017.7,,26.2511,73.0489,218.5,INI0000VIJO,JODHPUR,1017.7,sea_level_pressure
2023-02-02 18:00:00,13.2,93.0,1013.2,942.0,30.3167,78.0333,682.0,INM00042111,DEHRADUN,1013.2,sea_level_pressure
2023-02-02 21:00:00,14.7,77.0,1016.3,,28.5845,77.2058,214.9,INI0000VIDD,SAFDARJUNG,1016.3,sea_level_pressure
2023-02-02 21:00:00,12.7,62.0,1017.4,,26.2511,73.0489,218.5,INI0000VIJO,JODHPUR,1017.4,sea_level_pressure
2023-02-02 21:00:00,11.5,97.0,1013.1,941.5,30.3167,78.0333,682.0,INM00042111,DEHRADUN,1013.1,sea_level_pressure
2023-02-03 00:00:00,12.4,88.0,1016.3,,28.5845,77.2058,214.9,INI0000VIDD,SAFDARJUNG,1016.3,sea_level_pressure
2023-02-03 00:00:00,13.6,61.0,1016.7,,26.2511,73.0489,218.5,INI0000VIJO,JODHPUR,1016.7,sea_level_pressure
2023-02-03 00:00:00,10.2,97.0,1013.1,941.2,30.3167,78.0333,682.0,INM00042111,DEHRADUN,1013.1,sea_level_pressure
2023-02-03 03:00:00,11.6,83.0,1017.8,,28.5845,77.2058,214.9,INI0000VIDD,SAFDARJUNG,1017.8,sea_level_pressure
2023-02-03 03:00:00,13.8,61.0,1018.4,,26.2511,73.0489,218.5,INI0000VIJO,JODHPUR,1018.4,sea_level_pressure
2023-02-03 03:00:00,10.4,97.0,1014.5,942.5,30.3167,78.0333,682.0,INM00042111,DEHRADUN,1014.5,sea_level_pressure
2023-02-03 06:00:00,20.5,47.0,1018.4,,28.5845,77.2058,214.9,INI0000VIDD,SAFDARJUNG,1018.4,sea_level_pressure
2023-02-03 06:00:00,24.2,34.0,1018.2,,26.2511,73.0489,218.5,INI0000VIJO,JODHPUR,1018.2,sea_level_pressure
2023-02-03 06:00:00,20.2,59.0,1013.5,943.9,30.3167,78.0333,682.0,INM00042111,DEHRADUN,1013.5,sea_level_pressure
2023-02-03 09:00:00,23.6,37.0,1014.9,,28.5845,77.2058,214.9,INI0000VIDD,SAFDARJUNG,1014.9,sea_level_pressure
2023-02-03 09:00:00,27.4,26.0,1014.5,,26.2511,73.0489,218.5,INI0000VIJO,JODHPUR,1014.5,sea_level_pressure
2023-02-03 09:00:00,22.4,60.0,1011.9,942.8,30.3167,78.0333,682.0,INM00042111,DEHRADUN,1011.9,sea_level_pressure
2023-02-03 12:00:00,21.7,49.0,1014.2,,28.5845,77.2058,214.9,INI0000VIDD,SAFDARJUNG,1014.2,sea_level_pressure
2023-02-03 12:00:00,28.8,32.0,1013.6,,26.2511,73.0489,218.5,INI0000VIJO,JODHPUR,1013.6,sea_level_pressure
2023-02-03 12:00:00,20.6,69.0,1011.3,941.9,30.3167,78.0333,682.0,INM00042111,DEHRADUN,1011.3,sea_level_pressure
2023-02-03 15:00:00,17.4,71.0,1015.6,,28.5845,77.2058,214.9,INI0000VIDD,SAFDARJUNG,1015.6,sea_level_pressure
2023-02-03 15:00:00,17.6,62.0,1015.6,,26.2511,73.0489,218.5,INI0000VIJO,JODHPUR,1015.6,sea_level_pressure
2023-02-03 15:00:00,15.0,86.0,1012.7,941.8,30.3167,78.0333,682.0,INM00042111,DEHRADUN,1012.7,sea_level_pressure
2023-02-03 18:00:00,14.6,80.0,1015.5,,28.5845,77.2058,214.9,INI0000VIDD,SAFDARJUNG,1015.5,sea_level_pressure
2023-02-03 18:00:00,14.8,74.0,1015.8,,26.2511,73.0489,218.5,INI0000VIJO,JODHPUR,1015.8,sea_level_pressure
2023-02-03 18:00:00,12.7,96.0,1013.8,942.3,30.3167,78.0333,682.0,INM00042111,DEHRADUN,1013.8,sea_level_pressure
2023-02-03 21:00:00,11.6,88.0,1014.5,,28.5845,77.2058,214.9,INI0000VIDD,SAFDARJUNG,1014.5,sea_level_pressure
2023-02-03 21:00:00,13.8,78.0,1015.7,,26.2511,73.0489,218.5,INI0000VIJO,JODHPUR,1015.7,sea_level_pressure
2023-02-03 21:00:00,,,,,,,,INM00042111,DEHRADUN,,sea_level_pressure
2023-02-04 00:00:00,11.0,90.0,1013.7,,28.5845,77.2058,214.9,INI0000VIDD,SAFDARJUNG,1013.7,sea_level_pressure
2023-02-04 00:00:00,11.2,85.0,1014.4,,26.2511,73.0489,218.5,INI0000VIJO,JODHPUR,1014.4,sea_level_pressure
2023-02-04 00:00:00,10.0,100.0,1010.7,938.8,30.3167,78.0333,682.0,INM00042111,DEHRADUN,1010.7,sea_level_pressure
2023-02-04 03:00:00,13.4,82.0,1014.9,,28.5845,77.2058,214.9,INI0000VIDD,SAFDARJUNG,1014.9,sea_level_pressure
2023-02-04 03:00:00,12.0,70.0,1016.4,,26.2511,73.0489,218.5,INI0000VIJO,JODHPUR,1016.4,sea_level_pressure
2023-02-04 03:00:00,11.0,95.0,1011.8,940.0,30.3167,78.0333,682.0,INM00042111,DEHRADUN,1011.8,sea_level_pressure
2023-02-04 06:00:00,21.6,46.0,1014.9,,28.5845,77.2058,214.9,INI0000VIDD,SAFDARJUNG,1014.9,sea_level_pressure
2023-02-04 06:00:00,23.8,38.0,1016.2,,26.2511,73.0489,218.5,INI0000VIJO,JODHPUR,1016.2,sea_level_pressure
2023-02-04 06:00:00,20.7,65.0,1011.0,941.6,30.3167,78.0333,682.0,INM00042111,DEHRADUN,1011.0,sea_level_pressure
2023-02-04 09:00:00,25.2,26.0,1012.3,,28.5845,77.2058,214.9,INI0000VIDD,SAFDARJUNG,1012.3,sea_level_pressure
2023-02-04 09:00:00,30.0,23.0,1012.7,,26.2511,73.0489,218.5,INI0000VIJO,JODHPUR,1012.7,sea_level_pressure
2023-02-04 09:00:00,24.2,55.0,1008.0,939.7,30.3167,78.0333,682.0,INM00042111,DEHRADUN,1008.0,sea_level_pressure
2023-02-04 12:00:00,23.2,42.0,1011.2,,28.5845,77.2058,214.9,INI0000VIDD,SAFDARJUNG,1011.2,sea_level_pressure
2023-02-04 12:00:00,28.6,26.0,1011.7,,26.2511,73.0489,218.5,INI0000VIJO,JODHPUR,1011.7,sea_level_pressure
2023-02-04 12:00:00,21.0,65.0,1008.3,939.2,30.3167,78.0333,682.0,INM00042111,DEHRADUN,1008.3,sea_level_pressure
2023-02-04 15:00:00,16.2,79.0,1013.1,,28.5845,77.2058,214.9,INI0000VIDD,SAFDARJUNG,1013.1,sea_level_pressure
2023-02-04 15:00:00,18.8,61.0,1013.6,,26.2511,73.0489,218.5,INI0000VIJO,JODHPUR,1013.6,sea_level_pressure
2023-02-04 15:00:00,15.0,86.0,1009.7,939.0,30.3167,78.0333,682.0,INM00042111,DEHRADUN,1009.7,sea_level_pressure
2023-02-04 18:00:00,16.0,79.0,1013.4,,28.5845,77.2058,214.9,INI0000VIDD,SAFDARJUNG,1013.4,sea_level_pressure
2023-02-04 18:00:00,15.8,73.0,1014.2,,26.2511,73.0489,218.5,INI0000VIJO,JODHPUR,1014.2,sea_level_pressure
2023-02-04 18:00:00,13.0,96.0,1010.7,939.5,30.3167,78.0333,682.0,INM00042111,DEHRADUN,1010.7,sea_level_pressure
2023-02-04 21:00:00,13.2,84.0,1012.4,,28.5845,77.2058,214.9,INI0000VIDD,SAFDARJUNG,1012.4,sea_level_pressure
2023-02-04 21:00:00,14.5,76.0,1013.1,,26.2511,73.0489,218.5,INI0000VIJO,JODHPUR,1013.1,sea_level_pressure
2023-02-04 21:00:00,11.7,96.0,1009.4,938.0,30.3167,78.0333,682.0,INM00042111,DEHRADUN,1009.4,sea_level_pressure
2023-02-05 00:00:00,12.5,88.0,1011.8,,28.5845,77.2058,214.9,INI0000VIDD,SAFDARJUNG,1011.8,sea_level_pressure
2023-02-05 00:00:00,12.6,72.0,1012.3,,26.2511,73.0489,218.5,INI0000VIJO,JODHPUR,1012.3,sea_level_pressure
2023-02-05 00:00:00,10.6,97.0,1008.5,937.0,30.3167,78.0333,682.0,INM00042111,DEHRADUN,1008.5,sea_level_pressure
2023-02-05 03:00:00,12.6,88.0,1013.8,,28.5845,77.2058,214.9,INI0000VIDD,SAFDARJUNG,1013.8,sea_level_pressure
2023-02-05 03:00:00,12.4,77.0,1014.2,,26.2511,73.0489,218.5,INI0000VIJO,JODHPUR,1014.2,sea_level_pressure
2023-02-05 03:00:00,10.8,97.0,1009.7,938.0,30.3167,78.0333,682.0,INM00042111,DEHRADUN,1009.7,sea_level_pressure
2023-02-05 06:00:00,19.6,54.0,1014.0,,28.5845,77.2058,214.9,INI0000VIDD,SAFDARJUNG,1014.0,sea_level_pressure
2023-02-05 06:00:00,26.2,33.0,1013.7,,26.2511,73.0489,218.5,INI0000VIJO,JODHPUR,1013.7,sea_level_pressure
2023-02-05 06:00:00,21.5,59.0,1010.0,940.9,30.3167,78.0333,682.0,INM00042111,DEHRADUN,1010.0,sea_level_pressure
2023-02-05 09:00:00,25.2,37.0,1010.8,,28.5845,77.2058,214.9,INI0000VIDD,SAFDARJUNG,1010.8,sea_level_pressure
2023-02-05 09:00:00,30.0,23.0,1010.4,,26.2511,73.0489,218.5,INI0000VIJO,JODHPUR,1010.4,sea_level_pressure
2023-02-05 09:00:00,23.4,58.0,1007.1,938.7,30.3167,78.0333,682.0,INM00042111,DEHRADUN,1007.1,sea_level_pressure
2023-02-05 12:00:00,23.6,44.0,1010.1,,28.5845,77.2058,214.9,INI0000VIDD,SAFDARJUNG,1010.1,sea_level_pressure
2023-02-05 12:00:00,30.2,27.0,1008.7,,26.2511,73.0489,218.5,INI0000VIJO,JODHPUR,1008.7,sea_level_pressure
2023-02-05 12:00:00,20.7,60.0,1007.9,938.8,30.3167,78.0333,682.0,INM00042111,DEHRADUN,1007.9,sea_level_pressure
2023-02-05 15:00:00,16.4,79.0,1011.7,,28.5845,77.2058,214.9,INI0000VIDD,SAFDARJUNG,1011.7,sea_level_pressure
2023-02-05 15:00:00,19.8,56.0,1011.4,,26.2511,73.0489,218.5,INI0000VIJO,JODHPUR,1011.4,sea_level_pressure
2023-02-05 15:00:00,14.0,85.0,1011.0,940.0,30.3167,78.0333,682.0,INM00042111,DEHRADUN,1011.0,sea_level_pressure
2023-02-05 18:00:00,13.7,87.0,1012.6,,28.5845,77.2058,214.9,INI0000VIDD,SAFDARJUNG,1012.6,sea_level_pressure
2023-02-05 18:00:00,16.6,64.0,1011.7,,26.2511,73.0489,218.5,INI0000VIJO,JODHPUR,1011.7,sea_level_pressure
2023-02-05 18:00:00,11.6,93.0,1011.9,940.3,30.3167,78.0333,682.0,INM00042111,DEHRADUN,1011.9,sea_level_pressure
2023-02-05 21:00:00,12.4,91.0,1011.8,,28.5845,77.2058,214.9,INI0000VIDD,SAFDARJUNG,1011.8,sea_level_pressure
2023-02-05 21:00:00,15.2,69.0,1010.8,,26.2511,73.0489,218.5,INI0000VIJO,JODHPUR,1010.8,sea_level_pressure
2023-02-05 21:00:00,10.4,95.0,1012.2,940.4,30.3167,78.0333,682.0,INM00042111,DEHRADUN,1012.2,sea_level_pressure
2023-02-06 00:00:00,10.6,95.0,1011.8,,28.5845,77.2058,214.9,INI0000VIDD,SAFDARJUNG,1011.8,sea_level_pressure
2023-02-06 00:00:00,13.0,82.0,1011.1,,26.2511,73.0489,218.5,INI0000VIJO,JODHPUR,1011.1,sea_level_pressure
2023-02-06 00:00:00,10.0,97.0,1011.9,939.8,30.3167,78.0333,682.0,INM00042111,DEHRADUN,1011.9,sea_level_pressure
2023-02-06 03:00:00,11.6,89.0,1012.4,,28.5845,77.2058,214.9,INI0000VIDD,SAFDARJUNG,1012.4,sea_level_pressure
2023-02-06 03:00:00,13.8,80.0,1013.3,,26.2511,73.0489,218.5,INI0000VIJO,JODHPUR,1013.3,sea_level_pressure
2023-02-06 03:00:00,11.2,96.0,1013.3,941.6,30.3167,78.0333,682.0,INM00042111,DEHRADUN,1013.3,sea_level_pressure
2023-02-06 06:00:00,24.5,48.0,1013.2,,28.5845,77.2058,214.9,INI0000VIDD,SAFDARJUNG,1013.2,sea_level_pressure
2023-02-06 06:00:00,23.8,50.0,1014.4,,26.2511,73.0489,218.5,INI0000VIJO,JODHPUR,1014.4,sea_level_pressure
2023-02-06 06:00:00,21.6,58.0,1012.0,942.8,30.3167,78.0333,682.0,INM00042111,DEHRADUN,1012.0,sea_level_pressure
2023-02-06 09:00:00,28.2,39.0,1009.5,,28.5845,77.2058,214.9,INI0000VIDD,SAFDARJUNG,1009.5,sea_level_pressure
2023-02-06 09:00:00,27.2,46.0,1010.7,,26.2511,73.0489,218.5,INI0000VIJO,JODHPUR,1010.7,sea_level_pressure
2023-02-06 09:00:00,,,,,,,,INM00042111,DEHRADUN,,sea_level_pressure
2023-02-06 12:00:00,26.5,54.0,1008.7,,28.5845,77.2058,214.9,INI0000VIDD,SAFDARJUNG,1008.7,sea_level_pressure
2023-02-06 12:00:00,28.2,40.0,1010.0,,26.2511,73.0489,218.5,INI0000VIJO,JODHPUR,1010.0,sea_level_pressure
2023-02-06 12:00:00,22.0,60.0,1007.8,938.9,30.3167,78.0333,682.0,INM00042111,DEHRADUN,1007.8,sea_level_pressure
2023-02-06 15:00:00,21.4,65.0,1010.9,,28.5845,77.2058,214.9,INI0000VIDD,SAFDARJUNG,1010.9,sea_level_pressure
2023-02-06 15:00:00,20.4,63.0,1012.1,,26.2511,73.0489,218.5,INI0000VIJO,JODHPUR,1012.1,sea_level_pressure
2023-02-06 15:00:00,,,,,,,,INM00042111,DEHRADUN,,sea_level_pressure
2023-02-06 18:00:00,19.6,71.0,1010.3,,28.5845,77.2058,214.9,INI0000VIDD,SAFDARJUNG,1010.3,sea_level_pressure
2023-02-06 18:00:00,21.2,44.0,1012.7,,26.2511,73.0489,218.5,INI0000VIJO,JODHPUR,1012.7,sea_level_pressure
2023-02-06 18:00:00,14.6,91.0,1012.0,941.2,30.3167,78.0333,682.0,INM00042111,DEHRADUN,1012.0,sea_level_pressure
2023-02-06 21:00:00,16.2,87.0,1010.1,,28.5845,77.2058,214.9,INI0000VIDD,SAFDARJUNG,1010.1,sea_level_pressure
2023-02-06 21:00:00,19.4,45.0,1012.0,,26.2511,73.0489,218.5,INI0000VIJO,JODHPUR,1012.0,sea_level_pressure
2023-02-06 21:00:00,12.5,95.0,1010.4,939.2,30.3167,78.0333,682.0,INM00042111,DEHRADUN,1010.4,sea_level_pressure
2023-02-07 00:00:00,14.6,96.0,1009.6,,28.5845,77.2058,214.9,INI0000VIDD,SAFDARJUNG,1009.6,sea_level_pressure
2023-02-07 00:00:00,16.0,75.0,1012.9,,26.2511,73.0489,218.5,INI0000VIJO,JODHPUR,1012.9,sea_level_pressure
2023-02-07 00:00:00,10.2,97.0,1009.8,938.1,30.3167,78.0333,682.0,INM00042111,DEHRADUN,1009.8,sea_level_pressure
2023-02-07 03:00:00,14.4,96.0,1011.7,,28.5845,77.2058,214.9,INI0000VIDD,SAFDARJUNG,1011.7,sea_level_pressure
2023-02-07 03:00:00,12.0,83.0,1015.4,,26.2511,73.0489,218.5,INI0000VIJO,JODHPUR,1015.4,sea_level_pressure
2023-02-07 03:00:00,11.6,81.0,1010.5,939.0,30.3167,78.0333,682.0,INM00042111,DEHRADUN,1010.5,sea_level_pressure
2023-02-07 06:00:00,20.5,62.0,1012.3,,28.5845,77.2058,214.9,INI0000VIDD,SAFDARJUNG,1012.3,sea_level_pressure
2023-02-07 06:00:00,21.8,55.0,1015.7,,26.2511,73.0489,218.5,INI0000VIJO,JODHPUR,1015.7,sea_level_pressure
2023-02-07 06:00:00,22.0,52.0,1009.3,940.2,30.3167,78.0333,682.0,INM00042111,DEHRADUN,1009.3,sea_level_pressure
2023-02-07 09:00:00,24.4,40.0,1009.9,,28.5845,77.2058,214.9,INI0000VIDD,SAFDARJUNG,1009.9,sea_level_pressure
2023-02-07 09:00:00,26.8,26.0,1012.8,,26.2511,73.0489,218.5,INI0000VIJO,JODHPUR,1012.8,sea_level_pressure
2023-02-07 09:00:00,24.0,48.0,1006.4,938.0,30.3167,78.0333,682.0,INM00042111,DEHRADUN,1006.4,sea_level_pressure
2023-02-07 12:00:00,23.0,40.0,1010.0,,28.5845,77.2058,214.9,INI0000VIDD,SAFDARJUNG,1010.0,sea_level_pressure
2023-02-07 12:00:00,27.0,31.0,1011.6,,26.2511,73.0489,218.5,INI0000VIJO,JODHPUR,1011.6,sea_level_pressure
2023-02-07 12:00:00,21.0,63.0,1007.1,938.0,30.3167,78.0333,682.0,INM00042111,DEHRADUN,1007.1,sea_level_pressure
2023-02-07 15:00:00,19.2,50.0,1011.7,,28.5845,77.2058,214.9,INI0000VIDD,SAFDARJUNG,1011.7,sea_level_pressure
2023-02-07 15:00:00,17.4,67.0,1013.7,,26.2511,73.0489,218.5,INI0000VIJO,JODHPUR,1013.7,sea_level_pressure
2023-02-07 15:00:00,16.0,76.0,1010.2,939.7,30.3167,78.0333,682.0,INM00042111,DEHRADUN,1010.2,sea_level_pressure
2023-02-07 18:00:00,15.0,72.0,1012.7,,28.5845,77.2058,214.9,INI0000VIDD,SAFDARJUNG,1012.7,sea_level_pressure
2023-02-07 18:00:00,14.8,74.0,1014.2,,26.2511,73.0489,218.5,INI0000VIJO,JODHPUR,1014.2,sea_level_pressure
2023-02-07 18:00:00,12.5,88.0,1011.9,940.6,30.3167,78.0333,682.0,INM00042111,DEHRADUN,1011.9,sea_level_pressure
2023-02-07 21:00:00,13.5,79.0,1012.4,,28.5845,77.2058,214.9,INI0000VIDD,SAFDARJUNG,1012.4,sea_level_pressure
2023-02-07 21:00:00,14.2,76.0,1013.0,,26.2511,73.0489,218.5,INI0000VIJO,JODHPUR,1013.0,sea_level_pressure
2023-02-07 21:00:00,11.6,93.0,1011.5,939.9,30.3167,78.0333,682.0,INM00042111,DEHRADUN,1011.5,sea_level_pressure
2023-02-08 00:00:00,11.0,88.0,1011.1,,28.5845,77.2058,214.9,INI0000VIDD,SAFDARJUNG,1011.1,sea_level_pressure
2023-02-08 00:00:00,12.0,76.0,1014.1,,26.2511,73.0489,218.5,INI0000VIJO,JODHPUR,1014.1,sea_level_pressure
2023-02-08 00:00:00,10.0,95.0,1011.7,939.6,30.3167,78.0333,682.0,INM00042111,DEHRADUN,1011.7,sea_level_pressure
2023-02-08 03:00:00,12.0,81.0,1014.9,,28.5845,77.2058,214.9,INI0000VIDD,SAFDARJUNG,1014.9,sea_level_pressure
2023-02-08 03:00:00,11.8,76.0,1016.3,,26.2511,73.0489,218.5,INI0000VIJO,JODHPUR,1016.3,sea_level_pressure
2023-02-08 03:00:00,11.0,93.0,1012.7,940.9,30.3167,78.0333,682.0,INM00042111,DEHRADUN,1012.7,sea_level_pressure
2023-02-08 06:00:00,21.5,43.0,1015.6,,28.5845,77.2058,214.9,INI0000VIDD,SAFDARJUNG,1015.6,sea_level_pressure
2023-02-08 06:00:00,25.4,34.0,1016.1,,26.2511,73.0489,218.5,INI0000VIJO,JODHPUR,1016.1,sea_level_pressure
2023-02-08 06:00:00,21.2,57.0,1011.9,942.7,30.3167,78.0333,682.0,INM00042111,DEHRADUN,1011.9,sea_level_pressure
2023-02-08 09:00:00,23.6,39.0,1013.2,,28.5845,77.2058,214.9,INI0000VIDD,SAFDARJUNG,1013.2,sea_level_pressure
2023-02-08 09:00:00,29.6,20.0,1012.8,,26.2511,73.0489,218.5,INI0000VIJO,JODHPUR,1012.8,sea_level_pressure
2023-02-08 09:00:00,24.4,43.0,1008.6,940.3,30.3167,78.0333,682.0,INM00042111,DEHRADUN,1008.6,sea_level_pressure
2023-02-08 12:00:00,21.6,49.0,1011.3,,28.5845,77.2058,214.9,INI0000VIDD,SAFDARJUNG,1011.3,sea_level_pressure
2023-02-08 12:00:00,28.6,29.0,1011.3,,26.2511,73.0489,218.5,INI0000VIJO,JODHPUR,1011.3,sea_level_pressure
2023-02-08 12:00:00,20.6,58.0,1008.5,939.4,30.3167,78.0333,682.0,INM00042111,DEHRADUN,1008.5,sea_level_pressure
2023-02-08 15:00:00,15.0,81.0,1014.3,,28.5845,77.2058,214.9,INI0000VIDD,SAFDARJUNG,1014.3,sea_level_pressure
2023-02-08 15:00:00,18.4,59.0,1012.7,,26.2511,73.0489,218.5,INI0000VIJO,JODHPUR,1012.7,sea_level_pressure
2023-02-08 15:00:00,15.6,80.0,1011.6,941.0,30.3167,78.0333,682.0,INM00042111,DEHRADUN,1011.6,sea_level_pressure
2023-02-08 18:00:00,13.0,84.0,1014.6,,28.5845,77.2058,214.9,INI0000VIDD,SAFDARJUNG,1014.6,sea_level_pressure
2023-02-08 18:00:00,16.2,68.0,1013.5,,26.2511,73.0489,218.5,INI0000VIJO,JODHPUR,1013.5,sea_level_pressure
2023-02-08 18:00:00,13.2,89.0,1012.6,941.5,30.3167,78.0333,682.0,INM00042111,DEHRADUN,1012.6,sea_level_pressure
2023-02-08 21:00:00,11.6,88.0,1014.0,,28.5845,77.2058,214.9,INI0000VIDD,SAFDARJUNG,1014.0,sea_level_pressure
2023-02-08 21:00:00,15.0,70.0,1013.0,,26.2511,73.0489,218.5,INI0000VIJO,JODHPUR,1013.0,sea_level_pressure
2023-02-08 21:00:00,11.7,94.0,1011.6,940.0,30.3167,78.0333,682.0,INM00042111,DEHRADUN,1011.6,sea_level_pressure
2023-02-09 00:00:00,10.4,95.0,1012.5,,28.5845,77.2058,214.9,INI0000VIDD,SAFDARJUNG,1012.5,sea_level_pressure
2023-02-09 00:00:00,12.2,74.0,1011.6,,26.2511,73.0489,218.5,INI0000VIJO,JODHPUR,1011.6,sea_level_pressure
2023-02-09 00:00:00,10.6,95.0,1011.8,940.0,30.3167,78.0333,682.0,INM00042111,DEHRADUN,1011.8,sea_level_pressure
2023-02-09 03:00:00,12.2,88.0,1014.1,,28.5845,77.2058,214.9,INI0000VIDD,SAFDARJUNG,1014.1,sea_level_pressure
2023-02-09 03:00:00,12.6,72.0,1013.4,,26.2511,73.0489,218.5,INI0000VIJO,JODHPUR,1013.4,sea_level_pressure
2023-02-09 03:00:00,11.6,96.0,1012.1,940.5,30.3167,78.0333,682.0,INM00042111,DEHRADUN,1012.1,sea_level_pressure
2023-02-09 06:00:00,23.7,39.0,1013.4,,28.5845,77.2058,214.9,INI0000VIDD,SAFDARJUNG,1013.4,sea_level_pressure
2023-02-09 06:00:00,26.8,29.0,1012.7,,26.2511,73.0489,218.5,INI0000VIJO,JODHPUR,1012.7,sea_level_pressure
2023-02-09 06:00:00,21.7,58.0,1010.7,941.6,30.3167,78.0333,682.0,INM00042111,DEHRADUN,1010.7,sea_level_pressure
2023-02-09 09:00:00,28.4,30.0,1010.2,,28.5845,77.2058,214.9,INI0000VIDD,SAFDARJUNG,1010.2,sea_level_pressure
2023-02-09 09:00:00,31.6,23.0,1008.8,,26.2511,73.0489,218.5,INI0000VIJO,JODHPUR,1008.8,sea_level_pressure
2023-02-09 09:00:00,25.6,40.0,1007.6,939.6,30.3167,78.0333,682.0,INM00042111,DEHRADUN,1007.6,sea_level_pressure
2023-02-09 12:00:00,26.6,49.0,1009.3,,28.5845,77.2058,214.9,INI0000VIDD,SAFDARJUNG,1009.3,sea_level_pressure
2023-02-09 12:00:00,30.4,25.0,1008.5,,26.2511,73.0489,218.5,INI0000VIJO,JODHPUR,1008.5,sea_level_pressure
2023-02-09 12:00:00,22.7,62.0,1008.4,939.6,30.3167,78.0333,682.0,INM00042111,DEHRADUN,1008.4,sea_level_pressure
2023-02-09 15:00:00,20.4,73.0,1011.5,,28.5845,77.2058,214.9,INI0000VIDD,SAFDARJUNG,1011.5,sea_level_pressure
2023-02-09 15:00:00,25.0,34.0,1010.3,,26.2511,73.0489,218.5,INI0000VIJO,JODHPUR,1010.3,sea_level_pressure
2023-02-09 15:00:00,17.8,81.0,1010.8,940.8,30.3167,78.0333,682.0,INM00042111,DEHRADUN,1010.8,sea_level_pressure
2023-02-09 18:00:00,18.6,79.0,1011.9,,28.5845,77.2058,214.9,INI0000VIDD,SAFDARJUNG,1011.9,sea_level_pressure
2023-02-09 18:00:00,23.6,35.0,1010.9,,26.2511,73.0489,218.5,INI0000VIJO,JODHPUR,1010.9,sea_level_pressure
2023-02-09 18:00:00,15.0,87.0,1013.0,942.1,30.3167,78.0333,682.0,INM00042111,DEHRADUN,1013.0,sea_level_pressure
2023-02-09 21:00:00,17.5,83.0,1011.3,,28.5845,77.2058,214.9,INI0000VIDD,SAFDARJUNG,1011.3,sea_level_pressure
2023-02-09 21:00:00,20.0,39.0,1010.4,,26.2511,73.0489,218.5,INI0000VIJO,JODHPUR,1010.4,sea_level_pressure
2023-02-09 21:00:00,13.7,92.0,1012.3,941.1,30.3167,78.0333,682.0,INM00042111,DEHRADUN,1012.3,sea_level_pressure
2023-02-10 00:00:00,14.7,90.0,1010.5,,28.5845,77.2058,214.9,INI0000VIDD,SAFDARJUNG,1010.5,sea_level_pressure
2023-02-10 00:00:00,14.8,54.0,1010.5,,26.2511,73.0489,218.5,INI0000VIJO,JODHPUR,1010.5,sea_level_pressure
2023-02-10 00:00:00,13.0,93.0,1011.7,940.4,30.3167,78.0333,682.0,INM00042111,DEHRADUN,1011.7,sea_level_pressure
2023-02-10 03:00:00,15.8,83.0,1012.5,,28.5845,77.2058,214.9,INI0000VIDD,SAFDARJUNG,1012.5,sea_level_pressure
2023-02-10 03:00:00,17.4,54.0,1012.3,,26.2511,73.0489,218.5,INI0000VIJO,JODHPUR,1012.3,sea_level_pressure
2023-02-10 03:00:00,13.4,89.0,1012.8,941.6,30.3167,78.0333,682.0,INM00042111,DEHRADUN,1012.8,sea_level_pressure
2023-02-10 06:00:00,24.8,54.0,1012.7,,28.5845,77.2058,214.9,INI0000VIDD,SAFDARJUNG,1012.7,sea_level_pressure
2023-02-10 06:00:00,24.6,49.0,1013.1,,26.2511,73.0489,218.5,INI0000VIJO,JODHPUR,1013.1,sea_level_pressure
2023-02-10 06:00:00,22.5,54.0,1012.5,943.4,30.3167,78.0333,682.0,INM00042111,DEHRADUN,1012.5,sea_level_pressure
2023-02-10 09:00:00,29.2,40.0,1008.9,,28.5845,77.2058,214.9,INI0000VIDD,SAFDARJUNG,1008.9,sea_level_pressure
2023-02-10 09:00:00,28.6,41.0,1010.1,,26.2511,73.0489,218.5,INI0000VIJO,JODHPUR,1010.1,sea_level_pressure
2023-02-10 09:00:00,25.2,46.0,1010.4,942.2,30.3167,78.0333,682.0,INM00042111,DEHRADUN,1010.4,sea_level_pressure
2023-02-10 12:00:00,26.6,53.0,1008.4,,28.5845,77.2058,214.9,INI0000VIDD,SAFDARJUNG,1008.4,sea_level_pressure
2023-02-10 12:00:00,28.2,40.0,1009.0,,26.2511,73.0489,218.5,INI0000VIJO,JODHPUR,1009.0,sea_level_pressure
2023-02-10 12:00:00,24.5,59.0,1006.4,938.5,30.3167,78.0333,682.0,INM00042111,DEHRADUN,1006.4,sea_level_pressure
2023-02-10 15:00:00,21.6,74.0,1010.2,,28.5845,77.2058,214.9,INI0000VIDD,SAFDARJUNG,1010.2,sea_level_pressure
2023-02-10 15:00:00,22.2,65.0,1010.9,,26.2511,73.0489,218.5,INI0000VIJO,JODHPUR,1010.9,sea_level_pressure
2023-02-10 15:00:00,16.6,84.0,1011.0,940.5,30.3167,78.0333,682.0,INM00042111,DEHRADUN,1011.0,sea_level_pressure
2023-02-10 18:00:00,20.5,73.0,1011.1,,28.5845,77.2058,214.9,INI0000VIDD,SAFDARJUNG,1011.1,sea_level_pressure
2023-02-10 18:00:00,19.2,74.0,1012.1,,26.2511,73.0489,218.5,INI0000VIJO,JODHPUR,1012.1,sea_level_pressure
2023-02-10 18:00:00,13.7,92.0,1012.0,941.0,30.3167,78.0333,682.0,INM00042111,DEHRADUN,1012.0,sea_level_pressure
2023-02-10 21:00:00,17.8,88.0,1010.9,,28.5845,77.2058,214.9,INI0000VIDD,SAFDARJUNG,1010.9,sea_level_pressure
2023-02-10 21:00:00,18.2,75.0,1011.9,,26.2511,73.0489,218.5,INI0000VIJO,JODHPUR,1011.9,sea_level_pressure
2023-02-10 21:00:00,13.7,92.0,1011.5,940.5,30.3167,78.0333,682.0,INM00042111,DEHRADUN,1011.5,sea_level_pressure
2023-02-11 00:00:00,15.6,94.0,1011.2,,28.5845,77.2058,214.9,INI0000VIDD,SAFDARJUNG,1011.2,sea_level_pressure
2023-02-11 00:00:00,16.0,91.0,1012.3,,26.2511,73.0489,218.5,INI0000VIJO,JODHPUR,1012.3,sea_level_pressure
2023-02-11 00:00:00,13.5,93.0,1011.2,940.2,30.3167,78.0333,682.0,INM00042111,DEHRADUN,1011.2,sea_level_pressure
2023-02-11 03:00:00,15.0,96.0,1013.5,,28.5845,77.2058,214.9,INI0000VIDD,SAFDARJUNG,1013.5,sea_level_pressure
2023-02-11 03:00:00,16.0,87.0,1015.6,,26.2511,73.0489,218.5,INI0000VIJO,JODHPUR,1015.6,sea_level_pressure
2023-02-11 03:00:00,14.2,89.0,1013.1,942.0,30.3167,78.0333,682.0,INM00042111,DEHRADUN,1013.1,sea_level_pressure
2023-02-11 06:00:00,23.2,67.0,1014.7,,28.5845,77.2058,214.9,INI0000VIDD,SAFDARJUNG,1014.7,sea_level_pressure
2023-02-11 06:00:00,25.8,49.0,1016.8,,26.2511,73.0489,218.5,INI0000VIJO,JODHPUR,1016.8,sea_level_pressure
2023-02-11 06:00:00,23.7,49.0,1012.1,943.2,30.3167,78.0333,682.0,INM00042111,DEHRADUN,1012.1,sea_level_pressure
2023-02-11 09:00:00,27.0,43.0,1012.4,,28.5845,77.2058,214.9,INI0000VIDD,SAFDARJUNG,1012.4,sea_level_pressure
2023-02-11 09:00:00,29.0,33.0,1014.4,,26.2511,73.0489,218.5,INI0000VIJO,JODHPUR,1014.4,sea_level_pressure
2023-02-11 09:00:00,25.0,56.0,1009.5,941.2,30.3167,78.0333,682.0,INM00042111,DEHRADUN,1009.5,sea_level_pressure
2023-02-11 12:00:00,24.6,45.0,1012.4,,28.5845,77.2058,214.9,INI0000VIDD,SAFDARJUNG,1012.4,sea_level_pressure
2023-02-11 12:00:00,28.2,29.0,1013.5,,26.2511,73.0489,218.5,INI0000VIJO,JODHPUR,1013.5,sea_level_pressure
2023-02-11 12:00:00,21.5,62.0,1009.6,940.5,30.3167,78.0333,682.0,INM00042111,DEHRADUN,1009.6,sea_level_pressure
2023-02-11 15:00:00,19.4,73.0,1014.4,,28.5845,77.2058,214.9,INI0000VIDD,SAFDARJUNG,1014.4,sea_level_pressure
2023-02-11 15:00:00,20.0,48.0,1015.9,,26.2511,73.0489,218.5,INI0000VIJO,JODHPUR,1015.9,sea_level_pressure
2023-02-11 15:00:00,17.2,79.0,1012.4,942.2,30.3167,78.0333,682.0,INM00042111,DEHRADUN,1012.4,sea_level_pressure
2023-02-11 18:00:00,17.7,81.0,1016.5,,28.5845,77.2058,214.9,INI0000VIDD,SAFDARJUNG,1016.5,sea_level_pressure
2023-02-11 18:00:00,17.2,52.0,1017.0,,26.2511,73.0489,218.5,INI0000VIJO,JODHPUR,1017.0,sea_level_pressure
2023-02-11 18:00:00,14.0,89.0,1014.4,943.1,30.3167,78.0333,682.0,INM00042111,DEHRADUN,1014.4,sea_level_pressure
2023-02-11 21:00:00,16.0,85.0,1015.9,,28.5845,77.2058,214.9,INI0000VIDD,SAFDARJUNG,1015.9,sea_level_pressure
2023-02-11 21:00:00,15.4,55.0,1016.9,,26.2511,73.0489,218.5,INI0000VIJO,JODHPUR,1016.9,sea_level_pressure
2023-02-11 21:00:00,13.0,93.0,1014.5,943.0,30.3167,78.0333,682.0,INM00042111,DEHRADUN,1014.5,sea_level_pressure
2023-02-12 00:00:00,12.2,79.0,1016.3,,28.5845,77.2058,214.9,INI0000VIDD,SAFDARJUNG,1016.3,sea_level_pressure
2023-02-12 00:00:00,13.4,65.0,1017.5,,26.2511,73.0489,218.5,INI0000VIJO,JODHPUR,1017.5,sea_level_pressure
2023-02-12 00:00:00,10.0,95.0,1014.6,942.4,30.3167,78.0333,682.0,INM00042111,DEHRADUN,1014.6,sea_level_pressure
2023-02-12 03:00:00,12.6,77.0,1018.4,,28.5845,77.2058,214.9,INI0000VIDD,SAFDARJUNG,1018.4,sea_level_pressure
2023-02-12 03:00:00,14.4,63.0,1020.6,,26.2511,73.0489,218.5,INI0000VIJO,JODHPUR,1020.6,sea_level_pressure
2023-02-12 03:00:00,10.4,91.0,1015.8,943.7,30.3167,78.0333,682.0,INM00042111,DEHRADUN,1015.8,sea_level_pressure
2023-02-12 06:00:00,21.2,35.0,1019.0,,28.5845,77.2058,214.9,INI0000VIDD,SAFDARJUNG,1019.0,sea_level_pressure
2023-02-12 06:00:00,25.0,21.0,1021.1,,26.2511,73.0489,218.5,INI0000VIJO,JODHPUR,1021.1,sea_level_pressure
2023-02-12 06:00:00,20.0,42.0,1014.5,944.7,30.3167,78.0333,682.0,INM00042111,DEHRADUN,1014.5,sea_level_pressure
2023-02-12 09:00:00,23.4,24.0,1017.1,,28.5845,77.2058,214.9,INI0000VIDD,SAFDARJUNG,1017.1,sea_level_pressure
2023-02-12 09:00:00,27.0,17.0,1018.7,,26.2511,73.0489,218.5,INI0000VIJO,JODHPUR,1018.7,sea_level_pressure
2023-02-12 09:00:00,21.0,30.0,1012.4,943.0,30.3167,78.0333,682.0,INM00042111,DEHRADUN,1012.4,sea_level_pressure
2023-02-12 12:00:00,21.2,36.0,1017.1,,28.5845,77.2058,214.9,INI0000VIDD,SAFDARJUNG,1017.1,sea_level_pressure
2023-02-12 12:00:00,26.0,20.0,1018.2,,26.2511,73.0489,218.5,INI0000VIJO,JODHPUR,1018.2,sea_level_pressure
2023-02-12 12:00:00,18.0,39.0,1013.5,943.2,30.3167,78.0333,682.0,INM00042111,DEHRADUN,1013.5,sea_level_pressure
2023-02-12 15:00:00,16.4,51.0,1018.5,,28.5845,77.2058,214.9,INI0000VIDD,SAFDARJUNG,1018.5,sea_level_pressure
2023-02-12 15:00:00,20.8,28.0,1020.4,,26.2511,73.0489,218.5,INI0000VIJO,JODHPUR,1020.4,sea_level_pressure
2023-02-12 15:00:00,12.0,67.0,1015.2,943.3,30.3167,78.0333,682.0,INM00042111,DEHRADUN,1015.2,sea_level_pressure
2023-02-12 18:00:00,14.6,56.0,1018.2,,28.5845,77.2058,214.9,INI0000VIDD,SAFDARJUNG,1018.2,sea_level_pressure
2023-02-12 18:00:00,18.0,30.0,1021.2,,26.2511,73.0489,218.5,INI0000VIJO,JODHPUR,1021.2,sea_level_pressure
2023-02-12 18:00:00,11.0,75.0,1014.9,942.9,30.3167,78.0333,682.0,INM00042111,DEHRADUN,1014.9,sea_level_pressure
2023-02-12 21:00:00,13.0,62.0,1016.9,,28.5845,77.2058,214.9,INI0000VIDD,SAFDARJUNG,1016.9,sea_level_pressure
2023-02-12 21:00:00,14.2,36.0,1020.4,,26.2511,73.0489,218.5,INI0000VIJO,JODHPUR,1020.4,sea_level_pressure
2023-02-12 21:00:00,8.2,95.0,1013.3,941.0,30.3167,78.0333,682.0,INM00042111,DEHRADUN,1013.3,sea_level_pressure
2023-02-13 00:00:00,11.2,50.0,1015.8,,28.5845,77.2058,214.9,INI0000VIDD,SAFDARJUNG,1015.8,sea_level_pressure
2023-02-13 00:00:00,11.2,46.0,1020.1,,26.2511,73.0489,218.5,INI0000VIJO,JODHPUR,1020.1,sea_level_pressure
2023-02-13 00:00:00,6.6,97.0,1012.2,939.5,30.3167,78.0333,682.0,INM00042111,DEHRADUN,1012.2,sea_level_pressure
2023-02-13 03:00:00,10.2,58.0,1016.9,,28.5845,77.2058,214.9,INI0000VIDD,SAFDARJUNG,1016.9,sea_level_pressure
2023-02-13 03:00:00,10.2,46.0,1021.7,,26.2511,73.0489,218.5,INI0000VIJO,JODHPUR,1021.7,sea_level_pressure
2023-02-13 03:00:00,7.6,87.0,1013.8,941.2,30.3167,78.0333,682.0,INM00042111,DEHRADUN,1013.8,sea_level_pressure
2023-02-13 06:00:00,19.2,25.0,1016.9,,28.5845,77.2058,214.9,INI0000VIDD,SAFDARJUNG,1016.9,sea_level_pressure
2023-02-13 06:00:00,19.8,25.0,1021.6,,26.2511,73.0489,218.5,INI0000VIJO,JODHPUR,1021.6,sea_level_pressure
2023-02-13 06:00:00,20.0,35.0,1011.1,941.5,30.3167,78.0333,682.0,INM00042111,DEHRADUN,1011.1,sea_level_pressure
2023-02-13 09:00:00,22.2,26.0,1013.8,,28.5845,77.2058,214.9,INI0000VIDD,SAFDARJUNG,1013.8,sea_level_pressure
2023-02-13 09:00:00,25.6,18.0,1017.4,,26.2511,73.0489,218.5,INI0000VIJO,JODHPUR,1017.4,sea_level_pressure
2023-02-13 09:00:00,22.6,38.0,1008.0,939.3,30.3167,78.0333,682.0,INM00042111,DEHRADUN,1008.0,sea_level_pressure
2023-02-13 12:00:00,20.7,33.0,1014.3,,28.5845,77.2058,214.9,INI0000VIDD,SAFDARJUNG,1014.3,sea_level_pressure
2023-02-13 12:00:00,26.4,22.0,1015.6,,26.2511,73.0489,218.5,INI0000VIJO,JODHPUR,1015.6,sea_level_pressure
2023-02-13 12:00:00,20.0,54.0,1008.1,938.7,30.3167,78.0333,682.0,INM00042111,DEHRADUN,1008.1,sea_level_pressure
2023-02-13 15:00:00,17.0,49.0,1015.2,,28.5845,77.2058,214.9,INI0000VIDD,SAFDARJUNG,1015.2,sea_level_pressure
2023-02-13 15:00:00,16.4,51.0,1017.5,,26.2511,73.0489,218.5,INI0000VIJO,JODHPUR,1017.5,sea_level_pressure
2023-02-13 15:00:00,13.6,72.0,1011.8,940.8,30.3167,78.0333,682.0,INM00042111,DEHRADUN,1011.8,sea_level_pressure
2023-02-13 18:00:00,16.2,45.0,1015.9,,28.5845,77.2058,214.9,INI0000VIDD,SAFDARJUNG,1015.9,sea_level_pressure
2023-02-13 18:00:00,13.6,63.0,1017.9,,26.2511,73.0489,218.5,INI0000VIJO,JODHPUR,1017.9,sea_level_pressure
2023-02-13 18:00:00,10.0,90.0,1014.0,941.8,30.3167,78.0333,682.0,INM00042111,DEHRADUN,1014.0,sea_level_pressure
2023-02-13 21:00:00,14.8,52.0,1015.3,,28.5845,77.2058,214.9,INI0000VIDD,SAFDARJUNG,1015.3,sea_level_pressure
2023-02-13 21:00:00,12.0,72.0,1017.5,,26.2511,73.0489,218.5,INI0000VIJO,JODHPUR,1017.5,sea_level_pressure
2023-02-13 21:00:00,9.0,75.0,1014.1,941.6,30.3167,78.0333,682.0,INM00042111,DEHRADUN,1014.1,sea_level_pressure
2023-02-14 00:00:00,10.5,89.0,1016.0,,28.5845,77.2058,214.9,INI0000VIDD,SAFDARJUNG,1016.0,sea_level_pressure
2023-02-14 00:00:00,10.2,65.0,1017.2,,26.2511,73.0489,218.5,INI0000VIJO,JODHPUR,1017.2,sea_level_pressure
2023-02-14 00:00:00,7.7,90.0,1014.0,941.4,30.3167,78.0333,682.0,INM00042111,DEHRADUN,1014.0,sea_level_pressure
2023-02-14 03:00:00,12.4,57.0,1017.7,,28.5845,77.2058,214.9,INI0000VIDD,SAFDARJUNG,1017.7,sea_level_pressure
2023-02-14 03:00:00,11.2,62.0,1019.4,,26.2511,73.0489,218.5,INI0000VIJO,JODHPUR,1019.4,sea_level_pressure
2023-02-14 03:00:00,9.6,85.0,1016.3,943.9,30.3167,78.0333,682.0,INM00042111,DEHRADUN,1016.3,sea_level_pressure
2023-02-14 06:00:00,21.5,32.0,1018.0,,28.5845,77.2058,214.9,INI0000VIDD,SAFDARJUNG,1018.0,sea_level_pressure
2023-02-14 06:00:00,25.0,20.0,1019.0,,26.2511,73.0489,218.5,INI0000VIJO,JODHPUR,1019.0,sea_level_pressure
2023-02-14 06:00:00,20.0,50.0,1014.9,945.1,30.3167,78.0333,682.0,INM00042111,DEHRADUN,1014.9,sea_level_pressure
2023-02-14 09:00:00,25.6,22.0,1014.6,,28.5845,77.2058,214.9,INI0000VIDD,SAFDARJUNG,1014.6,sea_level_pressure
2023-02-14 09:00:00,30.2,16.0,1014.7,,26.2511,73.0489,218.5,INI0000VIJO,JODHPUR,1014.7,sea_level_pressure
2023-02-14 09:00:00,22.8,49.0,1011.8,942.8,30.3167,78.0333,682.0,INM00042111,DEHRADUN,1011.8,sea_level_pressure
2023-02-14 12:00:00,23.5,36.0,1013.0,,28.5845,77.2058,214.9,INI0000VIDD,SAFDARJUNG,1013.0,sea_level_pressure
2023-02-14 12:00:00,30.8,22.0,1012.6,,26.2511,73.0489,218.5,INI0000VIJO,JODHPUR,1012.6,sea_level_pressure
2023-02-14 12:00:00,20.6,58.0,1010.8,941.5,30.3167,78.0333,682.0,INM00042111,DEHRADUN,1010.8,sea_level_pressure
2023-02-14 15:00:00,18.6,52.0,1014.8,,28.5845,77.2058,214.9,INI0000VIDD,SAFDARJUNG,1014.8,sea_level_pressure
2023-02-14 15:00:00,19.4,54.0,1015.1,,26.2511,73.0489,218.5,INI0000VIJO,JODHPUR,1015.1,sea_level_pressure
2023-02-14 15:00:00,14.4,81.0,1013.6,942.6,30.3167,78.0333,682.0,INM00042111,DEHRADUN,1013.6,sea_level_pressure
2023-02-14 18:00:00,16.7,59.0,1015.1,,28.5845,77.2058,214.9,INI0000VIDD,SAFDARJUNG,1015.1,sea_level_pressure
2023-02-14 18:00:00,16.2,62.0,1015.7,,26.2511,73.0489,218.5,INI0000VIJO,JODHPUR,1015.7,sea_level_pressure
2023-02-14 18:00:00,11.7,91.0,1013.1,941.5,30.3167,78.0333,682.0,INM00042111,DEHRADUN,1013.1,sea_level_pressure
2023-02-14 21:00:00,15.4,65.0,1014.8,,28.5845,77.2058,214.9,INI0000VIDD,SAFDARJUNG,1014.8,sea_level_pressure
2023-02-14 21:00:00,14.2,67.0,1015.2,,26.2511,73.0489,218.5,INI0000VIJO,JODHPUR,1015.2,sea_level_pressure
2023-02-14 21:00:00,9.6,97.0,1011.8,939.7,30.3167,78.0333,682.0,INM00042111,DEHRADUN,1011.8,sea_level_pressure
2023-02-15 00:00:00,13.2,80.0,1012.6,,28.5845,77.2058,214.9,INI0000VIDD,SAFDARJUNG,1012.6,sea_level_pressure
2023-02-15 00:00:00,12.4,70.0,1014.4,,26.2511,73.0489,218.5,INI0000VIJO,JODHPUR,1014.4,sea_level_pressure
2023-02-15 00:00:00,9.0,97.0,1011.0,938.8,30.3167,78.0333,682.0,INM00042111,DEHRADUN,1011.0,sea_level_pressure
2023-02-15 03:00:00,13.2,75.0,1013.7,,28.5845,77.2058,214.9,INI0000VIDD,SAFDARJUNG,1013.7,sea_level_pressure
2023-02-15 03:00:00,13.6,65.0,1016.5,,26.2511,73.0489,218.5,INI0000VIJO,JODHPUR,1016.5,sea_level_pressure
2023-02-15 03:00:00,10.2,91.0,1012.1,940.3,30.3167,78.0333,682.0,INM00042111,DEHRADUN,1012.1,sea_level_pressure
2023-02-15 06:00:00,22.0,42.0,1014.0,,28.5845,77.2058,214.9,INI0000VIDD,SAFDARJUNG,1014.0,sea_level_pressure
2023-02-15 06:00:00,27.8,23.0,1015.8,,26.2511,73.0489,218.5,INI0000VIJO,JODHPUR,1015.8,sea_level_pressure
2023-02-15 06:00:00,21.0,54.0,1011.2,941.8,30.3167,78.0333,682.0,INM00042111,DEHRADUN,1011.2,sea_level_pressure
2023-02-15 09:00:00,27.2,33.0,1011.2,,28.5845,77.2058,214.9,INI0000VIDD,SAFDARJUNG,1011.2,sea_level_pressure
2023-02-15 09:00:00,33.0,18.0,1012.4,,26.2511,73.0489,218.5,INI0000VIJO,JODHPUR,1012.4,sea_level_pressure
2023-02-15 09:00:00,23.6,56.0,1008.5,939.9,30.3167,78.0333,682.0,INM00042111,DEHRADUN,1008.5,sea_level_pressure
2023-02-15 12:00:00,25.5,39.0,1010.5,,28.5845,77.2058,214.9,INI0000VIDD,SAFDARJUNG,1010.5,sea_level_pressure
2023-02-15 12:00:00,33.8,20.0,1011.1,,26.2511,73.0489,218.5,INI0000VIJO,JODHPUR,1011.1,sea_level_pressure
2023-02-15 12:00:00,21.6,59.0,1009.1,940.0,30.3167,78.0333,682.0,INM00042111,DEHRADUN,1009.1,sea_level_pressure
2023-02-15 15:00:00,20.6,58.0,1012.6,,28.5845,77.2058,214.9,INI0000VIDD,SAFDARJUNG,1012.6,sea_level_pressure
2023-02-15 15:00:00,20.8,52.0,1013.2,,26.2511,73.0489,218.5,INI0000VIJO,JODHPUR,1013.2,sea_level_pressure
2023-02-15 15:00:00,15.8,82.0,1012.0,941.5,30.3167,78.0333,682.0,INM00042111,DEHRADUN,1012.0,sea_level_pressure
2023-02-15 18:00:00,18.0,67.0,1013.7,,28.5845,77.2058,214.9,INI0000VIDD,SAFDARJUNG,1013.7,sea_level_pressure
2023-02-15 18:00:00,17.4,67.0,1014.2,,26.2511,73.0489,218.5,INI0000VIJO,JODHPUR,1014.2,sea_level_pressure
2023-02-15 18:00:00,12.7,92.0,1013.8,942.3,30.3167,78.0333,682.0,INM00042111,DEHRADUN,1013.8,sea_level_pressure
2023-02-15 21:00:00,14.8,81.0,1014.0,,28.5845,77.2058,214.9,INI0000VIDD,SAFDARJUNG,1014.0,sea_level_pressure
2023-02-15 21:00:00,15.6,73.0,1014.0,,26.2511,73.0489,218.5,INI0000VIJO,JODHPUR,1014.0,sea_level_pressure
2023-02-15 21:00:00,11.6,96.0,1013.8,942.1,30.3167,78.0333,682.0,INM00042111,DEHRADUN,1013.8,sea_level_pressure
2023-02-16 00:00:00,12.5,88.0,1014.0,,28.5845,77.2058,214.9,INI0000VIDD,SAFDARJUNG,1014.0,sea_level_pressure
2023-02-16 00:00:00,13.8,75.0,1013.8,,26.2511,73.0489,218.5,INI0000VIJO,JODHPUR,1013.8,sea_level_pressure
2023-02-16 00:00:00,11.2,97.0,1014.1,942.4,30.3167,78.0333,682.0,INM00042111,DEHRADUN,1014.1,sea_level_pressure
2023-02-16 03:00:00,12.8,88.0,1015.4,,28.5845,77.2058,214.9,INI0000VIDD,SAFDARJUNG,1015.4,sea_level_pressure
2023-02-16 03:00:00,14.6,62.0,1016.6,,26.2511,73.0489,218.5,INI0000VIJO,JODHPUR,1016.6,sea_level_pressure
2023-02-16 03:00:00,12.0,96.0,1016.2,944.3,30.3167,78.0333,682.0,INM00042111,DEHRADUN,1016.2,sea_level_pressure
2023-02-16 06:00:00,23.5,55.0,1015.6,,28.5845,77.2058,214.9,INI0000VIDD,SAFDARJUNG,1015.6,sea_level_pressure
2023-02-16 06:00:00,27.8,27.0,1016.4,,26.2511,73.0489,218.5,INI0000VIJO,JODHPUR,1016.4,sea_level_pressure
2023-02-16 06:00:00,23.0,56.0,1013.1,944.0,30.3167,78.0333,682.0,INM00042111,DEHRADUN,1013.1,sea_level_pressure
2023-02-16 09:00:00,27.8,44.0,1012.6,,28.5845,77.2058,214.9,INI0000VIDD,SAFDARJUNG,1012.6,sea_level_pressure
2023-02-16 09:00:00,33.8,20.0,1012.7,,26.2511,73.0489,218.5,INI0000VIJO,JODHPUR,1012.7,sea_level_pressure
2023-02-16 09:00:00,26.0,42.0,1010.8,942.6,30.3167,78.0333,682.0,INM00042111,DEHRADUN,1010.8,sea_level_pressure
2023-02-16 12:00:00,25.7,57.0,1012.5,,28.5845,77.2058,214.9,INI0000VIDD,SAFDARJUNG,1012.5,sea_level_pressure
2023-02-16 12:00:00,33.4,30.0,1011.6,,26.2511,73.0489,218.5,INI0000VIJO,JODHPUR,1011.6,sea_level_pressure
2023-02-16 12:00:00,23.6,58.0,1011.1,942.4,30.3167,78.0333,682.0,INM00042111,DEHRADUN,1011.1,sea_level_pressure
2023-02-16 15:00:00,19.2,81.0,1014.8,,28.5845,77.2058,214.9,INI0000VIDD,SAFDARJUNG,1014.8,sea_level_pressure
2023-02-16 15:00:00,21.8,58.0,1013.9,,26.2511,73.0489,218.5,INI0000VIJO,JODHPUR,1013.9,sea_level_pressure
2023-02-16 15:00:00,16.2,84.0,1014.8,944.2,30.3167,78.0333,682.0,INM00042111,DEHRADUN,1014.8,sea_level_pressure
2023-02-16 18:00:00,17.0,88.0,1015.8,,28.5845,77.2058,214.9,INI0000VIDD,SAFDARJUNG,1015.8,sea_level_pressure
2023-02-16 18:00:00,19.4,60.0,1015.0,,26.2511,73.0489,218.5,INI0000VIJO,JODHPUR,1015.0,sea_level_pressure
2023-02-16 18:00:00,14.0,89.0,1015.3,944.0,30.3167,78.0333,682.0,INM00042111,DEHRADUN,1015.3,sea_level_pressure
2023-02-16 21:00:00,15.5,91.0,1015.5,,28.5845,77.2058,214.9,INI0000VIDD,SAFDARJUNG,1015.5,sea_level_pressure
2023-02-16 21:00:00,17.7,62.0,1015.0,,26.2511,73.0489,218.5,INI0000VIJO,JODHPUR,1015.0,sea_level_pressure
2023-02-16 21:00:00,13.5,91.0,1015.5,944.2,30.3167,78.0333,682.0,INM00042111,DEHRADUN,1015.5,sea_level_pressure
2023-02-17 00:00:00,14.7,94.0,1015.4,,28.5845,77.2058,214.9,INI0000VIDD,SAFDARJUNG,1015.4,sea_level_pressure
2023-02-17 00:00:00,14.8,68.0,1014.0,,26.2511,73.0489,218.5,INI0000VIJO,JODHPUR,1014.0,sea_level_pressure
2023-02-17 00:00:00,12.6,91.0,1015.6,944.0,30.3167,78.0333,682.0,INM00042111,DEHRADUN,1015.6,sea_level_pressure
2023-02-17 03:00:00,14.8,89.0,1017.3,,28.5845,77.2058,214.9,INI0000VIDD,SAFDARJUNG,1017.3,sea_level_pressure
2023-02-17 03:00:00,15.6,57.0,1016.8,,26.2511,73.0489,218.5,INI0000VIJO,JODHPUR,1016.8,sea_level_pressure
2023-02-17 03:00:00,13.6,85.0,1016.9,945.5,30.3167,78.0333,682.0,INM00042111,DEHRADUN,1016.9,sea_level_pressure
2023-02-17 06:00:00,24.5,52.0,1017.4,,28.5845,77.2058,214.9,INI0000VIDD,SAFDARJUNG,1017.4,sea_level_pressure
2023-02-17 06:00:00,29.6,28.0,1016.1,,26.2511,73.0489,218.5,INI0000VIJO,JODHPUR,1016.1,sea_level_pressure
2023-02-17 06:00:00,22.5,57.0,1015.7,946.4,30.3167,78.0333,682.0,INM00042111,DEHRADUN,1015.7,sea_level_pressure
2023-02-17 09:00:00,28.6,45.0,1013.8,,28.5845,77.2058,214.9,INI0000VIDD,SAFDARJUNG,1013.8,sea_level_pressure
2023-02-17 09:00:00,35.0,18.0,1012.8,,26.2511,73.0489,218.5,INI0000VIJO,JODHPUR,1012.8,sea_level_pressure
2023-02-17 09:00:00,26.8,45.0,1012.1,943.9,30.3167,78.0333,682.0,INM00042111,DEHRADUN,1012.1,sea_level_pressure
2023-02-17 12:00:00,27.7,56.0,1013.3,,28.5845,77.2058,214.9,INI0000VIDD,SAFDARJUNG,1013.3,sea_level_pressure
2023-02-17 12:00:00,34.6,23.0,1011.7,,26.2511,73.0489,218.5,INI0000VIJO,JODHPUR,1011.7,sea_level_pressure
2023-02-17 12:00:00,23.7,60.0,1012.1,943.4,30.3167,78.0333,682.0,INM00042111,DEHRADUN,1012.1,sea_level_pressure
2023-02-17 15:00:00,20.6,82.0,1015.1,,28.5845,77.2058,214.9,INI0000VIDD,SAFDARJUNG,1015.1,sea_level_pressure
2023-02-17 15:00:00,22.0,58.0,1014.6,,26.2511,73.0489,218.5,INI0000VIJO,JODHPUR,1014.6,sea_level_pressure
2023-02-17 15:00:00,16.8,83.0,1014.8,944.2,30.3167,78.0333,682.0,INM00042111,DEHRADUN,1014.8,sea_level_pressure
2023-02-17 18:00:00,17.6,90.0,1015.5,,28.5845,77.2058,214.9,INI0000VIDD,SAFDARJUNG,1015.5,sea_level_pressure
2023-02-17 18:00:00,18.8,67.0,1015.2,,26.2511,73.0489,218.5,INI0000VIJO,JODHPUR,1015.2,sea_level_pressure
2023-02-17 18:00:00,14.6,91.0,1015.3,944.2,30.3167,78.0333,682.0,INM00042111,DEHRADUN,1015.3,sea_level_pressure
2023-02-17 21:00:00,16.0,94.0,1015.0,,28.5845,77.2058,214.9,INI0000VIDD,SAFDARJUNG,1015.0,sea_level_pressure
2023-02-17 21:00:00,17.0,68.0,1015.2,,26.2511,73.0489,218.5,INI0000VIJO,JODHPUR,1015.2,sea_level_pressure
2023-02-17 21:00:00,13.0,96.0,1015.4,943.8,30.3167,78.0333,682.0,INM00042111,DEHRADUN,1015.4,sea_level_pressure
2023-02-18 00:00:00,13.6,96.0,1014.9,,28.5845,77.2058,214.9,INI0000VIDD,SAFDARJUNG,1014.9,sea_level_pressure
2023-02-18 00:00:00,15.4,65.0,1013.7,,26.2511,73.0489,218.5,INI0000VIJO,JODHPUR,1013.7,sea_level_pressure
2023-02-18 00:00:00,11.7,96.0,1014.6,942.8,30.3167,78.0333,682.0,INM00042111,DEHRADUN,1014.6,sea_level_pressure
2023-02-18 03:00:00,13.8,93.0,1016.6,,28.5845,77.2058,214.9,INI0000VIDD,SAFDARJUNG,1016.6,sea_level_pressure
2023-02-18 03:00:00,15.6,59.0,1016.1,,26.2511,73.0489,218.5,INI0000VIJO,JODHPUR,1016.1,sea_level_pressure
2023-02-18 03:00:00,12.8,89.0,1016.6,944.9,30.3167,78.0333,682.0,INM00042111,DEHRADUN,1016.6,sea_level_pressure
2023-02-18 06:00:00,25.6,53.0,1016.1,,28.5845,77.2058,214.9,INI0000VIDD,SAFDARJUNG,1016.1,sea_level_pressure
2023-02-18 06:00:00,29.8,29.0,1015.7,,26.2511,73.0489,218.5,INI0000VIJO,JODHPUR,1015.7,sea_level_pressure
2023-02-18 06:00:00,24.2,47.0,1014.4,945.6,30.3167,78.0333,682.0,INM00042111,DEHRADUN,1014.4,sea_level_pressure
2023-02-18 09:00:00,29.2,41.0,1012.9,,28.5845,77.2058,214.9,INI0000VIDD,SAFDARJUNG,1012.9,sea_level_pressure
2023-02-18 09:00:00,35.2,20.0,1012.4,,26.2511,73.0489,218.5,INI0000VIJO,JODHPUR,1012.4,sea_level_pressure
2023-02-18 09:00:00,27.4,46.0,1010.8,943.0,30.3167,78.0333,682.0,INM00042111,DEHRADUN,1010.8,sea_level_pressure
2023-02-18 12:00:00,27.6,46.0,1012.0,,28.5845,77.2058,214.9,INI0000VIDD,SAFDARJUNG,1012.0,sea_level_pressure
2023-02-18 12:00:00,34.4,28.0,1011.1,,26.2511,73.0489,218.5,INI0000VIJO,JODHPUR,1011.1,sea_level_pressure
2023-02-18 12:00:00,25.0,56.0,1010.4,941.9,30.3167,78.0333,682.0,INM00042111,DEHRADUN,1010.4,sea_level_pressure
2023-02-18 15:00:00,22.6,71.0,1013.7,,28.5845,77.2058,214.9,INI0000VIDD,SAFDARJUNG,1013.7,sea_level_pressure
2023-02-18 15:00:00,22.8,54.0,1014.0,,26.2511,73.0489,218.5,INI0000VIJO,JODHPUR,1014.0,sea_level_pressure
2023-02-18 15:00:00,17.0,84.0,1014.5,943.9,30.3167,78.0333,682.0,INM00042111,DEHRADUN,1014.5,sea_level_pressure
2023-02-18 18:00:00,19.7,87.0,1015.3,,28.5845,77.2058,214.9,INI0000VIDD,SAFDARJUNG,1015.3,sea_level_pressure
2023-02-18 18:00:00,19.2,67.0,1014.4,,26.2511,73.0489,218.5,INI0000VIJO,JODHPUR,1014.4,sea_level_pressure
2023-02-18 18:00:00,15.0,90.0,1015.4,944.3,30.3167,78.0333,682.0,INM00042111,DEHRADUN,1015.4,sea_level_pressure
2023-02-18 21:00:00,17.2,92.0,1014.7,,28.5845,77.2058,214.9,INI0000VIDD,SAFDARJUNG,1014.7,sea_level_pressure
2023-02-18 21:00:00,17.0,68.0,1013.6,,26.2511,73.0489,218.5,INI0000VIJO,JODHPUR,1013.6,sea_level_pressure
2023-02-18 21:00:00,13.0,98.0,1014.7,943.4,30.3167,78.0333,682.0,INM00042111,DEHRADUN,1014.7,sea_level_pressure
2023-02-19 00:00:00,15.0,96.0,1014.1,,28.5845,77.2058,214.9,INI0000VIDD,SAFDARJUNG,1014.1,sea_level_pressure
2023-02-19 00:00:00,14.6,76.0,1013.0,,26.2511,73.0489,218.5,INI0000VIJO,JODHPUR,1013.0,sea_level_pressure
2023-02-19 00:00:00,12.6,97.0,1014.3,942.8,30.3167,78.0333,682.0,INM00042111,DEHRADUN,1014.3,sea_level_pressure
2023-02-19 03:00:00,13.4,96.0,1016.0,,28.5845,77.2058,214.9,INI0000VIDD,SAFDARJUNG,1016.0,sea_level_pressure
2023-02-19 03:00:00,15.0,70.0,1015.2,,26.2511,73.0489,218.5,INI0000VIJO,JODHPUR,1015.2,sea_level_pressure
2023-02-19 03:00:00,13.6,91.0,1016.0,944.6,30.3167,78.0333,682.0,INM00042111,DEHRADUN,1016.0,sea_level_pressure
2023-02-19 06:00:00,25.5,60.0,1015.4,,28.5845,77.2058,214.9,INI0000VIDD,SAFDARJUNG,1015.4,sea_level_pressure
2023-02-19 06:00:00,30.2,27.0,1014.5,,26.2511,73.0489,218.5,INI0000VIJO,JODHPUR,1014.5,sea_level_pressure
2023-02-19 06:00:00,24.2,56.0,1013.3,944.7,30.3167,78.0333,682.0,INM00042111,DEHRADUN,1013.3,sea_level_pressure
2023-02-19 09:00:00,30.2,41.0,1011.7,,28.5845,77.2058,214.9,INI0000VIDD,SAFDARJUNG,1011.7,sea_level_pressure
2023-02-19 09:00:00,34.2,20.0,1011.1,,26.2511,73.0489,218.5,INI0000VIJO,JODHPUR,1011.1,sea_level_pressure
2023-02-19 09:00:00,27.2,50.0,1009.9,942.1,30.3167,78.0333,682.0,INM00042111,DEHRADUN,1009.9,sea_level_pressure
2023-02-19 12:00:00,28.0,51.0,1010.9,,28.5845,77.2058,214.9,INI0000VIDD,SAFDARJUNG,1010.9,sea_level_pressure
2023-02-19 12:00:00,34.8,19.0,1009.9,,26.2511,73.0489,218.5,INI0000VIJO,JODHPUR,1009.9,sea_level_pressure
2023-02-19 12:00:00,24.6,65.0,1009.8,941.4,30.3167,78.0333,682.0,INM00042111,DEHRADUN,1009.8,sea_level_pressure
2023-02-19 15:00:00,21.4,79.0,1012.6,,28.5845,77.2058,214.9,INI0000VIDD,SAFDARJUNG,1012.6,sea_level_pressure
2023-02-19 15:00:00,23.0,49.0,1011.6,,26.2511,73.0489,218.5,INI0000VIJO,JODHPUR,1011.6,sea_level_pressure
2023-02-19 15:00:00,18.0,87.0,1012.9,942.7,30.3167,78.0333,682.0,INM00042111,DEHRADUN,1012.9,sea_level_pressure
2023-02-19 18:00:00,19.2,84.0,1014.2,,28.5845,77.2058,214.9,INI0000VIDD,SAFDARJUNG,1014.2,sea_level_pressure
2023-02-19 18:00:00,20.8,49.0,1011.8,,26.2511,73.0489,218.5,INI0000VIJO,JODHPUR,1011.8,sea_level_pressure
2023-02-19 18:00:00,16.0,90.0,1013.2,942.5,30.3167,78.0333,682.0,INM00042111,DEHRADUN,1013.2,sea_level_pressure
2023-02-19 21:00:00,16.8,90.0,1013.2,,28.5845,77.2058,214.9,INI0000VIDD,SAFDARJUNG,1013.2,sea_level_pressure
2023-02-19 21:00:00,19.2,51.0,1011.6,,26.2511,73.0489,218.5,INI0000VIJO,JODHPUR,1011.6,sea_level_pressure
2023-02-19 21:00:00,,,,,,,,INM00042111,DEHRADUN,,sea_level_pressure
2023-02-20 00:00:00,15.0,93.0,1011.3,,28.5845,77.2058,214.9,INI0000VIDD,SAFDARJUNG,1011.3,sea_level_pressure
2023-02-20 00:00:00,16.0,62.0,1010.8,,26.2511,73.0489,218.5,INI0000VIJO,JODHPUR,1010.8,sea_level_pressure
2023-02-20 00:00:00,14.5,91.0,1011.0,940.2,30.3167,78.0333,682.0,INM00042111,DEHRADUN,1011.0,sea_level_pressure
2023-02-20 03:00:00,15.8,91.0,1013.0,,28.5845,77.2058,214.9,INI0000VIDD,SAFDARJUNG,1013.0,sea_level_pressure
2023-02-20 03:00:00,17.8,58.0,1012.8,,26.2511,73.0489,218.5,INI0000VIJO,JODHPUR,1012.8,sea_level_pressure
2023-02-20 03:00:00,14.8,94.0,1012.9,941.5,30.3167,78.0333,682.0,INM00042111,DEHRADUN,1012.9,sea_level_pressure
2023-02-20 06:00:00,28.2,51.0,1011.8,,28.5845,77.2058,214.9,INI0000VIDD,SAFDARJUNG,1011.8,sea_level_pressure
2023-02-20 06:00:00,29.8,24.0,1012.1,,26.2511,73.0489,218.5,INI0000VIJO,JODHPUR,1012.1,sea_level_pressure
2023-02-20 06:00:00,24.6,51.0,1010.7,942.2,30.3167,78.0333,682.0,INM00042111,DEHRADUN,1010.7,sea_level_pressure
2023-02-20 09:00:00,31.2,48.0,1008.8,,28.5845,77.2058,214.9,INI0000VIDD,SAFDARJUNG,1008.8,sea_level_pressure
2023-02-20 09:00:00,35.4,14.0,1008.3,,26.2511,73.0489,218.5,INI0000VIJO,JODHPUR,1008.3,sea_level_pressure
2023-02-20 09:00:00,28.2,45.0,1010.4,942.9,30.3167,78.0333,682.0,INM00042111,DEHRADUN,1010.4,sea_level_pressure
2023-02-20 12:00:00,29.7,50.0,1008.0,,28.5845,77.2058,214.9,INI0000VIDD,SAFDARJUNG,1008.0,sea_level_pressure
2023-02-20 12:00:00,34.2,16.0,1007.7,,26.2511,73.0489,218.5,INI0000VIJO,JODHPUR,1007.7,sea_level_pressure
2023-02-20 12:00:00,26.7,59.0,1006.7,939.0,30.3167,78.0333,682.0,INM00042111,DEHRADUN,1006.7,sea_level_pressure
2023-02-20 15:00:00,22.8,73.0,1010.0,,28.5845,77.2058,214.9,INI0000VIDD,SAFDARJUNG,1010.0,sea_level_pressure
2023-02-20 15:00:00,27.0,28.0,1009.4,,26.2511,73.0489,218.5,INI0000VIJO,JODHPUR,1009.4,sea_level_pressure
2023-02-20 15:00:00,19.4,78.0,1009.7,940.2,30.3167,78.0333,682.0,INM00042111,DEHRADUN,1009.7,sea_level_pressure
2023-02-20 18:00:00,20.2,81.0,1010.1,,28.5845,77.2058,214.9,INI0000VIDD,SAFDARJUNG,1010.1,sea_level_pressure
2023-02-20 18:00:00,22.2,39.0,1010.6,,26.2511,73.0489,218.5,INI0000VIJO,JODHPUR,1010.6,sea_level_pressure
2023-02-20 18:00:00,17.5,80.0,1011.3,941.2,30.3167,78.0333,682.0,INM00042111,DEHRADUN,1011.3,sea_level_pressure
2023-02-20 21:00:00,18.0,86.0,1008.7,,28.5845,77.2058,214.9,INI0000VIDD,SAFDARJUNG,1008.7,sea_level_pressure
2023-02-20 21:00:00,22.0,39.0,1009.9,,26.2511,73.0489,218.5,INI0000VIJO,JODHPUR,1009.9,sea_level_pressure
2023-02-20 21:00:00,15.4,90.0,1010.6,940.1,30.3167,78.0333,682.0,INM00042111,DEHRADUN,1010.6,sea_level_pressure
2023-02-21 00:00:00,17.5,89.0,1009.0,,28.5845,77.2058,214.9,INI0000VIDD,SAFDARJUNG,1009.0,sea_level_pressure
2023-02-21 00:00:00,20.8,48.0,1010.3,,26.2511,73.0489,218.5,INI0000VIJO,JODHPUR,1010.3,sea_level_pressure
2023-02-21 00:00:00,14.0,89.0,1010.6,939.6,30.3167,78.0333,682.0,INM00042111,DEHRADUN,1010.6,sea_level_pressure
2023-02-21 03:00:00,17.8,84.0,1011.2,,28.5845,77.2058,214.9,INI0000VIDD,SAFDARJUNG,1011.2,sea_level_pressure
2023-02-21 03:00:00,20.2,55.0,1013.1,,26.2511,73.0489,218.5,INI0000VIJO,JODHPUR,1013.1,sea_level_pressure
2023-02-21 03:00:00,15.4,84.0,1011.7,941.1,30.3167,78.0333,682.0,INM00042111,DEHRADUN,1011.7,sea_level_pressure
2023-02-21 06:00:00,27.2,46.0,1011.1,,28.5845,77.2058,214.9,INI0000VIDD,SAFDARJUNG,1011.1,sea_level_pressure
2023-02-21 06:00:00,26.2,57.0,1013.0,,26.2511,73.0489,218.5,INI0000VIJO,JODHPUR,1013.0,sea_level_pressure
2023-02-21 06:00:00,25.7,51.0,1009.4,941.3,30.3167,78.0333,682.0,INM00042111,DEHRADUN,1009.4,sea_level_pressure
2023-02-21 09:00:00,31.2,38.0,1008.6,,28.5845,77.2058,214.9,INI0000VIDD,SAFDARJUNG,1008.6,sea_level_pressure
2023-02-21 09:00:00,23.1,63.0,1010.0,,26.2511,73.0489,218.5,INI0000VIJO,JODHPUR,1010.0,sea_level_pressure
2023-02-21 09:00:00,29.0,47.0,1006.3,939.0,30.3167,78.0333,682.0,INM00042111,DEHRADUN,1006.3,sea_level_pressure
2023-02-21 12:00:00,28.5,51.0,1008.5,,28.5845,77.2058,214.9,INI0000VIDD,SAFDARJUNG,1008.5,sea_level_pressure
2023-02-21 12:00:00,31.6,35.0,1009.4,,26.2511,73.0489,218.5,INI0000VIJO,JODHPUR,1009.4,sea_level_pressure
2023-02-21 12:00:00,26.6,57.0,1006.9,939.0,30.3167,78.0333,682.0,INM00042111,DEHRADUN,1006.9,sea_level_pressure
2023-02-21 15:00:00,22.4,81.0,1010.7,,28.5845,77.2058,214.9,INI0000VIDD,SAFDARJUNG,1010.7,sea_level_pressure
2023-02-21 15:00:00,26.8,48.0,1011.4,,26.2511,73.0489,218.5,INI0000VIJO,JODHPUR,1011.4,sea_level_pressure
2023-02-21 15:00:00,20.0,86.0,1009.3,939.8,30.3167,78.0333,682.0,INM00042111,DEHRADUN,1009.3,sea_level_pressure
2023-02-21 18:00:00,21.2,89.0,1012.0,,28.5845,77.2058,214.9,INI0000VIDD,SAFDARJUNG,1012.0,sea_level_pressure
2023-02-21 18:00:00,24.6,62.0,1012.5,,26.2511,73.0489,218.5,INI0000VIJO,JODHPUR,1012.5,sea_level_pressure
2023-02-21 18:00:00,18.5,59.0,1011.8,941.9,30.3167,78.0333,682.0,INM00042111,DEHRADUN,1011.8,sea_level_pressure
2023-02-21 21:00:00,19.8,92.0,1010.9,,28.5845,77.2058,214.9,INI0000VIDD,SAFDARJUNG,1010.9,sea_level_pressure
2023-02-21 21:00:00,22.6,62.0,1011.8,,26.2511,73.0489,218.5,INI0000VIJO,JODHPUR,1011.8,sea_level_pressure
2023-02-21 21:00:00,15.0,76.0,1011.8,941.0,30.3167,78.0333,682.0,INM00042111,DEHRADUN,1011.8,sea_level_pressure
2023-02-22 00:00:00,16.8,98.0,1011.4,,28.5845,77.2058,214.9,INI0000VIDD,SAFDARJUNG,1011.4,sea_level_pressure
2023-02-22 00:00:00,19.6,81.0,1011.9,,26.2511,73.0489,218.5,INI0000VIJO,JODHPUR,1011.9,sea_level_pressure
2023-02-22 00:00:00,,,,,,,,INM00042111,DEHRADUN,,sea_level_pressure
2023-02-22 03:00:00,17.2,100.0,1013.4,,28.5845,77.2058,214.9,INI0000VIDD,SAFDARJUNG,1013.4,sea_level_pressure
2023-02-22 03:00:00,19.0,83.0,1013.4,,26.2511,73.0489,218.5,INI0000VIJO,JODHPUR,1013.4,sea_level_pressure
2023-02-22 03:00:00,13.6,81.0,1013.3,942.1,30.3167,78.0333,682.0,INM00042111,DEHRADUN,1013.3,sea_level_pressure
2023-02-22 06:00:00,21.5,80.0,1013.4,,28.5845,77.2058,214.9,INI0000VIDD,SAFDARJUNG,1013.4,sea_level_pressure
2023-02-22 06:00:00,28.0,51.0,1013.2,,26.2511,73.0489,218.5,INI0000VIJO,JODHPUR,1013.2,sea_level_pressure
2023-02-22 06:00:00,22.6,52.0,1011.5,942.5,30.3167,78.0333,682.0,INM00042111,DEHRADUN,1011.5,sea_level_pressure
2023-02-22 09:00:00,27.4,51.0,1011.3,,28.5845,77.2058,214.9,INI0000VIDD,SAFDARJUNG,1011.3,sea_level_pressure
2023-02-22 09:00:00,32.4,28.0,1010.1,,26.2511,73.0489,218.5,INI0000VIJO,JODHPUR,1010.1,sea_level_pressure
2023-02-22 09:00:00,26.4,39.0,1008.6,940.7,30.3167,78.0333,682.0,INM00042111,DEHRADUN,1008.6,sea_level_pressure
2023-02-22 12:00:00,27.6,38.0,1010.6,,28.5845,77.2058,214.9,INI0000VIDD,SAFDARJUNG,1010.6,sea_level_pressure
2023-02-22 12:00:00,32.8,28.0,1009.3,,26.2511,73.0489,218.5,INI0000VIJO,JODHPUR,1009.3,sea_level_pressure
2023-02-22 12:00:00,23.2,48.0,1009.0,940.2,30.3167,78.0333,682.0,INM00042111,DEHRADUN,1009.0,sea_level_pressure
2023-02-22 15:00:00,22.8,57.0,1012.4,,28.5845,77.2058,214.9,INI0000VIDD,SAFDARJUNG,1012.4,sea_level_pressure
2023-02-22 15:00:00,24.0,53.0,1011.1,,26.2511,73.0489,218.5,INI0000VIJO,JODHPUR,1011.1,sea_level_pressure
2023-02-22 15:00:00,17.4,81.0,1011.3,941.2,30.3167,78.0333,682.0,INM00042111,DEHRADUN,1011.3,sea_level_pressure
2023-02-22 18:00:00,21.5,63.0,1012.8,,28.5845,77.2058,214.9,INI0000VIDD,SAFDARJUNG,1012.8,sea_level_pressure
2023-02-22 18:00:00,23.8,56.0,1011.8,,26.2511,73.0489,218.5,INI0000VIJO,JODHPUR,1011.8,sea_level_pressure
2023-02-22 18:00:00,17.5,80.0,1011.3,941.2,30.3167,78.0333,682.0,INM00042111,DEHRADUN,1011.3,sea_level_pressure
2023-02-22 21:00:00,19.6,71.0,1012.1,,28.5845,77.2058,214.9,INI0000VIDD,SAFDARJUNG,1012.1,sea_level_pressure
2023-02-22 21:00:00,22.2,60.0,1011.3,,26.2511,73.0489,218.5,INI0000VIJO,JODHPUR,1011.3,sea_level_pressure
2023-02-22 21:00:00,14.6,91.0,1010.1,939.5,30.3167,78.0333,682.0,INM00042111,DEHRADUN,1010.1,sea_level_pressure
2023-02-23 00:00:00,15.5,93.0,1011.7,,28.5845,77.2058,214.9,INI0000VIDD,SAFDARJUNG,1011.7,sea_level_pressure
2023-02-23 00:00:00,18.2,71.0,1011.8,,26.2511,73.0489,218.5,INI0000VIJO,JODHPUR,1011.8,sea_level_pressure
2023-02-23 00:00:00,11.7,94.0,1010.5,939.0,30.3167,78.0333,682.0,INM00042111,DEHRADUN,1010.5,sea_level_pressure
2023-02-23 03:00:00,16.0,91.0,1013.5,,28.5845,77.2058,214.9,INI0000VIDD,SAFDARJUNG,1013.5,sea_level_pressure
2023-02-23 03:00:00,18.6,70.0,1014.0,,26.2511,73.0489,218.5,INI0000VIJO,JODHPUR,1014.0,sea_level_pressure
2023-02-23 03:00:00,13.4,81.0,1012.3,941.2,30.3167,78.0333,682.0,INM00042111,DEHRADUN,1012.3,sea_level_pressure
2023-02-23 06:00:00,25.2,41.0,1013.3,,28.5845,77.2058,214.9,INI0000VIDD,SAFDARJUNG,1013.3,sea_level_pressure
2023-02-23 06:00:00,28.4,43.0,1013.9,,26.2511,73.0489,218.5,INI0000VIJO,JODHPUR,1013.9,sea_level_pressure
2023-02-23 06:00:00,25.0,48.0,1009.2,940.9,30.3167,78.0333,682.0,INM00042111,DEHRADUN,1009.2,sea_level_pressure
2023-02-23 09:00:00,28.6,24.0,1011.1,,28.5845,77.2058,214.9,INI0000VIDD,SAFDARJUNG,1011.1,sea_level_pressure
2023-02-23 09:00:00,31.0,34.0,1010.9,,26.2511,73.0489,218.5,INI0000VIJO,JODHPUR,1010.9,sea_level_pressure
2023-02-23 09:00:00,28.0,40.0,1006.7,939.2,30.3167,78.0333,682.0,INM00042111,DEHRADUN,1006.7,sea_level_pressure
2023-02-23 12:00:00,27.5,33.0,1010.9,,28.5845,77.2058,214.9,INI0000VIDD,SAFDARJUNG,1010.9,sea_level_pressure
2023-02-23 12:00:00,31.6,33.0,1010.4,,26.2511,73.0489,218.5,INI0000VIJO,JODHPUR,1010.4,sea_level_pressure
2023-02-23 12:00:00,25.0,52.0,1007.3,939.1,30.3167,78.0333,682.0,INM00042111,DEHRADUN,1007.3,sea_level_pressure
2023-02-23 15:00:00,21.8,53.0,1012.3,,28.5845,77.2058,214.9,INI0000VIDD,SAFDARJUNG,1012.3,sea_level_pressure
2023-02-23 15:00:00,23.4,60.0,1011.8,,26.2511,73.0489,218.5,INI0000VIJO,JODHPUR,1011.8,sea_level_pressure
2023-02-23 15:00:00,17.4,65.0,1010.3,940.3,30.3167,78.0333,682.0,INM00042111,DEHRADUN,1010.3,sea_level_pressure
2023-02-23 18:00:00,18.0,79.0,1013.7,,28.5845,77.2058,214.9,INI0000VIDD,SAFDARJUNG,1013.7,sea_level_pressure
2023-02-23 18:00:00,22.2,50.0,1012.6,,26.2511,73.0489,218.5,INI0000VIJO,JODHPUR,1012.6,sea_level_pressure
2023-02-23 18:00:00,14.5,81.0,1012.9,942.0,30.3167,78.0333,682.0,INM00042111,DEHRADUN,1012.9,sea_level_pressure
2023-02-23 21:00:00,15.5,93.0,1013.6,,28.5845,77.2058,214.9,INI0000VIDD,SAFDARJUNG,1013.6,sea_level_pressure
2023-02-23 21:00:00,21.0,49.0,1012.4,,26.2511,73.0489,218.5,INI0000VIJO,JODHPUR,1012.4,sea_level_pressure
2023-02-23 21:00:00,12.6,87.0,1012.6,941.2,30.3167,78.0333,682.0,INM00042111,DEHRADUN,1012.6,sea_level_pressure
2023-02-24 00:00:00,12.5,92.0,1013.2,,28.5845,77.2058,214.9,INI0000VIDD,SAFDARJUNG,1013.2,sea_level_pressure
2023-02-24 00:00:00,17.2,67.0,1012.8,,26.2511,73.0489,218.5,INI0000VIJO,JODHPUR,1012.8,sea_level_pressure
2023-02-24 00:00:00,11.6,93.0,1012.5,940.9,30.3167,78.0333,682.0,INM00042111,DEHRADUN,1012.5,sea_level_pressure
2023-02-24 03:00:00,13.6,87.0,1015.3,,28.5845,77.2058,214.9,INI0000VIDD,SAFDARJUNG,1015.3,sea_level_pressure
2023-02-24 03:00:00,19.2,60.0,1015.5,,26.2511,73.0489,218.5,INI0000VIJO,JODHPUR,1015.5,sea_level_pressure
2023-02-24 03:00:00,13.6,83.0,1013.8,942.6,30.3167,78.0333,682.0,INM00042111,DEHRADUN,1013.8,sea_level_pressure
2023-02-24 06:00:00,24.6,45.0,1015.6,,28.5845,77.2058,214.9,INI0000VIDD,SAFDARJUNG,1015.6,sea_level_pressure
2023-02-24 06:00:00,28.2,37.0,1015.5,,26.2511,73.0489,218.5,INI0000VIJO,JODHPUR,1015.5,sea_level_pressure
2023-02-24 06:00:00,25.0,40.0,1012.1,943.5,30.3167,78.0333,682.0,INM00042111,DEHRADUN,1012.1,sea_level_pressure
2023-02-24 09:00:00,29.6,25.0,1013.1,,28.5845,77.2058,214.9,INI0000VIDD,SAFDARJUNG,1013.1,sea_level_pressure
2023-02-24 09:00:00,32.2,26.0,1012.4,,26.2511,73.0489,218.5,INI0000VIJO,JODHPUR,1012.4,sea_level_pressure
2023-02-24 09:00:00,27.2,42.0,1009.4,941.6,30.3167,78.0333,682.0,INM00042111,DEHRADUN,1009.4,sea_level_pressure
2023-02-24 12:00:00,28.5,32.0,1012.7,,28.5845,77.2058,214.9,INI0000VIDD,SAFDARJUNG,1012.7,sea_level_pressure
2023-02-24 12:00:00,32.6,25.0,1011.2,,26.2511,73.0489,218.5,INI0000VIJO,JODHPUR,1011.2,sea_level_pressure
2023-02-24 12:00:00,24.6,47.0,1009.7,941.2,30.3167,78.0333,682.0,INM00042111,DEHRADUN,1009.7,sea_level_pressure
2023-02-24 15:00:00,19.2,72.0,1015.1,,28.5845,77.2058,214.9,INI0000VIDD,SAFDARJUNG,1015.1,sea_level_pressure
2023-02-24 15:00:00,23.2,51.0,1013.8,,26.2511,73.0489,218.5,INI0000VIJO,JODHPUR,1013.8,sea_level_pressure
2023-02-24 15:00:00,17.6,72.0,1012.5,942.3,30.3167,78.0333,682.0,INM00042111,DEHRADUN,1012.5,sea_level_pressure
2023-02-24 18:00:00,16.7,84.0,1016.0,,28.5845,77.2058,214.9,INI0000VIDD,SAFDARJUNG,1016.0,sea_level_pressure
2023-02-24 18:00:00,20.2,63.0,1014.9,,26.2511,73.0489,218.5,INI0000VIJO,JODHPUR,1014.9,sea_level_pressure
2023-02-24 18:00:00,14.7,80.0,1012.9,942.0,30.3167,78.0333,682.0,INM00042111,DEHRADUN,1012.9,sea_level_pressure
2023-02-24 21:00:00,14.6,89.0,1015.6,,28.5845,77.2058,214.9,INI0000VIDD,SAFDARJUNG,1015.6,sea_level_pressure
2023-02-24 21:00:00,18.2,64.0,1014.9,,26.2511,73.0489,218.5,INI0000VIJO,JODHPUR,1014.9,sea_level_pressure
2023-02-24 21:00:00,13.5,84.0,1013.2,942.0,30.3167,78.0333,682.0,INM00042111,DEHRADUN,1013.2,sea_level_pressure
2023-02-25 00:00:00,13.6,93.0,1015.7,,28.5845,77.2058,214.9,INI0000VIDD,SAFDARJUNG,1015.7,sea_level_pressure
2023-02-25 00:00:00,16.2,67.0,1015.2,,26.2511,73.0489,218.5,INI0000VIJO,JODHPUR,1015.2,sea_level_pressure
2023-02-25 00:00:00,12.6,84.0,1013.7,942.2,30.3167,78.0333,682.0,INM00042111,DEHRADUN,1013.7,sea_level_pressure
2023-02-25 03:00:00,14.4,93.0,1017.6,,28.5845,77.2058,214.9,INI0000VIDD,SAFDARJUNG,1017.6,sea_level_pressure
2023-02-25 03:00:00,17.0,61.0,1017.4,,26.2511,73.0489,218.5,INI0000VIJO,JODHPUR,1017.4,sea_level_pressure
2023-02-25 03:00:00,14.0,81.0,1015.8,944.5,30.3167,78.0333,682.0,INM00042111,DEHRADUN,1015.8,sea_level_pressure
2023-02-25 06:00:00,26.7,46.0,1017.3,,28.5845,77.2058,214.9,INI0000VIDD,SAFDARJUNG,1017.3,sea_level_pressure
2023-02-25 06:00:00,28.8,38.0,1017.1,,26.2511,73.0489,218.5,INI0000VIJO,JODHPUR,1017.1,sea_level_pressure
2023-02-25 06:00:00,24.7,44.0,1015.2,946.4,30.3167,78.0333,682.0,INM00042111,DEHRADUN,1015.2,sea_level_pressure
2023-02-25 09:00:00,30.0,33.0,1014.2,,28.5845,77.2058,214.9,INI0000VIDD,SAFDARJUNG,1014.2,sea_level_pressure
2023-02-25 09:00:00,32.4,25.0,1013.4,,26.2511,73.0489,218.5,INI0000VIJO,JODHPUR,1013.4,sea_level_pressure
2023-02-25 09:00:00,27.0,37.0,1011.5,943.4,30.3167,78.0333,682.0,INM00042111,DEHRADUN,1011.5,sea_level_pressure
2023-02-25 12:00:00,28.2,39.0,1013.7,,28.5845,77.2058,214.9,INI0000VIDD,SAFDARJUNG,1013.7,sea_level_pressure
2023-02-25 12:00:00,32.2,23.0,1012.2,,26.2511,73.0489,218.5,INI0000VIJO,JODHPUR,1012.2,sea_level_pressure
2023-02-25 12:00:00,24.7,47.0,1012.0,943.4,30.3167,78.0333,682.0,INM00042111,DEHRADUN,1012.0,sea_level_pressure
2023-02-25 15:00:00,21.2,73.0,1015.9,,28.5845,77.2058,214.9,INI0000VIDD,SAFDARJUNG,1015.9,sea_level_pressure
2023-02-25 15:00:00,23.8,49.0,1014.7,,26.2511,73.0489,218.5,INI0000VIJO,JODHPUR,1014.7,sea_level_pressure
2023-02-25 15:00:00,17.4,74.0,1015.8,945.4,30.3167,78.0333,682.0,INM00042111,DEHRADUN,1015.8,sea_level_pressure
2023-02-25 18:00:00,17.7,86.0,1017.3,,28.5845,77.2058,214.9,INI0000VIDD,SAFDARJUNG,1017.3,sea_level_pressure
2023-02-25 18:00:00,23.0,43.0,1016.3,,26.2511,73.0489,218.5,INI0000VIJO,JODHPUR,1016.3,sea_level_pressure
2023-02-25 18:00:00,15.0,86.0,1017.8,944.6,30.3167,78.0333,682.0,INM00042111,DEHRADUN,1017.8,sea_level_pressure
2023-02-25 21:00:00,16.2,90.0,1016.7,,28.5845,77.2058,214.9,INI0000VIDD,SAFDARJUNG,1016.7,sea_level_pressure
2023-02-25 21:00:00,22.0,49.0,1016.1,,26.2511,73.0489,218.5,INI0000VIJO,JODHPUR,1016.1,sea_level_pressure
2023-02-25 21:00:00,13.2,89.0,1017.9,946.4,30.3167,78.0333,682.0,INM00042111,DEHRADUN,1017.9,sea_level_pressure
2023-02-26 00:00:00,14.6,96.0,1017.4,,28.5845,77.2058,214.9,INI0000VIDD,SAFDARJUNG,1017.4,sea_level_pressure
2023-02-26 00:00:00,18.4,54.0,1016.5,,26.2511,73.0489,218.5,INI0000VIJO,JODHPUR,1016.5,sea_level_pressure
2023-02-26 00:00:00,12.7,92.0,1017.8,946.0,30.3167,78.0333,682.0,INM00042111,DEHRADUN,1017.8,sea_level_pressure
2023-02-26 03:00:00,15.8,94.0,1019.0,,28.5845,77.2058,214.9,INI0000VIDD,SAFDARJUNG,1019.0,sea_level_pressure
2023-02-26 03:00:00,18.0,59.0,1018.7,,26.2511,73.0489,218.5,INI0000VIJO,JODHPUR,1018.7,sea_level_pressure
2023-02-26 03:00:00,14.4,83.0,1018.8,947.4,30.3167,78.0333,682.0,INM00042111,DEHRADUN,1018.8,sea_level_pressure
2023-02-26 06:00:00,26.7,47.0,1019.0,,28.5845,77.2058,214.9,INI0000VIDD,SAFDARJUNG,1019.0,sea_level_pressure
2023-02-26 06:00:00,29.0,33.0,1018.1,,26.2511,73.0489,218.5,INI0000VIJO,JODHPUR,1018.1,sea_level_pressure
2023-02-26 06:00:00,25.0,49.0,1018.2,949.1,30.3167,78.0333,682.0,INM00042111,DEHRADUN,1018.2,sea_level_pressure
2023-02-26 09:00:00,31.6,31.0,1015.4,,28.5845,77.2058,214.9,INI0000VIDD,SAFDARJUNG,1015.4,sea_level_pressure
2023-02-26 09:00:00,33.4,24.0,1014.9,,26.2511,73.0489,218.5,INI0000VIJO,JODHPUR,1014.9,sea_level_pressure
2023-02-26 09:00:00,27.2,44.0,1014.3,946.2,30.3167,78.0333,682.0,INM00042111,DEHRADUN,1014.3,sea_level_pressure
2023-02-26 12:00:00,29.2,40.0,1014.8,,28.5845,77.2058,214.9,INI0000VIDD,SAFDARJUNG,1014.8,sea_level_pressure
2023-02-26 12:00:00,32.2,28.0,1014.4,,26.2511,73.0489,218.5,INI0000VIJO,JODHPUR,1014.4,sea_level_pressure
2023-02-26 12:00:00,24.6,49.0,1014.8,946.0,30.3167,78.0333,682.0,INM00042111,DEHRADUN,1014.8,sea_level_pressure
2023-02-26 15:00:00,23.6,58.0,1017.1,,28.5845,77.2058,214.9,INI0000VIDD,SAFDARJUNG,1017.1,sea_level_pressure
2023-02-26 15:00:00,23.8,49.0,1016.7,,26.2511,73.0489,218.5,INI0000VIJO,JODHPUR,1016.7,sea_level_pressure
2023-02-26 15:00:00,19.2,78.0,1016.5,947.0,30.3167,78.0333,682.0,INM00042111,DEHRADUN,1016.5,sea_level_pressure
2023-02-26 18:00:00,22.0,63.0,1018.3,,28.5845,77.2058,214.9,INI0000VIDD,SAFDARJUNG,1018.3,sea_level_pressure
2023-02-26 18:00:00,21.2,56.0,1017.0,,26.2511,73.0489,218.5,INI0000VIJO,JODHPUR,1017.0,sea_level_pressure
2023-02-26 18:00:00,15.0,83.0,1018.1,946.8,30.3167,78.0333,682.0,INM00042111,DEHRADUN,1018.1,sea_level_pressure
2023-02-26 21:00:00,19.4,72.0,1017.1,,28.5845,77.2058,214.9,INI0000VIDD,SAFDARJUNG,1017.1,sea_level_pressure
2023-02-26 21:00:00,16.0,60.0,1016.3,,26.2511,73.0489,218.5,INI0000VIJO,JODHPUR,1016.3,sea_level_pressure
2023-02-26 21:00:00,14.0,89.0,1016.7,945.3,30.3167,78.0333,682.0,INM00042111,DEHRADUN,1016.7,sea_level_pressure
2023-02-27 00:00:00,16.2,94.0,1016.5,,28.5845,77.2058,214.9,INI0000VIDD,SAFDARJUNG,1016.5,sea_level_pressure
2023-02-27 00:00:00,18.8,53.0,1016.3,,26.2511,73.0489,218.5,INI0000VIJO,JODHPUR,1016.3,sea_level_pressure
2023-02-27 00:00:00,12.7,92.0,1016.8,945.1,30.3167,78.0333,682.0,INM00042111,DEHRADUN,1016.8,sea_level_pressure
2023-02-27 03:00:00,17.2,94.0,1018.2,,28.5845,77.2058,214.9,INI0000VIDD,SAFDARJUNG,1018.2,sea_level_pressure
2023-02-27 03:00:00,18.6,63.0,1018.1,,26.2511,73.0489,218.5,INI0000VIJO,JODHPUR,1018.1,sea_level_pressure
2023-02-27 03:00:00,13.6,87.0,1018.7,947.1,30.3167,78.0333,682.0,INM00042111,DEHRADUN,1018.7,sea_level_pressure
2023-02-27 06:00:00,28.0,42.0,1018.4,,28.5845,77.2058,214.9,INI0000VIDD,SAFDARJUNG,1018.4,sea_level_pressure
2023-02-27 06:00:00,31.2,24.0,1018.1,,26.2511,73.0489,218.5,INI0000VIJO,JODHPUR,1018.1,sea_level_pressure
2023-02-27 06:00:00,25.0,46.0,1017.3,948.4,30.3167,78.0333,682.0,INM00042111,DEHRADUN,1017.3,sea_level_pressure
2023-02-27 09:00:00,31.8,28.0,1015.2,,28.5845,77.2058,214.9,INI0000VIDD,SAFDARJUNG,1015.2,sea_level_pressure
2023-02-27 09:00:00,34.0,18.0,1014.8,,26.2511,73.0489,218.5,INI0000VIJO,JODHPUR,1014.8,sea_level_pressure
2023-02-27 09:00:00,27.6,42.0,1014.1,946.0,30.3167,78.0333,682.0,INM00042111,DEHRADUN,1014.1,sea_level_pressure
2023-02-27 12:00:00,28.7,44.0,1014.6,,28.5845,77.2058,214.9,INI0000VIDD,SAFDARJUNG,1014.6,sea_level_pressure
2023-02-27 12:00:00,33.6,19.0,1013.3,,26.2511,73.0489,218.5,INI0000VIJO,JODHPUR,1013.3,sea_level_pressure
2023-02-27 12:00:00,24.5,43.0,1013.9,945.1,30.3167,78.0333,682.0,INM00042111,DEHRADUN,1013.9,sea_level_pressure
2023-02-27 15:00:00,23.0,62.0,1016.1,,28.5845,77.2058,214.9,INI0000VIDD,SAFDARJUNG,1016.1,sea_level_pressure
2023-02-27 15:00:00,24.2,38.0,1015.2,,26.2511,73.0489,218.5,INI0000VIJO,JODHPUR,1015.2,sea_level_pressure
2023-02-27 15:00:00,18.4,74.0,1016.2,946.0,30.3167,78.0333,682.0,INM00042111,DEHRADUN,1016.2,sea_level_pressure
2023-02-27 18:00:00,21.5,70.0,1017.5,,28.5845,77.2058,214.9,INI0000VIDD,SAFDARJUNG,1017.5,sea_level_pressure
2023-02-27 18:00:00,23.8,34.0,1015.6,,26.2511,73.0489,218.5,INI0000VIJO,JODHPUR,1015.6,sea_level_pressure
2023-02-27 18:00:00,16.5,84.0,1016.2,945.5,30.3167,78.0333,682.0,INM00042111,DEHRADUN,1016.2,sea_level_pressure
2023-02-27 21:00:00,18.0,86.0,1016.6,,28.5845,77.2058,214.9,INI0000VIDD,SAFDARJUNG,1016.6,sea_level_pressure
2023-02-27 21:00:00,22.5,35.0,1014.5,,26.2511,73.0489,218.5,INI0000VIJO,JODHPUR,1014.5,sea_level_pressure
2023-02-27 21:00:00,14.2,85.0,1016.1,945.0,30.3167,78.0333,682.0,INM00042111,DEHRADUN,1016.1,sea_level_pressure
2023-02-28 00:00:00,15.2,93.0,1016.1,,28.5845,77.2058,214.9,INI0000VIDD,SAFDARJUNG,1016.1,sea_level_pressure
2023-02-28 00:00:00,19.0,46.0,1015.1,,26.2511,73.0489,218.5,INI0000VIJO,JODHPUR,1015.1,sea_level_pressure
2023-02-28 00:00:00,12.6,94.0,1016.8,945.2,30.3167,78.0333,682.0,INM00042111,DEHRADUN,1016.8,sea_level_pressure
2023-02-28 03:00:00,17.4,76.0,1017.7,,28.5845,77.2058,214.9,INI0000VIDD,SAFDARJUNG,1017.7,sea_level_pressure
2023-02-28 03:00:00,19.6,52.0,1017.2,,26.2511,73.0489,218.5,INI0000VIJO,JODHPUR,1017.2,sea_level_pressure
2023-02-28 03:00:00,14.8,77.0,1017.8,946.6,30.3167,78.0333,682.0,INM00042111,DEHRADUN,1017.8,sea_level_pressure
2023-02-28 06:00:00,28.0,42.0,1018.0,,28.5845,77.2058,214.9,INI0000VIDD,SAFDARJUNG,1018.0,sea_level_pressure
2023-02-28 06:00:00,31.8,28.0,1016.8,,26.2511,73.0489,218.5,INI0000VIJO,JODHPUR,1016.8,sea_level_pressure
2023-02-28 06:00:00,25.2,47.0,1017.2,948.6,30.3167,78.0333,682.0,INM00042111,DEHRADUN,1017.2,sea_level_pressure
2023-02-28 09:00:00,29.6,35.0,1016.4,,28.5845,77.2058,214.9,INI0000VIDD,SAFDARJUNG,1016.4,sea_level_pressure
2023-02-28 09:00:00,34.4,20.0,1013.6,,26.2511,73.0489,218.5,INI0000VIJO,JODHPUR,1013.6,sea_level_pressure
2023-02-28 09:00:00,25.8,36.0,1014.7,946.2,30.3167,78.0333,682.0,INM00042111,DEHRADUN,1014.7,sea_level_pressure
2023-02-28 12:00:00,27.6,42.0,1015.4,,28.5845,77.2058,214.9,INI0000VIDD,SAFDARJUNG,1015.4,sea_level_pressure
2023-02-28 12:00:00,34.2,22.0,1012.4,,26.2511,73.0489,218.5,INI0000VIJO,JODHPUR,1012.4,sea_level_pressure
2023-02-28 12:00:00,24.2,40.0,1014.1,945.4,30.3167,78.0333,682.0,INM00042111,DEHRADUN,1014.1,sea_level_pressure
2023-02-28 15:00:00,21.4,62.0,1017.4,,28.5845,77.2058,214.9,INI0000VIDD,SAFDARJUNG,1017.4,sea_level_pressure
2023-02-28 15:00:00,24.6,47.0,1014.0,,26.2511,73.0489,218.5,INI0000VIJO,JODHPUR,1014.0,sea_level_pressure
2023-02-28 15:00:00,20.6,46.0,1016.1,946.4,30.3167,78.0333,682.0,INM00042111,DEHRADUN,1016.1,sea_level_pressure
2023-02-28 18:00:00,20.2,69.0,1018.5,,28.5845,77.2058,214.9,INI0000VIDD,SAFDARJUNG,1018.5,sea_level_pressure
2023-02-28 18:00:00,23.2,39.0,1015.0,,26.2511,73.0489,218.5,INI0000VIJO,JODHPUR,1015.0,sea_level_pressure
2023-02-28 18:00:00,16.7,72.0,1017.9,947.2,30.3167,78.0333,682.0,INM00042111,DEHRADUN,1017.9,sea_level_pressure
2023-02-28 21:00:00,19.2,74.0,1017.3,,28.5845,77.2058,214.9,INI0000VIDD,SAFDARJUNG,1017.3,sea_level_pressure
2023-02-28 21:00:00,22.2,39.0,1014.9,,26.2511,73.0489,218.5,INI0000VIJO,JODHPUR,1014.9,sea_level_pressure
2023-02-28 21:00:00,15.5,77.0,1018.2,947.2,30.3167,78.0333,682.0,INM00042111,DEHRADUN,1018.2,sea_level_pressure
2023-03-01 00:00:00,20.5,61.0,1016.4,,28.5845,77.2058,214.9,INI0000VIDD,SAFDARJUNG,1016.4,sea_level_pressure
2023-03-01 00:00:00,20.0,56.0,1014.9,,26.2511,73.0489,218.5,INI0000VIJO,JODHPUR,1014.9,sea_level_pressure
2023-03-01 00:00:00,14.6,81.0,1018.2,947.0,30.3167,78.0333,682.0,INM00042111,DEHRADUN,1018.2,sea_level_pressure
2023-03-01 03:00:00,20.4,55.0,1019.7,,28.5845,77.2058,214.9,INI0000VIDD,SAFDARJUNG,1019.7,sea_level_pressure
2023-03-01 03:00:00,20.4,55.0,1017.5,,26.2511,73.0489,218.5,INI0000VIJO,JODHPUR,1017.5,sea_level_pressure
2023-03-01 03:00:00,16.6,79.0,1021.2,950.2,30.3167,78.0333,682.0,INM00042111,DEHRADUN,1021.2,sea_level_pressure
2023-03-01 06:00:00,24.2,55.0,1020.5,,28.5845,77.2058,214.9,INI0000VIDD,SAFDARJUNG,1020.5,sea_level_pressure
2023-03-01 06:00:00,29.4,36.0,1017.9,,26.2511,73.0489,218.5,INI0000VIJO,JODHPUR,1017.9,sea_level_pressure
2023-03-01 06:00:00,25.5,47.0,1020.7,951.7,30.3167,78.0333,682.0,INM00042111,DEHRADUN,1020.7,sea_level_pressure
2023-03-01 09:00:00,28.4,42.0,1017.2,,28.5845,77.2058,214.9,INI0000VIDD,SAFDARJUNG,1017.2,sea_level_pressure
2023-03-01 09:00:00,34.6,21.0,1014.3,,26.2511,73.0489,218.5,INI0000VIJO,JODHPUR,1014.3,sea_level_pressure
2023-03-01 09:00:00,29.4,39.0,1016.6,948.9,30.3167,78.0333,682.0,INM00042111,DEHRADUN,1016.6,sea_level_pressure
2023-03-01 12:00:00,29.5,46.0,1017.9,,28.5845,77.2058,214.9,INI0000VIDD,SAFDARJUNG,1017.9,sea_level_pressure
2023-03-01 12:00:00,34.2,22.0,1013.2,,26.2511,73.0489,218.5,INI0000VIJO,JODHPUR,1013.2,sea_level_pressure
2023-03-01 12:00:00,25.6,44.0,1016.2,947.5,30.3167,78.0333,682.0,INM00042111,DEHRADUN,1016.2,sea_level_pressure
2023-03-01 15:00:00,21.6,74.0,1018.4,,28.5845,77.2058,214.9,INI0000VIDD,SAFDARJUNG,1018.4,sea_level_pressure
2023-03-01 15:00:00,26.0,40.0,1015.9,,26.2511,73.0489,218.5,INI0000VIJO,JODHPUR,1015.9,sea_level_pressure
2023-03-01 15:00:00,19.0,61.0,1018.7,948.3,30.3167,78.0333,682.0,INM00042111,DEHRADUN,1018.7,sea_level_pressure
2023-03-01 18:00:00,18.5,82.0,1019.4,,28.5845,77.2058,214.9,INI0000VIDD,SAFDARJUNG,1019.4,sea_level_pressure
2023-03-01 18:00:00,25.2,45.0,1017.1,,26.2511,73.0489,218.5,INI0000VIJO,JODHPUR,1017.1,sea_level_pressure
2023-03-01 18:00:00,16.0,76.0,1019.6,948.5,30.3167,78.0333,682.0,INM00042111,DEHRADUN,1019.6,sea_level_pressure
2023-03-01 21:00:00,16.2,87.0,1018.0,,28.5845,77.2058,214.9,INI0000VIDD,SAFDARJUNG,1018.0,sea_level_pressure
2023-03-01 21:00:00,23.8,49.0,1016.9,,26.2511,73.0489,218.5,INI0000VIJO,JODHPUR,1016.9,sea_level_pressure
2023-03-01 21:00:00,14.6,81.0,1018.8,947.5,30.3167,78.0333,682.0,INM00042111,DEHRADUN,1018.8,sea_level_pressure
2023-03-02 00:00:00,16.0,90.0,1017.6,,28.5845,77.2058,214.9,INI0000VIDD,SAFDARJUNG,1017.6,sea_level_pressure
2023-03-02 00:00:00,21.4,54.0,1017.1,,26.2511,73.0489,218.5,INI0000VIJO,JODHPUR,1017.1,sea_level_pressure
2023-03-02 00:00:00,13.5,82.0,1018.5,947.0,30.3167,78.0333,682.0,INM00042111,DEHRADUN,1018.5,sea_level_pressure
2023-03-02 03:00:00,16.2,90.0,1020.0,,28.5845,77.2058,214.9,INI0000VIDD,SAFDARJUNG,1020.0,sea_level_pressure
2023-03-02 03:00:00,22.0,54.0,1019.1,,26.2511,73.0489,218.5,INI0000VIJO,JODHPUR,1019.1,sea_level_pressure
2023-03-02 03:00:00,15.6,70.0,1019.6,948.5,30.3167,78.0333,682.0,INM00042111,DEHRADUN,1019.6,sea_level_pressure
2023-03-02 06:00:00,28.7,39.0,1019.6,,28.5845,77.2058,214.9,INI0000VIDD,SAFDARJUNG,1019.6,sea_level_pressure
2023-03-02 06:00:00,28.2,40.0,1019.0,,26.2511,73.0489,218.5,INI0000VIJO,JODHPUR,1019.0,sea_level_pressure
2023-03-02 06:00:00,26.7,38.0,1016.1,948.7,30.3167,78.0333,682.0,INM00042111,DEHRADUN,1016.1,sea_level_pressure
2023-03-02 09:00:00,30.6,32.0,1017.3,,28.5845,77.2058,214.9,INI0000VIDD,SAFDARJUNG,1017.3,sea_level_pressure
2023-03-02 09:00:00,33.2,30.0,1015.6,,26.2511,73.0489,218.5,INI0000VIJO,JODHPUR,1015.6,sea_level_pressure
2023-03-02 09:00:00,29.6,37.0,1013.9,946.3,30.3167,78.0333,682.0,INM00042111,DEHRADUN,1013.9,sea_level_pressure
2023-03-02 12:00:00,29.0,42.0,1016.2,,28.5845,77.2058,214.9,INI0000VIDD,SAFDARJUNG,1016.2,sea_level_pressure
2023-03-02 12:00:00,30.8,31.0,1014.4,,26.2511,73.0489,218.5,INI0000VIJO,JODHPUR,1014.4,sea_level_pressure
2023-03-02 12:00:00,25.7,46.0,1014.2,945.7,30.3167,78.0333,682.0,INM00042111,DEHRADUN,1014.2,sea_level_pressure
2023-03-02 15:00:00,23.6,58.0,1018.2,,28.5845,77.2058,214.9,INI0000VIDD,SAFDARJUNG,1018.2,sea_level_pressure
2023-03-02 15:00:00,25.8,42.0,1016.2,,26.2511,73.0489,218.5,INI0000VIJO,JODHPUR,1016.2,sea_level_pressure
2023-03-02 15:00:00,19.6,68.0,1017.0,947.0,30.3167,78.0333,682.0,INM00042111,DEHRADUN,1017.0,sea_level_pressure
2023-03-02 18:00:00,21.2,68.0,1019.1,,28.5845,77.2058,214.9,INI0000VIDD,SAFDARJUNG,1019.1,sea_level_pressure
2023-03-02 18:00:00,26.2,39.0,1017.7,,26.2511,73.0489,218.5,INI0000VIJO,JODHPUR,1017.7,sea_level_pressure
2023-03-02 18:00:00,17.0,82.0,1019.1,948.2,30.3167,78.0333,682.0,INM00042111,DEHRADUN,1019.1,sea_level_pressure
2023-03-02 21:00:00,19.4,74.0,1018.0,,28.5845,77.2058,214.9,INI0000VIDD,SAFDARJUNG,1018.0,sea_level_pressure
2023-03-02 21:00:00,25.2,42.0,1017.1,,26.2511,73.0489,218.5,INI0000VIJO,JODHPUR,1017.1,sea_level_pressure
2023-03-02 21:00:00,15.0,87.0,1018.2,947.0,30.3167,78.0333,682.0,INM00042111,DEHRADUN,1018.2,sea_level_pressure
2023-03-03 00:00:00,,,,,,,,INI0000VIDD,SAFDARJUNG,,sea_level_pressure
2023-03-03 00:00:00,,,,,,,,INI0000VIJO,JODHPUR,,sea_level_pressure
2023-03-03 00:00:00,,,,,,,,INM00042111,DEHRADUN,,sea_level_pressure
2023-03-03 03:00:00,,,,,,,,INI0000VIDD,SAFDARJUNG,,sea_level_pressure
2023-03-03 03:00:00,,,,,,,,INI0000VIJO,JODHPUR,,sea_level_pressure
2023-03-03 03:00:00,,,,,,,,INM00042111,DEHRADUN,,sea_level_pressure
2023-03-03 06:00:00,,,,,,,,INI0000VIDD,SAFDARJUNG,,sea_level_pressure
2023-03-03 06:00:00,,,,,,,,INI0000VIJO,JODHPUR,,sea_level_pressure
2023-03-03 06:00:00,,,,,,,,INM00042111,DEHRADUN,,sea_level_pressure
2023-03-03 09:00:00,31.4,31.0,1017.2,,28.5845,77.2058,214.9,INI0000VIDD,SAFDARJUNG,1017.2,sea_level_pressure
2023-03-03 09:00:00,34.6,22.0,1015.6,,26.2511,73.0489,218.5,INI0000VIJO,JODHPUR,1015.6,sea_level_pressure
2023-03-03 09:00:00,29.6,38.0,1013.7,946.1,30.3167,78.0333,682.0,INM00042111,DEHRADUN,1013.7,sea_level_pressure
2023-03-03 12:00:00,29.4,38.0,1015.9,,28.5845,77.2058,214.9,INI0000VIDD,SAFDARJUNG,1015.9,sea_level_pressure
2023-03-03 12:00:00,34.2,21.0,1014.2,,26.2511,73.0489,218.5,INI0000VIJO,JODHPUR,1014.2,sea_level_pressure
2023-03-03 12:00:00,25.6,47.0,1013.6,945.2,30.3167,78.0333,682.0,INM00042111,DEHRADUN,1013.6,sea_level_pressure
2023-03-03 15:00:00,24.2,65.0,1017.9,,28.5845,77.2058,214.9,INI0000VIDD,SAFDARJUNG,1017.9,sea_level_pressure
2023-03-03 15:00:00,29.8,26.0,1016.4,,26.2511,73.0489,218.5,INI0000VIJO,JODHPUR,1016.4,sea_level_pressure
2023-03-03 15:00:00,19.4,72.0,1016.2,946.2,30.3167,78.0333,682.0,INM00042111,DEHRADUN,1016.2,sea_level_pressure
2023-03-03 18:00:00,22.0,74.0,1018.8,,28.5845,77.2058,214.9,INI0000VIDD,SAFDARJUNG,1018.8,sea_level_pressure
2023-03-03 18:00:00,26.6,35.0,1018.1,,26.2511,73.0489,218.5,INI0000VIJO,JODHPUR,1018.1,sea_level_pressure
2023-03-03 18:00:00,17.2,77.0,1017.0,946.5,30.3167,78.0333,682.0,INM00042111,DEHRADUN,1017.0,sea_level_pressure
2023-03-03 21:00:00,20.2,80.0,1017.8,,28.5845,77.2058,214.9,INI0000VIDD,SAFDARJUNG,1017.8,sea_level_pressure
2023-03-03 21:00:00,25.0,38.0,1017.5,,26.2511,73.0489,218.5,INI0000VIJO,JODHPUR,1017.5,sea_level_pressure
2023-03-03 21:00:00,16.6,78.0,1016.7,946.0,30.3167,78.0333,682.0,INM00042111,DEHRADUN,1016.7,sea_level_pressure
2023-03-04 00:00:00,18.5,76.0,1019.1,,28.5845,77.2058,214.9,INI0000VIDD,SAFDARJUNG,1019.1,sea_level_pressure
2023-03-04 00:00:00,22.4,48.0,1017.4,,26.2511,73.0489,218.5,INI0000VIJO,JODHPUR,1017.4,sea_level_pressure
2023-03-04 00:00:00,14.6,87.0,1018.2,947.0,30.3167,78.0333,682.0,INM00042111,DEHRADUN,1018.2,sea_level_pressure
2023-03-04 03:00:00,20.0,66.0,1020.5,,28.5845,77.2058,214.9,INI0000VIDD,SAFDARJUNG,1020.5,sea_level_pressure
2023-03-04 03:00:00,22.4,61.0,1020.0,,26.2511,73.0489,218.5,INI0000VIJO,JODHPUR,1020.0,sea_level_pressure
2023-03-04 03:00:00,16.6,80.0,1019.1,948.2,30.3167,78.0333,682.0,INM00042111,DEHRADUN,1019.1,sea_level_pressure
2023-03-04 06:00:00,24.2,57.0,1022.7,,28.5845,77.2058,214.9,INI0000VIDD,SAFDARJUNG,1022.7,sea_level_pressure
2023-03-04 06:00:00,29.8,30.0,1019.7,,26.2511,73.0489,218.5,INI0000VIJO,JODHPUR,1019.7,sea_level_pressure
2023-03-04 06:00:00,26.7,45.0,1017.1,948.7,30.3167,78.0333,682.0,INM00042111,DEHRADUN,1017.1,sea_level_pressure
2023-03-04 09:00:00,26.2,47.0,1018.2,,28.5845,77.2058,214.9,INI0000VIDD,SAFDARJUNG,1018.2,sea_level_pressure
2023-03-04 09:00:00,33.6,22.0,1015.0,,26.2511,73.0489,218.5,INI0000VIJO,JODHPUR,1015.0,sea_level_pressure
2023-03-04 09:00:00,29.0,39.0,1013.6,945.8,30.3167,78.0333,682.0,INM00042111,DEHRADUN,1013.6,sea_level_pressure
2023-03-04 12:00:00,25.7,50.0,1017.6,,28.5845,77.2058,214.9,INI0000VIDD,SAFDARJUNG,1017.6,sea_level_pressure
2023-03-04 12:00:00,33.2,24.0,1013.1,,26.2511,73.0489,218.5,INI0000VIJO,JODHPUR,1013.1,sea_level_pressure
2023-03-04 12:00:00,26.0,44.0,1013.5,945.1,30.3167,78.0333,682.0,INM00042111,DEHRADUN,1013.5,sea_level_pressure
2023-03-04 15:00:00,22.2,63.0,1018.9,,28.5845,77.2058,214.9,INI0000VIDD,SAFDARJUNG,1018.9,sea_level_pressure
2023-03-04 15:00:00,22.8,65.0,1021.2,,26.2511,73.0489,218.5,INI0000VIJO,JODHPUR,1021.2,sea_level_pressure
2023-03-04 15:00:00,19.7,69.0,1017.0,947.0,30.3167,78.0333,682.0,INM00042111,DEHRADUN,1017.0,sea_level_pressure
2023-03-04 18:00:00,20.5,73.0,1017.7,,28.5845,77.2058,214.9,INI0000VIDD,SAFDARJUNG,1017.7,sea_level_pressure
2023-03-04 18:00:00,21.6,71.0,1019.4,,26.2511,73.0489,218.5,INI0000VIJO,JODHPUR,1019.4,sea_level_pressure
2023-03-04 18:00:00,16.5,82.0,1018.4,947.5,30.3167,78.0333,682.0,INM00042111,DEHRADUN,1018.4,sea_level_pressure
2023-03-04 21:00:00,19.2,77.0,1019.0,,28.5845,77.2058,214.9,INI0000VIDD,SAFDARJUNG,1019.0,sea_level_pressure
2023-03-04 21:00:00,20.8,73.0,1018.8,,26.2511,73.0489,218.5,INI0000VIJO,JODHPUR,1018.8,sea_level_pressure
2023-03-04 21:00:00,15.0,87.0,1017.8,946.6,30.3167,78.0333,682.0,INM00042111,DEHRADUN,1017.8,sea_level_pressure
2023-03-05 00:00:00,17.5,80.0,1018.3,,28.5845,77.2058,214.9,INI0000VIDD,SAFDARJUNG,1018.3,sea_level_pressure
2023-03-05 00:00:00,19.2,72.0,1017.9,,26.2511,73.0489,218.5,INI0000VIJO,JODHPUR,1017.9,sea_level_pressure
2023-03-05 00:00:00,14.6,90.0,1017.2,946.0,30.3167,78.0333,682.0,INM00042111,DEHRADUN,1017.2,sea_level_pressure
2023-03-05 03:00:00,19.2,72.0,1020.1,,28.5845,77.2058,214.9,INI0000VIDD,SAFDARJUNG,1020.1,sea_level_pressure
2023-03-05 03:00:00,20.8,63.0,1019.6,,26.2511,73.0489,218.5,INI0000VIJO,JODHPUR,1019.6,sea_level_pressure
2023-03-05 03:00:00,16.8,77.0,1018.2,947.3,30.3167,78.0333,682.0,INM00042111,DEHRADUN,1018.2,sea_level_pressure
2023-03-05 06:00:00,28.0,39.0,1019.7,,28.5845,77.2058,214.9,INI0000VIDD,SAFDARJUNG,1019.7,sea_level_pressure
2023-03-05 06:00:00,28.2,41.0,1019.1,,26.2511,73.0489,218.5,INI0000VIJO,JODHPUR,1019.1,sea_level_pressure
2023-03-05 06:00:00,25.7,47.0,1017.9,949.3,30.3167,78.0333,682.0,INM00042111,DEHRADUN,1017.9,sea_level_pressure
2023-03-05 09:00:00,30.6,36.0,1016.1,,28.5845,77.2058,214.9,INI0000VIDD,SAFDARJUNG,1016.1,sea_level_pressure
2023-03-05 09:00:00,32.8,24.0,1015.8,,26.2511,73.0489,218.5,INI0000VIJO,JODHPUR,1015.8,sea_level_pressure
2023-03-05 09:00:00,29.0,40.0,1012.4,944.7,30.3167,78.0333,682.0,INM00042111,DEHRADUN,1012.4,sea_level_pressure
2023-03-05 12:00:00,29.0,41.0,1015.0,,28.5845,77.2058,214.9,INI0000VIDD,SAFDARJUNG,1015.0,sea_level_pressure
2023-03-05 12:00:00,32.6,24.0,1014.4,,26.2511,73.0489,218.5,INI0000VIJO,JODHPUR,1014.4,sea_level_pressure
2023-03-05 12:00:00,25.6,46.0,1013.3,944.9,30.3167,78.0333,682.0,INM00042111,DEHRADUN,1013.3,sea_level_pressure
2023-03-05 15:00:00,23.4,66.0,1015.6,,28.5845,77.2058,214.9,INI0000VIDD,SAFDARJUNG,1015.6,sea_level_pressure
2023-03-05 15:00:00,25.8,39.0,1015.9,,26.2511,73.0489,218.5,INI0000VIJO,JODHPUR,1015.9,sea_level_pressure
2023-03-05 15:00:00,19.4,68.0,1015.4,945.4,30.3167,78.0333,682.0,INM00042111,DEHRADUN,1015.4,sea_level_pressure
2023-03-05 18:00:00,20.2,84.0,1017.6,,28.5845,77.2058,214.9,INI0000VIDD,SAFDARJUNG,1017.6,sea_level_pressure
2023-03-05 18:00:00,25.6,38.0,1016.8,,26.2511,73.0489,218.5,INI0000VIJO,JODHPUR,1016.8,sea_level_pressure
2023-03-05 18:00:00,16.7,79.0,1016.9,946.2,30.3167,78.0333,682.0,INM00042111,DEHRADUN,1016.9,sea_level_pressure
2023-03-05 21:00:00,18.0,86.0,1017.3,,28.5845,77.2058,214.9,INI0000VIDD,SAFDARJUNG,1017.3,sea_level_pressure
2023-03-05 21:00:00,23.5,44.0,1015.9,,26.2511,73.0489,218.5,INI0000VIJO,JODHPUR,1015.9,sea_level_pressure
2023-03-05 21:00:00,15.0,81.0,1016.1,945.0,30.3167,78.0333,682.0,INM00042111,DEHRADUN,1016.1,sea_level_pressure
2023-03-06 00:00:00,16.7,90.0,1015.9,,28.5845,77.2058,214.9,INI0000VIDD,SAFDARJUNG,1015.9,sea_level_pressure
2023-03-06 00:00:00,21.2,53.0,1015.9,,26.2511,73.0489,218.5,INI0000VIJO,JODHPUR,1015.9,sea_level_pressure
2023-03-06 00:00:00,13.6,85.0,1015.3,944.0,30.3167,78.0333,682.0,INM00042111,DEHRADUN,1015.3,sea_level_pressure
2023-03-06 03:00:00,19.0,81.0,1018.4,,28.5845,77.2058,214.9,INI0000VIDD,SAFDARJUNG,1018.4,sea_level_pressure
2023-03-06 03:00:00,22.4,48.0,1017.6,,26.2511,73.0489,218.5,INI0000VIJO,JODHPUR,1017.6,sea_level_pressure
2023-03-06 03:00:00,15.6,74.0,1016.3,945.5,30.3167,78.0333,682.0,INM00042111,DEHRADUN,1016.3,sea_level_pressure
2023-03-06 06:00:00,27.7,41.0,1017.3,,28.5845,77.2058,214.9,INI0000VIDD,SAFDARJUNG,1017.3,sea_level_pressure
2023-03-06 06:00:00,32.0,21.0,1016.7,,26.2511,73.0489,218.5,INI0000VIJO,JODHPUR,1016.7,sea_level_pressure
2023-03-06 06:00:00,26.0,42.0,1013.8,945.4,30.3167,78.0333,682.0,INM00042111,DEHRADUN,1013.8,sea_level_pressure
2023-03-06 09:00:00,29.8,32.0,1014.0,,28.5845,77.2058,214.9,INI0000VIDD,SAFDARJUNG,1014.0,sea_level_pressure
2023-03-06 09:00:00,33.8,19.0,1013.5,,26.2511,73.0489,218.5,INI0000VIJO,JODHPUR,1013.5,sea_level_pressure
2023-03-06 09:00:00,28.6,40.0,1010.2,942.7,30.3167,78.0333,682.0,INM00042111,DEHRADUN,1010.2,sea_level_pressure
2023-03-06 12:00:00,28.4,37.0,1012.4,,28.5845,77.2058,214.9,INI0000VIDD,SAFDARJUNG,1012.4,sea_level_pressure
2023-03-06 12:00:00,32.2,17.0,1011.2,,26.2511,73.0489,218.5,INI0000VIJO,JODHPUR,1011.2,sea_level_pressure
2023-03-06 12:00:00,25.0,49.0,1010.1,941.6,30.3167,78.0333,682.0,INM00042111,DEHRADUN,1010.1,sea_level_pressure
2023-03-06 15:00:00,23.2,59.0,1014.2,,28.5845,77.2058,214.9,INI0000VIDD,SAFDARJUNG,1014.2,sea_level_pressure
2023-03-06 15:00:00,26.0,41.0,1012.8,,26.2511,73.0489,218.5,INI0000VIJO,JODHPUR,1012.8,sea_level_pressure
2023-03-06 15:00:00,19.6,73.0,1011.8,942.1,30.3167,78.0333,682.0,INM00042111,DEHRADUN,1011.8,sea_level_pressure
2023-03-06 18:00:00,20.7,70.0,1014.6,,28.5845,77.2058,214.9,INI0000VIDD,SAFDARJUNG,1014.6,sea_level_pressure
2023-03-06 18:00:00,26.4,30.0,1014.6,,26.2511,73.0489,218.5,INI0000VIJO,JODHPUR,1014.6,sea_level_pressure
2023-03-06 18:00:00,16.7,81.0,1013.7,943.1,30.3167,78.0333,682.0,INM00042111,DEHRADUN,1013.7,sea_level_pressure
2023-03-06 21:00:00,18.6,77.0,1014.4,,28.5845,77.2058,214.9,INI0000VIDD,SAFDARJUNG,1014.4,sea_level_pressure
2023-03-06 21:00:00,21.0,54.0,1014.2,,26.2511,73.0489,218.5,INI0000VIJO,JODHPUR,1014.2,sea_level_pressure
2023-03-06 21:00:00,15.0,83.0,1013.9,943.0,30.3167,78.0333,682.0,INM00042111,DEHRADUN,1013.9,sea_level_pressure
2023-03-07 00:00:00,17.2,84.0,1014.7,,28.5845,77.2058,214.9,INI0000VIDD,SAFDARJUNG,1014.7,sea_level_pressure
2023-03-07 00:00:00,20.0,53.0,1014.2,,26.2511,73.0489,218.5,INI0000VIJO,JODHPUR,1014.2,sea_level_pressure
2023-03-07 00:00:00,14.0,89.0,1014.2,943.0,30.3167,78.0333,682.0,INM00042111,DEHRADUN,1014.2,sea_level_pressure
2023-03-07 03:00:00,18.2,81.0,1016.5,,28.5845,77.2058,214.9,INI0000VIDD,SAFDARJUNG,1016.5,sea_level_pressure
2023-03-07 03:00:00,22.0,55.0,1015.8,,26.2511,73.0489,218.5,INI0000VIJO,JODHPUR,1015.8,sea_level_pressure
2023-03-07 03:00:00,15.8,86.0,1015.3,944.5,30.3167,78.0333,682.0,INM00042111,DEHRADUN,1015.3,sea_level_pressure
2023-03-07 06:00:00,28.4,37.0,1017.3,,28.5845,77.2058,214.9,INI0000VIDD,SAFDARJUNG,1017.3,sea_level_pressure
2023-03-07 06:00:00,29.2,32.0,1016.4,,26.2511,73.0489,218.5,INI0000VIJO,JODHPUR,1016.4,sea_level_pressure
2023-03-07 06:00:00,25.2,46.0,1013.7,945.3,30.3167,78.0333,682.0,INM00042111,DEHRADUN,1013.7,sea_level_pressure
2023-03-07 09:00:00,30.8,27.0,1014.2,,28.5845,77.2058,214.9,INI0000VIDD,SAFDARJUNG,1014.2,sea_level_pressure
2023-03-07 09:00:00,32.8,22.0,1013.3,,26.2511,73.0489,218.5,INI0000VIJO,JODHPUR,1013.3,sea_level_pressure
2023-03-07 09:00:00,28.8,45.0,1011.8,944.1,30.3167,78.0333,682.0,INM00042111,DEHRADUN,1011.8,sea_level_pressure
2023-03-07 12:00:00,29.7,32.0,1012.8,,28.5845,77.2058,214.9,INI0000VIDD,SAFDARJUNG,1012.8,sea_level_pressure
2023-03-07 12:00:00,32.4,23.0,1011.3,,26.2511,73.0489,218.5,INI0000VIJO,JODHPUR,1011.3,sea_level_pressure
2023-03-07 12:00:00,26.5,50.0,1010.3,942.3,30.3167,78.0333,682.0,INM00042111,DEHRADUN,1010.3,sea_level_pressure
2023-03-07 15:00:00,23.0,55.0,1014.5,,28.5845,77.2058,214.9,INI0000VIDD,SAFDARJUNG,1014.5,sea_level_pressure
2023-03-07 15:00:00,24.8,36.0,1015.6,,26.2511,73.0489,218.5,INI0000VIJO,JODHPUR,1015.6,sea_level_pressure
2023-03-07 15:00:00,19.8,74.0,1012.7,943.0,30.3167,78.0333,682.0,INM00042111,DEHRADUN,1012.7,sea_level_pressure
2023-03-07 18:00:00,20.5,66.0,1015.3,,28.5845,77.2058,214.9,INI0000VIDD,SAFDARJUNG,1015.3,sea_level_pressure
2023-03-07 18:00:00,23.0,46.0,1016.7,,26.2511,73.0489,218.5,INI0000VIJO,JODHPUR,1016.7,sea_level_pressure
2023-03-07 18:00:00,17.5,79.0,1014.3,944.0,30.3167,78.0333,682.0,INM00042111,DEHRADUN,1014.3,sea_level_pressure
2023-03-07 21:00:00,18.2,77.0,1014.9,,28.5845,77.2058,214.9,INI0000VIDD,SAFDARJUNG,1014.9,sea_level_pressure
2023-03-07 21:00:00,21.6,59.0,1016.1,,26.2511,73.0489,218.5,INI0000VIJO,JODHPUR,1016.1,sea_level_pressure
2023-03-07 21:00:00,16.2,86.0,1015.6,945.0,30.3167,78.0333,682.0,INM00042111,DEHRADUN,1015.6,sea_level_pressure
2023-03-08 00:00:00,16.7,80.0,1015.3,,28.5845,77.2058,214.9,INI0000VIDD,SAFDARJUNG,1015.3,sea_level_pressure
2023-03-08 00:00:00,19.8,65.0,1015.1,,26.2511,73.0489,218.5,INI0000VIJO,JODHPUR,1015.1,sea_level_pressure
2023-03-08 00:00:00,15.0,90.0,1016.1,945.0,30.3167,78.0333,682.0,INM00042111,DEHRADUN,1016.1,sea_level_pressure
2023-03-08 03:00:00,17.2,82.0,1017.1,,28.5845,77.2058,214.9,INI0000VIDD,SAFDARJUNG,1017.1,sea_level_pressure
2023-03-08 03:00:00,20.6,60.0,1017.2,,26.2511,73.0489,218.5,INI0000VIJO,JODHPUR,1017.2,sea_level_pressure
2023-03-08 03:00:00,16.8,86.0,1016.7,946.0,30.3167,78.0333,682.0,INM00042111,DEHRADUN,1016.7,sea_level_pressure
2023-03-08 06:00:00,26.7,46.0,1018.0,,28.5845,77.2058,214.9,INI0000VIDD,SAFDARJUNG,1018.0,sea_level_pressure
2023-03-08 06:00:00,28.0,33.0,1017.5,,26.2511,73.0489,218.5,INI0000VIJO,JODHPUR,1017.5,sea_level_pressure
2023-03-08 06:00:00,25.6,48.0,1015.3,946.8,30.3167,78.0333,682.0,INM00042111,DEHRADUN,1015.3,sea_level_pressure
2023-03-08 09:00:00,29.4,37.0,1014.7,,28.5845,77.2058,214.9,INI0000VIDD,SAFDARJUNG,1014.7,sea_level_pressure
2023-03-08 09:00:00,30.8,23.0,1014.5,,26.2511,73.0489,218.5,INI0000VIJO,JODHPUR,1014.5,sea_level_pressure
2023-03-08 09:00:00,27.4,46.0,1011.6,943.7,30.3167,78.0333,682.0,INM00042111,DEHRADUN,1011.6,sea_level_pressure
2023-03-08 12:00:00,28.6,42.0,1013.7,,28.5845,77.2058,214.9,INI0000VIDD,SAFDARJUNG,1013.7,sea_level_pressure
2023-03-08 12:00:00,31.2,20.0,1012.9,,26.2511,73.0489,218.5,INI0000VIJO,JODHPUR,1012.9,sea_level_pressure
2023-03-08 12:00:00,26.0,49.0,1012.0,943.6,30.3167,78.0333,682.0,INM00042111,DEHRADUN,1012.0,sea_level_pressure
2023-03-08 15:00:00,23.8,63.0,1015.9,,28.5845,77.2058,214.9,INI0000VIDD,SAFDARJUNG,1015.9,sea_level_pressure
2023-03-08 15:00:00,26.2,34.0,1015.3,,26.2511,73.0489,218.5,INI0000VIJO,JODHPUR,1015.3,sea_level_pressure
2023-03-08 15:00:00,20.2,66.0,1015.3,945.6,30.3167,78.0333,682.0,INM00042111,DEHRADUN,1015.3,sea_level_pressure
2023-03-08 18:00:00,21.2,73.0,1016.8,,28.5845,77.2058,214.9,INI0000VIDD,SAFDARJUNG,1016.8,sea_level_pressure
2023-03-08 18:00:00,21.8,50.0,1016.3,,26.2511,73.0489,218.5,INI0000VIJO,JODHPUR,1016.3,sea_level_pressure
2023-03-08 18:00:00,17.0,75.0,1016.7,946.0,30.3167,78.0333,682.0,INM00042111,DEHRADUN,1016.7,sea_level_pressure
2023-03-08 21:00:00,17.8,82.0,1016.3,,28.5845,77.2058,214.9,INI0000VIDD,SAFDARJUNG,1016.3,sea_level_pressure
2023-03-08 21:00:00,19.8,54.0,1015.7,,26.2511,73.0489,218.5,INI0000VIJO,JODHPUR,1015.7,sea_level_pressure
2023-03-08 21:00:00,15.0,83.0,1016.3,945.1,30.3167,78.0333,682.0,INM00042111,DEHRADUN,1016.3,sea_level_pressure
2023-03-09 00:00:00,19.0,79.0,1016.2,,28.5845,77.2058,214.9,INI0000VIDD,SAFDARJUNG,1016.2,sea_level_pressure
2023-03-09 00:00:00,17.8,62.0,1015.7,,26.2511,73.0489,218.5,INI0000VIJO,JODHPUR,1015.7,sea_level_pressure
2023-03-09 00:00:00,14.0,85.0,1016.2,944.9,30.3167,78.0333,682.0,INM00042111,DEHRADUN,1016.2,sea_level_pressure
2023-03-09 03:00:00,19.6,74.0,1017.9,,28.5845,77.2058,214.9,INI0000VIDD,SAFDARJUNG,1017.9,sea_level_pressure
2023-03-09 03:00:00,19.8,54.0,1017.7,,26.2511,73.0489,218.5,INI0000VIJO,JODHPUR,1017.7,sea_level_pressure
2023-03-09 03:00:00,15.8,78.0,1017.1,946.1,30.3167,78.0333,682.0,INM00042111,DEHRADUN,1017.1,sea_level_pressure
2023-03-09 06:00:00,27.0,47.0,1017.8,,28.5845,77.2058,214.9,INI0000VIDD,SAFDARJUNG,1017.8,sea_level_pressure
2023-03-09 06:00:00,28.8,32.0,1017.7,,26.2511,73.0489,218.5,INI0000VIJO,JODHPUR,1017.7,sea_level_pressure
2023-03-09 06:00:00,25.0,37.0,1015.8,947.0,30.3167,78.0333,682.0,INM00042111,DEHRADUN,1015.8,sea_level_pressure
2023-03-09 09:00:00,29.2,39.0,1014.9,,28.5845,77.2058,214.9,INI0000VIDD,SAFDARJUNG,1014.9,sea_level_pressure
2023-03-09 09:00:00,32.2,15.0,1014.4,,26.2511,73.0489,218.5,INI0000VIJO,JODHPUR,1014.4,sea_level_pressure
2023-03-09 09:00:00,28.2,26.0,1012.1,944.4,30.3167,78.0333,682.0,INM00042111,DEHRADUN,1012.1,sea_level_pressure
2023-03-09 12:00:00,27.0,50.0,1014.1,,28.5845,77.2058,214.9,INI0000VIDD,SAFDARJUNG,1014.1,sea_level_pressure
2023-03-09 12:00:00,31.6,16.0,1013.1,,26.2511,73.0489,218.5,INI0000VIJO,JODHPUR,1013.1,sea_level_pressure
2023-03-09 12:00:00,25.7,43.0,1012.0,943.6,30.3167,78.0333,682.0,INM00042111,DEHRADUN,1012.0,sea_level_pressure
2023-03-09 15:00:00,22.4,69.0,1015.6,,28.5845,77.2058,214.9,INI0000VIDD,SAFDARJUNG,1015.6,sea_level_pressure
2023-03-09 15:00:00,23.8,40.0,1015.3,,26.2511,73.0489,218.5,INI0000VIJO,JODHPUR,1015.3,sea_level_pressure
2023-03-09 15:00:00,19.6,70.0,1013.8,944.0,30.3167,78.0333,682.0,INM00042111,DEHRADUN,1013.8,sea_level_pressure
2023-03-09 18:00:00,19.7,80.0,1016.7,,28.5845,77.2058,214.9,INI0000VIDD,SAFDARJUNG,1016.7,sea_level_pressure
2023-03-09 18:00:00,22.8,40.0,1016.1,,26.2511,73.0489,218.5,INI0000VIJO,JODHPUR,1016.1,sea_level_pressure
2023-03-09 18:00:00,17.5,75.0,1015.3,945.0,30.3167,78.0333,682.0,INM00042111,DEHRADUN,1015.3,sea_level_pressure
2023-03-09 21:00:00,18.6,83.0,1015.8,,28.5845,77.2058,214.9,INI0000VIDD,SAFDARJUNG,1015.8,sea_level_pressure
2023-03-09 21:00:00,21.2,42.0,1015.4,,26.2511,73.0489,218.5,INI0000VIJO,JODHPUR,1015.4,sea_level_pressure
2023-03-09 21:00:00,16.0,78.0,1014.2,943.5,30.3167,78.0333,682.0,INM00042111,DEHRADUN,1014.2,sea_level_pressure
2023-03-10 00:00:00,16.6,92.0,1015.6,,28.5845,77.2058,214.9,INI0000VIDD,SAFDARJUNG,1015.6,sea_level_pressure
2023-03-10 00:00:00,18.4,49.0,1015.4,,26.2511,73.0489,218.5,INI0000VIJO,JODHPUR,1015.4,sea_level_pressure
2023-03-10 00:00:00,14.2,85.0,1014.0,943.0,30.3167,78.0333,682.0,INM00042111,DEHRADUN,1014.0,sea_level_pressure
2023-03-10 03:00:00,19.2,87.0,1017.0,,28.5845,77.2058,214.9,INI0000VIDD,SAFDARJUNG,1017.0,sea_level_pressure
2023-03-10 03:00:00,21.2,44.0,1017.0,,26.2511,73.0489,218.5,INI0000VIJO,JODHPUR,1017.0,sea_level_pressure
2023-03-10 03:00:00,16.4,78.0,1014.6,944.0,30.3167,78.0333,682.0,INM00042111,DEHRADUN,1014.6,sea_level_pressure
2023-03-10 06:00:00,27.6,49.0,1016.0,,28.5845,77.2058,214.9,INI0000VIDD,SAFDARJUNG,1016.0,sea_level_pressure
2023-03-10 06:00:00,30.0,24.0,1016.6,,26.2511,73.0489,218.5,INI0000VIJO,JODHPUR,1016.6,sea_level_pressure
2023-03-10 06:00:00,27.5,41.0,1013.0,945.1,30.3167,78.0333,682.0,INM00042111,DEHRADUN,1013.0,sea_level_pressure
2023-03-10 09:00:00,30.2,40.0,1013.7,,28.5845,77.2058,214.9,INI0000VIDD,SAFDARJUNG,1013.7,sea_level_pressure
2023-03-10 09:00:00,33.0,13.0,1013.7,,26.2511,73.0489,218.5,INI0000VIJO,JODHPUR,1013.7,sea_level_pressure
2023-03-10 09:00:00,29.0,42.0,1009.9,942.4,30.3167,78.0333,682.0,INM00042111,DEHRADUN,1009.9,sea_level_pressure
2023-03-10 12:00:00,28.6,46.0,1012.7,,28.5845,77.2058,214.9,INI0000VIDD,SAFDARJUNG,1012.7,sea_level_pressure
2023-03-10 12:00:00,32.6,14.0,1012.3,,26.2511,73.0489,218.5,INI0000VIJO,JODHPUR,1012.3,sea_level_pressure
2023-03-10 12:00:00,27.0,45.0,1009.1,941.1,30.3167,78.0333,682.0,INM00042111,DEHRADUN,1009.1,sea_level_pressure
2023-03-10 15:00:00,24.6,58.0,1014.3,,28.5845,77.2058,214.9,INI0000VIDD,SAFDARJUNG,1014.3,sea_level_pressure
2023-03-10 15:00:00,24.2,38.0,1014.3,,26.2511,73.0489,218.5,INI0000VIJO,JODHPUR,1014.3,sea_level_pressure
2023-03-10 15:00:00,20.8,73.0,1011.4,942.0,30.3167,78.0333,682.0,INM00042111,DEHRADUN,1011.4,sea_level_pressure
2023-03-10 18:00:00,22.5,61.0,1015.4,,28.5845,77.2058,214.9,INI0000VIDD,SAFDARJUNG,1015.4,sea_level_pressure
2023-03-10 18:00:00,20.6,52.0,1015.1,,26.2511,73.0489,218.5,INI0000VIJO,JODHPUR,1015.1,sea_level_pressure
2023-03-10 18:00:00,18.5,81.0,1014.2,944.1,30.3167,78.0333,682.0,INM00042111,DEHRADUN,1014.2,sea_level_pressure
2023-03-10 21:00:00,20.0,71.0,1015.2,,28.5845,77.2058,214.9,INI0000VIDD,SAFDARJUNG,1015.2,sea_level_pressure
2023-03-10 21:00:00,19.4,48.0,1014.3,,26.2511,73.0489,218.5,INI0000VIJO,JODHPUR,1014.3,sea_level_pressure
2023-03-10 21:00:00,16.8,84.0,1013.9,943.4,30.3167,78.0333,682.0,INM00042111,DEHRADUN,1013.9,sea_level_pressure
2023-03-11 00:00:00,17.6,80.0,1015.3,,28.5845,77.2058,214.9,INI0000VIDD,SAFDARJUNG,1015.3,sea_level_pressure
2023-03-11 00:00:00,17.4,51.0,1014.2,,26.2511,73.0489,218.5,INI0000VIJO,JODHPUR,1014.2,sea_level_pressure
2023-03-11 00:00:00,15.6,88.0,1014.0,943.2,30.3167,78.0333,682.0,INM00042111,DEHRADUN,1014.0,sea_level_pressure
2023-03-11 03:00:00,18.0,90.0,1016.7,,28.5845,77.2058,214.9,INI0000VIDD,SAFDARJUNG,1016.7,sea_level_pressure
2023-03-11 03:00:00,22.2,34.0,1016.1,,26.2511,73.0489,218.5,INI0000VIJO,JODHPUR,1016.1,sea_level_pressure
2023-03-11 03:00:00,17.2,83.0,1016.0,945.5,30.3167,78.0333,682.0,INM00042111,DEHRADUN,1016.0,sea_level_pressure
2023-03-11 06:00:00,29.0,40.0,1016.2,,28.5845,77.2058,214.9,INI0000VIDD,SAFDARJUNG,1016.2,sea_level_pressure
2023-03-11 06:00:00,31.8,19.0,1015.8,,26.2511,73.0489,218.5,INI0000VIJO,JODHPUR,1015.8,sea_level_pressure
2023-03-11 06:00:00,27.2,44.0,1013.3,945.2,30.3167,78.0333,682.0,INM00042111,DEHRADUN,1013.3,sea_level_pressure
2023-03-11 09:00:00,31.6,28.0,1013.2,,28.5845,77.2058,214.9,INI0000VIDD,SAFDARJUNG,1013.2,sea_level_pressure
2023-03-11 09:00:00,34.0,13.0,1012.6,,26.2511,73.0489,218.5,INI0000VIJO,JODHPUR,1012.6,sea_level_pressure
2023-03-11 09:00:00,29.2,41.0,1010.3,943.0,30.3167,78.0333,682.0,INM00042111,DEHRADUN,1010.3,sea_level_pressure
2023-03-11 12:00:00,29.7,29.0,1012.1,,28.5845,77.2058,214.9,INI0000VIDD,SAFDARJUNG,1012.1,sea_level_pressure
2023-03-11 12:00:00,34.2,15.0,1011.2,,26.2511,73.0489,218.5,INI0000VIJO,JODHPUR,1011.2,sea_level_pressure
2023-03-11 12:00:00,27.0,49.0,1010.0,942.0,30.3167,78.0333,682.0,INM00042111,DEHRADUN,1010.0,sea_level_pressure
2023-03-11 15:00:00,25.0,45.0,1013.6,,28.5845,77.2058,214.9,INI0000VIDD,SAFDARJUNG,1013.6,sea_level_pressure
2023-03-11 15:00:00,25.2,36.0,1013.3,,26.2511,73.0489,218.5,INI0000VIJO,JODHPUR,1013.3,sea_level_pressure
2023-03-11 15:00:00,22.2,73.0,1012.2,943.1,30.3167,78.0333,682.0,INM00042111,DEHRADUN,1012.2,sea_level_pressure
2023-03-11 18:00:00,22.6,53.0,1014.8,,28.5845,77.2058,214.9,INI0000VIDD,SAFDARJUNG,1014.8,sea_level_pressure
2023-03-11 18:00:00,22.6,43.0,1013.8,,26.2511,73.0489,218.5,INI0000VIJO,JODHPUR,1013.8,sea_level_pressure
2023-03-11 18:00:00,19.6,82.0,1013.6,943.8,30.3167,78.0333,682.0,INM00042111,DEHRADUN,1013.6,sea_level_pressure
2023-03-11 21:00:00,19.6,71.0,1014.8,,28.5845,77.2058,214.9,INI0000VIDD,SAFDARJUNG,1014.8,sea_level_pressure
2023-03-11 21:00:00,21.0,48.0,1013.2,,26.2511,73.0489,218.5,INI0000VIJO,JODHPUR,1013.2,sea_level_pressure
2023-03-11 21:00:00,17.6,88.0,1013.4,943.1,30.3167,78.0333,682.0,INM00042111,DEHRADUN,1013.4,sea_level_pressure
2023-03-12 00:00:00,16.7,86.0,1015.2,,28.5845,77.2058,214.9,INI0000VIDD,SAFDARJUNG,1015.2,sea_level_pressure
2023-03-12 00:00:00,18.4,52.0,1013.8,,26.2511,73.0489,218.5,INI0000VIJO,JODHPUR,1013.8,sea_level_pressure
2023-03-12 00:00:00,16.2,94.0,1012.9,942.5,30.3167,78.0333,682.0,INM00042111,DEHRADUN,1012.9,sea_level_pressure
2023-03-12 03:00:00,18.2,77.0,1016.3,,28.5845,77.2058,214.9,INI0000VIDD,SAFDARJUNG,1016.3,sea_level_pressure
2023-03-12 03:00:00,23.8,32.0,1015.5,,26.2511,73.0489,218.5,INI0000VIJO,JODHPUR,1015.5,sea_level_pressure
2023-03-12 03:00:00,19.0,82.0,1014.3,944.2,30.3167,78.0333,682.0,INM00042111,DEHRADUN,1014.3,sea_level_pressure
2023-03-12 06:00:00,30.6,37.0,1015.2,,28.5845,77.2058,214.9,INI0000VIDD,SAFDARJUNG,1015.2,sea_level_pressure
2023-03-12 06:00:00,32.4,17.0,1015.2,,26.2511,73.0489,218.5,INI0000VIJO,JODHPUR,1015.2,sea_level_pressure
2023-03-12 06:00:00,27.0,50.0,1013.5,945.3,30.3167,78.0333,682.0,INM00042111,DEHRADUN,1013.5,sea_level_pressure
2023-03-12 09:00:00,33.2,30.0,1012.2,,28.5845,77.2058,214.9,INI0000VIDD,SAFDARJUNG,1012.2,sea_level_pressure
2023-03-12 09:00:00,34.2,15.0,1012.2,,26.2511,73.0489,218.5,INI0000VIJO,JODHPUR,1012.2,sea_level_pressure
2023-03-12 09:00:00,28.6,44.0,1010.3,942.8,30.3167,78.0333,682.0,INM00042111,DEHRADUN,1010.3,sea_level_pressure
2023-03-12 12:00:00,31.6,27.0,1010.9,,28.5845,77.2058,214.9,INI0000VIDD,SAFDARJUNG,1010.9,sea_level_pressure
2023-03-12 12:00:00,33.6,18.0,1010.8,,26.2511,73.0489,218.5,INI0000VIJO,JODHPUR,1010.8,sea_level_pressure
2023-03-12 12:00:00,26.6,51.0,1009.8,941.8,30.3167,78.0333,682.0,INM00042111,DEHRADUN,1009.8,sea_level_pressure
2023-03-12 15:00:00,23.4,64.0,1013.5,,28.5845,77.2058,214.9,INI0000VIDD,SAFDARJUNG,1013.5,sea_level_pressure
2023-03-12 15:00:00,25.4,43.0,1012.4,,26.2511,73.0489,218.5,INI0000VIJO,JODHPUR,1012.4,sea_level_pressure
2023-03-12 15:00:00,21.8,76.0,1011.4,942.2,30.3167,78.0333,682.0,INM00042111,DEHRADUN,1011.4,sea_level_pressure
2023-03-12 18:00:00,20.5,76.0,1013.8,,28.5845,77.2058,214.9,INI0000VIDD,SAFDARJUNG,1013.8,sea_level_pressure
2023-03-12 18:00:00,22.8,49.0,1013.1,,26.2511,73.0489,218.5,INI0000VIJO,JODHPUR,1013.1,sea_level_pressure
2023-03-12 18:00:00,20.0,82.0,1012.7,943.0,30.3167,78.0333,682.0,INM00042111,DEHRADUN,1012.7,sea_level_pressure
2023-03-12 21:00:00,18.2,84.0,1013.5,,28.5845,77.2058,214.9,INI0000VIDD,SAFDARJUNG,1013.5,sea_level_pressure
2023-03-12 21:00:00,20.8,51.0,1012.5,,26.2511,73.0489,218.5,INI0000VIJO,JODHPUR,1012.5,sea_level_pressure
2023-03-12 21:00:00,18.2,87.0,1011.9,942.0,30.3167,78.0333,682.0,INM00042111,DEHRADUN,1011.9,sea_level_pressure
2023-03-13 00:00:00,18.0,88.0,1014.1,,28.5845,77.2058,214.9,INI0000VIDD,SAFDARJUNG,1014.1,sea_level_pressure
2023-03-13 00:00:00,20.2,51.0,1012.5,,26.2511,73.0489,218.5,INI0000VIJO,JODHPUR,1012.5,sea_level_pressure
2023-03-13 00:00:00,16.7,89.0,1012.4,942.0,30.3167,78.0333,682.0,INM00042111,DEHRADUN,1012.4,sea_level_pressure
2023-03-13 03:00:00,19.8,87.0,1015.0,,28.5845,77.2058,214.9,INI0000VIDD,SAFDARJUNG,1015.0,sea_level_pressure
2023-03-13 03:00:00,21.8,55.0,1014.2,,26.2511,73.0489,218.5,INI0000VIJO,JODHPUR,1014.2,sea_level_pressure
2023-03-13 03:00:00,18.8,80.0,1012.9,943.0,30.3167,78.0333,682.0,INM00042111,DEHRADUN,1012.9,sea_level_pressure
2023-03-13 06:00:00,29.6,45.0,1014.4,,28.5845,77.2058,214.9,INI0000VIDD,SAFDARJUNG,1014.4,sea_level_pressure
2023-03-13 06:00:00,32.8,20.0,1013.6,,26.2511,73.0489,218.5,INI0000VIJO,JODHPUR,1013.6,sea_level_pressure
2023-03-13 06:00:00,26.0,53.0,1012.9,944.5,30.3167,78.0333,682.0,INM00042111,DEHRADUN,1012.9,sea_level_pressure
2023-03-13 09:00:00,32.8,34.0,1011.0,,28.5845,77.2058,214.9,INI0000VIDD,SAFDARJUNG,1011.0,sea_level_pressure
2023-03-13 09:00:00,35.6,14.0,1010.1,,26.2511,73.0489,218.5,INI0000VIJO,JODHPUR,1010.1,sea_level_pressure
2023-03-13 09:00:00,28.0,41.0,1009.3,941.5,30.3167,78.0333,682.0,INM00042111,DEHRADUN,1009.3,sea_level_pressure
2023-03-13 12:00:00,31.2,36.0,1009.5,,28.5845,77.2058,214.9,INI0000VIDD,SAFDARJUNG,1009.5,sea_level_pressure
2023-03-13 12:00:00,35.4,18.0,1008.7,,26.2511,73.0489,218.5,INI0000VIJO,JODHPUR,1008.7,sea_level_pressure
2023-03-13 12:00:00,27.2,48.0,1007.6,940.0,30.3167,78.0333,682.0,INM00042111,DEHRADUN,1007.6,sea_level_pressure
2023-03-13 15:00:00,25.0,61.0,1011.1,,28.5845,77.2058,214.9,INI0000VIDD,SAFDARJUNG,1011.1,sea_level_pressure
2023-03-13 15:00:00,26.4,40.0,1010.6,,26.2511,73.0489,218.5,INI0000VIJO,JODHPUR,1010.6,sea_level_pressure
2023-03-13 15:00:00,18.2,92.0,1009.5,940.4,30.3167,78.0333,682.0,INM00042111,DEHRADUN,1009.5,sea_level_pressure
2023-03-13 18:00:00,21.6,79.0,1011.9,,28.5845,77.2058,214.9,INI0000VIDD,SAFDARJUNG,1011.9,sea_level_pressure
2023-03-13 18:00:00,23.4,48.0,1011.3,,26.2511,73.0489,218.5,INI0000VIJO,JODHPUR,1011.3,sea_level_pressure
2023-03-13 18:00:00,18.7,84.0,1011.4,941.5,30.3167,78.0333,682.0,INM00042111,DEHRADUN,1011.4,sea_level_pressure
2023-03-13 21:00:00,20.2,84.0,1011.6,,28.5845,77.2058,214.9,INI0000VIDD,SAFDARJUNG,1011.6,sea_level_pressure
2023-03-13 21:00:00,21.6,52.0,1010.9,,26.2511,73.0489,218.5,INI0000VIJO,JODHPUR,1010.9,sea_level_pressure
2023-03-13 21:00:00,16.6,88.0,1010.4,940.1,30.3167,78.0333,682.0,INM00042111,DEHRADUN,1010.4,sea_level_pressure
2023-03-14 00:00:00,19.6,83.0,1010.8,,28.5845,77.2058,214.9,INI0000VIDD,SAFDARJUNG,1010.8,sea_level_pressure
2023-03-14 00:00:00,19.4,57.0,1010.8,,26.2511,73.0489,218.5,INI0000VIJO,JODHPUR,1010.8,sea_level_pressure
2023-03-14 00:00:00,16.0,88.0,1010.4,939.9,30.3167,78.0333,682.0,INM00042111,DEHRADUN,1010.4,sea_level_pressure
2023-03-14 03:00:00,20.2,81.0,1012.2,,28.5845,77.2058,214.9,INI0000VIDD,SAFDARJUNG,1012.2,sea_level_pressure
2023-03-14 03:00:00,23.8,39.0,1011.9,,26.2511,73.0489,218.5,INI0000VIJO,JODHPUR,1011.9,sea_level_pressure
2023-03-14 03:00:00,17.8,70.0,1011.3,941.2,30.3167,78.0333,682.0,INM00042111,DEHRADUN,1011.3,sea_level_pressure
2023-03-14 06:00:00,30.2,44.0,1011.1,,28.5845,77.2058,214.9,INI0000VIDD,SAFDARJUNG,1011.1,sea_level_pressure
2023-03-14 06:00:00,32.8,22.0,1010.9,,26.2511,73.0489,218.5,INI0000VIJO,JODHPUR,1010.9,sea_level_pressure
2023-03-14 06:00:00,26.7,41.0,1008.8,940.9,30.3167,78.0333,682.0,INM00042111,DEHRADUN,1008.8,sea_level_pressure
2023-03-14 09:00:00,33.0,32.0,1007.9,,28.5845,77.2058,214.9,INI0000VIDD,SAFDARJUNG,1007.9,sea_level_pressure
2023-03-14 09:00:00,36.2,12.0,1007.4,,26.2511,73.0489,218.5,INI0000VIJO,JODHPUR,1007.4,sea_level_pressure
2023-03-14 09:00:00,30.0,31.0,1004.8,937.8,30.3167,78.0333,682.0,INM00042111,DEHRADUN,1004.8,sea_level_pressure
2023-03-14 12:00:00,31.0,44.0,1006.4,,28.5845,77.2058,214.9,INI0000VIDD,SAFDARJUNG,1006.4,sea_level_pressure
2023-03-14 12:00:00,35.2,18.0,1006.0,,26.2511,73.0489,218.5,INI0000VIJO,JODHPUR,1006.0,sea_level_pressure
2023-03-14 12:00:00,26.6,47.0,1004.8,937.1,30.3167,78.0333,682.0,INM00042111,DEHRADUN,1004.8,sea_level_pressure
2023-03-14 15:00:00,26.2,59.0,1008.4,,28.5845,77.2058,214.9,INI0000VIDD,SAFDARJUNG,1008.4,sea_level_pressure
2023-03-14 15:00:00,26.8,34.0,1007.2,,26.2511,73.0489,218.5,INI0000VIJO,JODHPUR,1007.2,sea_level_pressure
2023-03-14 15:00:00,22.4,69.0,1005.8,937.1,30.3167,78.0333,682.0,INM00042111,DEHRADUN,1005.8,sea_level_pressure
2023-03-14 18:00:00,23.7,65.0,1008.5,,28.5845,77.2058,214.9,INI0000VIDD,SAFDARJUNG,1008.5,sea_level_pressure
2023-03-14 18:00:00,24.2,45.0,1007.4,,26.2511,73.0489,218.5,INI0000VIJO,JODHPUR,1007.4,sea_level_pressure
2023-03-14 18:00:00,19.5,74.0,1006.9,937.5,30.3167,78.0333,682.0,INM00042111,DEHRADUN,1006.9,sea_level_pressure
2023-03-14 21:00:00,20.6,73.0,1008.2,,28.5845,77.2058,214.9,INI0000VIDD,SAFDARJUNG,1008.2,sea_level_pressure
2023-03-14 21:00:00,21.8,47.0,1007.2,,26.2511,73.0489,218.5,INI0000VIJO,JODHPUR,1007.2,sea_level_pressure
2023-03-14 21:00:00,17.7,80.0,1007.2,937.3,30.3167,78.0333,682.0,INM00042111,DEHRADUN,1007.2,sea_level_pressure
2023-03-15 00:00:00,19.5,79.0,1008.5,,28.5845,77.2058,214.9,INI0000VIDD,SAFDARJUNG,1008.5,sea_level_pressure
2023-03-15 00:00:00,20.0,56.0,1007.3,,26.2511,73.0489,218.5,INI0000VIJO,JODHPUR,1007.3,sea_level_pressure
2023-03-15 00:00:00,15.2,86.0,1008.8,938.4,30.3167,78.0333,682.0,INM00042111,DEHRADUN,1008.8,sea_level_pressure
2023-03-15 03:00:00,20.0,87.0,1010.6,,28.5845,77.2058,214.9,INI0000VIDD,SAFDARJUNG,1010.6,sea_level_pressure
2023-03-15 03:00:00,24.0,36.0,1009.1,,26.2511,73.0489,218.5,INI0000VIJO,JODHPUR,1009.1,sea_level_pressure
2023-03-15 03:00:00,18.0,70.0,1009.9,939.9,30.3167,78.0333,682.0,INM00042111,DEHRADUN,1009.9,sea_level_pressure
2023-03-15 06:00:00,30.6,39.0,1010.0,,28.5845,77.2058,214.9,INI0000VIDD,SAFDARJUNG,1010.0,sea_level_pressure
2023-03-15 06:00:00,29.8,24.0,1009.1,,26.2511,73.0489,218.5,INI0000VIJO,JODHPUR,1009.1,sea_level_pressure
2023-03-15 06:00:00,27.6,42.0,1008.1,940.5,30.3167,78.0333,682.0,INM00042111,DEHRADUN,1008.1,sea_level_pressure
2023-03-15 09:00:00,33.6,26.0,1007.2,,28.5845,77.2058,214.9,INI0000VIDD,SAFDARJUNG,1007.2,sea_level_pressure
2023-03-15 09:00:00,34.8,17.0,1006.5,,26.2511,73.0489,218.5,INI0000VIJO,JODHPUR,1006.5,sea_level_pressure
2023-03-15 09:00:00,29.0,38.0,1005.6,938.3,30.3167,78.0333,682.0,INM00042111,DEHRADUN,1005.6,sea_level_pressure
2023-03-15 12:00:00,32.6,27.0,1006.3,,28.5845,77.2058,214.9,INI0000VIDD,SAFDARJUNG,1006.3,sea_level_pressure
2023-03-15 12:00:00,31.8,21.0,1006.2,,26.2511,73.0489,218.5,INI0000VIJO,JODHPUR,1006.2,sea_level_pressure
2023-03-15 12:00:00,23.5,52.0,1006.4,938.0,30.3167,78.0333,682.0,INM00042111,DEHRADUN,1006.4,sea_level_pressure
2023-03-15 15:00:00,25.8,53.0,1007.2,,28.5845,77.2058,214.9,INI0000VIDD,SAFDARJUNG,1007.2,sea_level_pressure
2023-03-15 15:00:00,28.8,28.0,1008.1,,26.2511,73.0489,218.5,INI0000VIJO,JODHPUR,1008.1,sea_level_pressure
2023-03-15 15:00:00,20.6,66.0,1008.7,939.5,30.3167,78.0333,682.0,INM00042111,DEHRADUN,1008.7,sea_level_pressure
2023-03-15 18:00:00,23.0,70.0,1009.0,,28.5845,77.2058,214.9,INI0000VIDD,SAFDARJUNG,1009.0,sea_level_pressure
2023-03-15 18:00:00,25.8,38.0,1008.8,,26.2511,73.0489,218.5,INI0000VIJO,JODHPUR,1008.8,sea_level_pressure
2023-03-15 18:00:00,19.6,72.0,1007.7,938.3,30.3167,78.0333,682.0,INM00042111,DEHRADUN,1007.7,sea_level_pressure
2023-03-15 21:00:00,21.0,80.0,1008.5,,28.5845,77.2058,214.9,INI0000VIDD,SAFDARJUNG,1008.5,sea_level_pressure
2023-03-15 21:00:00,24.5,41.0,1008.8,,26.2511,73.0489,218.5,INI0000VIJO,JODHPUR,1008.8,sea_level_pressure
2023-03-15 21:00:00,16.6,80.0,1008.1,938.0,30.3167,78.0333,682.0,INM00042111,DEHRADUN,1008.1,sea_level_pressure
2023-03-16 00:00:00,21.0,84.0,1009.1,,28.5845,77.2058,214.9,INI0000VIDD,SAFDARJUNG,1009.1,sea_level_pressure
2023-03-16 00:00:00,24.6,43.0,1008.4,,26.2511,73.0489,218.5,INI0000VIJO,JODHPUR,1008.4,sea_level_pressure
2023-03-16 00:00:00,16.0,84.0,1008.6,938.2,30.3167,78.0333,682.0,INM00042111,DEHRADUN,1008.6,sea_level_pressure
2023-03-16 03:00:00,22.8,68.0,1010.2,,28.5845,77.2058,214.9,INI0000VIDD,SAFDARJUNG,1010.2,sea_level_pressure
2023-03-16 03:00:00,24.2,48.0,1011.3,,26.2511,73.0489,218.5,INI0000VIJO,JODHPUR,1011.3,sea_level_pressure
2023-03-16 03:00:00,18.0,72.0,1011.1,941.0,30.3167,78.0333,682.0,INM00042111,DEHRADUN,1011.1,sea_level_pressure
2023-03-16 06:00:00,28.7,42.0,1010.9,,28.5845,77.2058,214.9,INI0000VIDD,SAFDARJUNG,1010.9,sea_level_pressure
2023-03-16 06:00:00,30.2,27.0,1011.1,,26.2511,73.0489,218.5,INI0000VIJO,JODHPUR,1011.1,sea_level_pressure
2023-03-16 06:00:00,26.0,44.0,1006.6,938.6,30.3167,78.0333,682.0,INM00042111,DEHRADUN,1006.6,sea_level_pressure
2023-03-16 09:00:00,32.5,28.0,1008.1,,28.5845,77.2058,214.9,INI0000VIDD,SAFDARJUNG,1008.1,sea_level_pressure
2023-03-16 09:00:00,31.4,23.0,1008.3,,26.2511,73.0489,218.5,INI0000VIJO,JODHPUR,1008.3,sea_level_pressure
2023-03-16 09:00:00,29.4,35.0,1006.8,939.6,30.3167,78.0333,682.0,INM00042111,DEHRADUN,1006.8,sea_level_pressure
2023-03-16 12:00:00,31.7,31.0,1007.5,,28.5845,77.2058,214.9,INI0000VIDD,SAFDARJUNG,1007.5,sea_level_pressure
2023-03-16 12:00:00,30.2,23.0,1007.3,,26.2511,73.0489,218.5,INI0000VIJO,JODHPUR,1007.3,sea_level_pressure
2023-03-16 12:00:00,24.2,49.0,1007.4,939.1,30.3167,78.0333,682.0,INM00042111,DEHRADUN,1007.4,sea_level_pressure
2023-03-16 15:00:00,25.2,52.0,1010.2,,28.5845,77.2058,214.9,INI0000VIDD,SAFDARJUNG,1010.2,sea_level_pressure
2023-03-16 15:00:00,25.4,48.0,1008.2,,26.2511,73.0489,218.5,INI0000VIJO,JODHPUR,1008.2,sea_level_pressure
2023-03-16 15:00:00,20.6,54.0,1009.4,940.1,30.3167,78.0333,682.0,INM00042111,DEHRADUN,1009.4,sea_level_pressure
2023-03-16 18:00:00,22.2,65.0,1011.4,,28.5845,77.2058,214.9,INI0000VIDD,SAFDARJUNG,1011.4,sea_level_pressure
2023-03-16 18:00:00,24.2,46.0,1010.0,,26.2511,73.0489,218.5,INI0000VIJO,JODHPUR,1010.0,sea_level_pressure
2023-03-16 18:00:00,17.2,75.0,1012.2,942.0,30.3167,78.0333,682.0,INM00042111,DEHRADUN,1012.2,sea_level_pressure
2023-03-16 21:00:00,21.2,70.0,1011.2,,28.5845,77.2058,214.9,INI0000VIDD,SAFDARJUNG,1011.2,sea_level_pressure
2023-03-16 21:00:00,21.4,50.0,1009.6,,26.2511,73.0489,218.5,INI0000VIJO,JODHPUR,1009.6,sea_level_pressure
2023-03-16 21:00:00,16.0,71.0,1012.1,941.5,30.3167,78.0333,682.0,INM00042111,DEHRADUN,1012.1,sea_level_pressure
2023-03-17 00:00:00,19.5,77.0,1010.9,,28.5845,77.2058,214.9,INI0000VIDD,SAFDARJUNG,1010.9,sea_level_pressure
2023-03-17 00:00:00,23.2,49.0,1010.4,,26.2511,73.0489,218.5,INI0000VIJO,JODHPUR,1010.4,sea_level_pressure
2023-03-17 00:00:00,16.5,72.0,1012.3,941.9,30.3167,78.0333,682.0,INM00042111,DEHRADUN,1012.3,sea_level_pressure
2023-03-17 03:00:00,22.6,66.0,1013.1,,28.5845,77.2058,214.9,INI0000VIDD,SAFDARJUNG,1013.1,sea_level_pressure
2023-03-17 03:00:00,23.2,56.0,1012.0,,26.2511,73.0489,218.5,INI0000VIJO,JODHPUR,1012.0,sea_level_pressure
2023-03-17 03:00:00,18.4,67.0,1013.2,943.2,30.3167,78.0333,682.0,INM00042111,DEHRADUN,1013.2,sea_level_pressure
2023-03-17 06:00:00,27.2,51.0,1013.3,,28.5845,77.2058,214.9,INI0000VIDD,SAFDARJUNG,1013.3,sea_level_pressure
2023-03-17 06:00:00,28.2,38.0,1011.8,,26.2511,73.0489,218.5,INI0000VIJO,JODHPUR,1011.8,sea_level_pressure
2023-03-17 06:00:00,26.7,38.0,1011.0,943.1,30.3167,78.0333,682.0,INM00042111,DEHRADUN,1011.0,sea_level_pressure
2023-03-17 09:00:00,27.8,47.0,1010.7,,28.5845,77.2058,214.9,INI0000VIDD,SAFDARJUNG,1010.7,sea_level_pressure
2023-03-17 09:00:00,26.2,44.0,1009.6,,26.2511,73.0489,218.5,INI0000VIJO,JODHPUR,1009.6,sea_level_pressure
2023-03-17 09:00:00,30.0,31.0,1007.2,940.0,30.3167,78.0333,682.0,INM00042111,DEHRADUN,1007.2,sea_level_pressure
2023-03-17 12:00:00,28.2,47.0,1008.2,,28.5845,77.2058,214.9,INI0000VIDD,SAFDARJUNG,1008.2,sea_level_pressure
2023-03-17 12:00:00,28.6,36.0,1007.7,,26.2511,73.0489,218.5,INI0000VIJO,JODHPUR,1007.7,sea_level_pressure
2023-03-17 12:00:00,21.6,52.0,1007.9,939.0,30.3167,78.0333,682.0,INM00042111,DEHRADUN,1007.9,sea_level_pressure
2023-03-17 15:00:00,24.4,60.0,1010.9,,28.5845,77.2058,214.9,INI0000VIDD,SAFDARJUNG,1010.9,sea_level_pressure
2023-03-17 15:00:00,24.8,41.0,1010.5,,26.2511,73.0489,218.5,INI0000VIJO,JODHPUR,1010.5,sea_level_pressure
2023-03-17 15:00:00,17.6,88.0,1011.3,941.1,30.3167,78.0333,682.0,INM00042111,DEHRADUN,1011.3,sea_level_pressure
2023-03-17 18:00:00,22.5,67.0,1011.2,,28.5845,77.2058,214.9,INI0000VIDD,SAFDARJUNG,1011.2,sea_level_pressure
2023-03-17 18:00:00,22.0,60.0,1011.6,,26.2511,73.0489,218.5,INI0000VIJO,JODHPUR,1011.6,sea_level_pressure
2023-03-17 18:00:00,16.0,88.0,1013.0,942.3,30.3167,78.0333,682.0,INM00042111,DEHRADUN,1013.0,sea_level_pressure
2023-03-17 21:00:00,21.0,73.0,1010.8,,28.5845,77.2058,214.9,INI0000VIDD,SAFDARJUNG,1010.8,sea_level_pressure
2023-03-17 21:00:00,20.6,63.0,1010.9,,26.2511,73.0489,218.5,INI0000VIJO,JODHPUR,1010.9,sea_level_pressure
2023-03-17 21:00:00,16.0,88.0,1012.8,942.3,30.3167,78.0333,682.0,INM00042111,DEHRADUN,1012.8,sea_level_pressure
2023-03-18 00:00:00,21.0,75.0,1010.2,,28.5845,77.2058,214.9,INI0000VIDD,SAFDARJUNG,1010.2,sea_level_pressure
2023-03-18 00:00:00,18.8,73.0,1010.0,,26.2511,73.0489,218.5,INI0000VIJO,JODHPUR,1010.0,sea_level_pressure
2023-03-18 00:00:00,15.5,95.0,1011.2,940.7,30.3167,78.0333,682.0,INM00042111,DEHRADUN,1011.2,sea_level_pressure
2023-03-18 03:00:00,19.8,89.0,1012.8,,28.5845,77.2058,214.9,INI0000VIDD,SAFDARJUNG,1012.8,sea_level_pressure
2023-03-18 03:00:00,20.0,73.0,1012.0,,26.2511,73.0489,218.5,INI0000VIJO,JODHPUR,1012.0,sea_level_pressure
2023-03-18 03:00:00,15.0,99.0,1015.0,943.9,30.3167,78.0333,682.0,INM00042111,DEHRADUN,1015.0,sea_level_pressure
2023-03-18 06:00:00,24.0,68.0,1012.8,,28.5845,77.2058,214.9,INI0000VIDD,SAFDARJUNG,1012.8,sea_level_pressure
2023-03-18 06:00:00,26.6,45.0,1011.8,,26.2511,73.0489,218.5,INI0000VIJO,JODHPUR,1011.8,sea_level_pressure
2023-03-18 06:00:00,15.7,96.0,1014.8,944.0,30.3167,78.0333,682.0,INM00042111,DEHRADUN,1014.8,sea_level_pressure
2023-03-18 09:00:00,22.6,79.0,1011.1,,28.5845,77.2058,214.9,INI0000VIDD,SAFDARJUNG,1011.1,sea_level_pressure
2023-03-18 09:00:00,30.2,31.0,1008.3,,26.2511,73.0489,218.5,INI0000VIJO,JODHPUR,1008.3,sea_level_pressure
2023-03-18 09:00:00,19.0,89.0,1009.8,940.0,30.3167,78.0333,682.0,INM00042111,DEHRADUN,1009.8,sea_level_pressure
2023-03-18 12:00:00,18.7,96.0,1010.2,,28.5845,77.2058,214.9,INI0000VIDD,SAFDARJUNG,1010.2,sea_level_pressure
2023-03-18 12:00:00,29.4,33.0,1006.4,,26.2511,73.0489,218.5,INI0000VIJO,JODHPUR,1006.4,sea_level_pressure
2023-03-18 12:00:00,19.7,85.0,1009.0,,30.3167,78.0333,682.0,INM00042111,DEHRADUN,1009.0,sea_level_pressure
2023-03-18 15:00:00,19.6,92.0,1009.4,,28.5845,77.2058,214.9,INI0000VIDD,SAFDARJUNG,1009.4,sea_level_pressure
2023-03-18 15:00:00,26.0,45.0,1007.9,,26.2511,73.0489,218.5,INI0000VIJO,JODHPUR,1007.9,sea_level_pressure
2023-03-18 15:00:00,,,,,,,,INM00042111,DEHRADUN,,sea_level_pressure
2023-03-18 18:00:00,19.2,92.0,1009.8,,28.5845,77.2058,214.9,INI0000VIDD,SAFDARJUNG,1009.8,sea_level_pressure
2023-03-18 18:00:00,23.8,47.0,1009.2,,26.2511,73.0489,218.5,INI0000VIJO,JODHPUR,1009.2,sea_level_pressure
2023-03-18 18:00:00,15.0,90.0,1010.8,940.0,30.3167,78.0333,682.0,INM00042111,DEHRADUN,1010.8,sea_level_pressure
2023-03-18 21:00:00,18.6,87.0,1009.3,,28.5845,77.2058,214.9,INI0000VIDD,SAFDARJUNG,1009.3,sea_level_pressure
2023-03-18 21:00:00,22.2,49.0,1008.3,,26.2511,73.0489,218.5,INI0000VIJO,JODHPUR,1008.3,sea_level_pressure
2023-03-18 21:00:00,14.7,88.0,1009.1,938.5,30.3167,78.0333,682.0,INM00042111,DEHRADUN,1009.1,sea_level_pressure
2023-03-19 00:00:00,17.7,96.0,1009.1,,28.5845,77.2058,214.9,INI0000VIDD,SAFDARJUNG,1009.1,sea_level_pressure
2023-03-19 00:00:00,20.6,60.0,1007.6,,26.2511,73.0489,218.5,INI0000VIJO,JODHPUR,1007.6,sea_level_pressure
2023-03-19 00:00:00,14.5,89.0,1009.8,938.3,30.3167,78.0333,682.0,INM00042111,DEHRADUN,1009.8,sea_level_pressure
2023-03-19 03:00:00,19.0,94.0,1010.8,,28.5845,77.2058,214.9,INI0000VIDD,SAFDARJUNG,1010.8,sea_level_pressure
2023-03-19 03:00:00,21.4,64.0,1010.0,,26.2511,73.0489,218.5,INI0000VIJO,JODHPUR,1010.0,sea_level_pressure
2023-03-19 03:00:00,15.4,91.0,1009.4,939.9,30.3167,78.0333,682.0,INM00042111,DEHRADUN,1009.4,sea_level_pressure
2023-03-19 06:00:00,25.7,63.0,1010.1,,28.5845,77.2058,214.9,INI0000VIDD,SAFDARJUNG,1010.1,sea_level_pressure
2023-03-19 06:00:00,28.4,37.0,1009.4,,26.2511,73.0489,218.5,INI0000VIJO,JODHPUR,1009.4,sea_level_pressure
2023-03-19 06:00:00,22.7,55.0,1008.9,940.1,30.3167,78.0333,682.0,INM00042111,DEHRADUN,1008.9,sea_level_pressure
2023-03-19 09:00:00,26.0,63.0,1007.0,,28.5845,77.2058,214.9,INI0000VIDD,SAFDARJUNG,1007.0,sea_level_pressure
2023-03-19 09:00:00,31.0,29.0,1006.0,,26.2511,73.0489,218.5,INI0000VIJO,JODHPUR,1006.0,sea_level_pressure
2023-03-19 09:00:00,26.0,46.0,1005.6,937.6,30.3167,78.0333,682.0,INM00042111,DEHRADUN,1005.6,sea_level_pressure
2023-03-19 12:00:00,24.5,73.0,1006.0,,28.5845,77.2058,214.9,INI0000VIDD,SAFDARJUNG,1006.0,sea_level_pressure
2023-03-19 12:00:00,23.2,56.0,1006.5,,26.2511,73.0489,218.5,INI0000VIJO,JODHPUR,1006.5,sea_level_pressure
2023-03-19 12:00:00,23.5,51.0,1004.5,936.2,30.3167,78.0333,682.0,INM00042111,DEHRADUN,1004.5,sea_level_pressure
2023-03-19 15:00:00,20.0,89.0,1006.9,,28.5845,77.2058,214.9,INI0000VIDD,SAFDARJUNG,1006.9,sea_level_pressure
2023-03-19 15:00:00,19.6,74.0,1008.1,,26.2511,73.0489,218.5,INI0000VIJO,JODHPUR,1008.1,sea_level_pressure
2023-03-19 15:00:00,18.4,69.0,1007.0,937.4,30.3167,78.0333,682.0,INM00042111,DEHRADUN,1007.0,sea_level_pressure
2023-03-19 18:00:00,19.5,92.0,1007.7,,28.5845,77.2058,214.9,INI0000VIDD,SAFDARJUNG,1007.7,sea_level_pressure
2023-03-19 18:00:00,18.8,83.0,1008.6,,26.2511,73.0489,218.5,INI0000VIJO,JODHPUR,1008.6,sea_level_pressure
2023-03-19 18:00:00,16.5,84.0,1008.1,938.0,30.3167,78.0333,682.0,INM00042111,DEHRADUN,1008.1,sea_level_pressure
2023-03-19 21:00:00,18.8,94.0,1007.4,,28.5845,77.2058,214.9,INI0000VIDD,SAFDARJUNG,1007.4,sea_level_pressure
2023-03-19 21:00:00,18.4,86.0,1007.7,,26.2511,73.0489,218.5,INI0000VIJO,JODHPUR,1007.7,sea_level_pressure
2023-03-19 21:00:00,15.0,91.0,1008.0,937.4,30.3167,78.0333,682.0,INM00042111,DEHRADUN,1008.0,sea_level_pressure
2023-03-20 00:00:00,18.7,95.0,1006.9,,28.5845,77.2058,214.9,INI0000VIDD,SAFDARJUNG,1006.9,sea_level_pressure
2023-03-20 00:00:00,17.6,92.0,1007.0,,26.2511,73.0489,218.5,INI0000VIJO,JODHPUR,1007.0,sea_level_pressure
2023-03-20 00:00:00,15.0,90.0,1007.3,936.8,30.3167,78.0333,682.0,INM00042111,DEHRADUN,1007.3,sea_level_pressure
2023-03-20 03:00:00,20.0,83.0,1008.6,,28.5845,77.2058,214.9,INI0000VIDD,SAFDARJUNG,1008.6,sea_level_pressure
2023-03-20 03:00:00,20.2,75.0,1008.9,,26.2511,73.0489,218.5,INI0000VIJO,JODHPUR,1008.9,sea_level_pressure
2023-03-20 03:00:00,16.8,81.0,1008.1,938.0,30.3167,78.0333,682.0,INM00042111,DEHRADUN,1008.1,sea_level_pressure
2023-03-20 06:00:00,23.7,63.0,1008.4,,28.5845,77.2058,214.9,INI0000VIDD,SAFDARJUNG,1008.4,sea_level_pressure
2023-03-20 06:00:00,24.6,56.0,1008.6,,26.2511,73.0489,218.5,INI0000VIJO,JODHPUR,1008.6,sea_level_pressure
2023-03-20 06:00:00,23.6,57.0,1006.9,938.5,30.3167,78.0333,682.0,INM00042111,DEHRADUN,1006.9,sea_level_pressure
2023-03-20 09:00:00,26.6,48.0,1005.6,,28.5845,77.2058,214.9,INI0000VIDD,SAFDARJUNG,1005.6,sea_level_pressure
2023-03-20 09:00:00,27.4,46.0,1006.0,,26.2511,73.0489,218.5,INI0000VIJO,JODHPUR,1006.0,sea_level_pressure
2023-03-20 09:00:00,19.7,67.0,1006.6,937.2,30.3167,78.0333,682.0,INM00042111,DEHRADUN,1006.6,sea_level_pressure
2023-03-20 12:00:00,22.8,66.0,1005.3,,28.5845,77.2058,214.9,INI0000VIDD,SAFDARJUNG,1005.3,sea_level_pressure
2023-03-20 12:00:00,28.2,40.0,1003.9,,26.2511,73.0489,218.5,INI0000VIJO,JODHPUR,1003.9,sea_level_pressure
2023-03-20 12:00:00,18.5,77.0,1005.6,936.1,30.3167,78.0333,682.0,INM00042111,DEHRADUN,1005.6,sea_level_pressure
2023-03-20 15:00:00,15.8,100.0,1009.8,,28.5845,77.2058,214.9,INI0000VIDD,SAFDARJUNG,1009.8,sea_level_pressure
2023-03-20 15:00:00,23.2,67.0,1005.8,,26.2511,73.0489,218.5,INI0000VIJO,JODHPUR,1005.8,sea_level_pressure
2023-03-20 15:00:00,15.8,92.0,1008.1,937.7,30.3167,78.0333,682.0,INM00042111,DEHRADUN,1008.1,sea_level_pressure
2023-03-20 18:00:00,16.5,99.0,1007.8,,28.5845,77.2058,214.9,INI0000VIDD,SAFDARJUNG,1007.8,sea_level_pressure
2023-03-20 18:00:00,20.6,80.0,1007.5,,26.2511,73.0489,218.5,INI0000VIJO,JODHPUR,1007.5,sea_level_pressure
2023-03-20 18:00:00,15.6,94.0,1007.5,937.1,30.3167,78.0333,682.0,INM00042111,DEHRADUN,1007.5,sea_level_pressure
2023-03-20 21:00:00,16.2,96.0,1008.1,,28.5845,77.2058,214.9,INI0000VIDD,SAFDARJUNG,1008.1,sea_level_pressure
2023-03-20 21:00:00,18.6,75.0,1007.1,,26.2511,73.0489,218.5,INI0000VIJO,JODHPUR,1007.1,sea_level_pressure
2023-03-20 21:00:00,15.4,96.0,1006.9,936.7,30.3167,78.0333,682.0,INM00042111,DEHRADUN,1006.9,sea_level_pressure
2023-03-21 00:00:00,16.6,100.0,1007.2,,28.5845,77.2058,214.9,INI0000VIDD,SAFDARJUNG,1007.2,sea_level_pressure
2023-03-21 00:00:00,17.8,88.0,1006.3,,26.2511,73.0489,218.5,INI0000VIJO,JODHPUR,1006.3,sea_level_pressure
2023-03-21 00:00:00,14.2,97.0,1006.7,936.2,30.3167,78.0333,682.0,INM00042111,DEHRADUN,1006.7,sea_level_pressure
2023-03-21 03:00:00,17.4,94.0,1009.5,,28.5845,77.2058,214.9,INI0000VIDD,SAFDARJUNG,1009.5,sea_level_pressure
2023-03-21 03:00:00,21.2,68.0,1009.2,,26.2511,73.0489,218.5,INI0000VIJO,JODHPUR,1009.2,sea_level_pressure
2023-03-21 03:00:00,14.4,100.0,1007.4,936.9,30.3167,78.0333,682.0,INM00042111,DEHRADUN,1007.4,sea_level_pressure
2023-03-21 06:00:00,22.5,75.0,1010.1,,28.5845,77.2058,214.9,INI0000VIDD,SAFDARJUNG,1010.1,sea_level_pressure
2023-03-21 06:00:00,28.7,31.0,1009.2,,26.2511,73.0489,218.5,INI0000VIJO,JODHPUR,1009.2,sea_level_pressure
2023-03-21 06:00:00,15.5,95.0,1010.4,939.9,30.3167,78.0333,682.0,INM00042111,DEHRADUN,1010.4,sea_level_pressure
2023-03-21 09:00:00,23.8,64.0,1008.2,,28.5845,77.2058,214.9,INI0000VIDD,SAFDARJUNG,1008.2,sea_level_pressure
2023-03-21 09:00:00,31.5,25.0,1006.3,,26.2511,73.0489,218.5,INI0000VIJO,JODHPUR,1006.3,sea_level_pressure
2023-03-21 09:00:00,17.6,83.0,1008.4,938.5,30.3167,78.0333,682.0,INM00042111,DEHRADUN,1008.4,sea_level_pressure
2023-03-21 12:00:00,24.0,60.0,1007.4,,28.5845,77.2058,214.9,INI0000VIDD,SAFDARJUNG,1007.4,sea_level_pressure
2023-03-21 12:00:00,30.2,32.0,1005.2,,26.2511,73.0489,218.5,INI0000VIJO,JODHPUR,1005.2,sea_level_pressure
2023-03-21 12:00:00,18.6,71.0,1007.1,937.6,30.3167,78.0333,682.0,INM00042111,DEHRADUN,1007.1,sea_level_pressure
2023-03-21 15:00:00,20.8,80.0,1009.2,,28.5845,77.2058,214.9,INI0000VIDD,SAFDARJUNG,1009.2,sea_level_pressure
2023-03-21 15:00:00,25.2,39.0,1006.9,,26.2511,73.0489,218.5,INI0000VIJO,JODHPUR,1006.9,sea_level_pressure
2023-03-21 15:00:00,15.2,94.0,1008.1,938.7,30.3167,78.0333,682.0,INM00042111,DEHRADUN,1008.1,sea_level_pressure
2023-03-21 18:00:00,18.2,92.0,1010.2,,28.5845,77.2058,214.9,INI0000VIDD,SAFDARJUNG,1010.2,sea_level_pressure
2023-03-21 18:00:00,22.8,50.0,1008.4,,26.2511,73.0489,218.5,INI0000VIJO,JODHPUR,1008.4,sea_level_pressure
2023-03-21 18:00:00,13.6,96.0,1010.1,939.1,30.3167,78.0333,682.0,INM00042111,DEHRADUN,1010.1,sea_level_pressure
2023-03-21 21:00:00,16.7,94.0,1009.9,,28.5845,77.2058,214.9,INI0000VIDD,SAFDARJUNG,1009.9,sea_level_pressure
2023-03-21 21:00:00,21.0,59.0,1007.8,,26.2511,73.0489,218.5,INI0000VIJO,JODHPUR,1007.8,sea_level_pressure
2023-03-21 21:00:00,12.7,98.0,1009.6,938.5,30.3167,78.0333,682.0,INM00042111,DEHRADUN,1009.6,sea_level_pressure
2023-03-22 00:00:00,15.7,96.0,1010.5,,28.5845,77.2058,214.9,INI0000VIDD,SAFDARJUNG,1010.5,sea_level_pressure
2023-03-22 00:00:00,21.6,55.0,1008.7,,26.2511,73.0489,218.5,INI0000VIJO,JODHPUR,1008.7,sea_level_pressure
2023-03-22 00:00:00,12.5,97.0,1009.1,938.0,30.3167,78.0333,682.0,INM00042111,DEHRADUN,1009.1,sea_level_pressure
2023-03-22 03:00:00,18.4,90.0,1013.1,,28.5845,77.2058,214.9,INI0000VIDD,SAFDARJUNG,1013.1,sea_level_pressure
2023-03-22 03:00:00,21.0,70.0,1011.7,,26.2511,73.0489,218.5,INI0000VIJO,JODHPUR,1011.7,sea_level_pressure
2023-03-22 03:00:00,14.6,90.0,1011.3,940.5,30.3167,78.0333,682.0,INM00042111,DEHRADUN,1011.3,sea_level_pressure
2023-03-22 06:00:00,23.6,67.0,1012.4,,28.5845,77.2058,214.9,INI0000VIDD,SAFDARJUNG,1012.4,sea_level_pressure
2023-03-22 06:00:00,27.0,47.0,1011.3,,26.2511,73.0489,218.5,INI0000VIJO,JODHPUR,1011.3,sea_level_pressure
2023-03-22 06:00:00,22.5,54.0,1009.9,941.1,30.3167,78.0333,682.0,INM00042111,DEHRADUN,1009.9,sea_level_pressure
2023-03-22 09:00:00,27.6,50.0,1009.1,,28.5845,77.2058,214.9,INI0000VIDD,SAFDARJUNG,1009.1,sea_level_pressure
2023-03-22 09:00:00,31.2,28.0,1007.8,,26.2511,73.0489,218.5,INI0000VIJO,JODHPUR,1007.8,sea_level_pressure
2023-03-22 09:00:00,25.0,52.0,1006.7,938.5,30.3167,78.0333,682.0,INM00042111,DEHRADUN,1006.7,sea_level_pressure
2023-03-22 12:00:00,26.7,52.0,1007.4,,28.5845,77.2058,214.9,INI0000VIDD,SAFDARJUNG,1007.4,sea_level_pressure
2023-03-22 12:00:00,30.7,29.0,1005.5,,26.2511,73.0489,218.5,INI0000VIJO,JODHPUR,1005.5,sea_level_pressure
2023-03-22 12:00:00,23.6,57.0,1004.4,936.1,30.3167,78.0333,682.0,INM00042111,DEHRADUN,1004.4,sea_level_pressure
2023-03-22 15:00:00,23.2,67.0,1008.8,,28.5845,77.2058,214.9,INI0000VIDD,SAFDARJUNG,1008.8,sea_level_pressure
2023-03-22 15:00:00,26.0,52.0,1006.6,,26.2511,73.0489,218.5,INI0000VIJO,JODHPUR,1006.6,sea_level_pressure
2023-03-22 15:00:00,18.8,83.0,1006.4,936.9,30.3167,78.0333,682.0,INM00042111,DEHRADUN,1006.4,sea_level_pressure
2023-03-22 18:00:00,21.5,71.0,1009.7,,28.5845,77.2058,214.9,INI0000VIDD,SAFDARJUNG,1009.7,sea_level_pressure
2023-03-22 18:00:00,23.6,57.0,1008.0,,26.2511,73.0489,218.5,INI0000VIJO,JODHPUR,1008.0,sea_level_pressure
2023-03-22 18:00:00,16.6,88.0,1008.9,938.7,30.3167,78.0333,682.0,INM00042111,DEHRADUN,1008.9,sea_level_pressure
2023-03-22 21:00:00,19.0,81.0,1009.2,,28.5845,77.2058,214.9,INI0000VIDD,SAFDARJUNG,1009.2,sea_level_pressure
2023-03-22 21:00:00,22.4,60.0,1007.8,,26.2511,73.0489,218.5,INI0000VIJO,JODHPUR,1007.8,sea_level_pressure
2023-03-22 21:00:00,15.2,94.0,1007.0,937.6,30.3167,78.0333,682.0,INM00042111,DEHRADUN,1007.0,sea_level_pressure
2023-03-23 00:00:00,17.6,92.0,1008.3,,28.5845,77.2058,214.9,INI0000VIDD,SAFDARJUNG,1008.3,sea_level_pressure
2023-03-23 00:00:00,20.8,58.0,1007.2,,26.2511,73.0489,218.5,INI0000VIJO,JODHPUR,1007.2,sea_level_pressure
2023-03-23 00:00:00,13.6,93.0,1007.7,936.9,30.3167,78.0333,682.0,INM00042111,DEHRADUN,1007.7,sea_level_pressure
2023-03-23 03:00:00,19.0,81.0,1010.0,,28.5845,77.2058,214.9,INI0000VIDD,SAFDARJUNG,1010.0,sea_level_pressure
2023-03-23 03:00:00,22.5,52.0,1009.6,,26.2511,73.0489,218.5,INI0000VIJO,JODHPUR,1009.6,sea_level_pressure
2023-03-23 03:00:00,16.0,88.0,1008.9,938.5,30.3167,78.0333,682.0,INM00042111,DEHRADUN,1008.9,sea_level_pressure
2023-03-23 06:00:00,27.2,46.0,1010.1,,28.5845,77.2058,214.9,INI0000VIDD,SAFDARJUNG,1010.1,sea_level_pressure
2023-03-23 06:00:00,30.2,31.0,1009.7,,26.2511,73.0489,218.5,INI0000VIJO,JODHPUR,1009.7,sea_level_pressure
2023-03-23 06:00:00,24.6,47.0,1007.3,939.1,30.3167,78.0333,682.0,INM00042111,DEHRADUN,1007.3,sea_level_pressure
2023-03-23 09:00:00,29.8,37.0,1007.6,,28.5845,77.2058,214.9,INI0000VIDD,SAFDARJUNG,1007.6,sea_level_pressure
2023-03-23 09:00:00,32.0,27.0,1006.5,,26.2511,73.0489,218.5,INI0000VIJO,JODHPUR,1006.5,sea_level_pressure
2023-03-23 09:00:00,27.4,49.0,1004.6,937.0,30.3167,78.0333,682.0,INM00042111,DEHRADUN,1004.6,sea_level_pressure
2023-03-23 12:00:00,28.5,40.0,1006.1,,28.5845,77.2058,214.9,INI0000VIDD,SAFDARJUNG,1006.1,sea_level_pressure
2023-03-23 12:00:00,31.7,26.0,1004.8,,26.2511,73.0489,218.5,INI0000VIJO,JODHPUR,1004.8,sea_level_pressure
2023-03-23 12:00:00,25.6,54.0,1003.3,935.6,30.3167,78.0333,682.0,INM00042111,DEHRADUN,1003.3,sea_level_pressure
2023-03-23 15:00:00,24.6,58.0,1007.6,,28.5845,77.2058,214.9,INI0000VIDD,SAFDARJUNG,1007.6,sea_level_pressure
2023-03-23 15:00:00,28.0,40.0,1006.3,,26.2511,73.0489,218.5,INI0000VIJO,JODHPUR,1006.3,sea_level_pressure
2023-03-23 15:00:00,20.0,74.0,1007.0,937.7,30.3167,78.0333,682.0,INM00042111,DEHRADUN,1007.0,sea_level_pressure
2023-03-23 18:00:00,22.0,74.0,1008.3,,28.5845,77.2058,214.9,INI0000VIDD,SAFDARJUNG,1008.3,sea_level_pressure
2023-03-23 18:00:00,26.2,41.0,1006.3,,26.2511,73.0489,218.5,INI0000VIJO,JODHPUR,1006.3,sea_level_pressure
2023-03-23 18:00:00,17.5,86.0,1007.1,937.2,30.3167,78.0333,682.0,INM00042111,DEHRADUN,1007.1,sea_level_pressure
2023-03-23 21:00:00,20.0,83.0,1007.7,,28.5845,77.2058,214.9,INI0000VIDD,SAFDARJUNG,1007.7,sea_level_pressure
2023-03-23 21:00:00,24.6,48.0,1005.8,,26.2511,73.0489,218.5,INI0000VIJO,JODHPUR,1005.8,sea_level_pressure
2023-03-23 21:00:00,16.4,90.0,1006.4,936.4,30.3167,78.0333,682.0,INM00042111,DEHRADUN,1006.4,sea_level_pressure
2023-03-24 00:00:00,19.0,92.0,1007.3,,28.5845,77.2058,214.9,INI0000VIDD,SAFDARJUNG,1007.3,sea_level_pressure
2023-03-24 00:00:00,23.0,56.0,1006.1,,26.2511,73.0489,218.5,INI0000VIJO,JODHPUR,1006.1,sea_level_pressure
2023-03-24 00:00:00,15.0,94.0,1006.6,936.1,30.3167,78.0333,682.0,INM00042111,DEHRADUN,1006.6,sea_level_pressure
2023-03-24 03:00:00,21.6,76.0,1009.0,,28.5845,77.2058,214.9,INI0000VIDD,SAFDARJUNG,1009.0,sea_level_pressure
2023-03-24 03:00:00,24.2,62.0,1008.7,,26.2511,73.0489,218.5,INI0000VIJO,JODHPUR,1008.7,sea_level_pressure
2023-03-24 03:00:00,17.8,83.0,1008.0,938.1,30.3167,78.0333,682.0,INM00042111,DEHRADUN,1008.0,sea_level_pressure
2023-03-24 06:00:00,20.6,85.0,1012.3,,28.5845,77.2058,214.9,INI0000VIDD,SAFDARJUNG,1012.3,sea_level_pressure
2023-03-24 06:00:00,27.6,49.0,1009.2,,26.2511,73.0489,218.5,INI0000VIJO,JODHPUR,1009.2,sea_level_pressure
2023-03-24 06:00:00,26.6,39.0,1008.5,940.6,30.3167,78.0333,682.0,INM00042111,DEHRADUN,1008.5,sea_level_pressure
2023-03-24 09:00:00,27.6,54.0,1008.4,,28.5845,77.2058,214.9,INI0000VIDD,SAFDARJUNG,1008.4,sea_level_pressure
2023-03-24 09:00:00,30.0,31.0,1006.4,,26.2511,73.0489,218.5,INI0000VIJO,JODHPUR,1006.4,sea_level_pressure
2023-03-24 09:00:00,22.4,60.0,1009.0,940.2,30.3167,78.0333,682.0,INM00042111,DEHRADUN,1009.0,sea_level_pressure
2023-03-24 12:00:00,27.5,50.0,1005.8,,28.5845,77.2058,214.9,INI0000VIDD,SAFDARJUNG,1005.8,sea_level_pressure
2023-03-24 12:00:00,29.5,26.0,1005.3,,26.2511,73.0489,218.5,INI0000VIJO,JODHPUR,1005.3,sea_level_pressure
2023-03-24 12:00:00,23.7,53.0,1006.5,938.1,30.3167,78.0333,682.0,INM00042111,DEHRADUN,1006.5,sea_level_pressure
2023-03-24 15:00:00,20.6,91.0,1007.6,,28.5845,77.2058,214.9,INI0000VIDD,SAFDARJUNG,1007.6,sea_level_pressure
2023-03-24 15:00:00,27.2,31.0,1007.0,,26.2511,73.0489,218.5,INI0000VIJO,JODHPUR,1007.0,sea_level_pressure
2023-03-24 15:00:00,19.8,75.0,1007.9,938.5,30.3167,78.0333,682.0,INM00042111,DEHRADUN,1007.9,sea_level_pressure
2023-03-24 18:00:00,19.0,100.0,1010.3,,28.5845,77.2058,214.9,INI0000VIDD,SAFDARJUNG,1010.3,sea_level_pressure
2023-03-24 18:00:00,24.7,43.0,1008.6,,26.2511,73.0489,218.5,INI0000VIJO,JODHPUR,1008.6,sea_level_pressure
2023-03-24 18:00:00,17.2,88.0,1009.1,939.2,30.3167,78.0333,682.0,INM00042111,DEHRADUN,1009.1,sea_level_pressure
2023-03-24 21:00:00,18.0,99.0,1009.8,,28.5845,77.2058,214.9,INI0000VIDD,SAFDARJUNG,1009.8,sea_level_pressure
2023-03-24 21:00:00,22.8,52.0,1008.2,,26.2511,73.0489,218.5,INI0000VIJO,JODHPUR,1008.2,sea_level_pressure
2023-03-24 21:00:00,16.6,96.0,1011.4,941.1,30.3167,78.0333,682.0,INM00042111,DEHRADUN,1011.4,sea_level_pressure
2023-03-25 00:00:00,17.5,95.0,1010.3,,28.5845,77.2058,214.9,INI0000VIDD,SAFDARJUNG,1010.3,sea_level_pressure
2023-03-25 00:00:00,22.0,49.0,1008.7,,26.2511,73.0489,218.5,INI0000VIJO,JODHPUR,1008.7,sea_level_pressure
2023-03-25 00:00:00,15.6,91.0,1008.6,938.2,30.3167,78.0333,682.0,INM00042111,DEHRADUN,1008.6,sea_level_pressure
2023-03-25 03:00:00,19.4,85.0,1013.0,,28.5845,77.2058,214.9,INI0000VIDD,SAFDARJUNG,1013.0,sea_level_pressure
2023-03-25 03:00:00,24.0,46.0,1011.6,,26.2511,73.0489,218.5,INI0000VIJO,JODHPUR,1011.6,sea_level_pressure
2023-03-25 03:00:00,17.8,86.0,1010.0,940.0,30.3167,78.0333,682.0,INM00042111,DEHRADUN,1010.0,sea_level_pressure
2023-03-25 06:00:00,25.6,65.0,1013.5,,28.5845,77.2058,214.9,INI0000VIDD,SAFDARJUNG,1013.5,sea_level_pressure
2023-03-25 06:00:00,27.6,35.0,1012.1,,26.2511,73.0489,218.5,INI0000VIJO,JODHPUR,1012.1,sea_level_pressure
2023-03-25 06:00:00,20.7,73.0,1012.1,942.7,30.3167,78.0333,682.0,INM00042111,DEHRADUN,1012.1,sea_level_pressure
2023-03-25 09:00:00,29.2,48.0,1010.7,,28.5845,77.2058,214.9,INI0000VIDD,SAFDARJUNG,1010.7,sea_level_pressure
2023-03-25 09:00:00,30.2,27.0,1009.7,,26.2511,73.0489,218.5,INI0000VIJO,JODHPUR,1009.7,sea_level_pressure
2023-03-25 09:00:00,24.0,61.0,1010.5,941.8,30.3167,78.0333,682.0,INM00042111,DEHRADUN,1010.5,sea_level_pressure
2023-03-25 12:00:00,28.0,55.0,1009.8,,28.5845,77.2058,214.9,INI0000VIDD,SAFDARJUNG,1009.8,sea_level_pressure
2023-03-25 12:00:00,29.7,23.0,1008.6,,26.2511,73.0489,218.5,INI0000VIJO,JODHPUR,1008.6,sea_level_pressure
2023-03-25 12:00:00,25.6,60.0,1008.1,940.0,30.3167,78.0333,682.0,INM00042111,DEHRADUN,1008.1,sea_level_pressure
2023-03-25 15:00:00,22.8,81.0,1011.0,,28.5845,77.2058,214.9,INI0000VIDD,SAFDARJUNG,1011.0,sea_level_pressure
2023-03-25 15:00:00,25.5,47.0,1010.4,,26.2511,73.0489,218.5,INI0000VIJO,JODHPUR,1010.4,sea_level_pressure
2023-03-25 15:00:00,21.0,81.0,1009.4,940.1,30.3167,78.0333,682.0,INM00042111,DEHRADUN,1009.4,sea_level_pressure
2023-03-25 18:00:00,20.7,88.0,1012.3,,28.5845,77.2058,214.9,INI0000VIDD,SAFDARJUNG,1012.3,sea_level_pressure
2023-03-25 18:00:00,23.0,50.0,1011.6,,26.2511,73.0489,218.5,INI0000VIJO,JODHPUR,1011.6,sea_level_pressure
2023-03-25 18:00:00,16.0,80.0,1013.1,942.4,30.3167,78.0333,682.0,INM00042111,DEHRADUN,1013.1,sea_level_pressure
2023-03-25 21:00:00,,,,,,,,INI0000VIDD,SAFDARJUNG,,sea_level_pressure
2023-03-25 21:00:00,21.6,53.0,1011.0,,26.2511,73.0489,218.5,INI0000VIJO,JODHPUR,1011.0,sea_level_pressure
2023-03-25 21:00:00,16.4,73.0,1012.6,942.2,30.3167,78.0333,682.0,INM00042111,DEHRADUN,1012.6,sea_level_pressure
2023-03-26 00:00:00,17.7,93.0,1011.3,,28.5845,77.2058,214.9,INI0000VIDD,SAFDARJUNG,1011.3,sea_level_pressure
2023-03-26 00:00:00,21.5,52.0,1011.2,,26.2511,73.0489,218.5,INI0000VIJO,JODHPUR,1011.2,sea_level_pressure
2023-03-26 00:00:00,13.6,93.0,1012.1,941.0,30.3167,78.0333,682.0,INM00042111,DEHRADUN,1012.1,sea_level_pressure
2023-03-26 03:00:00,18.8,87.0,1013.0,,28.5845,77.2058,214.9,INI0000VIDD,SAFDARJUNG,1013.0,sea_level_pressure
2023-03-26 03:00:00,22.5,54.0,1012.6,,26.2511,73.0489,218.5,INI0000VIJO,JODHPUR,1012.6,sea_level_pressure
2023-03-26 03:00:00,17.0,73.0,1011.7,941.3,30.3167,78.0333,682.0,INM00042111,DEHRADUN,1011.7,sea_level_pressure
2023-03-26 06:00:00,28.2,43.0,1012.1,,28.5845,77.2058,214.9,INI0000VIDD,SAFDARJUNG,1012.1,sea_level_pressure
2023-03-26 06:00:00,29.5,36.0,1012.1,,26.2511,73.0489,218.5,INI0000VIJO,JODHPUR,1012.1,sea_level_pressure
2023-03-26 06:00:00,25.0,49.0,1009.7,941.2,30.3167,78.0333,682.0,INM00042111,DEHRADUN,1009.7,sea_level_pressure
2023-03-26 09:00:00,30.4,32.0,1009.1,,28.5845,77.2058,214.9,INI0000VIDD,SAFDARJUNG,1009.1,sea_level_pressure
2023-03-26 09:00:00,31.8,24.0,1009.1,,26.2511,73.0489,218.5,INI0000VIJO,JODHPUR,1009.1,sea_level_pressure
2023-03-26 09:00:00,26.2,41.0,1006.7,939.0,30.3167,78.0333,682.0,INM00042111,DEHRADUN,1006.7,sea_level_pressure
2023-03-26 12:00:00,28.5,44.0,1008.3,,28.5845,77.2058,214.9,INI0000VIDD,SAFDARJUNG,1008.3,sea_level_pressure
2023-03-26 12:00:00,31.6,25.0,1007.6,,26.2511,73.0489,218.5,INI0000VIJO,JODHPUR,1007.6,sea_level_pressure
2023-03-26 12:00:00,25.5,48.0,1005.1,937.2,30.3167,78.0333,682.0,INM00042111,DEHRADUN,1005.1,sea_level_pressure
2023-03-26 15:00:00,24.4,56.0,1009.5,,28.5845,77.2058,214.9,INI0000VIDD,SAFDARJUNG,1009.5,sea_level_pressure
2023-03-26 15:00:00,28.5,29.0,1009.3,,26.2511,73.0489,218.5,INI0000VIJO,JODHPUR,1009.3,sea_level_pressure
2023-03-26 15:00:00,19.4,73.0,1007.9,938.5,30.3167,78.0333,682.0,INM00042111,DEHRADUN,1007.9,sea_level_pressure
2023-03-26 18:00:00,21.7,68.0,1010.5,,28.5845,77.2058,214.9,INI0000VIDD,SAFDARJUNG,1010.5,sea_level_pressure
2023-03-26 18:00:00,26.5,31.0,1010.2,,26.2511,73.0489,218.5,INI0000VIJO,JODHPUR,1010.2,sea_level_pressure
2023-03-26 18:00:00,15.6,88.0,1009.1,938.7,30.3167,78.0333,682.0,INM00042111,DEHRADUN,1009.1,sea_level_pressure
2023-03-26 21:00:00,19.4,81.0,1009.2,,28.5845,77.2058,214.9,INI0000VIDD,SAFDARJUNG,1009.2,sea_level_pressure
2023-03-26 21:00:00,25.0,32.0,1009.9,,26.2511,73.0489,218.5,INI0000VIJO,JODHPUR,1009.9,sea_level_pressure
2023-03-26 21:00:00,14.2,91.0,1008.7,938.1,30.3167,78.0333,682.0,INM00042111,DEHRADUN,1008.7,sea_level_pressure
2023-03-27 00:00:00,18.2,84.0,1009.9,,28.5845,77.2058,214.9,INI0000VIDD,SAFDARJUNG,1009.9,sea_level_pressure
2023-03-27 00:00:00,21.0,52.0,1010.7,,26.2511,73.0489,218.5,INI0000VIJO,JODHPUR,1010.7,sea_level_pressure
2023-03-27 00:00:00,13.5,93.0,1008.6,937.3,30.3167,78.0333,682.0,INM00042111,DEHRADUN,1008.6,sea_level_pressure
2023-03-27 03:00:00,20.0,76.0,1011.5,,28.5845,77.2058,214.9,INI0000VIDD,SAFDARJUNG,1011.5,sea_level_pressure
2023-03-27 03:00:00,22.8,49.0,1012.6,,26.2511,73.0489,218.5,INI0000VIJO,JODHPUR,1012.6,sea_level_pressure
2023-03-27 03:00:00,16.8,78.0,1009.5,939.2,30.3167,78.0333,682.0,INM00042111,DEHRADUN,1009.5,sea_level_pressure
2023-03-27 06:00:00,26.0,54.0,1011.9,,28.5845,77.2058,214.9,INI0000VIDD,SAFDARJUNG,1011.9,sea_level_pressure
2023-03-27 06:00:00,29.0,26.0,1012.8,,26.2511,73.0489,218.5,INI0000VIJO,JODHPUR,1012.8,sea_level_pressure
2023-03-27 06:00:00,26.0,38.0,1008.3,940.2,30.3167,78.0333,682.0,INM00042111,DEHRADUN,1008.3,sea_level_pressure
2023-03-27 09:00:00,28.2,38.0,1009.3,,28.5845,77.2058,214.9,INI0000VIDD,SAFDARJUNG,1009.3,sea_level_pressure
2023-03-27 09:00:00,31.5,20.0,1009.8,,26.2511,73.0489,218.5,INI0000VIJO,JODHPUR,1009.8,sea_level_pressure
2023-03-27 09:00:00,27.0,43.0,1005.9,938.2,30.3167,78.0333,682.0,INM00042111,DEHRADUN,1005.9,sea_level_pressure
2023-03-27 12:00:00,28.0,40.0,1008.1,,28.5845,77.2058,214.9,INI0000VIDD,SAFDARJUNG,1008.1,sea_level_pressure
2023-03-27 12:00:00,31.5,23.0,1008.1,,26.2511,73.0489,218.5,INI0000VIJO,JODHPUR,1008.1,sea_level_pressure
2023-03-27 12:00:00,25.6,46.0,1005.8,937.8,30.3167,78.0333,682.0,INM00042111,DEHRADUN,1005.8,sea_level_pressure
2023-03-27 15:00:00,23.6,61.0,1009.1,,28.5845,77.2058,214.9,INI0000VIDD,SAFDARJUNG,1009.1,sea_level_pressure
2023-03-27 15:00:00,26.0,42.0,1009.4,,26.2511,73.0489,218.5,INI0000VIJO,JODHPUR,1009.4,sea_level_pressure
2023-03-27 15:00:00,19.8,67.0,1008.7,939.2,30.3167,78.0333,682.0,INM00042111,DEHRADUN,1008.7,sea_level_pressure
2023-03-27 18:00:00,21.0,70.0,1010.2,,28.5845,77.2058,214.9,INI0000VIDD,SAFDARJUNG,1010.2,sea_level_pressure
2023-03-27 18:00:00,22.7,50.0,1009.9,,26.2511,73.0489,218.5,INI0000VIJO,JODHPUR,1009.9,sea_level_pressure
2023-03-27 18:00:00,18.0,74.0,1010.0,940.0,30.3167,78.0333,682.0,INM00042111,DEHRADUN,1010.0,sea_level_pressure
2023-03-27 21:00:00,19.4,77.0,1009.7,,28.5845,77.2058,214.9,INI0000VIDD,SAFDARJUNG,1009.7,sea_level_pressure
2023-03-27 21:00:00,20.5,58.0,1009.2,,26.2511,73.0489,218.5,INI0000VIJO,JODHPUR,1009.2,sea_level_pressure
2023-03-27 21:00:00,,,,,,,,INM00042111,DEHRADUN,,sea_level_pressure
2023-03-28 00:00:00,17.0,90.0,1009.2,,28.5845,77.2058,214.9,INI0000VIDD,SAFDARJUNG,1009.2,sea_level_pressure
2023-03-28 00:00:00,19.2,60.0,1009.3,,26.2511,73.0489,218.5,INI0000VIJO,JODHPUR,1009.3,sea_level_pressure
2023-03-28 00:00:00,14.5,93.0,1007.5,937.0,30.3167,78.0333,682.0,INM00042111,DEHRADUN,1007.5,sea_level_pressure
2023-03-28 03:00:00,19.4,76.0,1010.8,,28.5845,77.2058,214.9,INI0000VIDD,SAFDARJUNG,1010.8,sea_level_pressure
2023-03-28 03:00:00,25.5,36.0,1010.9,,26.2511,73.0489,218.5,INI0000VIJO,JODHPUR,1010.9,sea_level_pressure
2023-03-28 03:00:00,17.6,81.0,1007.9,938.0,30.3167,78.0333,682.0,INM00042111,DEHRADUN,1007.9,sea_level_pressure
2023-03-28 06:00:00,27.5,45.0,1010.6,,28.5845,77.2058,214.9,INI0000VIDD,SAFDARJUNG,1010.6,sea_level_pressure
2023-03-28 06:00:00,32.0,24.0,1010.9,,26.2511,73.0489,218.5,INI0000VIJO,JODHPUR,1010.9,sea_level_pressure
2023-03-28 06:00:00,25.2,39.0,1007.9,939.8,30.3167,78.0333,682.0,INM00042111,DEHRADUN,1007.9,sea_level_pressure
2023-03-28 09:00:00,30.2,35.0,1008.5,,28.5845,77.2058,214.9,INI0000VIDD,SAFDARJUNG,1008.5,sea_level_pressure
2023-03-28 09:00:00,33.5,17.0,1008.0,,26.2511,73.0489,218.5,INI0000VIJO,JODHPUR,1008.0,sea_level_pressure
2023-03-28 09:00:00,27.8,47.0,1006.3,938.8,30.3167,78.0333,682.0,INM00042111,DEHRADUN,1006.3,sea_level_pressure
2023-03-28 12:00:00,29.2,40.0,1007.6,,28.5845,77.2058,214.9,INI0000VIDD,SAFDARJUNG,1007.6,sea_level_pressure
2023-03-28 12:00:00,33.6,19.0,1006.5,,26.2511,73.0489,218.5,INI0000VIJO,JODHPUR,1006.5,sea_level_pressure
2023-03-28 12:00:00,27.2,48.0,1005.5,938.0,30.3167,78.0333,682.0,INM00042111,DEHRADUN,1005.5,sea_level_pressure
2023-03-28 15:00:00,24.0,65.0,1009.6,,28.5845,77.2058,214.9,INI0000VIDD,SAFDARJUNG,1009.6,sea_level_pressure
2023-03-28 15:00:00,26.4,40.0,1008.2,,26.2511,73.0489,218.5,INI0000VIJO,JODHPUR,1008.2,sea_level_pressure
2023-03-28 15:00:00,20.2,72.0,1008.5,939.2,30.3167,78.0333,682.0,INM00042111,DEHRADUN,1008.5,sea_level_pressure
2023-03-28 18:00:00,20.7,79.0,1010.8,,28.5845,77.2058,214.9,INI0000VIDD,SAFDARJUNG,1010.8,sea_level_pressure
2023-03-28 18:00:00,23.2,52.0,1008.9,,26.2511,73.0489,218.5,INI0000VIJO,JODHPUR,1008.9,sea_level_pressure
2023-03-28 18:00:00,16.7,83.0,1010.8,940.5,30.3167,78.0333,682.0,INM00042111,DEHRADUN,1010.8,sea_level_pressure
2023-03-28 21:00:00,19.2,84.0,1009.8,,28.5845,77.2058,214.9,INI0000VIDD,SAFDARJUNG,1009.8,sea_level_pressure
2023-03-28 21:00:00,21.8,53.0,1008.8,,26.2511,73.0489,218.5,INI0000VIJO,JODHPUR,1008.8,sea_level_pressure
2023-03-28 21:00:00,15.0,90.0,1010.6,939.8,30.3167,78.0333,682.0,INM00042111,DEHRADUN,1010.6,sea_level_pressure
2023-03-29 00:00:00,17.7,89.0,1009.9,,28.5845,77.2058,214.9,INI0000VIDD,SAFDARJUNG,1009.9,sea_level_pressure
2023-03-29 00:00:00,19.8,56.0,1008.9,,26.2511,73.0489,218.5,INI0000VIJO,JODHPUR,1008.9,sea_level_pressure
2023-03-29 00:00:00,14.2,91.0,1010.1,939.4,30.3167,78.0333,682.0,INM00042111,DEHRADUN,1010.1,sea_level_pressure
2023-03-29 03:00:00,21.2,82.0,1011.6,,28.5845,77.2058,214.9,INI0000VIDD,SAFDARJUNG,1011.6,sea_level_pressure
2023-03-29 03:00:00,22.7,43.0,1010.8,,26.2511,73.0489,218.5,INI0000VIJO,JODHPUR,1010.8,sea_level_pressure
2023-03-29 03:00:00,18.4,74.0,1008.4,938.7,30.3167,78.0333,682.0,INM00042111,DEHRADUN,1008.4,sea_level_pressure
2023-03-29 06:00:00,29.7,40.0,1011.1,,28.5845,77.2058,214.9,INI0000VIDD,SAFDARJUNG,1011.1,sea_level_pressure
2023-03-29 06:00:00,31.6,28.0,1010.2,,26.2511,73.0489,218.5,INI0000VIJO,JODHPUR,1010.2,sea_level_pressure
2023-03-29 06:00:00,26.6,48.0,1010.2,942.4,30.3167,78.0333,682.0,INM00042111,DEHRADUN,1010.2,sea_level_pressure
2023-03-29 09:00:00,33.0,31.0,1008.6,,28.5845,77.2058,214.9,INI0000VIDD,SAFDARJUNG,1008.6,sea_level_pressure
2023-03-29 09:00:00,34.2,20.0,1007.6,,26.2511,73.0489,218.5,INI0000VIJO,JODHPUR,1007.6,sea_level_pressure
2023-03-29 09:00:00,29.4,43.0,1006.1,939.0,30.3167,78.0333,682.0,INM00042111,DEHRADUN,1006.1,sea_level_pressure
2023-03-29 12:00:00,32.0,34.0,1007.4,,28.5845,77.2058,214.9,INI0000VIDD,SAFDARJUNG,1007.4,sea_level_pressure
2023-03-29 12:00:00,33.2,20.0,1006.3,,26.2511,73.0489,218.5,INI0000VIJO,JODHPUR,1006.3,sea_level_pressure
2023-03-29 12:00:00,26.0,48.0,1006.0,938.0,30.3167,78.0333,682.0,INM00042111,DEHRADUN,1006.0,sea_level_pressure
2023-03-29 15:00:00,20.6,89.0,1010.4,,28.5845,77.2058,214.9,INI0000VIDD,SAFDARJUNG,1010.4,sea_level_pressure
2023-03-29 15:00:00,27.6,38.0,1008.3,,26.2511,73.0489,218.5,INI0000VIJO,JODHPUR,1008.3,sea_level_pressure
2023-03-29 15:00:00,21.4,67.0,1008.3,939.2,30.3167,78.0333,682.0,INM00042111,DEHRADUN,1008.3,sea_level_pressure
2023-03-29 18:00:00,21.0,93.0,1010.0,,28.5845,77.2058,214.9,INI0000VIDD,SAFDARJUNG,1010.0,sea_level_pressure
2023-03-29 18:00:00,24.2,49.0,1009.0,,26.2511,73.0489,218.5,INI0000VIJO,JODHPUR,1009.0,sea_level_pressure
2023-03-29 18:00:00,17.7,78.0,1009.8,939.8,30.3167,78.0333,682.0,INM00042111,DEHRADUN,1009.8,sea_level_pressure
2023-03-29 21:00:00,,,,,,,,INI0000VIDD,SAFDARJUNG,,sea_level_pressure
2023-03-29 21:00:00,22.7,52.0,1008.9,,26.2511,73.0489,218.5,INI0000VIJO,JODHPUR,1008.9,sea_level_pressure
2023-03-29 21:00:00,,,,,,,,INM00042111,DEHRADUN,,sea_level_pressure
2023-03-30 00:00:00,19.6,87.0,1009.4,,28.5845,77.2058,214.9,INI0000VIDD,SAFDARJUNG,1009.4,sea_level_pressure
2023-03-30 00:00:00,21.0,51.0,1008.3,,26.2511,73.0489,218.5,INI0000VIJO,JODHPUR,1008.3,sea_level_pressure
2023-03-30 00:00:00,15.5,85.0,1008.4,938.0,30.3167,78.0333,682.0,INM00042111,DEHRADUN,1008.4,sea_level_pressure
2023-03-30 03:00:00,22.0,71.0,1010.4,,28.5845,77.2058,214.9,INI0000VIDD,SAFDARJUNG,1010.4,sea_level_pressure
2023-03-30 03:00:00,24.6,47.0,1009.3,,26.2511,73.0489,218.5,INI0000VIJO,JODHPUR,1009.3,sea_level_pressure
2023-03-30 03:00:00,19.4,73.0,1008.6,939.1,30.3167,78.0333,682.0,INM00042111,DEHRADUN,1008.6,sea_level_pressure
2023-03-30 06:00:00,29.2,50.0,1009.1,,28.5845,77.2058,214.9,INI0000VIDD,SAFDARJUNG,1009.1,sea_level_pressure
2023-03-30 06:00:00,28.0,45.0,1009.6,,26.2511,73.0489,218.5,INI0000VIJO,JODHPUR,1009.6,sea_level_pressure
2023-03-30 06:00:00,27.7,42.0,1006.9,939.3,30.3167,78.0333,682.0,INM00042111,DEHRADUN,1006.9,sea_level_pressure
2023-03-30 09:00:00,32.0,37.0,1005.7,,28.5845,77.2058,214.9,INI0000VIDD,SAFDARJUNG,1005.7,sea_level_pressure
2023-03-30 09:00:00,28.2,36.0,1006.8,,26.2511,73.0489,218.5,INI0000VIJO,JODHPUR,1006.8,sea_level_pressure
2023-03-30 09:00:00,31.0,61.0,1003.4,936.7,30.3167,78.0333,682.0,INM00042111,DEHRADUN,1003.4,sea_level_pressure
2023-03-30 12:00:00,22.6,76.0,1007.2,,28.5845,77.2058,214.9,INI0000VIDD,SAFDARJUNG,1007.2,sea_level_pressure
2023-03-30 12:00:00,24.7,53.0,1005.9,,26.2511,73.0489,218.5,INI0000VIJO,JODHPUR,1005.9,sea_level_pressure
2023-03-30 12:00:00,28.6,68.0,1001.8,934.8,30.3167,78.0333,682.0,INM00042111,DEHRADUN,1001.8,sea_level_pressure
2023-03-30 15:00:00,18.4,100.0,1008.5,,28.5845,77.2058,214.9,INI0000VIDD,SAFDARJUNG,1008.5,sea_level_pressure
2023-03-30 15:00:00,22.8,66.0,1006.9,,26.2511,73.0489,218.5,INI0000VIJO,JODHPUR,1006.9,sea_level_pressure
2023-03-30 15:00:00,22.6,71.0,1006.0,937.4,30.3167,78.0333,682.0,INM00042111,DEHRADUN,1006.0,sea_level_pressure
2023-03-30 18:00:00,18.0,98.0,1008.8,,28.5845,77.2058,214.9,INI0000VIDD,SAFDARJUNG,1008.8,sea_level_pressure
2023-03-30 18:00:00,21.5,75.0,1007.9,,26.2511,73.0489,218.5,INI0000VIJO,JODHPUR,1007.9,sea_level_pressure
2023-03-30 18:00:00,16.2,98.0,1008.6,938.5,30.3167,78.0333,682.0,INM00042111,DEHRADUN,1008.6,sea_level_pressure
2023-03-30 21:00:00,17.2,94.0,1008.3,,28.5845,77.2058,214.9,INI0000VIDD,SAFDARJUNG,1008.3,sea_level_pressure
2023-03-30 21:00:00,20.6,78.0,1007.8,,26.2511,73.0489,218.5,INI0000VIJO,JODHPUR,1007.8,sea_level_pressure
2023-03-30 21:00:00,,,,,,,,INM00042111,DEHRADUN,,sea_level_pressure
2023-03-31 00:00:00,16.7,96.0,1007.3,,28.5845,77.2058,214.9,INI0000VIDD,SAFDARJUNG,1007.3,sea_level_pressure
2023-03-31 00:00:00,20.0,81.0,1006.7,,26.2511,73.0489,218.5,INI0000VIJO,JODHPUR,1006.7,sea_level_pressure
2023-03-31 00:00:00,17.5,98.0,1006.9,936.2,30.3167,78.0333,682.0,INM00042111,DEHRADUN,1006.9,sea_level_pressure
2023-03-31 03:00:00,19.2,98.0,1009.0,,28.5845,77.2058,214.9,INI0000VIDD,SAFDARJUNG,1009.0,sea_level_pressure
2023-03-31 03:00:00,21.4,74.0,1008.4,,26.2511,73.0489,218.5,INI0000VIJO,JODHPUR,1008.4,sea_level_pressure
2023-03-31 03:00:00,15.6,98.0,1006.7,936.5,30.3167,78.0333,682.0,INM00042111,DEHRADUN,1006.7,sea_level_pressure
2023-03-31 06:00:00,23.0,76.0,1010.1,,28.5845,77.2058,214.9,INI0000VIDD,SAFDARJUNG,1010.1,sea_level_pressure
2023-03-31 06:00:00,28.6,42.0,1008.1,,26.2511,73.0489,218.5,INI0000VIJO,JODHPUR,1008.1,sea_level_pressure
2023-03-31 06:00:00,16.2,98.0,1010.4,940.1,30.3167,78.0333,682.0,INM00042111,DEHRADUN,1010.4,sea_level_pressure
2023-03-31 09:00:00,27.0,56.0,1006.9,,28.5845,77.2058,214.9,INI0000VIDD,SAFDARJUNG,1006.9,sea_level_pressure
2023-03-31 09:00:00,25.2,71.0,1006.1,,26.2511,73.0489,218.5,INI0000VIJO,JODHPUR,1006.1,sea_level_pressure
2023-03-31 09:00:00,15.6,98.0,1009.6,939.2,30.3167,78.0333,682.0,INM00042111,DEHRADUN,1009.6,sea_level_pressure
2023-03-31 12:00:00,25.0,61.0,1006.0,,28.5845,77.2058,214.9,INI0000VIDD,SAFDARJUNG,1006.0,sea_level_pressure
2023-03-31 12:00:00,23.7,65.0,1005.5,,26.2511,73.0489,218.5,INI0000VIJO,JODHPUR,1005.5,sea_level_pressure
2023-03-31 12:00:00,18.0,96.0,1007.0,937.5,30.3167,78.0333,682.0,INM00042111,DEHRADUN,1007.0,sea_level_pressure
2023-03-31 15:00:00,20.0,87.0,1008.5,,28.5845,77.2058,214.9,INI0000VIDD,SAFDARJUNG,1008.5,sea_level_pressure
2023-03-31 15:00:00,19.6,91.0,1008.0,,26.2511,73.0489,218.5,INI0000VIJO,JODHPUR,1008.0,sea_level_pressure
2023-03-31 15:00:00,15.6,96.0,1007.5,937.1,30.3167,78.0333,682.0,INM00042111,DEHRADUN,1007.5,sea_level_pressure
2023-03-31 18:00:00,18.7,89.0,1009.2,,28.5845,77.2058,214.9,INI0000VIDD,SAFDARJUNG,1009.2,sea_level_pressure
2023-03-31 18:00:00,19.6,92.0,1008.6,,26.2511,73.0489,218.5,INI0000VIJO,JODHPUR,1008.6,sea_level_pressure
2023-03-31 18:00:00,14.5,97.0,1009.7,939.0,30.3167,78.0333,682.0,INM00042111,DEHRADUN,1009.7,sea_level_pressure
2023-03-31 21:00:00,18.0,92.0,1009.4,,28.5845,77.2058,214.9,INI0000VIDD,SAFDARJUNG,1009.4,sea_level_pressure
2023-03-31 21:00:00,18.7,96.0,1008.3,,26.2511,73.0489,218.5,INI0000VIJO,JODHPUR,1008.3,sea_level_pressure
2023-03-31 21:00:00,14.0,97.0,1009.5,938.6,30.3167,78.0333,682.0,INM00042111,DEHRADUN,1009.5,sea_level_pressure
2023-04-01 00:00:00,17.0,94.0,1009.1,,28.5845,77.2058,214.9,INI0000VIDD,SAFDARJUNG,1009.1,sea_level_pressure
2023-04-01 00:00:00,17.7,99.0,1008.4,,26.2511,73.0489,218.5,INI0000VIJO,JODHPUR,1008.4,sea_level_pressure
2023-04-01 00:00:00,13.6,97.0,1009.4,938.5,30.3167,78.0333,682.0,INM00042111,DEHRADUN,1009.4,sea_level_pressure
2023-04-01 03:00:00,19.4,83.0,1010.6,,28.5845,77.2058,214.9,INI0000VIDD,SAFDARJUNG,1010.6,sea_level_pressure
2023-04-01 03:00:00,21.4,81.0,1009.9,,26.2511,73.0489,218.5,INI0000VIJO,JODHPUR,1009.9,sea_level_pressure
2023-04-01 03:00:00,15.0,94.0,1011.1,940.3,30.3167,78.0333,682.0,INM00042111,DEHRADUN,1011.1,sea_level_pressure
2023-04-01 06:00:00,25.2,62.0,1010.5,,28.5845,77.2058,214.9,INI0000VIDD,SAFDARJUNG,1010.5,sea_level_pressure
2023-04-01 06:00:00,28.2,50.0,1009.9,,26.2511,73.0489,218.5,INI0000VIJO,JODHPUR,1009.9,sea_level_pressure
2023-04-01 06:00:00,23.0,56.0,1009.3,940.5,30.3167,78.0333,682.0,INM00042111,DEHRADUN,1009.3,sea_level_pressure
2023-04-01 09:00:00,27.4,55.0,1008.3,,28.5845,77.2058,214.9,INI0000VIDD,SAFDARJUNG,1008.3,sea_level_pressure
2023-04-01 09:00:00,31.6,34.0,1007.2,,26.2511,73.0489,218.5,INI0000VIJO,JODHPUR,1007.2,sea_level_pressure
2023-04-01 09:00:00,25.2,55.0,1006.5,938.5,30.3167,78.0333,682.0,INM00042111,DEHRADUN,1006.5,sea_level_pressure
2023-04-01 12:00:00,26.2,58.0,1006.4,,28.5845,77.2058,214.9,INI0000VIDD,SAFDARJUNG,1006.4,sea_level_pressure
2023-04-01 12:00:00,31.7,29.0,1005.1,,26.2511,73.0489,218.5,INI0000VIJO,JODHPUR,1005.1,sea_level_pressure
2023-04-01 12:00:00,21.0,63.0,1006.4,937.4,30.3167,78.0333,682.0,INM00042111,DEHRADUN,1006.4,sea_level_pressure
2023-04-01 15:00:00,18.8,92.0,1008.8,,28.5845,77.2058,214.9,INI0000VIDD,SAFDARJUNG,1008.8,sea_level_pressure
2023-04-01 15:00:00,27.7,37.0,1007.2,,26.2511,73.0489,218.5,INI0000VIJO,JODHPUR,1007.2,sea_level_pressure
2023-04-01 15:00:00,17.8,88.0,1007.5,937.5,30.3167,78.0333,682.0,INM00042111,DEHRADUN,1007.5,sea_level_pressure
2023-04-01 18:00:00,18.6,92.0,1009.4,,28.5845,77.2058,214.9,INI0000VIDD,SAFDARJUNG,1009.4,sea_level_pressure
2023-04-01 18:00:00,22.7,72.0,1009.0,,26.2511,73.0489,218.5,INI0000VIJO,JODHPUR,1009.0,sea_level_pressure
2023-04-01 18:00:00,16.7,99.0,1009.9,939.6,30.3167,78.0333,682.0,INM00042111,DEHRADUN,1009.9,sea_level_pressure
2023-04-01 21:00:00,18.2,94.0,1008.9,,28.5845,77.2058,214.9,INI0000VIDD,SAFDARJUNG,1008.9,sea_level_pressure
2023-04-01 21:00:00,22.0,79.0,1009.0,,26.2511,73.0489,218.5,INI0000VIJO,JODHPUR,1009.0,sea_level_pressure
2023-04-01 21:00:00,14.2,94.0,1008.1,937.5,30.3167,78.0333,682.0,INM00042111,DEHRADUN,1008.1,sea_level_pressure
2023-04-02 00:00:00,16.7,96.0,1008.4,,28.5845,77.2058,214.9,INI0000VIDD,SAFDARJUNG,1008.4,sea_level_pressure
2023-04-02 00:00:00,21.5,78.0,1008.0,,26.2511,73.0489,218.5,INI0000VIJO,JODHPUR,1008.0,sea_level_pressure
2023-04-02 00:00:00,13.2,96.0,1007.5,936.8,30.3167,78.0333,682.0,INM00042111,DEHRADUN,1007.5,sea_level_pressure
2023-04-02 03:00:00,19.4,81.0,1010.0,,28.5845,77.2058,214.9,INI0000VIDD,SAFDARJUNG,1010.0,sea_level_pressure
2023-04-02 03:00:00,23.2,61.0,1009.7,,26.2511,73.0489,218.5,INI0000VIJO,JODHPUR,1009.7,sea_level_pressure
2023-04-02 03:00:00,16.2,88.0,1007.3,937.2,30.3167,78.0333,682.0,INM00042111,DEHRADUN,1007.3,sea_level_pressure
2023-04-02 06:00:00,26.0,57.0,1009.7,,28.5845,77.2058,214.9,INI0000VIDD,SAFDARJUNG,1009.7,sea_level_pressure
2023-04-02 06:00:00,29.6,27.0,1009.8,,26.2511,73.0489,218.5,INI0000VIJO,JODHPUR,1009.8,sea_level_pressure
2023-04-02 06:00:00,22.7,55.0,1008.1,939.3,30.3167,78.0333,682.0,INM00042111,DEHRADUN,1008.1,sea_level_pressure
2023-04-02 09:00:00,28.6,51.0,1007.2,,28.5845,77.2058,214.9,INI0000VIDD,SAFDARJUNG,1007.2,sea_level_pressure
2023-04-02 09:00:00,33.2,20.0,1006.6,,26.2511,73.0489,218.5,INI0000VIJO,JODHPUR,1006.6,sea_level_pressure
2023-04-02 09:00:00,25.0,56.0,1006.1,937.9,30.3167,78.0333,682.0,INM00042111,DEHRADUN,1006.1,sea_level_pressure
2023-04-02 12:00:00,29.5,47.0,1005.3,,28.5845,77.2058,214.9,INI0000VIDD,SAFDARJUNG,1005.3,sea_level_pressure
2023-04-02 12:00:00,33.6,21.0,1004.2,,26.2511,73.0489,218.5,INI0000VIJO,JODHPUR,1004.2,sea_level_pressure
2023-04-02 12:00:00,23.2,62.0,1004.6,936.3,30.3167,78.0333,682.0,INM00042111,DEHRADUN,1004.6,sea_level_pressure
2023-04-02 15:00:00,24.2,72.0,1006.1,,28.5845,77.2058,214.9,INI0000VIDD,SAFDARJUNG,1006.1,sea_level_pressure
2023-04-02 15:00:00,28.4,37.0,1005.6,,26.2511,73.0489,218.5,INI0000VIJO,JODHPUR,1005.6,sea_level_pressure
2023-04-02 15:00:00,19.2,83.0,1005.8,936.6,30.3167,78.0333,682.0,INM00042111,DEHRADUN,1005.8,sea_level_pressure
2023-04-02 18:00:00,21.0,87.0,1006.3,,28.5845,77.2058,214.9,INI0000VIDD,SAFDARJUNG,1006.3,sea_level_pressure
2023-04-02 18:00:00,26.8,38.0,1006.4,,26.2511,73.0489,218.5,INI0000VIJO,JODHPUR,1006.4,sea_level_pressure
2023-04-02 18:00:00,17.7,89.0,1007.3,937.5,30.3167,78.0333,682.0,INM00042111,DEHRADUN,1007.3,sea_level_pressure
2023-04-02 21:00:00,19.4,91.0,1005.8,,28.5845,77.2058,214.9,INI0000VIDD,SAFDARJUNG,1005.8,sea_level_pressure
2023-04-02 21:00:00,23.7,45.0,1005.9,,26.2511,73.0489,218.5,INI0000VIJO,JODHPUR,1005.9,sea_level_pressure
2023-04-02 21:00:00,,,,,,,,INM00042111,DEHRADUN,,sea_level_pressure
2023-04-03 00:00:00,18.5,93.0,1005.9,,28.5845,77.2058,214.9,INI0000VIDD,SAFDARJUNG,1005.9,sea_level_pressure
2023-04-03 00:00:00,22.0,61.0,1005.5,,26.2511,73.0489,218.5,INI0000VIJO,JODHPUR,1005.5,sea_level_pressure
2023-04-03 00:00:00,14.7,96.0,1004.8,934.5,30.3167,78.0333,682.0,INM00042111,DEHRADUN,1004.8,sea_level_pressure
2023-04-03 03:00:00,22.2,76.0,1008.2,,28.5845,77.2058,214.9,INI0000VIDD,SAFDARJUNG,1008.2,sea_level_pressure
2023-04-03 03:00:00,24.7,54.0,1007.9,,26.2511,73.0489,218.5,INI0000VIJO,JODHPUR,1007.9,sea_level_pressure
2023-04-03 03:00:00,18.6,78.0,1004.5,935.2,30.3167,78.0333,682.0,INM00042111,DEHRADUN,1004.5,sea_level_pressure
2023-04-03 06:00:00,28.7,50.0,1007.6,,28.5845,77.2058,214.9,INI0000VIDD,SAFDARJUNG,1007.6,sea_level_pressure
2023-04-03 06:00:00,30.0,36.0,1007.8,,26.2511,73.0489,218.5,INI0000VIJO,JODHPUR,1007.8,sea_level_pressure
2023-04-03 06:00:00,25.0,37.0,1005.5,937.5,30.3167,78.0333,682.0,INM00042111,DEHRADUN,1005.5,sea_level_pressure
2023-04-03 09:00:00,31.4,41.0,1005.6,,28.5845,77.2058,214.9,INI0000VIDD,SAFDARJUNG,1005.6,sea_level_pressure
2023-04-03 09:00:00,31.7,36.0,1005.8,,26.2511,73.0489,218.5,INI0000VIJO,JODHPUR,1005.8,sea_level_pressure
2023-04-03 09:00:00,28.8,43.0,1003.9,936.8,30.3167,78.0333,682.0,INM00042111,DEHRADUN,1003.9,sea_level_pressure
2023-04-03 12:00:00,26.7,59.0,1004.8,,28.5845,77.2058,214.9,INI0000VIDD,SAFDARJUNG,1004.8,sea_level_pressure
2023-04-03 12:00:00,32.2,34.0,1004.0,,26.2511,73.0489,218.5,INI0000VIJO,JODHPUR,1004.0,sea_level_pressure
2023-04-03 12:00:00,27.5,51.0,1003.0,935.7,30.3167,78.0333,682.0,INM00042111,DEHRADUN,1003.0,sea_level_pressure
2023-04-03 15:00:00,24.2,63.0,1006.5,,28.5845,77.2058,214.9,INI0000VIDD,SAFDARJUNG,1006.5,sea_level_pressure
2023-04-03 15:00:00,29.7,42.0,1005.1,,26.2511,73.0489,218.5,INI0000VIJO,JODHPUR,1005.1,sea_level_pressure
2023-04-03 15:00:00,21.2,76.0,1004.9,936.1,30.3167,78.0333,682.0,INM00042111,DEHRADUN,1004.9,sea_level_pressure
2023-04-03 18:00:00,22.6,68.0,1007.0,,28.5845,77.2058,214.9,INI0000VIDD,SAFDARJUNG,1007.0,sea_level_pressure
2023-04-03 18:00:00,28.2,47.0,1006.0,,26.2511,73.0489,218.5,INI0000VIJO,JODHPUR,1006.0,sea_level_pressure
2023-04-03 18:00:00,18.0,81.0,1008.0,938.1,30.3167,78.0333,682.0,INM00042111,DEHRADUN,1008.0,sea_level_pressure
2023-04-03 21:00:00,20.4,80.0,1006.4,,28.5845,77.2058,214.9,INI0000VIDD,SAFDARJUNG,1006.4,sea_level_pressure
2023-04-03 21:00:00,26.7,52.0,1005.4,,26.2511,73.0489,218.5,INI0000VIJO,JODHPUR,1005.4,sea_level_pressure
2023-04-03 21:00:00,16.0,84.0,1007.5,937.2,30.3167,78.0333,682.0,INM00042111,DEHRADUN,1007.5,sea_level_pressure
2023-04-04 00:00:00,17.6,100.0,1009.1,,28.5845,77.2058,214.9,INI0000VIDD,SAFDARJUNG,1009.1,sea_level_pressure
2023-04-04 00:00:00,24.5,54.0,1007.8,,26.2511,73.0489,218.5,INI0000VIJO,JODHPUR,1007.8,sea_level_pressure
2023-04-04 00:00:00,16.0,82.0,1007.4,937.1,30.3167,78.0333,682.0,INM00042111,DEHRADUN,1007.4,sea_level_pressure
2023-04-04 03:00:00,18.2,96.0,1010.5,,28.5845,77.2058,214.9,INI0000VIDD,SAFDARJUNG,1010.5,sea_level_pressure
2023-04-04 03:00:00,25.2,53.0,1010.6,,26.2511,73.0489,218.5,INI0000VIJO,JODHPUR,1010.6,sea_level_pressure
2023-04-04 03:00:00,17.6,79.0,1010.4,940.4,30.3167,78.0333,682.0,INM00042111,DEHRADUN,1010.4,sea_level_pressure
2023-04-04 06:00:00,27.5,47.0,1010.1,,28.5845,77.2058,214.9,INI0000VIDD,SAFDARJUNG,1010.1,sea_level_pressure
2023-04-04 06:00:00,30.5,38.0,1010.4,985.9,26.2511,73.0489,218.5,INI0000VIJO,JODHPUR,1010.4,sea_level_pressure
2023-04-04 06:00:00,22.0,67.0,1009.6,940.5,30.3167,78.0333,682.0,INM00042111,DEHRADUN,1009.6,sea_level_pressure
2023-04-04 09:00:00,30.0,39.0,1008.2,,28.5845,77.2058,214.9,INI0000VIDD,SAFDARJUNG,1008.2,sea_level_pressure
2023-04-04 09:00:00,33.5,21.0,1008.3,,26.2511,73.0489,218.5,INI0000VIJO,JODHPUR,1008.3,sea_level_pressure
2023-04-04 09:00:00,26.4,71.0,1006.8,939.1,30.3167,78.0333,682.0,INM00042111,DEHRADUN,1006.8,sea_level_pressure
2023-04-04 12:00:00,29.6,40.0,1007.1,,28.5845,77.2058,214.9,INI0000VIDD,SAFDARJUNG,1007.1,sea_level_pressure
2023-04-04 12:00:00,33.2,17.0,1007.0,,26.2511,73.0489,218.5,INI0000VIJO,JODHPUR,1007.0,sea_level_pressure
2023-04-04 12:00:00,25.6,47.0,1005.8,937.8,30.3167,78.0333,682.0,INM00042111,DEHRADUN,1005.8,sea_level_pressure
2023-04-04 15:00:00,25.2,60.0,1008.4,,28.5845,77.2058,214.9,INI0000VIDD,SAFDARJUNG,1008.4,sea_level_pressure
2023-04-04 15:00:00,26.0,46.0,1008.5,,26.2511,73.0489,218.5,INI0000VIJO,JODHPUR,1008.5,sea_level_pressure
2023-04-04 15:00:00,20.6,66.0,1007.1,938.0,30.3167,78.0333,682.0,INM00042111,DEHRADUN,1007.1,sea_level_pressure
2023-04-04 18:00:00,22.0,79.0,1010.3,,28.5845,77.2058,214.9,INI0000VIDD,SAFDARJUNG,1010.3,sea_level_pressure
2023-04-04 18:00:00,24.0,49.0,1009.5,,26.2511,73.0489,218.5,INI0000VIJO,JODHPUR,1009.5,sea_level_pressure
2023-04-04 18:00:00,17.6,79.0,1008.4,,30.3167,78.0333,682.0,INM00042111,DEHRADUN,1008.4,sea_level_pressure
2023-04-04 21:00:00,20.4,85.0,1010.0,,28.5845,77.2058,214.9,INI0000VIDD,SAFDARJUNG,1010.0,sea_level_pressure
2023-04-04 21:00:00,22.7,50.0,1008.7,,26.2511,73.0489,218.5,INI0000VIJO,JODHPUR,1008.7,sea_level_pressure
2023-04-04 21:00:00,,,,,,,,INM00042111,DEHRADUN,,sea_level_pressure
2023-04-05 00:00:00,17.2,92.0,1009.4,,28.5845,77.2058,214.9,INI0000VIDD,SAFDARJUNG,1009.4,sea_level_pressure
2023-04-05 00:00:00,22.6,51.0,1008.6,,26.2511,73.0489,218.5,INI0000VIJO,JODHPUR,1008.6,sea_level_pressure
2023-04-05 00:00:00,13.7,86.0,1007.7,937.0,30.3167,78.0333,682.0,INM00042111,DEHRADUN,1007.7,sea_level_pressure
2023-04-05 03:00:00,21.0,69.0,1010.8,,28.5845,77.2058,214.9,INI0000VIDD,SAFDARJUNG,1010.8,sea_level_pressure
2023-04-05 03:00:00,25.7,42.0,1010.6,,26.2511,73.0489,218.5,INI0000VIJO,JODHPUR,1010.6,sea_level_pressure
2023-04-05 03:00:00,18.0,63.0,1009.1,939.1,30.3167,78.0333,682.0,INM00042111,DEHRADUN,1009.1,sea_level_pressure
2023-04-05 06:00:00,28.8,42.0,1010.7,,28.5845,77.2058,214.9,INI0000VIDD,SAFDARJUNG,1010.7,sea_level_pressure
2023-04-05 06:00:00,33.0,24.0,1010.1,,26.2511,73.0489,218.5,INI0000VIJO,JODHPUR,1010.1,sea_level_pressure
2023-04-05 06:00:00,25.7,30.0,1008.3,940.2,30.3167,78.0333,682.0,INM00042111,DEHRADUN,1008.3,sea_level_pressure
2023-04-05 09:00:00,30.8,34.0,1008.5,,28.5845,77.2058,214.9,INI0000VIDD,SAFDARJUNG,1008.5,sea_level_pressure
2023-04-05 09:00:00,35.4,15.0,1007.0,,26.2511,73.0489,218.5,INI0000VIJO,JODHPUR,1007.0,sea_level_pressure
2023-04-05 09:00:00,28.0,30.0,1007.0,939.5,30.3167,78.0333,682.0,INM00042111,DEHRADUN,1007.0,sea_level_pressure
2023-04-05 12:00:00,31.2,26.0,1006.8,,28.5845,77.2058,214.9,INI0000VIDD,SAFDARJUNG,1006.8,sea_level_pressure
2023-04-05 12:00:00,34.7,20.0,1005.0,,26.2511,73.0489,218.5,INI0000VIJO,JODHPUR,1005.0,sea_level_pressure
2023-04-05 12:00:00,27.6,31.0,1005.1,937.6,30.3167,78.0333,682.0,INM00042111,DEHRADUN,1005.1,sea_level_pressure
2023-04-05 15:00:00,23.4,58.0,1009.2,,28.5845,77.2058,214.9,INI0000VIDD,SAFDARJUNG,1009.2,sea_level_pressure
2023-04-05 15:00:00,27.2,34.0,1007.1,,26.2511,73.0489,218.5,INI0000VIJO,JODHPUR,1007.1,sea_level_pressure
2023-04-05 15:00:00,19.0,61.0,1009.0,939.3,30.3167,78.0333,682.0,INM00042111,DEHRADUN,1009.0,sea_level_pressure
2023-04-05 18:00:00,19.7,76.0,1010.8,,28.5845,77.2058,214.9,INI0000VIDD,SAFDARJUNG,1010.8,sea_level_pressure
2023-04-05 18:00:00,28.0,34.0,1008.4,,26.2511,73.0489,218.5,INI0000VIJO,JODHPUR,1008.4,sea_level_pressure
2023-04-05 18:00:00,,,,,,,,INM00042111,DEHRADUN,,sea_level_pressure
2023-04-05 21:00:00,18.2,82.0,1012.1,,28.5845,77.2058,214.9,INI0000VIDD,SAFDARJUNG,1012.1,sea_level_pressure
2023-04-05 21:00:00,24.0,47.0,1010.1,,26.2511,73.0489,218.5,INI0000VIJO,JODHPUR,1010.1,sea_level_pressure
2023-04-05 21:00:00,,,,,,,,INM00042111,DEHRADUN,,sea_level_pressure
2023-04-06 00:00:00,18.5,76.0,1011.3,,28.5845,77.2058,214.9,INI0000VIDD,SAFDARJUNG,1011.3,sea_level_pressure
2023-04-06 00:00:00,22.2,51.0,1010.3,,26.2511,73.0489,218.5,INI0000VIJO,JODHPUR,1010.3,sea_level_pressure
2023-04-06 00:00:00,15.7,77.0,1010.0,939.5,30.3167,78.0333,682.0,INM00042111,DEHRADUN,1010.0,sea_level_pressure
2023-04-06 03:00:00,22.2,57.0,1012.6,,28.5845,77.2058,214.9,INI0000VIDD,SAFDARJUNG,1012.6,sea_level_pressure
2023-04-06 03:00:00,23.7,45.0,1013.1,,26.2511,73.0489,218.5,INI0000VIJO,JODHPUR,1013.1,sea_level_pressure
2023-04-06 03:00:00,,,,,,,,INM00042111,DEHRADUN,,sea_level_pressure
2023-04-06 06:00:00,27.5,39.0,1013.1,,28.5845,77.2058,214.9,INI0000VIDD,SAFDARJUNG,1013.1,sea_level_pressure
2023-04-06 06:00:00,30.2,30.0,1012.6,,26.2511,73.0489,218.5,INI0000VIJO,JODHPUR,1012.6,sea_level_pressure
2023-04-06 06:00:00,28.0,37.0,1009.9,942.1,30.3167,78.0333,682.0,INM00042111,DEHRADUN,1009.9,sea_level_pressure
2023-04-06 09:00:00,31.8,27.0,1010.8,,28.5845,77.2058,214.9,INI0000VIDD,SAFDARJUNG,1010.8,sea_level_pressure
2023-04-06 09:00:00,34.7,22.0,1009.5,,26.2511,73.0489,218.5,INI0000VIJO,JODHPUR,1009.5,sea_level_pressure
2023-04-06 09:00:00,30.0,27.0,1007.5,940.3,30.3167,78.0333,682.0,INM00042111,DEHRADUN,1007.5,sea_level_pressure
2023-04-06 12:00:00,32.0,24.0,1009.5,,28.5845,77.2058,214.9,INI0000VIDD,SAFDARJUNG,1009.5,sea_level_pressure
2023-04-06 12:00:00,34.5,19.0,1008.2,,26.2511,73.0489,218.5,INI0000VIJO,JODHPUR,1008.2,sea_level_pressure
2023-04-06 12:00:00,28.5,37.0,1006.5,939.1,30.3167,78.0333,682.0,INM00042111,DEHRADUN,1006.5,sea_level_pressure
2023-04-06 15:00:00,24.4,56.0,1011.7,,28.5845,77.2058,214.9,INI0000VIDD,SAFDARJUNG,1011.7,sea_level_pressure
2023-04-06 15:00:00,27.2,39.0,1010.3,,26.2511,73.0489,218.5,INI0000VIJO,JODHPUR,1010.3,sea_level_pressure
2023-04-06 15:00:00,21.4,59.0,1009.2,940.1,30.3167,78.0333,682.0,INM00042111,DEHRADUN,1009.2,sea_level_pressure
2023-04-06 18:00:00,21.0,67.0,1013.2,,28.5845,77.2058,214.9,INI0000VIDD,SAFDARJUNG,1013.2,sea_level_pressure
2023-04-06 18:00:00,27.7,30.0,1011.5,,26.2511,73.0489,218.5,INI0000VIJO,JODHPUR,1011.5,sea_level_pressure
2023-04-06 18:00:00,17.6,74.0,1012.2,942.0,30.3167,78.0333,682.0,INM00042111,DEHRADUN,1012.2,sea_level_pressure
2023-04-06 21:00:00,19.6,74.0,1013.3,,28.5845,77.2058,214.9,INI0000VIDD,SAFDARJUNG,1013.3,sea_level_pressure
2023-04-06 21:00:00,,,,,,,,INI0000VIJO,JODHPUR,,sea_level_pressure
2023-04-06 21:00:00,15.7,80.0,1012.5,941.8,30.3167,78.0333,682.0,INM00042111,DEHRADUN,1012.5,sea_level_pressure
2023-04-07 00:00:00,17.0,80.0,1013.4,,28.5845,77.2058,214.9,INI0000VIDD,SAFDARJUNG,1013.4,sea_level_pressure
2023-04-07 00:00:00,22.7,40.0,1013.0,,26.2511,73.0489,218.5,INI0000VIJO,JODHPUR,1013.0,sea_level_pressure
2023-04-07 00:00:00,15.0,83.0,1012.5,941.6,30.3167,78.0333,682.0,INM00042111,DEHRADUN,1012.5,sea_level_pressure
2023-04-07 03:00:00,22.6,57.0,1014.8,,28.5845,77.2058,214.9,INI0000VIDD,SAFDARJUNG,1014.8,sea_level_pressure
2023-04-07 03:00:00,24.7,37.0,1014.9,,26.2511,73.0489,218.5,INI0000VIJO,JODHPUR,1014.9,sea_level_pressure
2023-04-07 03:00:00,20.0,62.0,1012.9,943.1,30.3167,78.0333,682.0,INM00042111,DEHRADUN,1012.9,sea_level_pressure
2023-04-07 06:00:00,30.2,29.0,1014.8,,28.5845,77.2058,214.9,INI0000VIDD,SAFDARJUNG,1014.8,sea_level_pressure
2023-04-07 06:00:00,33.2,18.0,1014.4,,26.2511,73.0489,218.5,INI0000VIJO,JODHPUR,1014.4,sea_level_pressure
2023-04-07 06:00:00,27.7,40.0,1011.6,943.7,30.3167,78.0333,682.0,INM00042111,DEHRADUN,1011.6,sea_level_pressure
2023-04-07 09:00:00,33.2,19.0,1012.1,,28.5845,77.2058,214.9,INI0000VIDD,SAFDARJUNG,1012.1,sea_level_pressure
2023-04-07 09:00:00,35.7,17.0,1011.2,,26.2511,73.0489,218.5,INI0000VIJO,JODHPUR,1011.2,sea_level_pressure
2023-04-07 09:00:00,30.6,29.0,1009.4,942.3,30.3167,78.0333,682.0,INM00042111,DEHRADUN,1009.4,sea_level_pressure
2023-04-07 12:00:00,32.2,22.0,1010.9,,28.5845,77.2058,214.9,INI0000VIDD,SAFDARJUNG,1010.9,sea_level_pressure
2023-04-07 12:00:00,34.5,20.0,1009.9,,26.2511,73.0489,218.5,INI0000VIJO,JODHPUR,1009.9,sea_level_pressure
2023-04-07 12:00:00,29.7,31.0,1008.0,940.8,30.3167,78.0333,682.0,INM00042111,DEHRADUN,1008.0,sea_level_pressure
2023-04-07 15:00:00,26.7,43.0,1012.6,,28.5845,77.2058,214.9,INI0000VIDD,SAFDARJUNG,1012.6,sea_level_pressure
2023-04-07 15:00:00,29.5,31.0,1011.4,,26.2511,73.0489,218.5,INI0000VIJO,JODHPUR,1011.4,sea_level_pressure
2023-04-07 15:00:00,21.4,53.0,1011.8,942.6,30.3167,78.0333,682.0,INM00042111,DEHRADUN,1011.8,sea_level_pressure
2023-04-07 18:00:00,25.2,47.0,1013.5,,28.5845,77.2058,214.9,INI0000VIDD,SAFDARJUNG,1013.5,sea_level_pressure
2023-04-07 18:00:00,27.6,34.0,1012.7,,26.2511,73.0489,218.5,INI0000VIJO,JODHPUR,1012.7,sea_level_pressure
2023-04-07 18:00:00,18.0,69.0,1012.3,942.1,30.3167,78.0333,682.0,INM00042111,DEHRADUN,1012.3,sea_level_pressure
2023-04-07 21:00:00,21.6,64.0,1013.1,,28.5845,77.2058,214.9,INI0000VIDD,SAFDARJUNG,1013.1,sea_level_pressure
2023-04-07 21:00:00,25.4,36.0,1012.8,,26.2511,73.0489,218.5,INI0000VIJO,JODHPUR,1012.8,sea_level_pressure
2023-04-07 21:00:00,16.8,75.0,1012.2,941.8,30.3167,78.0333,682.0,INM00042111,DEHRADUN,1012.2,sea_level_pressure
2023-04-08 00:00:00,19.6,81.0,1013.7,,28.5845,77.2058,214.9,INI0000VIDD,SAFDARJUNG,1013.7,sea_level_pressure
2023-04-08 00:00:00,23.7,34.0,1013.6,,26.2511,73.0489,218.5,INI0000VIJO,JODHPUR,1013.6,sea_level_pressure
2023-04-08 00:00:00,15.7,73.0,1012.9,942.2,30.3167,78.0333,682.0,INM00042111,DEHRADUN,1012.9,sea_level_pressure
2023-04-08 03:00:00,21.4,50.0,1015.2,,28.5845,77.2058,214.9,INI0000VIDD,SAFDARJUNG,1015.2,sea_level_pressure
2023-04-08 03:00:00,26.5,29.0,1014.7,,26.2511,73.0489,218.5,INI0000VIJO,JODHPUR,1014.7,sea_level_pressure
2023-04-08 03:00:00,21.0,58.0,1013.5,943.9,30.3167,78.0333,682.0,INM00042111,DEHRADUN,1013.5,sea_level_pressure
2023-04-08 06:00:00,31.2,25.0,1014.7,,28.5845,77.2058,214.9,INI0000VIDD,SAFDARJUNG,1014.7,sea_level_pressure
2023-04-08 06:00:00,34.2,18.0,1014.0,,26.2511,73.0489,218.5,INI0000VIJO,JODHPUR,1014.0,sea_level_pressure
2023-04-08 06:00:00,29.2,33.0,1011.8,944.3,30.3167,78.0333,682.0,INM00042111,DEHRADUN,1011.8,sea_level_pressure
2023-04-08 09:00:00,33.2,22.0,1012.6,,28.5845,77.2058,214.9,INI0000VIDD,SAFDARJUNG,1012.6,sea_level_pressure
2023-04-08 09:00:00,35.7,18.0,1012.0,,26.2511,73.0489,218.5,INI0000VIJO,JODHPUR,1012.0,sea_level_pressure
2023-04-08 09:00:00,31.8,34.0,1009.7,942.8,30.3167,78.0333,682.0,INM00042111,DEHRADUN,1009.7,sea_level_pressure
2023-04-08 12:00:00,32.7,20.0,1011.6,,28.5845,77.2058,214.9,INI0000VIDD,SAFDARJUNG,1011.6,sea_level_pressure
2023-04-08 12:00:00,35.6,18.0,1010.5,,26.2511,73.0489,218.5,INI0000VIJO,JODHPUR,1010.5,sea_level_pressure
2023-04-08 12:00:00,30.0,31.0,1009.2,941.9,30.3167,78.0333,682.0,INM00042111,DEHRADUN,1009.2,sea_level_pressure
2023-04-08 15:00:00,24.6,49.0,1013.2,,28.5845,77.2058,214.9,INI0000VIDD,SAFDARJUNG,1013.2,sea_level_pressure
2023-04-08 15:00:00,29.5,26.0,1011.9,,26.2511,73.0489,218.5,INI0000VIJO,JODHPUR,1011.9,sea_level_pressure
2023-04-08 15:00:00,22.4,58.0,1012.6,943.5,30.3167,78.0333,682.0,INM00042111,DEHRADUN,1012.6,sea_level_pressure
2023-04-08 18:00:00,22.0,58.0,1014.1,,28.5845,77.2058,214.9,INI0000VIDD,SAFDARJUNG,1014.1,sea_level_pressure
2023-04-08 18:00:00,27.0,24.0,1013.8,,26.2511,73.0489,218.5,INI0000VIJO,JODHPUR,1013.8,sea_level_pressure
2023-04-08 18:00:00,20.2,69.0,1013.6,944.0,30.3167,78.0333,682.0,INM00042111,DEHRADUN,1013.6,sea_level_pressure
2023-04-08 21:00:00,20.2,63.0,1013.7,,28.5845,77.2058,214.9,INI0000VIDD,SAFDARJUNG,1013.7,sea_level_pressure
2023-04-08 21:00:00,25.5,24.0,1014.0,,26.2511,73.0489,218.5,INI0000VIJO,JODHPUR,1014.0,sea_level_pressure
2023-04-08 21:00:00,,,,,,,,INM00042111,DEHRADUN,,sea_level_pressure
2023-04-09 00:00:00,17.0,80.0,1014.8,,28.5845,77.2058,214.9,INI0000VIDD,SAFDARJUNG,1014.8,sea_level_pressure
2023-04-09 00:00:00,22.2,39.0,1013.7,,26.2511,73.0489,218.5,INI0000VIJO,JODHPUR,1013.7,sea_level_pressure
2023-04-09 00:00:00,15.6,82.0,1012.9,942.2,30.3167,78.0333,682.0,INM00042111,DEHRADUN,1012.9,sea_level_pressure
2023-04-09 03:00:00,22.0,58.0,1016.0,,28.5845,77.2058,214.9,INI0000VIDD,SAFDARJUNG,1016.0,sea_level_pressure
2023-04-09 03:00:00,27.2,34.0,1015.7,,26.2511,73.0489,218.5,INI0000VIJO,JODHPUR,1015.7,sea_level_pressure
2023-04-09 03:00:00,20.2,64.0,1014.9,945.2,30.3167,78.0333,682.0,INM00042111,DEHRADUN,1014.9,sea_level_pressure
2023-04-09 06:00:00,32.6,29.0,1015.2,,28.5845,77.2058,214.9,INI0000VIDD,SAFDARJUNG,1015.2,sea_level_pressure
2023-04-09 06:00:00,34.5,22.0,1015.1,,26.2511,73.0489,218.5,INI0000VIJO,JODHPUR,1015.1,sea_level_pressure
2023-04-09 06:00:00,29.2,36.0,1012.7,945.1,30.3167,78.0333,682.0,INM00042111,DEHRADUN,1012.7,sea_level_pressure
2023-04-09 09:00:00,34.2,21.0,1012.4,,28.5845,77.2058,214.9,INI0000VIDD,SAFDARJUNG,1012.4,sea_level_pressure
2023-04-09 09:00:00,36.6,14.0,1012.3,,26.2511,73.0489,218.5,INI0000VIJO,JODHPUR,1012.3,sea_level_pressure
2023-04-09 09:00:00,31.6,33.0,1009.8,942.9,30.3167,78.0333,682.0,INM00042111,DEHRADUN,1009.8,sea_level_pressure
2023-04-09 12:00:00,33.7,21.0,1010.0,,28.5845,77.2058,214.9,INI0000VIDD,SAFDARJUNG,1010.0,sea_level_pressure
2023-04-09 12:00:00,36.2,15.0,1010.1,,26.2511,73.0489,218.5,INI0000VIJO,JODHPUR,1010.1,sea_level_pressure
2023-04-09 12:00:00,29.6,34.0,1008.4,941.1,30.3167,78.0333,682.0,INM00042111,DEHRADUN,1008.4,sea_level_pressure
2023-04-09 15:00:00,24.4,49.0,1012.0,,28.5845,77.2058,214.9,INI0000VIDD,SAFDARJUNG,1012.0,sea_level_pressure
2023-04-09 15:00:00,27.5,38.0,1011.5,,26.2511,73.0489,218.5,INI0000VIJO,JODHPUR,1011.5,sea_level_pressure
2023-04-09 15:00:00,22.2,58.0,1011.1,942.1,30.3167,78.0333,682.0,INM00042111,DEHRADUN,1011.1,sea_level_pressure
2023-04-09 18:00:00,20.6,66.0,1012.8,,28.5845,77.2058,214.9,INI0000VIDD,SAFDARJUNG,1012.8,sea_level_pressure
2023-04-09 18:00:00,24.5,46.0,1012.0,,26.2511,73.0489,218.5,INI0000VIJO,JODHPUR,1012.0,sea_level_pressure
2023-04-09 18:00:00,18.6,69.0,1012.7,942.7,30.3167,78.0333,682.0,INM00042111,DEHRADUN,1012.7,sea_level_pressure
2023-04-09 21:00:00,19.2,76.0,1011.8,,28.5845,77.2058,214.9,INI0000VIDD,SAFDARJUNG,1011.8,sea_level_pressure
2023-04-09 21:00:00,22.7,52.0,1012.4,,26.2511,73.0489,218.5,INI0000VIJO,JODHPUR,1012.4,sea_level_pressure
2023-04-09 21:00:00,16.2,76.0,1011.1,940.8,30.3167,78.0333,682.0,INM00042111,DEHRADUN,1011.1,sea_level_pressure
2023-04-10 00:00:00,17.2,80.0,1012.4,,28.5845,77.2058,214.9,INI0000VIDD,SAFDARJUNG,1012.4,sea_level_pressure
2023-04-10 00:00:00,21.2,44.0,1011.6,,26.2511,73.0489,218.5,INI0000VIJO,JODHPUR,1011.6,sea_level_pressure
2023-04-10 00:00:00,15.6,78.0,1011.8,941.2,30.3167,78.0333,682.0,INM00042111,DEHRADUN,1011.8,sea_level_pressure
2023-04-10 03:00:00,22.2,52.0,1013.5,,28.5845,77.2058,214.9,INI0000VIDD,SAFDARJUNG,1013.5,sea_level_pressure
2023-04-10 03:00:00,27.2,29.0,1013.4,,26.2511,73.0489,218.5,INI0000VIJO,JODHPUR,1013.4,sea_level_pressure
2023-04-10 03:00:00,21.2,59.0,1012.3,943.0,30.3167,78.0333,682.0,INM00042111,DEHRADUN,1012.3,sea_level_pressure
2023-04-10 06:00:00,31.7,28.0,1013.2,,28.5845,77.2058,214.9,INI0000VIDD,SAFDARJUNG,1013.2,sea_level_pressure
2023-04-10 06:00:00,35.2,15.0,1012.7,,26.2511,73.0489,218.5,INI0000VIJO,JODHPUR,1012.7,sea_level_pressure
2023-04-10 06:00:00,29.7,32.0,1010.4,943.1,30.3167,78.0333,682.0,INM00042111,DEHRADUN,1010.4,sea_level_pressure
2023-04-10 09:00:00,34.2,19.0,1010.4,,28.5845,77.2058,214.9,INI0000VIDD,SAFDARJUNG,1010.4,sea_level_pressure
2023-04-10 09:00:00,38.0,12.0,1010.3,,26.2511,73.0489,218.5,INI0000VIJO,JODHPUR,1010.3,sea_level_pressure
2023-04-10 09:00:00,31.8,34.0,1007.8,941.1,30.3167,78.0333,682.0,INM00042111,DEHRADUN,1007.8,sea_level_pressure
2023-04-10 12:00:00,,,,,,,,INI0000VIDD,SAFDARJUNG,,sea_level_pressure
2023-04-10 12:00:00,36.6,18.0,1008.7,,26.2511,73.0489,218.5,INI0000VIJO,JODHPUR,1008.7,sea_level_pressure
2023-04-10 12:00:00,30.7,35.0,1008.5,939.0,30.3167,78.0333,682.0,INM00042111,DEHRADUN,1008.5,sea_level_pressure
2023-04-10 15:00:00,25.8,53.0,1011.0,,28.5845,77.2058,214.9,INI0000VIDD,SAFDARJUNG,1011.0,sea_level_pressure
2023-04-10 15:00:00,28.0,46.0,1010.6,,26.2511,73.0489,218.5,INI0000VIJO,JODHPUR,1010.6,sea_level_pressure
2023-04-10 15:00:00,22.6,57.0,1009.3,940.5,30.3167,78.0333,682.0,INM00042111,DEHRADUN,1009.3,sea_level_pressure
2023-04-10 18:00:00,21.6,69.0,1012.0,,28.5845,77.2058,214.9,INI0000VIDD,SAFDARJUNG,1012.0,sea_level_pressure
2023-04-10 18:00:00,29.7,29.0,1011.6,,26.2511,73.0489,218.5,INI0000VIJO,JODHPUR,1011.6,sea_level_pressure
2023-04-10 18:00:00,19.2,68.0,1010.6,941.0,30.3167,78.0333,682.0,INM00042111,DEHRADUN,1010.6,sea_level_pressure
2023-04-10 21:00:00,20.2,73.0,1010.9,,28.5845,77.2058,214.9,INI0000VIDD,SAFDARJUNG,1010.9,sea_level_pressure
2023-04-10 21:00:00,27.0,37.0,1011.2,,26.2511,73.0489,218.5,INI0000VIJO,JODHPUR,1011.2,sea_level_pressure
2023-04-10 21:00:00,16.5,76.0,1009.4,939.2,30.3167,78.0333,682.0,INM00042111,DEHRADUN,1009.4,sea_level_pressure
2023-04-11 00:00:00,18.2,77.0,1011.0,,28.5845,77.2058,214.9,INI0000VIDD,SAFDARJUNG,1011.0,sea_level_pressure
2023-04-11 00:00:00,26.2,39.0,1010.8,,26.2511,73.0489,218.5,INI0000VIJO,JODHPUR,1010.8,sea_level_pressure
2023-04-11 00:00:00,16.0,78.0,1008.9,938.2,30.3167,78.0333,682.0,INM00042111,DEHRADUN,1008.9,sea_level_pressure
2023-04-11 03:00:00,22.4,57.0,1012.6,,28.5845,77.2058,214.9,INI0000VIDD,SAFDARJUNG,1012.6,sea_level_pressure
2023-04-11 03:00:00,29.2,29.0,1012.1,,26.2511,73.0489,218.5,INI0000VIJO,JODHPUR,1012.1,sea_level_pressure
2023-04-11 03:00:00,21.8,55.0,1011.6,942.4,30.3167,78.0333,682.0,INM00042111,DEHRADUN,1011.6,sea_level_pressure
2023-04-11 06:00:00,33.5,29.0,1012.4,,28.5845,77.2058,214.9,INI0000VIDD,SAFDARJUNG,1012.4,sea_level_pressure
2023-04-11 06:00:00,37.0,15.0,1012.1,,26.2511,73.0489,218.5,INI0000VIJO,JODHPUR,1012.1,sea_level_pressure
2023-04-11 06:00:00,29.6,34.0,1009.3,942.0,30.3167,78.0333,682.0,INM00042111,DEHRADUN,1009.3,sea_level_pressure
2023-04-11 09:00:00,36.4,23.0,1009.8,,28.5845,77.2058,214.9,INI0000VIDD,SAFDARJUNG,1009.8,sea_level_pressure
2023-04-11 09:00:00,37.7,17.0,1009.3,,26.2511,73.0489,218.5,INI0000VIJO,JODHPUR,1009.3,sea_level_pressure
2023-04-11 09:00:00,32.0,31.0,1006.6,939.9,30.3167,78.0333,682.0,INM00042111,DEHRADUN,1006.6,sea_level_pressure
2023-04-11 12:00:00,35.2,26.0,1008.4,,28.5845,77.2058,214.9,INI0000VIDD,SAFDARJUNG,1008.4,sea_level_pressure
2023-04-11 12:00:00,36.8,25.0,1007.6,,26.2511,73.0489,218.5,INI0000VIJO,JODHPUR,1007.6,sea_level_pressure
2023-04-11 12:00:00,32.0,31.0,1006.0,939.4,30.3167,78.0333,682.0,INM00042111,DEHRADUN,1006.0,sea_level_pressure
2023-04-11 15:00:00,28.6,43.0,1009.7,,28.5845,77.2058,214.9,INI0000VIDD,SAFDARJUNG,1009.7,sea_level_pressure
2023-04-11 15:00:00,31.5,30.0,1010.0,,26.2511,73.0489,218.5,INI0000VIJO,JODHPUR,1010.0,sea_level_pressure
2023-04-11 15:00:00,24.4,55.0,1007.2,939.0,30.3167,78.0333,682.0,INM00042111,DEHRADUN,1007.2,sea_level_pressure
2023-04-11 18:00:00,,,,,,,,INI0000VIDD,SAFDARJUNG,,sea_level_pressure
2023-04-11 18:00:00,29.0,36.0,1011.7,,26.2511,73.0489,218.5,INI0000VIJO,JODHPUR,1011.7,sea_level_pressure
2023-04-11 18:00:00,,,,,,,,INM00042111,DEHRADUN,,sea_level_pressure
2023-04-11 21:00:00,25.4,48.0,1010.6,,28.5845,77.2058,214.9,INI0000VIDD,SAFDARJUNG,1010.6,sea_level_pressure
2023-04-11 21:00:00,24.2,40.0,1010.1,,26.2511,73.0489,218.5,INI0000VIJO,JODHPUR,1010.1,sea_level_pressure
2023-04-11 21:00:00,18.4,71.0,1009.9,940.1,30.3167,78.0333,682.0,INM00042111,DEHRADUN,1009.9,sea_level_pressure
2023-04-12 00:00:00,23.2,86.0,1010.3,,28.5845,77.2058,214.9,INI0000VIDD,SAFDARJUNG,1010.3,sea_level_pressure
2023-04-12 00:00:00,22.8,53.0,1010.0,,26.2511,73.0489,218.5,INI0000VIJO,JODHPUR,1010.0,sea_level_pressure
2023-04-12 00:00:00,17.0,75.0,1010.1,939.8,30.3167,78.0333,682.0,INM00042111,DEHRADUN,1010.1,sea_level_pressure
2023-04-12 03:00:00,27.0,45.0,1011.5,,28.5845,77.2058,214.9,INI0000VIDD,SAFDARJUNG,1011.5,sea_level_pressure
2023-04-12 03:00:00,29.2,35.0,1011.6,,26.2511,73.0489,218.5,INI0000VIJO,JODHPUR,1011.6,sea_level_pressure
2023-04-12 03:00:00,22.2,58.0,1010.4,941.4,30.3167,78.0333,682.0,INM00042111,DEHRADUN,1010.4,sea_level_pressure
2023-04-12 06:00:00,34.0,32.0,1011.9,,28.5845,77.2058,214.9,INI0000VIDD,SAFDARJUNG,1011.9,sea_level_pressure
2023-04-12 06:00:00,34.7,26.0,1011.5,,26.2511,73.0489,218.5,INI0000VIJO,JODHPUR,1011.5,sea_level_pressure
2023-04-12 06:00:00,31.0,39.0,1008.6,941.5,30.3167,78.0333,682.0,INM00042111,DEHRADUN,1008.6,sea_level_pressure
2023-04-12 09:00:00,34.4,25.0,1009.2,,28.5845,77.2058,214.9,INI0000VIDD,SAFDARJUNG,1009.2,sea_level_pressure
2023-04-12 09:00:00,37.0,24.0,1008.7,,26.2511,73.0489,218.5,INI0000VIJO,JODHPUR,1008.7,sea_level_pressure
2023-04-12 09:00:00,34.0,33.0,1005.5,939.4,30.3167,78.0333,682.0,INM00042111,DEHRADUN,1005.5,sea_level_pressure
2023-04-12 12:00:00,34.5,30.0,1007.7,,28.5845,77.2058,214.9,INI0000VIDD,SAFDARJUNG,1007.7,sea_level_pressure
2023-04-12 12:00:00,37.2,22.0,1006.9,,26.2511,73.0489,218.5,INI0000VIJO,JODHPUR,1006.9,sea_level_pressure
2023-04-12 12:00:00,31.6,37.0,1004.6,938.0,30.3167,78.0333,682.0,INM00042111,DEHRADUN,1004.6,sea_level_pressure
2023-04-12 15:00:00,28.0,47.0,1009.4,,28.5845,77.2058,214.9,INI0000VIDD,SAFDARJUNG,1009.4,sea_level_pressure
2023-04-12 15:00:00,32.2,23.0,1008.6,,26.2511,73.0489,218.5,INI0000VIJO,JODHPUR,1008.6,sea_level_pressure
2023-04-12 15:00:00,24.0,52.0,1008.0,939.5,30.3167,78.0333,682.0,INM00042111,DEHRADUN,1008.0,sea_level_pressure
2023-04-12 18:00:00,25.0,54.0,1009.8,,28.5845,77.2058,214.9,INI0000VIDD,SAFDARJUNG,1009.8,sea_level_pressure
2023-04-12 18:00:00,28.5,35.0,1010.1,,26.2511,73.0489,218.5,INI0000VIJO,JODHPUR,1010.1,sea_level_pressure
2023-04-12 18:00:00,,,,,,,,INM00042111,DEHRADUN,,sea_level_pressure
2023-04-12 21:00:00,23.0,74.0,1009.6,,28.5845,77.2058,214.9,INI0000VIDD,SAFDARJUNG,1009.6,sea_level_pressure
2023-04-12 21:00:00,25.2,45.0,1008.1,,26.2511,73.0489,218.5,INI0000VIJO,JODHPUR,1008.1,sea_level_pressure
2023-04-12 21:00:00,19.6,68.0,1007.6,938.2,30.3167,78.0333,682.0,INM00042111,DEHRADUN,1007.6,sea_level_pressure
2023-04-13 00:00:00,20.5,74.0,1009.1,,28.5845,77.2058,214.9,INI0000VIDD,SAFDARJUNG,1009.1,sea_level_pressure
2023-04-13 00:00:00,22.5,58.0,1009.4,,26.2511,73.0489,218.5,INI0000VIJO,JODHPUR,1009.4,sea_level_pressure
2023-04-13 00:00:00,18.2,70.0,1007.8,938.2,30.3167,78.0333,682.0,INM00042111,DEHRADUN,1007.8,sea_level_pressure
2023-04-13 03:00:00,24.4,60.0,1010.7,,28.5845,77.2058,214.9,INI0000VIDD,SAFDARJUNG,1010.7,sea_level_pressure
2023-04-13 03:00:00,28.5,38.0,1010.9,,26.2511,73.0489,218.5,INI0000VIJO,JODHPUR,1010.9,sea_level_pressure
2023-04-13 03:00:00,23.0,60.0,1009.0,940.2,30.3167,78.0333,682.0,INM00042111,DEHRADUN,1009.0,sea_level_pressure
2023-04-13 06:00:00,34.2,28.0,1009.4,,28.5845,77.2058,214.9,INI0000VIDD,SAFDARJUNG,1009.4,sea_level_pressure
2023-04-13 06:00:00,34.7,26.0,1010.3,,26.2511,73.0489,218.5,INI0000VIJO,JODHPUR,1010.3,sea_level_pressure
2023-04-13 06:00:00,31.5,38.0,1007.0,940.3,30.3167,78.0333,682.0,INM00042111,DEHRADUN,1007.0,sea_level_pressure
2023-04-13 09:00:00,37.2,20.0,1006.4,,28.5845,77.2058,214.9,INI0000VIDD,SAFDARJUNG,1006.4,sea_level_pressure
2023-04-13 09:00:00,38.5,19.0,1007.2,,26.2511,73.0489,218.5,INI0000VIJO,JODHPUR,1007.2,sea_level_pressure
2023-04-13 09:00:00,34.0,37.0,1009.0,937.9,30.3167,78.0333,682.0,INM00042111,DEHRADUN,1009.0,sea_level_pressure
2023-04-13 12:00:00,36.7,20.0,1005.1,,28.5845,77.2058,214.9,INI0000VIDD,SAFDARJUNG,1005.1,sea_level_pressure
2023-04-13 12:00:00,37.7,15.0,1005.9,,26.2511,73.0489,218.5,INI0000VIJO,JODHPUR,1005.9,sea_level_pressure
2023-04-13 12:00:00,33.0,43.0,1003.0,936.8,30.3167,78.0333,682.0,INM00042111,DEHRADUN,1003.0,sea_level_pressure
2023-04-13 15:00:00,28.2,52.0,1007.4,,28.5845,77.2058,214.9,INI0000VIDD,SAFDARJUNG,1007.4,sea_level_pressure
2023-04-13 15:00:00,28.7,40.0,1008.0,,26.2511,73.0489,218.5,INI0000VIJO,JODHPUR,1008.0,sea_level_pressure
2023-04-13 15:00:00,25.4,56.0,1006.2,938.2,30.3167,78.0333,682.0,INM00042111,DEHRADUN,1006.2,sea_level_pressure
2023-04-13 18:00:00,24.6,61.0,1008.2,,28.5845,77.2058,214.9,INI0000VIDD,SAFDARJUNG,1008.2,sea_level_pressure
2023-04-13 18:00:00,26.2,49.0,1008.8,,26.2511,73.0489,218.5,INI0000VIJO,JODHPUR,1008.8,sea_level_pressure
2023-04-13 18:00:00,21.6,65.0,1007.9,938.9,30.3167,78.0333,682.0,INM00042111,DEHRADUN,1007.9,sea_level_pressure
2023-04-13 21:00:00,22.7,70.0,1007.7,,28.5845,77.2058,214.9,INI0000VIDD,SAFDARJUNG,1007.7,sea_level_pressure
2023-04-13 21:00:00,24.7,50.0,1007.8,,26.2511,73.0489,218.5,INI0000VIJO,JODHPUR,1007.8,sea_level_pressure
2023-04-13 21:00:00,20.0,70.0,1007.5,938.1,30.3167,78.0333,682.0,INM00042111,DEHRADUN,1007.5,sea_level_pressure
2023-04-14 00:00:00,21.6,67.0,1008.5,,28.5845,77.2058,214.9,INI0000VIDD,SAFDARJUNG,1008.5,sea_level_pressure
2023-04-14 00:00:00,26.6,39.0,1008.0,,26.2511,73.0489,218.5,INI0000VIJO,JODHPUR,1008.0,sea_level_pressure
2023-04-14 00:00:00,19.0,73.0,1007.8,938.2,30.3167,78.0333,682.0,INM00042111,DEHRADUN,1007.8,sea_level_pressure
2023-04-14 03:00:00,26.8,46.0,1009.7,,28.5845,77.2058,214.9,INI0000VIDD,SAFDARJUNG,1009.7,sea_level_pressure
2023-04-14 03:00:00,29.2,34.0,1010.0,,26.2511,73.0489,218.5,INI0000VIJO,JODHPUR,1010.0,sea_level_pressure
2023-04-14 03:00:00,23.8,57.0,1008.6,940.0,30.3167,78.0333,682.0,INM00042111,DEHRADUN,1008.6,sea_level_pressure
2023-04-14 06:00:00,35.5,22.0,1008.7,,28.5845,77.2058,214.9,INI0000VIDD,SAFDARJUNG,1008.7,sea_level_pressure
2023-04-14 06:00:00,34.6,26.0,1009.9,,26.2511,73.0489,218.5,INI0000VIJO,JODHPUR,1009.9,sea_level_pressure
2023-04-14 06:00:00,31.7,46.0,1006.6,939.9,30.3167,78.0333,682.0,INM00042111,DEHRADUN,1006.6,sea_level_pressure
2023-04-14 09:00:00,38.4,16.0,1006.2,,28.5845,77.2058,214.9,INI0000VIDD,SAFDARJUNG,1006.2,sea_level_pressure
2023-04-14 09:00:00,39.5,19.0,1006.3,,26.2511,73.0489,218.5,INI0000VIJO,JODHPUR,1006.3,sea_level_pressure
2023-04-14 09:00:00,35.4,33.0,1003.5,937.6,30.3167,78.0333,682.0,INM00042111,DEHRADUN,1003.5,sea_level_pressure
2023-04-14 12:00:00,37.0,23.0,1004.8,,28.5845,77.2058,214.9,INI0000VIDD,SAFDARJUNG,1004.8,sea_level_pressure
2023-04-14 12:00:00,39.0,20.0,1004.3,,26.2511,73.0489,218.5,INI0000VIJO,JODHPUR,1004.3,sea_level_pressure
2023-04-14 12:00:00,34.0,31.0,1002.7,936.7,30.3167,78.0333,682.0,INM00042111,DEHRADUN,1002.7,sea_level_pressure
2023-04-14 15:00:00,29.0,51.0,1006.5,,28.5845,77.2058,214.9,INI0000VIDD,SAFDARJUNG,1006.5,sea_level_pressure
2023-04-14 15:00:00,31.2,39.0,1006.6,,26.2511,73.0489,218.5,INI0000VIJO,JODHPUR,1006.6,sea_level_pressure
2023-04-14 15:00:00,26.0,51.0,1006.1,938.1,30.3167,78.0333,682.0,INM00042111,DEHRADUN,1006.1,sea_level_pressure
2023-04-14 18:00:00,25.0,57.0,1007.3,,28.5845,77.2058,214.9,INI0000VIDD,SAFDARJUNG,1007.3,sea_level_pressure
2023-04-14 18:00:00,31.7,28.0,1007.9,,26.2511,73.0489,218.5,INI0000VIJO,JODHPUR,1007.9,sea_level_pressure
2023-04-14 18:00:00,22.6,63.0,1007.2,938.5,30.3167,78.0333,682.0,INM00042111,DEHRADUN,1007.2,sea_level_pressure
2023-04-14 21:00:00,23.6,61.0,1006.0,,28.5845,77.2058,214.9,INI0000VIDD,SAFDARJUNG,1006.0,sea_level_pressure
2023-04-14 21:00:00,28.7,36.0,1007.4,,26.2511,73.0489,218.5,INI0000VIJO,JODHPUR,1007.4,sea_level_pressure
2023-04-14 21:00:00,21.0,66.0,1005.0,936.2,30.3167,78.0333,682.0,INM00042111,DEHRADUN,1005.0,sea_level_pressure
2023-04-15 00:00:00,21.6,67.0,1007.3,,28.5845,77.2058,214.9,INI0000VIDD,SAFDARJUNG,1007.3,sea_level_pressure
2023-04-15 00:00:00,26.5,41.0,1007.9,,26.2511,73.0489,218.5,INI0000VIJO,JODHPUR,1007.9,sea_level_pressure
2023-04-15 00:00:00,20.0,70.0,1006.0,937.0,30.3167,78.0333,682.0,INM00042111,DEHRADUN,1006.0,sea_level_pressure
2023-04-15 03:00:00,25.6,59.0,1009.3,,28.5845,77.2058,214.9,INI0000VIDD,SAFDARJUNG,1009.3,sea_level_pressure
2023-04-15 03:00:00,29.0,46.0,1009.7,,26.2511,73.0489,218.5,INI0000VIJO,JODHPUR,1009.7,sea_level_pressure
2023-04-15 03:00:00,24.0,56.0,1008.4,939.8,30.3167,78.0333,682.0,INM00042111,DEHRADUN,1008.4,sea_level_pressure
2023-04-15 06:00:00,38.7,21.0,1008.1,,28.5845,77.2058,214.9,INI0000VIDD,SAFDARJUNG,1008.1,sea_level_pressure
2023-04-15 06:00:00,35.7,35.0,1009.3,,26.2511,73.0489,218.5,INI0000VIJO,JODHPUR,1009.3,sea_level_pressure
2023-04-15 06:00:00,33.2,36.0,1005.9,939.8,30.3167,78.0333,682.0,INM00042111,DEHRADUN,1005.9,sea_level_pressure
2023-04-15 09:00:00,40.2,18.0,1005.9,,28.5845,77.2058,214.9,INI0000VIDD,SAFDARJUNG,1005.9,sea_level_pressure
2023-04-15 09:00:00,38.7,20.0,1006.1,,26.2511,73.0489,218.5,INI0000VIJO,JODHPUR,1006.1,sea_level_pressure
2023-04-15 09:00:00,36.6,27.0,1003.7,938.2,30.3167,78.0333,682.0,INM00042111,DEHRADUN,1003.7,sea_level_pressure
2023-04-15 12:00:00,39.0,21.0,1003.8,,28.5845,77.2058,214.9,INI0000VIDD,SAFDARJUNG,1003.8,sea_level_pressure
2023-04-15 12:00:00,38.0,19.0,1004.3,,26.2511,73.0489,218.5,INI0000VIJO,JODHPUR,1004.3,sea_level_pressure
2023-04-15 12:00:00,34.7,31.0,1002.7,936.9,30.3167,78.0333,682.0,INM00042111,DEHRADUN,1002.7,sea_level_pressure
2023-04-15 15:00:00,32.4,36.0,1005.6,,28.5845,77.2058,214.9,INI0000VIDD,SAFDARJUNG,1005.6,sea_level_pressure
2023-04-15 15:00:00,31.7,30.0,1006.2,,26.2511,73.0489,218.5,INI0000VIJO,JODHPUR,1006.2,sea_level_pressure
2023-04-15 15:00:00,27.8,38.0,1006.2,938.7,30.3167,78.0333,682.0,INM00042111,DEHRADUN,1006.2,sea_level_pressure
2023-04-15 18:00:00,30.6,40.0,1006.8,,28.5845,77.2058,214.9,INI0000VIDD,SAFDARJUNG,1006.8,sea_level_pressure
2023-04-15 18:00:00,31.0,30.0,1007.3,,26.2511,73.0489,218.5,INI0000VIJO,JODHPUR,1007.3,sea_level_pressure
2023-04-15 18:00:00,23.0,56.0,1007.9,939.1,30.3167,78.0333,682.0,INM00042111,DEHRADUN,1007.9,sea_level_pressure
2023-04-15 21:00:00,27.4,50.0,1006.3,,28.5845,77.2058,214.9,INI0000VIDD,SAFDARJUNG,1006.3,sea_level_pressure
2023-04-15 21:00:00,29.6,31.0,1006.7,,26.2511,73.0489,218.5,INI0000VIJO,JODHPUR,1006.7,sea_level_pressure
2023-04-15 21:00:00,20.6,66.0,1007.7,938.6,30.3167,78.0333,682.0,INM00042111,DEHRADUN,1007.7,sea_level_pressure
2023-04-16 00:00:00,25.2,57.0,1005.9,,28.5845,77.2058,214.9,INI0000VIDD,SAFDARJUNG,1005.9,sea_level_pressure
2023-04-16 00:00:00,25.0,50.0,1006.8,,26.2511,73.0489,218.5,INI0000VIJO,JODHPUR,1006.8,sea_level_pressure
2023-04-16 00:00:00,18.7,70.0,1007.8,938.2,30.3167,78.0333,682.0,INM00042111,DEHRADUN,1007.8,sea_level_pressure
2023-04-16 03:00:00,26.4,56.0,1008.0,,28.5845,77.2058,214.9,INI0000VIDD,SAFDARJUNG,1008.0,sea_level_pressure
2023-04-16 03:00:00,28.7,42.0,1008.6,,26.2511,73.0489,218.5,INI0000VIJO,JODHPUR,1008.6,sea_level_pressure
2023-04-16 03:00:00,23.8,52.0,1008.5,939.9,30.3167,78.0333,682.0,INM00042111,DEHRADUN,1008.5,sea_level_pressure
2023-04-16 06:00:00,36.2,27.0,1007.5,,28.5845,77.2058,214.9,INI0000VIDD,SAFDARJUNG,1007.5,sea_level_pressure
2023-04-16 06:00:00,35.0,35.0,1008.7,,26.2511,73.0489,218.5,INI0000VIJO,JODHPUR,1008.7,sea_level_pressure
2023-04-16 06:00:00,,,,,,,,INM00042111,DEHRADUN,,sea_level_pressure
2023-04-16 09:00:00,39.8,21.0,1004.2,,28.5845,77.2058,214.9,INI0000VIDD,SAFDARJUNG,1004.2,sea_level_pressure
2023-04-16 09:00:00,37.2,23.0,1005.6,,26.2511,73.0489,218.5,INI0000VIJO,JODHPUR,1005.6,sea_level_pressure
2023-04-16 09:00:00,36.2,29.0,1001.8,936.5,30.3167,78.0333,682.0,INM00042111,DEHRADUN,1001.8,sea_level_pressure
2023-04-16 12:00:00,38.6,23.0,1002.4,,28.5845,77.2058,214.9,INI0000VIDD,SAFDARJUNG,1002.4,sea_level_pressure
2023-04-16 12:00:00,37.6,21.0,1004.0,,26.2511,73.0489,218.5,INI0000VIJO,JODHPUR,1004.0,sea_level_pressure
2023-04-16 12:00:00,34.6,31.0,1000.6,935.0,30.3167,78.0333,682.0,INM00042111,DEHRADUN,1000.6,sea_level_pressure
2023-04-16 15:00:00,32.6,41.0,1004.6,,28.5845,77.2058,214.9,INI0000VIDD,SAFDARJUNG,1004.6,sea_level_pressure
2023-04-16 15:00:00,33.2,28.0,1006.1,,26.2511,73.0489,218.5,INI0000VIJO,JODHPUR,1006.1,sea_level_pressure
2023-04-16 15:00:00,26.2,53.0,1003.0,935.5,30.3167,78.0333,682.0,INM00042111,DEHRADUN,1003.0,sea_level_pressure
2023-04-16 18:00:00,29.0,54.0,1005.8,,28.5845,77.2058,214.9,INI0000VIDD,SAFDARJUNG,1005.8,sea_level_pressure
2023-04-16 18:00:00,30.6,37.0,1007.2,,26.2511,73.0489,218.5,INI0000VIJO,JODHPUR,1007.2,sea_level_pressure
2023-04-16 18:00:00,24.5,53.0,1004.0,936.0,30.3167,78.0333,682.0,INM00042111,DEHRADUN,1004.0,sea_level_pressure
2023-04-16 21:00:00,27.0,61.0,1005.4,,28.5845,77.2058,214.9,INI0000VIDD,SAFDARJUNG,1005.4,sea_level_pressure
2023-04-16 21:00:00,28.5,44.0,1006.4,,26.2511,73.0489,218.5,INI0000VIJO,JODHPUR,1006.4,sea_level_pressure
2023-04-16 21:00:00,,,,,,,,INM00042111,DEHRADUN,,sea_level_pressure
2023-04-17 00:00:00,23.0,71.0,1005.3,,28.5845,77.2058,214.9,INI0000VIDD,SAFDARJUNG,1005.3,sea_level_pressure
2023-04-17 00:00:00,27.8,46.0,1006.5,,26.2511,73.0489,218.5,INI0000VIJO,JODHPUR,1006.5,sea_level_pressure
2023-04-17 00:00:00,19.7,69.0,1003.6,934.5,30.3167,78.0333,682.0,INM00042111,DEHRADUN,1003.6,sea_level_pressure
2023-04-17 03:00:00,28.6,46.0,1006.8,,28.5845,77.2058,214.9,INI0000VIDD,SAFDARJUNG,1006.8,sea_level_pressure
2023-04-17 03:00:00,30.0,49.0,1008.5,,26.2511,73.0489,218.5,INI0000VIJO,JODHPUR,1008.5,sea_level_pressure
2023-04-17 03:00:00,23.8,56.0,1004.3,936.0,30.3167,78.0333,682.0,INM00042111,DEHRADUN,1004.3,sea_level_pressure
2023-04-17 06:00:00,37.7,24.0,1006.8,,28.5845,77.2058,214.9,INI0000VIDD,SAFDARJUNG,1006.8,sea_level_pressure
2023-04-17 06:00:00,35.0,37.0,1008.6,,26.2511,73.0489,218.5,INI0000VIJO,JODHPUR,1008.6,sea_level_pressure
2023-04-17 06:00:00,33.6,32.0,1004.8,938.7,30.3167,78.0333,682.0,INM00042111,DEHRADUN,1004.8,sea_level_pressure
2023-04-17 09:00:00,39.8,21.0,1004.5,,28.5845,77.2058,214.9,INI0000VIDD,SAFDARJUNG,1004.5,sea_level_pressure
2023-04-17 09:00:00,38.7,19.0,1005.5,,26.2511,73.0489,218.5,INI0000VIJO,JODHPUR,1005.5,sea_level_pressure
2023-04-17 09:00:00,36.0,25.0,1002.7,937.0,30.3167,78.0333,682.0,INM00042111,DEHRADUN,1002.7,sea_level_pressure
2023-04-17 12:00:00,30.5,54.0,1005.7,,28.5845,77.2058,214.9,INI0000VIDD,SAFDARJUNG,1005.7,sea_level_pressure
2023-04-17 12:00:00,37.8,23.0,1004.4,,26.2511,73.0489,218.5,INI0000VIJO,JODHPUR,1004.4,sea_level_pressure
2023-04-17 12:00:00,35.6,29.0,1001.7,936.2,30.3167,78.0333,682.0,INM00042111,DEHRADUN,1001.7,sea_level_pressure
2023-04-17 15:00:00,30.4,54.0,1005.7,,28.5845,77.2058,214.9,INI0000VIDD,SAFDARJUNG,1005.7,sea_level_pressure
2023-04-17 15:00:00,34.5,32.0,1006.4,,26.2511,73.0489,218.5,INI0000VIJO,JODHPUR,1006.4,sea_level_pressure
2023-04-17 15:00:00,26.2,51.0,1006.2,938.5,30.3167,78.0333,682.0,INM00042111,DEHRADUN,1006.2,sea_level_pressure
2023-04-17 18:00:00,27.2,64.0,1006.9,,28.5845,77.2058,214.9,INI0000VIDD,SAFDARJUNG,1006.9,sea_level_pressure
2023-04-17 18:00:00,33.0,31.0,1007.9,,26.2511,73.0489,218.5,INI0000VIJO,JODHPUR,1007.9,sea_level_pressure
2023-04-17 18:00:00,23.0,64.0,1007.8,939.0,30.3167,78.0333,682.0,INM00042111,DEHRADUN,1007.8,sea_level_pressure
2023-04-17 21:00:00,25.5,73.0,1006.6,,28.5845,77.2058,214.9,INI0000VIDD,SAFDARJUNG,1006.6,sea_level_pressure
2023-04-17 21:00:00,30.7,32.0,1007.7,,26.2511,73.0489,218.5,INI0000VIJO,JODHPUR,1007.7,sea_level_pressure
2023-04-17 21:00:00,21.6,65.0,1007.1,938.2,30.3167,78.0333,682.0,INM00042111,DEHRADUN,1007.1,sea_level_pressure
2023-04-18 00:00:00,23.6,73.0,1007.2,,28.5845,77.2058,214.9,INI0000VIDD,SAFDARJUNG,1007.2,sea_level_pressure
2023-04-18 00:00:00,28.7,33.0,1008.2,,26.2511,73.0489,218.5,INI0000VIJO,JODHPUR,1008.2,sea_level_pressure
2023-04-18 00:00:00,20.5,67.0,1007.5,938.4,30.3167,78.0333,682.0,INM00042111,DEHRADUN,1007.5,sea_level_pressure
2023-04-18 03:00:00,31.6,37.0,1008.5,,28.5845,77.2058,214.9,INI0000VIDD,SAFDARJUNG,1008.5,sea_level_pressure
2023-04-18 03:00:00,29.2,36.0,1010.5,,26.2511,73.0489,218.5,INI0000VIJO,JODHPUR,1010.5,sea_level_pressure
2023-04-18 03:00:00,25.4,48.0,1008.3,940.2,30.3167,78.0333,682.0,INM00042111,DEHRADUN,1008.3,sea_level_pressure
2023-04-18 06:00:00,37.2,29.0,1008.4,,28.5845,77.2058,214.9,INI0000VIDD,SAFDARJUNG,1008.4,sea_level_pressure
2023-04-18 06:00:00,35.0,28.0,1010.2,,26.2511,73.0489,218.5,INI0000VIJO,JODHPUR,1010.2,sea_level_pressure
2023-04-18 06:00:00,34.0,33.0,1007.0,940.7,30.3167,78.0333,682.0,INM00042111,DEHRADUN,1007.0,sea_level_pressure
2023-04-18 09:00:00,36.8,29.0,1005.9,,28.5845,77.2058,214.9,INI0000VIDD,SAFDARJUNG,1005.9,sea_level_pressure
2023-04-18 09:00:00,38.7,22.0,1007.3,,26.2511,73.0489,218.5,INI0000VIJO,JODHPUR,1007.3,sea_level_pressure
2023-04-18 09:00:00,36.2,30.0,1004.1,938.6,30.3167,78.0333,682.0,INM00042111,DEHRADUN,1004.1,sea_level_pressure
2023-04-18 12:00:00,38.7,26.0,1004.3,,28.5845,77.2058,214.9,INI0000VIDD,SAFDARJUNG,1004.3,sea_level_pressure
2023-04-18 12:00:00,38.6,21.0,1005.5,,26.2511,73.0489,218.5,INI0000VIJO,JODHPUR,1005.5,sea_level_pressure
2023-04-18 12:00:00,,,,,,,,INM00042111,DEHRADUN,,sea_level_pressure
2023-04-18 15:00:00,32.0,51.0,1005.8,,28.5845,77.2058,214.9,INI0000VIDD,SAFDARJUNG,1005.8,sea_level_pressure
2023-04-18 15:00:00,33.0,36.0,1007.6,,26.2511,73.0489,218.5,INI0000VIJO,JODHPUR,1007.6,sea_level_pressure
2023-04-18 15:00:00,,,,,,,,INM00042111,DEHRADUN,,sea_level_pressure
2023-04-18 18:00:00,27.6,63.0,1006.8,,28.5845,77.2058,214.9,INI0000VIDD,SAFDARJUNG,1006.8,sea_level_pressure
2023-04-18 18:00:00,30.5,42.0,1009.6,,26.2511,73.0489,218.5,INI0000VIJO,JODHPUR,1009.6,sea_level_pressure
2023-04-18 18:00:00,,,,,,,,INM00042111,DEHRADUN,,sea_level_pressure
2023-04-18 21:00:00,,,,,,,,INI0000VIDD,SAFDARJUNG,,sea_level_pressure
2023-04-18 21:00:00,,,,,,,,INI0000VIJO,JODHPUR,,sea_level_pressure
2023-04-18 21:00:00,,,,,,,,INM00042111,DEHRADUN,,sea_level_pressure
2023-04-19 00:00:00,26.6,53.0,1006.2,,28.5845,77.2058,214.9,INI0000VIDD,SAFDARJUNG,1006.2,sea_level_pressure
2023-04-19 00:00:00,24.7,67.0,1008.2,,26.2511,73.0489,218.5,INI0000VIJO,JODHPUR,1008.2,sea_level_pressure
2023-04-19 00:00:00,,,,,,,,INM00042111,DEHRADUN,,sea_level_pressure
2023-04-19 03:00:00,26.0,57.0,1008.0,,28.5845,77.2058,214.9,INI0000VIDD,SAFDARJUNG,1008.0,sea_level_pressure
2023-04-19 03:00:00,28.2,52.0,1008.3,,26.2511,73.0489,218.5,INI0000VIJO,JODHPUR,1008.3,sea_level_pressure
2023-04-19 03:00:00,25.0,46.0,1009.9,941.6,30.3167,78.0333,682.0,INM00042111,DEHRADUN,1009.9,sea_level_pressure
2023-04-19 06:00:00,33.7,40.0,1006.6,,28.5845,77.2058,214.9,INI0000VIDD,SAFDARJUNG,1006.6,sea_level_pressure
2023-04-19 06:00:00,34.0,31.0,1007.6,,26.2511,73.0489,218.5,INI0000VIJO,JODHPUR,1007.6,sea_level_pressure
2023-04-19 06:00:00,30.5,34.0,1005.5,938.7,30.3167,78.0333,682.0,INM00042111,DEHRADUN,1005.5,sea_level_pressure
2023-04-19 09:00:00,37.4,31.0,1002.9,,28.5845,77.2058,214.9,INI0000VIDD,SAFDARJUNG,1002.9,sea_level_pressure
2023-04-19 09:00:00,36.7,26.0,1003.9,,26.2511,73.0489,218.5,INI0000VIJO,JODHPUR,1003.9,sea_level_pressure
2023-04-19 09:00:00,30.0,36.0,1002.3,935.5,30.3167,78.0333,682.0,INM00042111,DEHRADUN,1002.3,sea_level_pressure
2023-04-19 12:00:00,35.7,33.0,1000.7,,28.5845,77.2058,214.9,INI0000VIDD,SAFDARJUNG,1000.7,sea_level_pressure
2023-04-19 12:00:00,35.7,23.0,1002.5,,26.2511,73.0489,218.5,INI0000VIJO,JODHPUR,1002.5,sea_level_pressure
2023-04-19 12:00:00,32.0,33.0,998.7,932.5,30.3167,78.0333,682.0,INM00042111,DEHRADUN,998.7,sea_level_pressure
2023-04-19 15:00:00,33.4,40.0,1001.8,,28.5845,77.2058,214.9,INI0000VIDD,SAFDARJUNG,1001.8,sea_level_pressure
2023-04-19 15:00:00,33.5,27.0,1003.8,,26.2511,73.0489,218.5,INI0000VIJO,JODHPUR,1003.8,sea_level_pressure
2023-04-19 15:00:00,20.6,77.0,1004.5,935.5,30.3167,78.0333,682.0,INM00042111,DEHRADUN,1004.5,sea_level_pressure
2023-04-19 18:00:00,31.2,44.0,1003.0,,28.5845,77.2058,214.9,INI0000VIDD,SAFDARJUNG,1003.0,sea_level_pressure
2023-04-19 18:00:00,30.0,39.0,1004.6,,26.2511,73.0489,218.5,INI0000VIJO,JODHPUR,1004.6,sea_level_pressure
2023-04-19 18:00:00,21.5,63.0,1003.4,934.8,30.3167,78.0333,682.0,INM00042111,DEHRADUN,1003.4,sea_level_pressure
2023-04-19 21:00:00,29.6,46.0,1002.4,,28.5845,77.2058,214.9,INI0000VIDD,SAFDARJUNG,1002.4,sea_level_pressure
2023-04-19 21:00:00,28.2,46.0,1004.9,,26.2511,73.0489,218.5,INI0000VIJO,JODHPUR,1004.9,sea_level_pressure
2023-04-19 21:00:00,18.6,90.0,1004.4,935.0,30.3167,78.0333,682.0,INM00042111,DEHRADUN,1004.4,sea_level_pressure
2023-04-20 00:00:00,26.5,55.0,1002.3,,28.5845,77.2058,214.9,INI0000VIDD,SAFDARJUNG,1002.3,sea_level_pressure
2023-04-20 00:00:00,27.5,38.0,1003.4,,26.2511,73.0489,218.5,INI0000VIJO,JODHPUR,1003.4,sea_level_pressure
2023-04-20 00:00:00,20.6,69.0,1001.5,932.8,30.3167,78.0333,682.0,INM00042111,DEHRADUN,1001.5,sea_level_pressure
2023-04-20 03:00:00,26.6,58.0,1003.6,,28.5845,77.2058,214.9,INI0000VIDD,SAFDARJUNG,1003.6,sea_level_pressure
2023-04-20 03:00:00,27.6,42.0,1005.1,,26.2511,73.0489,218.5,INI0000VIJO,JODHPUR,1005.1,sea_level_pressure
2023-04-20 03:00:00,21.0,83.0,1002.0,933.1,30.3167,78.0333,682.0,INM00042111,DEHRADUN,1002.0,sea_level_pressure
2023-04-20 06:00:00,33.0,36.0,1003.3,,28.5845,77.2058,214.9,INI0000VIDD,SAFDARJUNG,1003.3,sea_level_pressure
2023-04-20 06:00:00,33.6,29.0,1004.4,,26.2511,73.0489,218.5,INI0000VIJO,JODHPUR,1004.4,sea_level_pressure
2023-04-20 06:00:00,28.2,52.0,1002.3,935.2,30.3167,78.0333,682.0,INM00042111,DEHRADUN,1002.3,sea_level_pressure
2023-04-20 09:00:00,34.6,32.0,1000.9,,28.5845,77.2058,214.9,INI0000VIDD,SAFDARJUNG,1000.9,sea_level_pressure
2023-04-20 09:00:00,35.8,22.0,1002.1,,26.2511,73.0489,218.5,INI0000VIJO,JODHPUR,1002.1,sea_level_pressure
2023-04-20 09:00:00,31.8,38.0,999.3,933.0,30.3167,78.0333,682.0,INM00042111,DEHRADUN,999.3,sea_level_pressure
2023-04-20 12:00:00,35.2,33.0,998.7,,28.5845,77.2058,214.9,INI0000VIDD,SAFDARJUNG,998.7,sea_level_pressure
2023-04-20 12:00:00,34.7,20.0,1000.5,,26.2511,73.0489,218.5,INI0000VIJO,JODHPUR,1000.5,sea_level_pressure
2023-04-20 12:00:00,30.5,42.0,997.4,931.1,30.3167,78.0333,682.0,INM00042111,DEHRADUN,997.4,sea_level_pressure
2023-04-20 15:00:00,27.6,49.0,1000.2,,28.5845,77.2058,214.9,INI0000VIDD,SAFDARJUNG,1000.2,sea_level_pressure
2023-04-20 15:00:00,32.5,22.0,1001.1,,26.2511,73.0489,218.5,INI0000VIJO,JODHPUR,1001.1,sea_level_pressure
2023-04-20 15:00:00,23.6,53.0,1001.3,933.2,30.3167,78.0333,682.0,INM00042111,DEHRADUN,1001.3,sea_level_pressure
2023-04-20 18:00:00,26.6,52.0,1001.0,,28.5845,77.2058,214.9,INI0000VIDD,SAFDARJUNG,1001.0,sea_level_pressure
2023-04-20 18:00:00,29.5,24.0,1002.6,,26.2511,73.0489,218.5,INI0000VIJO,JODHPUR,1002.6,sea_level_pressure
2023-04-20 18:00:00,22.0,55.0,1000.0,931.5,30.3167,78.0333,682.0,INM00042111,DEHRADUN,1000.0,sea_level_pressure
2023-04-20 21:00:00,25.4,53.0,1001.8,,28.5845,77.2058,214.9,INI0000VIDD,SAFDARJUNG,1001.8,sea_level_pressure
2023-04-20 21:00:00,27.2,26.0,1002.7,,26.2511,73.0489,218.5,INI0000VIJO,JODHPUR,1002.7,sea_level_pressure
2023-04-20 21:00:00,19.0,76.0,1005.5,936.0,30.3167,78.0333,682.0,INM00042111,DEHRADUN,1005.5,sea_level_pressure
2023-04-21 00:00:00,23.0,62.0,1002.2,,28.5845,77.2058,214.9,INI0000VIDD,SAFDARJUNG,1002.2,sea_level_pressure
2023-04-21 00:00:00,24.6,35.0,1003.1,,26.2511,73.0489,218.5,INI0000VIJO,JODHPUR,1003.1,sea_level_pressure
2023-04-21 00:00:00,,,,,,,,INM00042111,DEHRADUN,,sea_level_pressure
2023-04-21 03:00:00,25.8,52.0,1004.9,,28.5845,77.2058,214.9,INI0000VIDD,SAFDARJUNG,1004.9,sea_level_pressure
2023-04-21 03:00:00,27.7,32.0,1005.5,,26.2511,73.0489,218.5,INI0000VIJO,JODHPUR,1005.5,sea_level_pressure
2023-04-21 03:00:00,21.0,66.0,1002.9,934.0,30.3167,78.0333,682.0,INM00042111,DEHRADUN,1002.9,sea_level_pressure
2023-04-21 06:00:00,33.7,37.0,1004.9,,28.5845,77.2058,214.9,INI0000VIDD,SAFDARJUNG,1004.9,sea_level_pressure
2023-04-21 06:00:00,34.0,17.0,1005.5,,26.2511,73.0489,218.5,INI0000VIJO,JODHPUR,1005.5,sea_level_pressure
2023-04-21 06:00:00,29.0,42.0,1003.5,936.1,30.3167,78.0333,682.0,INM00042111,DEHRADUN,1003.5,sea_level_pressure
2023-04-21 09:00:00,35.4,24.0,1002.0,,28.5845,77.2058,214.9,INI0000VIDD,SAFDARJUNG,1002.0,sea_level_pressure
2023-04-21 09:00:00,36.2,13.0,1003.0,,26.2511,73.0489,218.5,INI0000VIJO,JODHPUR,1003.0,sea_level_pressure
2023-04-21 09:00:00,30.4,31.0,1001.3,934.7,30.3167,78.0333,682.0,INM00042111,DEHRADUN,1001.3,sea_level_pressure
2023-04-21 12:00:00,35.0,26.0,1000.8,,28.5845,77.2058,214.9,INI0000VIDD,SAFDARJUNG,1000.8,sea_level_pressure
2023-04-21 12:00:00,36.6,15.0,1001.5,,26.2511,73.0489,218.5,INI0000VIJO,JODHPUR,1001.5,sea_level_pressure
2023-04-21 12:00:00,30.0,36.0,1000.5,933.8,30.3167,78.0333,682.0,INM00042111,DEHRADUN,1000.5,sea_level_pressure
2023-04-21 15:00:00,29.4,46.0,1003.3,,28.5845,77.2058,214.9,INI0000VIDD,SAFDARJUNG,1003.3,sea_level_pressure
2023-04-21 15:00:00,29.5,32.0,1003.0,,26.2511,73.0489,218.5,INI0000VIJO,JODHPUR,1003.0,sea_level_pressure
2023-04-21 15:00:00,21.4,60.0,1003.8,935.1,30.3167,78.0333,682.0,INM00042111,DEHRADUN,1003.8,sea_level_pressure
2023-04-21 18:00:00,27.6,50.0,1004.3,,28.5845,77.2058,214.9,INI0000VIDD,SAFDARJUNG,1004.3,sea_level_pressure
2023-04-21 18:00:00,28.0,30.0,1003.8,,26.2511,73.0489,218.5,INI0000VIJO,JODHPUR,1003.8,sea_level_pressure
2023-04-21 18:00:00,21.6,52.0,1007.2,938.3,30.3167,78.0333,682.0,INM00042111,DEHRADUN,1007.2,sea_level_pressure
2023-04-21 21:00:00,26.4,56.0,1003.9,,28.5845,77.2058,214.9,INI0000VIDD,SAFDARJUNG,1003.9,sea_level_pressure
2023-04-21 21:00:00,25.7,33.0,1002.5,,26.2511,73.0489,218.5,INI0000VIJO,JODHPUR,1002.5,sea_level_pressure
2023-04-21 21:00:00,22.4,42.0,1003.2,934.8,30.3167,78.0333,682.0,INM00042111,DEHRADUN,1003.2,sea_level_pressure
2023-04-22 00:00:00,22.2,60.0,1003.4,,28.5845,77.2058,214.9,INI0000VIDD,SAFDARJUNG,1003.4,sea_level_pressure
2023-04-22 00:00:00,25.2,24.0,1002.7,,26.2511,73.0489,218.5,INI0000VIJO,JODHPUR,1002.7,sea_level_pressure
2023-04-22 00:00:00,18.0,60.0,1003.7,934.1,30.3167,78.0333,682.0,INM00042111,DEHRADUN,1003.7,sea_level_pressure
2023-04-22 03:00:00,26.4,44.0,1005.6,,28.5845,77.2058,214.9,INI0000VIDD,SAFDARJUNG,1005.6,sea_level_pressure
2023-04-22 03:00:00,27.5,24.0,1005.0,,26.2511,73.0489,218.5,INI0000VIJO,JODHPUR,1005.0,sea_level_pressure
2023-04-22 03:00:00,22.0,54.0,1005.6,936.8,30.3167,78.0333,682.0,INM00042111,DEHRADUN,1005.6,sea_level_pressure
2023-04-22 06:00:00,33.5,27.0,1005.5,,28.5845,77.2058,214.9,INI0000VIDD,SAFDARJUNG,1005.5,sea_level_pressure
2023-04-22 06:00:00,34.7,19.0,1005.3,,26.2511,73.0489,218.5,INI0000VIJO,JODHPUR,1005.3,sea_level_pressure
2023-04-22 06:00:00,29.2,31.0,1004.3,937.4,30.3167,78.0333,682.0,INM00042111,DEHRADUN,1004.3,sea_level_pressure
2023-04-22 09:00:00,35.6,25.0,1003.5,,28.5845,77.2058,214.9,INI0000VIDD,SAFDARJUNG,1003.5,sea_level_pressure
2023-04-22 09:00:00,37.5,11.0,1002.4,,26.2511,73.0489,218.5,INI0000VIJO,JODHPUR,1002.4,sea_level_pressure
2023-04-22 09:00:00,30.6,29.0,1001.5,935.0,30.3167,78.0333,682.0,INM00042111,DEHRADUN,1001.5,sea_level_pressure
2023-04-22 12:00:00,34.7,28.0,1002.0,,28.5845,77.2058,214.9,INI0000VIDD,SAFDARJUNG,1002.0,sea_level_pressure
2023-04-22 12:00:00,37.2,12.0,1001.3,,26.2511,73.0489,218.5,INI0000VIJO,JODHPUR,1001.3,sea_level_pressure
2023-04-22 12:00:00,29.7,34.0,1000.1,933.5,30.3167,78.0333,682.0,INM00042111,DEHRADUN,1000.1,sea_level_pressure
2023-04-22 15:00:00,28.0,46.0,1003.9,,28.5845,77.2058,214.9,INI0000VIDD,SAFDARJUNG,1003.9,sea_level_pressure
2023-04-22 15:00:00,28.7,24.0,1003.3,,26.2511,73.0489,218.5,INI0000VIJO,JODHPUR,1003.3,sea_level_pressure
2023-04-22 15:00:00,22.2,55.0,1002.4,934.0,30.3167,78.0333,682.0,INM00042111,DEHRADUN,1002.4,sea_level_pressure
2023-04-22 18:00:00,27.6,40.0,1004.4,,28.5845,77.2058,214.9,INI0000VIDD,SAFDARJUNG,1004.4,sea_level_pressure
2023-04-22 18:00:00,30.7,18.0,1004.4,,26.2511,73.0489,218.5,INI0000VIJO,JODHPUR,1004.4,sea_level_pressure
2023-04-22 18:00:00,20.0,59.0,1004.1,935.0,30.3167,78.0333,682.0,INM00042111,DEHRADUN,1004.1,sea_level_pressure
2023-04-22 21:00:00,25.0,47.0,1004.2,,28.5845,77.2058,214.9,INI0000VIDD,SAFDARJUNG,1004.2,sea_level_pressure
2023-04-22 21:00:00,27.6,29.0,1003.9,,26.2511,73.0489,218.5,INI0000VIJO,JODHPUR,1003.9,sea_level_pressure
2023-04-22 21:00:00,,,,,,,,INM00042111,DEHRADUN,,sea_level_pressure
2023-04-23 00:00:00,24.6,41.0,1003.9,,28.5845,77.2058,214.9,INI0000VIDD,SAFDARJUNG,1003.9,sea_level_pressure
2023-04-23 00:00:00,25.6,32.0,1005.0,,26.2511,73.0489,218.5,INI0000VIJO,JODHPUR,1005.0,sea_level_pressure
2023-04-23 00:00:00,18.0,69.0,1003.6,934.0,30.3167,78.0333,682.0,INM00042111,DEHRADUN,1003.6,sea_level_pressure
2023-04-23 03:00:00,25.6,39.0,1007.9,,28.5845,77.2058,214.9,INI0000VIDD,SAFDARJUNG,1007.9,sea_level_pressure
2023-04-23 03:00:00,29.0,29.0,1006.5,,26.2511,73.0489,218.5,INI0000VIJO,JODHPUR,1006.5,sea_level_pressure
2023-04-23 03:00:00,22.0,52.0,1004.8,936.0,30.3167,78.0333,682.0,INM00042111,DEHRADUN,1004.8,sea_level_pressure
2023-04-23 06:00:00,27.6,35.0,1010.0,,28.5845,77.2058,214.9,INI0000VIDD,SAFDARJUNG,1010.0,sea_level_pressure
2023-04-23 06:00:00,33.2,22.0,1006.8,,26.2511,73.0489,218.5,INI0000VIJO,JODHPUR,1006.8,sea_level_pressure
2023-04-23 06:00:00,27.8,34.0,1005.6,938.0,30.3167,78.0333,682.0,INM00042111,DEHRADUN,1005.6,sea_level_pressure
2023-04-23 09:00:00,29.4,32.0,1007.3,,28.5845,77.2058,214.9,INI0000VIDD,SAFDARJUNG,1007.3,sea_level_pressure
2023-04-23 09:00:00,36.0,15.0,1004.8,,26.2511,73.0489,218.5,INI0000VIJO,JODHPUR,1004.8,sea_level_pressure
2023-04-23 09:00:00,28.8,34.0,1005.0,937.7,30.3167,78.0333,682.0,INM00042111,DEHRADUN,1005.0,sea_level_pressure
2023-04-23 12:00:00,29.6,32.0,1004.2,,28.5845,77.2058,214.9,INI0000VIDD,SAFDARJUNG,1004.2,sea_level_pressure
2023-04-23 12:00:00,35.0,17.0,1003.8,,26.2511,73.0489,218.5,INI0000VIJO,JODHPUR,1003.8,sea_level_pressure
2023-04-23 12:00:00,27.6,37.0,1003.7,936.4,30.3167,78.0333,682.0,INM00042111,DEHRADUN,1003.7,sea_level_pressure
2023-04-23 15:00:00,26.6,48.0,1006.9,,28.5845,77.2058,214.9,INI0000VIDD,SAFDARJUNG,1006.9,sea_level_pressure
2023-04-23 15:00:00,31.5,24.0,1005.2,,26.2511,73.0489,218.5,INI0000VIJO,JODHPUR,1005.2,sea_level_pressure
2023-04-23 15:00:00,23.2,46.0,1005.8,937.4,30.3167,78.0333,682.0,INM00042111,DEHRADUN,1005.8,sea_level_pressure
2023-04-23 18:00:00,25.5,50.0,1008.2,,28.5845,77.2058,214.9,INI0000VIDD,SAFDARJUNG,1008.2,sea_level_pressure
2023-04-23 18:00:00,29.2,24.0,1006.5,,26.2511,73.0489,218.5,INI0000VIJO,JODHPUR,1006.5,sea_level_pressure
2023-04-23 18:00:00,18.7,70.0,1006.8,937.2,30.3167,78.0333,682.0,INM00042111,DEHRADUN,1006.8,sea_level_pressure
2023-04-23 21:00:00,24.8,52.0,1007.3,,28.5845,77.2058,214.9,INI0000VIDD,SAFDARJUNG,1007.3,sea_level_pressure
2023-04-23 21:00:00,27.6,25.0,1006.0,,26.2511,73.0489,218.5,INI0000VIJO,JODHPUR,1006.0,sea_level_pressure
2023-04-23 21:00:00,17.8,70.0,1006.5,936.8,30.3167,78.0333,682.0,INM00042111,DEHRADUN,1006.5,sea_level_pressure
2023-04-24 00:00:00,23.5,57.0,1007.8,,28.5845,77.2058,214.9,INI0000VIDD,SAFDARJUNG,1007.8,sea_level_pressure
2023-04-24 00:00:00,22.2,45.0,1007.7,,26.2511,73.0489,218.5,INI0000VIJO,JODHPUR,1007.7,sea_level_pressure
2023-04-24 00:00:00,17.5,73.0,1007.3,937.4,30.3167,78.0333,682.0,INM00042111,DEHRADUN,1007.3,sea_level_pressure
2023-04-24 03:00:00,23.4,52.0,1011.1,,28.5845,77.2058,214.9,INI0000VIDD,SAFDARJUNG,1011.1,sea_level_pressure
2023-04-24 03:00:00,26.2,35.0,1009.5,,26.2511,73.0489,218.5,INI0000VIJO,JODHPUR,1009.5,sea_level_pressure
2023-04-24 03:00:00,23.0,53.0,1007.9,939.1,30.3167,78.0333,682.0,INM00042111,DEHRADUN,1007.9,sea_level_pressure
2023-04-24 06:00:00,30.7,36.0,1011.3,,28.5845,77.2058,214.9,INI0000VIDD,SAFDARJUNG,1011.3,sea_level_pressure
2023-04-24 06:00:00,32.0,24.0,1009.4,,26.2511,73.0489,218.5,INI0000VIJO,JODHPUR,1009.4,sea_level_pressure
2023-04-24 06:00:00,29.2,41.0,1009.0,941.7,30.3167,78.0333,682.0,INM00042111,DEHRADUN,1009.0,sea_level_pressure
2023-04-24 09:00:00,33.6,32.0,1009.7,,28.5845,77.2058,214.9,INI0000VIDD,SAFDARJUNG,1009.7,sea_level_pressure
2023-04-24 09:00:00,34.7,19.0,1007.6,,26.2511,73.0489,218.5,INI0000VIJO,JODHPUR,1007.6,sea_level_pressure
2023-04-24 09:00:00,28.4,45.0,1008.4,941.0,30.3167,78.0333,682.0,INM00042111,DEHRADUN,1008.4,sea_level_pressure
2023-04-24 12:00:00,32.5,36.0,1008.3,,28.5845,77.2058,214.9,INI0000VIDD,SAFDARJUNG,1008.3,sea_level_pressure
2023-04-24 12:00:00,35.2,20.0,1006.2,,26.2511,73.0489,218.5,INI0000VIJO,JODHPUR,1006.2,sea_level_pressure
2023-04-24 12:00:00,,,,,,,,INM00042111,DEHRADUN,,sea_level_pressure
2023-04-24 15:00:00,27.6,51.0,1010.0,,28.5845,77.2058,214.9,INI0000VIDD,SAFDARJUNG,1010.0,sea_level_pressure
2023-04-24 15:00:00,29.5,33.0,1007.5,,26.2511,73.0489,218.5,INI0000VIJO,JODHPUR,1007.5,sea_level_pressure
2023-04-24 15:00:00,21.6,61.0,1009.1,940.0,30.3167,78.0333,682.0,INM00042111,DEHRADUN,1009.1,sea_level_pressure
2023-04-24 18:00:00,25.5,54.0,1011.0,,28.5845,77.2058,214.9,INI0000VIDD,SAFDARJUNG,1011.0,sea_level_pressure
2023-04-24 18:00:00,27.5,33.0,1008.5,,26.2511,73.0489,218.5,INI0000VIJO,JODHPUR,1008.5,sea_level_pressure
2023-04-24 18:00:00,20.0,65.0,1012.0,942.3,30.3167,78.0333,682.0,INM00042111,DEHRADUN,1012.0,sea_level_pressure
2023-04-24 21:00:00,23.8,58.0,1010.3,,28.5845,77.2058,214.9,INI0000VIDD,SAFDARJUNG,1010.3,sea_level_pressure
2023-04-24 21:00:00,25.6,32.0,1007.7,,26.2511,73.0489,218.5,INI0000VIJO,JODHPUR,1007.7,sea_level_pressure
2023-04-24 21:00:00,19.0,73.0,1011.2,941.4,30.3167,78.0333,682.0,INM00042111,DEHRADUN,1011.2,sea_level_pressure
2023-04-25 00:00:00,21.7,69.0,1011.8,,28.5845,77.2058,214.9,INI0000VIDD,SAFDARJUNG,1011.8,sea_level_pressure
2023-04-25 00:00:00,23.7,39.0,1009.3,,26.2511,73.0489,218.5,INI0000VIJO,JODHPUR,1009.3,sea_level_pressure
2023-04-25 00:00:00,17.0,83.0,1012.1,941.7,30.3167,78.0333,682.0,INM00042111,DEHRADUN,1012.1,sea_level_pressure
2023-04-25 03:00:00,25.0,49.0,1013.4,,28.5845,77.2058,214.9,INI0000VIDD,SAFDARJUNG,1013.4,sea_level_pressure
2023-04-25 03:00:00,28.6,37.0,1010.7,,26.2511,73.0489,218.5,INI0000VIJO,JODHPUR,1010.7,sea_level_pressure
2023-04-25 03:00:00,22.0,64.0,1012.9,943.6,30.3167,78.0333,682.0,INM00042111,DEHRADUN,1012.9,sea_level_pressure
2023-04-25 06:00:00,31.2,36.0,1013.1,,28.5845,77.2058,214.9,INI0000VIDD,SAFDARJUNG,1013.1,sea_level_pressure
2023-04-25 06:00:00,34.5,27.0,1010.7,,26.2511,73.0489,218.5,INI0000VIJO,JODHPUR,1010.7,sea_level_pressure
2023-04-25 06:00:00,28.5,53.0,1011.7,944.0,30.3167,78.0333,682.0,INM00042111,DEHRADUN,1011.7,sea_level_pressure
2023-04-25 09:00:00,33.6,34.0,1010.4,,28.5845,77.2058,214.9,INI0000VIDD,SAFDARJUNG,1010.4,sea_level_pressure
2023-04-25 09:00:00,36.6,21.0,1007.9,,26.2511,73.0489,218.5,INI0000VIJO,JODHPUR,1007.9,sea_level_pressure
2023-04-25 09:00:00,29.4,51.0,1010.3,942.0,30.3167,78.0333,682.0,INM00042111,DEHRADUN,1010.3,sea_level_pressure
2023-04-25 12:00:00,33.0,31.0,1008.0,,28.5845,77.2058,214.9,INI0000VIDD,SAFDARJUNG,1008.0,sea_level_pressure
2023-04-25 12:00:00,36.5,18.0,1005.7,,26.2511,73.0489,218.5,INI0000VIJO,JODHPUR,1005.7,sea_level_pressure
2023-04-25 12:00:00,29.2,57.0,1006.0,939.0,30.3167,78.0333,682.0,INM00042111,DEHRADUN,1006.0,sea_level_pressure
2023-04-25 15:00:00,27.2,56.0,1010.3,,28.5845,77.2058,214.9,INI0000VIDD,SAFDARJUNG,1010.3,sea_level_pressure
2023-04-25 15:00:00,30.5,33.0,1006.8,,26.2511,73.0489,218.5,INI0000VIJO,JODHPUR,1006.8,sea_level_pressure
2023-04-25 15:00:00,23.8,58.0,1008.7,940.1,30.3167,78.0333,682.0,INM00042111,DEHRADUN,1008.7,sea_level_pressure
2023-04-25 18:00:00,24.2,65.0,1008.8,,28.5845,77.2058,214.9,INI0000VIDD,SAFDARJUNG,1008.8,sea_level_pressure
2023-04-25 18:00:00,29.2,29.0,1006.9,,26.2511,73.0489,218.5,INI0000VIJO,JODHPUR,1006.9,sea_level_pressure
2023-04-25 18:00:00,19.7,71.0,1008.7,939.2,30.3167,78.0333,682.0,INM00042111,DEHRADUN,1008.7,sea_level_pressure
2023-04-25 21:00:00,23.0,68.0,1007.8,,28.5845,77.2058,214.9,INI0000VIDD,SAFDARJUNG,1007.8,sea_level_pressure
2023-04-25 21:00:00,28.0,28.0,1006.4,,26.2511,73.0489,218.5,INI0000VIJO,JODHPUR,1006.4,sea_level_pressure
2023-04-25 21:00:00,17.6,79.0,1007.4,937.5,30.3167,78.0333,682.0,INM00042111,DEHRADUN,1007.4,sea_level_pressure
2023-04-26 00:00:00,22.5,64.0,1008.5,,28.5845,77.2058,214.9,INI0000VIDD,SAFDARJUNG,1008.5,sea_level_pressure
2023-04-26 00:00:00,24.7,41.0,1007.1,,26.2511,73.0489,218.5,INI0000VIJO,JODHPUR,1007.1,sea_level_pressure
2023-04-26 00:00:00,16.7,83.0,1007.7,937.6,30.3167,78.0333,682.0,INM00042111,DEHRADUN,1007.7,sea_level_pressure
2023-04-26 03:00:00,25.6,55.0,1009.9,,28.5845,77.2058,214.9,INI0000VIDD,SAFDARJUNG,1009.9,sea_level_pressure
2023-04-26 03:00:00,29.5,31.0,1008.7,,26.2511,73.0489,218.5,INI0000VIJO,JODHPUR,1008.7,sea_level_pressure
2023-04-26 03:00:00,22.6,60.0,1008.0,939.2,30.3167,78.0333,682.0,INM00042111,DEHRADUN,1008.0,sea_level_pressure
2023-04-26 06:00:00,32.6,38.0,1009.1,,28.5845,77.2058,214.9,INI0000VIDD,SAFDARJUNG,1009.1,sea_level_pressure
2023-04-26 06:00:00,36.2,23.0,1007.7,,26.2511,73.0489,218.5,INI0000VIJO,JODHPUR,1007.7,sea_level_pressure
2023-04-26 06:00:00,29.6,58.0,1008.1,940.9,30.3167,78.0333,682.0,INM00042111,DEHRADUN,1008.1,sea_level_pressure
2023-04-26 09:00:00,36.2,29.0,1006.2,,28.5845,77.2058,214.9,INI0000VIDD,SAFDARJUNG,1006.2,sea_level_pressure
2023-04-26 09:00:00,37.7,20.0,1004.4,,26.2511,73.0489,218.5,INI0000VIJO,JODHPUR,1004.4,sea_level_pressure
2023-04-26 09:00:00,31.8,71.0,1004.7,938.1,30.3167,78.0333,682.0,INM00042111,DEHRADUN,1004.7,sea_level_pressure
2023-04-26 12:00:00,34.5,34.0,1004.0,,28.5845,77.2058,214.9,INI0000VIDD,SAFDARJUNG,1004.0,sea_level_pressure
2023-04-26 12:00:00,34.2,24.0,1003.8,,26.2511,73.0489,218.5,INI0000VIJO,JODHPUR,1003.8,sea_level_pressure
2023-04-26 12:00:00,30.5,44.0,1003.3,936.6,30.3167,78.0333,682.0,INM00042111,DEHRADUN,1003.3,sea_level_pressure
2023-04-26 15:00:00,28.8,54.0,1005.4,,28.5845,77.2058,214.9,INI0000VIDD,SAFDARJUNG,1005.4,sea_level_pressure
2023-04-26 15:00:00,31.7,31.0,1004.9,,26.2511,73.0489,218.5,INI0000VIJO,JODHPUR,1004.9,sea_level_pressure
2023-04-26 15:00:00,23.8,67.0,1006.2,934.8,30.3167,78.0333,682.0,INM00042111,DEHRADUN,1006.2,sea_level_pressure
2023-04-26 18:00:00,25.6,60.0,1006.3,,28.5845,77.2058,214.9,INI0000VIDD,SAFDARJUNG,1006.3,sea_level_pressure
2023-04-26 18:00:00,27.7,42.0,1006.5,,26.2511,73.0489,218.5,INI0000VIJO,JODHPUR,1006.5,sea_level_pressure
2023-04-26 18:00:00,21.0,74.0,1006.2,937.2,30.3167,78.0333,682.0,INM00042111,DEHRADUN,1006.2,sea_level_pressure
2023-04-26 21:00:00,24.0,65.0,1006.1,,28.5845,77.2058,214.9,INI0000VIDD,SAFDARJUNG,1006.1,sea_level_pressure
2023-04-26 21:00:00,25.2,52.0,1005.2,,26.2511,73.0489,218.5,INI0000VIJO,JODHPUR,1005.2,sea_level_pressure
2023-04-26 21:00:00,19.0,76.0,1006.0,936.5,30.3167,78.0333,682.0,INM00042111,DEHRADUN,1006.0,sea_level_pressure
2023-04-27 00:00:00,22.2,74.0,1006.4,,28.5845,77.2058,214.9,INI0000VIDD,SAFDARJUNG,1006.4,sea_level_pressure
2023-04-27 00:00:00,24.0,56.0,1005.8,,26.2511,73.0489,218.5,INI0000VIJO,JODHPUR,1005.8,sea_level_pressure
2023-04-27 00:00:00,18.7,73.0,1006.2,936.7,30.3167,78.0333,682.0,INM00042111,DEHRADUN,1006.2,sea_level_pressure
2023-04-27 03:00:00,26.0,62.0,1008.5,,28.5845,77.2058,214.9,INI0000VIDD,SAFDARJUNG,1008.5,sea_level_pressure
2023-04-27 03:00:00,26.5,46.0,1007.9,,26.2511,73.0489,218.5,INI0000VIJO,JODHPUR,1007.9,sea_level_pressure
2023-04-27 03:00:00,23.8,60.0,1006.4,938.0,30.3167,78.0333,682.0,INM00042111,DEHRADUN,1006.4,sea_level_pressure
2023-04-27 06:00:00,34.6,35.0,1007.9,,28.5845,77.2058,214.9,INI0000VIDD,SAFDARJUNG,1007.9,sea_level_pressure
2023-04-27 06:00:00,33.0,32.0,1008.3,,26.2511,73.0489,218.5,INI0000VIJO,JODHPUR,1008.3,sea_level_pressure
2023-04-27 06:00:00,30.5,42.0,1006.8,939.9,30.3167,78.0333,682.0,INM00042111,DEHRADUN,1006.8,sea_level_pressure
2023-04-27 09:00:00,38.0,24.0,1005.3,,28.5845,77.2058,214.9,INI0000VIDD,SAFDARJUNG,1005.3,sea_level_pressure
2023-04-27 09:00:00,36.2,26.0,1005.6,,26.2511,73.0489,218.5,INI0000VIJO,JODHPUR,1005.6,sea_level_pressure
2023-04-27 09:00:00,25.4,62.0,1006.4,938.4,30.3167,78.0333,682.0,INM00042111,DEHRADUN,1006.4,sea_level_pressure
2023-04-27 12:00:00,36.6,27.0,1003.0,,28.5845,77.2058,214.9,INI0000VIDD,SAFDARJUNG,1003.0,sea_level_pressure
2023-04-27 12:00:00,34.0,31.0,1004.0,,26.2511,73.0489,218.5,INI0000VIJO,JODHPUR,1004.0,sea_level_pressure
2023-04-27 12:00:00,29.2,39.0,1003.5,936.6,30.3167,78.0333,682.0,INM00042111,DEHRADUN,1003.5,sea_level_pressure
2023-04-27 15:00:00,28.8,43.0,1007.5,,28.5845,77.2058,214.9,INI0000VIDD,SAFDARJUNG,1007.5,sea_level_pressure
2023-04-27 15:00:00,25.7,65.0,1006.7,,26.2511,73.0489,218.5,INI0000VIJO,JODHPUR,1006.7,sea_level_pressure
2023-04-27 15:00:00,23.0,62.0,1008.0,939.2,30.3167,78.0333,682.0,INM00042111,DEHRADUN,1008.0,sea_level_pressure
2023-04-27 18:00:00,26.5,50.0,1009.2,,28.5845,77.2058,214.9,INI0000VIDD,SAFDARJUNG,1009.2,sea_level_pressure
2023-04-27 18:00:00,27.6,53.0,1008.3,,26.2511,73.0489,218.5,INI0000VIJO,JODHPUR,1008.3,sea_level_pressure
2023-04-27 18:00:00,21.6,59.0,1010.0,940.9,30.3167,78.0333,682.0,INM00042111,DEHRADUN,1010.0,sea_level_pressure
2023-04-27 21:00:00,25.2,53.0,1008.7,,28.5845,77.2058,214.9,INI0000VIDD,SAFDARJUNG,1008.7,sea_level_pressure
2023-04-27 21:00:00,26.0,55.0,1007.1,,26.2511,73.0489,218.5,INI0000VIJO,JODHPUR,1007.1,sea_level_pressure
2023-04-27 21:00:00,18.6,71.0,1008.7,939.0,30.3167,78.0333,682.0,INM00042111,DEHRADUN,1008.7,sea_level_pressure
2023-04-28 00:00:00,24.7,73.0,1008.0,,28.5845,77.2058,214.9,INI0000VIDD,SAFDARJUNG,1008.0,sea_level_pressure
2023-04-28 00:00:00,23.2,67.0,1007.2,,26.2511,73.0489,218.5,INI0000VIJO,JODHPUR,1007.2,sea_level_pressure
2023-04-28 00:00:00,17.5,73.0,1009.1,939.1,30.3167,78.0333,682.0,INM00042111,DEHRADUN,1009.1,sea_level_pressure
2023-04-28 03:00:00,25.2,62.0,1010.2,,28.5845,77.2058,214.9,INI0000VIDD,SAFDARJUNG,1010.2,sea_level_pressure
2023-04-28 03:00:00,27.5,52.0,1010.3,,26.2511,73.0489,218.5,INI0000VIJO,JODHPUR,1010.3,sea_level_pressure
2023-04-28 03:00:00,23.4,57.0,1009.5,940.9,30.3167,78.0333,682.0,INM00042111,DEHRADUN,1009.5,sea_level_pressure
2023-04-28 06:00:00,29.7,48.0,1010.2,,28.5845,77.2058,214.9,INI0000VIDD,SAFDARJUNG,1010.2,sea_level_pressure
2023-04-28 06:00:00,30.7,38.0,1010.3,,26.2511,73.0489,218.5,INI0000VIJO,JODHPUR,1010.3,sea_level_pressure
2023-04-28 06:00:00,29.6,53.0,1007.9,940.7,30.3167,78.0333,682.0,INM00042111,DEHRADUN,1007.9,sea_level_pressure
2023-04-28 09:00:00,33.8,34.0,1008.1,,28.5845,77.2058,214.9,INI0000VIDD,SAFDARJUNG,1008.1,sea_level_pressure
2023-04-28 09:00:00,33.5,33.0,1007.8,,26.2511,73.0489,218.5,INI0000VIJO,JODHPUR,1007.8,sea_level_pressure
2023-04-28 09:00:00,32.8,34.0,1005.2,938.8,30.3167,78.0333,682.0,INM00042111,DEHRADUN,1005.2,sea_level_pressure
2023-04-28 12:00:00,32.7,39.0,1005.2,,28.5845,77.2058,214.9,INI0000VIDD,SAFDARJUNG,1005.2,sea_level_pressure
2023-04-28 12:00:00,32.2,36.0,1005.3,,26.2511,73.0489,218.5,INI0000VIJO,JODHPUR,1005.3,sea_level_pressure
2023-04-28 12:00:00,30.5,36.0,1003.5,936.8,30.3167,78.0333,682.0,INM00042111,DEHRADUN,1003.5,sea_level_pressure
2023-04-28 15:00:00,28.4,57.0,1006.3,,28.5845,77.2058,214.9,INI0000VIDD,SAFDARJUNG,1006.3,sea_level_pressure
2023-04-28 15:00:00,29.7,39.0,1006.5,,26.2511,73.0489,218.5,INI0000VIJO,JODHPUR,1006.5,sea_level_pressure
2023-04-28 15:00:00,24.6,54.0,1005.3,937.1,30.3167,78.0333,682.0,INM00042111,DEHRADUN,1005.3,sea_level_pressure
2023-04-28 18:00:00,27.6,58.0,1007.8,,28.5845,77.2058,214.9,INI0000VIDD,SAFDARJUNG,1007.8,sea_level_pressure
2023-04-28 18:00:00,27.2,47.0,1008.2,,26.2511,73.0489,218.5,INI0000VIJO,JODHPUR,1008.2,sea_level_pressure
2023-04-28 18:00:00,21.0,62.0,1006.3,937.2,30.3167,78.0333,682.0,INM00042111,DEHRADUN,1006.3,sea_level_pressure
2023-04-28 21:00:00,26.0,62.0,1007.1,,28.5845,77.2058,214.9,INI0000VIDD,SAFDARJUNG,1007.1,sea_level_pressure
2023-04-28 21:00:00,20.6,85.0,1008.6,,26.2511,73.0489,218.5,INI0000VIJO,JODHPUR,1008.6,sea_level_pressure
2023-04-28 21:00:00,19.8,67.0,1006.0,936.8,30.3167,78.0333,682.0,INM00042111,DEHRADUN,1006.0,sea_level_pressure
2023-04-29 00:00:00,23.5,68.0,1007.3,,28.5845,77.2058,214.9,INI0000VIDD,SAFDARJUNG,1007.3,sea_level_pressure
2023-04-29 00:00:00,20.5,88.0,1007.9,,26.2511,73.0489,218.5,INI0000VIJO,JODHPUR,1007.9,sea_level_pressure
2023-04-29 00:00:00,19.0,70.0,1006.7,937.1,30.3167,78.0333,682.0,INM00042111,DEHRADUN,1006.7,sea_level_pressure
2023-04-29 03:00:00,27.0,48.0,1008.8,,28.5845,77.2058,214.9,INI0000VIDD,SAFDARJUNG,1008.8,sea_level_pressure
2023-04-29 03:00:00,23.2,76.0,1009.3,,26.2511,73.0489,218.5,INI0000VIJO,JODHPUR,1009.3,sea_level_pressure
2023-04-29 03:00:00,23.8,57.0,1007.2,938.8,30.3167,78.0333,682.0,INM00042111,DEHRADUN,1007.2,sea_level_pressure
2023-04-29 06:00:00,30.2,46.0,1007.9,,28.5845,77.2058,214.9,INI0000VIDD,SAFDARJUNG,1007.9,sea_level_pressure
2023-04-29 06:00:00,28.8,60.0,1009.1,,26.2511,73.0489,218.5,INI0000VIJO,JODHPUR,1009.1,sea_level_pressure
2023-04-29 06:00:00,29.7,41.0,1006.3,939.1,30.3167,78.0333,682.0,INM00042111,DEHRADUN,1006.3,sea_level_pressure
2023-04-29 09:00:00,32.0,44.0,1006.8,,28.5845,77.2058,214.9,INI0000VIDD,SAFDARJUNG,1006.8,sea_level_pressure
2023-04-29 09:00:00,31.6,50.0,1006.4,,26.2511,73.0489,218.5,INI0000VIJO,JODHPUR,1006.4,sea_level_pressure
2023-04-29 09:00:00,30.4,42.0,1004.7,937.9,30.3167,78.0333,682.0,INM00042111,DEHRADUN,1004.7,sea_level_pressure
2023-04-29 12:00:00,30.5,45.0,1004.9,,28.5845,77.2058,214.9,INI0000VIDD,SAFDARJUNG,1004.9,sea_level_pressure
2023-04-29 12:00:00,32.2,46.0,1003.6,,26.2511,73.0489,218.5,INI0000VIJO,JODHPUR,1003.6,sea_level_pressure
2023-04-29 12:00:00,29.2,43.0,1003.3,936.4,30.3167,78.0333,682.0,INM00042111,DEHRADUN,1003.3,sea_level_pressure
2023-04-29 15:00:00,27.0,59.0,1006.5,,28.5845,77.2058,214.9,INI0000VIDD,SAFDARJUNG,1006.5,sea_level_pressure
2023-04-29 15:00:00,27.5,56.0,1006.4,,26.2511,73.0489,218.5,INI0000VIJO,JODHPUR,1006.4,sea_level_pressure
2023-04-29 15:00:00,25.2,46.0,1005.3,937.4,30.3167,78.0333,682.0,INM00042111,DEHRADUN,1005.3,sea_level_pressure
2023-04-29 18:00:00,25.7,65.0,1007.6,,28.5845,77.2058,214.9,INI0000VIDD,SAFDARJUNG,1007.6,sea_level_pressure
2023-04-29 18:00:00,25.2,67.0,1007.8,,26.2511,73.0489,218.5,INI0000VIJO,JODHPUR,1007.8,sea_level_pressure
2023-04-29 18:00:00,22.6,57.0,1006.5,937.8,30.3167,78.0333,682.0,INM00042111,DEHRADUN,1006.5,sea_level_pressure
2023-04-29 21:00:00,25.4,66.0,1006.8,,28.5845,77.2058,214.9,INI0000VIDD,SAFDARJUNG,1006.8,sea_level_pressure
2023-04-29 21:00:00,24.7,69.0,1006.5,,26.2511,73.0489,218.5,INI0000VIJO,JODHPUR,1006.5,sea_level_pressure
2023-04-29 21:00:00,21.6,61.0,1005.5,936.7,30.3167,78.0333,682.0,INM00042111,DEHRADUN,1005.5,sea_level_pressure
2023-04-30 00:00:00,24.0,71.0,1006.4,,28.5845,77.2058,214.9,INI0000VIDD,SAFDARJUNG,1006.4,sea_level_pressure
2023-04-30 00:00:00,23.6,76.0,1005.9,,26.2511,73.0489,218.5,INI0000VIJO,JODHPUR,1005.9,sea_level_pressure
2023-04-30 00:00:00,20.6,71.0,1005.9,936.9,30.3167,78.0333,682.0,INM00042111,DEHRADUN,1005.9,sea_level_pressure
2023-04-30 03:00:00,25.6,66.0,1008.6,,28.5845,77.2058,214.9,INI0000VIDD,SAFDARJUNG,1008.6,sea_level_pressure
2023-04-30 03:00:00,25.7,66.0,1007.6,,26.2511,73.0489,218.5,INI0000VIJO,JODHPUR,1007.6,sea_level_pressure
2023-04-30 03:00:00,23.2,68.0,1008.1,939.5,30.3167,78.0333,682.0,INM00042111,DEHRADUN,1008.1,sea_level_pressure
2023-04-30 06:00:00,26.2,66.0,1008.3,,28.5845,77.2058,214.9,INI0000VIDD,SAFDARJUNG,1008.3,sea_level_pressure
2023-04-30 06:00:00,28.2,56.0,1007.7,,26.2511,73.0489,218.5,INI0000VIJO,JODHPUR,1007.7,sea_level_pressure
2023-04-30 06:00:00,26.2,54.0,1006.2,938.5,30.3167,78.0333,682.0,INM00042111,DEHRADUN,1006.2,sea_level_pressure
2023-04-30 09:00:00,27.2,56.0,1005.9,,28.5845,77.2058,214.9,INI0000VIDD,SAFDARJUNG,1005.9,sea_level_pressure
2023-04-30 09:00:00,31.5,46.0,1003.7,,26.2511,73.0489,218.5,INI0000VIJO,JODHPUR,1003.7,sea_level_pressure
2023-04-30 09:00:00,27.8,53.0,1003.7,936.4,30.3167,78.0333,682.0,INM00042111,DEHRADUN,1003.7,sea_level_pressure
2023-04-30 12:00:00,27.2,59.0,1004.0,,28.5845,77.2058,214.9,INI0000VIDD,SAFDARJUNG,1004.0,sea_level_pressure
2023-04-30 12:00:00,29.5,52.0,1002.7,,26.2511,73.0489,218.5,INI0000VIJO,JODHPUR,1002.7,sea_level_pressure
2023-04-30 12:00:00,18.5,93.0,1006.1,936.6,30.3167,78.0333,682.0,INM00042111,DEHRADUN,1006.1,sea_level_pressure
2023-04-30 15:00:00,23.0,90.0,1006.4,,28.5845,77.2058,214.9,INI0000VIDD,SAFDARJUNG,1006.4,sea_level_pressure
2023-04-30 15:00:00,24.7,67.0,1005.6,,26.2511,73.0489,218.5,INI0000VIJO,JODHPUR,1005.6,sea_level_pressure
2023-04-30 15:00:00,18.6,92.0,1007.4,937.8,30.3167,78.0333,682.0,INM00042111,DEHRADUN,1007.4,sea_level_pressure
2023-04-30 18:00:00,21.7,92.0,1007.4,,28.5845,77.2058,214.9,INI0000VIDD,SAFDARJUNG,1007.4,sea_level_pressure
2023-04-30 18:00:00,24.5,71.0,1006.5,,26.2511,73.0489,218.5,INI0000VIJO,JODHPUR,1006.5,sea_level_pressure
2023-04-30 18:00:00,18.5,96.0,1007.7,938.1,30.3167,78.0333,682.0,INM00042111,DEHRADUN,1007.7,sea_level_pressure
2023-04-30 21:00:00,21.0,91.0,1006.1,,28.5845,77.2058,214.9,INI0000VIDD,SAFDARJUNG,1006.1,sea_level_pressure
2023-04-30 21:00:00,23.5,73.0,1004.2,,26.2511,73.0489,218.5,INI0000VIJO,JODHPUR,1004.2,sea_level_pressure
2023-04-30 21:00:00,18.4,96.0,1005.9,936.4,30.3167,78.0333,682.0,INM00042111,DEHRADUN,1005.9,sea_level_pressure
2023-05-01 00:00:00,21.2,91.0,1005.9,,28.5845,77.2058,214.9,INI0000VIDD,SAFDARJUNG,1005.9,sea_level_pressure
2023-05-01 00:00:00,22.5,84.0,1005.0,,26.2511,73.0489,218.5,INI0000VIJO,JODHPUR,1005.0,sea_level_pressure
2023-05-01 00:00:00,18.7,95.0,1006.0,936.5,30.3167,78.0333,682.0,INM00042111,DEHRADUN,1006.0,sea_level_pressure
2023-05-01 03:00:00,22.4,87.0,1008.3,,28.5845,77.2058,214.9,INI0000VIDD,SAFDARJUNG,1008.3,sea_level_pressure
2023-05-01 03:00:00,25.5,68.0,1006.5,,26.2511,73.0489,218.5,INI0000VIJO,JODHPUR,1006.5,sea_level_pressure
2023-05-01 03:00:00,19.2,89.0,1008.3,938.9,30.3167,78.0333,682.0,INM00042111,DEHRADUN,1008.3,sea_level_pressure
2023-05-01 06:00:00,25.2,78.0,1008.3,,28.5845,77.2058,214.9,INI0000VIDD,SAFDARJUNG,1008.3,sea_level_pressure
2023-05-01 06:00:00,29.0,58.0,1006.6,,26.2511,73.0489,218.5,INI0000VIJO,JODHPUR,1006.6,sea_level_pressure
2023-05-01 06:00:00,18.6,95.0,1009.9,940.1,30.3167,78.0333,682.0,INM00042111,DEHRADUN,1009.9,sea_level_pressure
2023-05-01 09:00:00,21.0,100.0,1007.3,,28.5845,77.2058,214.9,INI0000VIDD,SAFDARJUNG,1007.3,sea_level_pressure
2023-05-01 09:00:00,31.4,48.0,1003.6,,26.2511,73.0489,218.5,INI0000VIJO,JODHPUR,1003.6,sea_level_pressure
2023-05-01 09:00:00,19.6,96.0,1008.0,938.6,30.3167,78.0333,682.0,INM00042111,DEHRADUN,1008.0,sea_level_pressure
2023-05-01 12:00:00,22.6,95.0,1005.6,,28.5845,77.2058,214.9,INI0000VIDD,SAFDARJUNG,1005.6,sea_level_pressure
2023-05-01 12:00:00,29.0,54.0,1003.8,,26.2511,73.0489,218.5,INI0000VIJO,JODHPUR,1003.8,sea_level_pressure
2023-05-01 12:00:00,19.5,96.0,1006.6,937.2,30.3167,78.0333,682.0,INM00042111,DEHRADUN,1006.6,sea_level_pressure
2023-05-01 15:00:00,22.8,86.0,1007.9,,28.5845,77.2058,214.9,INI0000VIDD,SAFDARJUNG,1007.9,sea_level_pressure
2023-05-01 15:00:00,26.5,60.0,1004.8,,26.2511,73.0489,218.5,INI0000VIJO,JODHPUR,1004.8,sea_level_pressure
2023-05-01 15:00:00,19.0,96.0,1006.7,937.1,30.3167,78.0333,682.0,INM00042111,DEHRADUN,1006.7,sea_level_pressure
2023-05-01 18:00:00,22.5,87.0,1008.4,,28.5845,77.2058,214.9,INI0000VIDD,SAFDARJUNG,1008.4,sea_level_pressure
2023-05-01 18:00:00,25.2,74.0,1007.0,,26.2511,73.0489,218.5,INI0000VIJO,JODHPUR,1007.0,sea_level_pressure
2023-05-01 18:00:00,19.0,96.0,1008.2,938.6,30.3167,78.0333,682.0,INM00042111,DEHRADUN,1008.2,sea_level_pressure
2023-05-01 21:00:00,21.6,87.0,1008.2,,28.5845,77.2058,214.9,INI0000VIDD,SAFDARJUNG,1008.2,sea_level_pressure
2023-05-01 21:00:00,24.0,77.0,1005.0,,26.2511,73.0489,218.5,INI0000VIJO,JODHPUR,1005.0,sea_level_pressure
2023-05-01 21:00:00,18.8,96.0,1008.1,938.5,30.3167,78.0333,682.0,INM00042111,DEHRADUN,1008.1,sea_level_pressure
2023-05-02 00:00:00,21.2,95.0,1007.6,,28.5845,77.2058,214.9,INI0000VIDD,SAFDARJUNG,1007.6,sea_level_pressure
2023-05-02 00:00:00,22.6,84.0,1005.7,,26.2511,73.0489,218.5,INI0000VIJO,JODHPUR,1005.7,sea_level_pressure
2023-05-02 00:00:00,18.5,96.0,1007.5,937.9,30.3167,78.0333,682.0,INM00042111,DEHRADUN,1007.5,sea_level_pressure
2023-05-02 03:00:00,21.8,87.0,1009.7,,28.5845,77.2058,214.9,INI0000VIDD,SAFDARJUNG,1009.7,sea_level_pressure
2023-05-02 03:00:00,24.5,79.0,1007.3,,26.2511,73.0489,218.5,INI0000VIJO,JODHPUR,1007.3,sea_level_pressure
2023-05-02 03:00:00,19.8,87.0,1009.3,939.8,30.3167,78.0333,682.0,INM00042111,DEHRADUN,1009.3,sea_level_pressure
2023-05-02 06:00:00,25.4,78.0,1010.2,,28.5845,77.2058,214.9,INI0000VIDD,SAFDARJUNG,1010.2,sea_level_pressure
2023-05-02 06:00:00,31.2,53.0,1007.6,,26.2511,73.0489,218.5,INI0000VIJO,JODHPUR,1007.6,sea_level_pressure
2023-05-02 06:00:00,20.2,82.0,1011.1,941.7,30.3167,78.0333,682.0,INM00042111,DEHRADUN,1011.1,sea_level_pressure
2023-05-02 09:00:00,27.6,69.0,1007.8,,28.5845,77.2058,214.9,INI0000VIDD,SAFDARJUNG,1007.8,sea_level_pressure
2023-05-02 09:00:00,33.5,43.0,1005.1,,26.2511,73.0489,218.5,INI0000VIJO,JODHPUR,1005.1,sea_level_pressure
2023-05-02 09:00:00,20.2,81.0,1009.4,940.1,30.3167,78.0333,682.0,INM00042111,DEHRADUN,1009.4,sea_level_pressure
2023-05-02 12:00:00,25.7,77.0,1006.7,,28.5845,77.2058,214.9,INI0000VIDD,SAFDARJUNG,1006.7,sea_level_pressure
2023-05-02 12:00:00,,,,,,,,INI0000VIJO,JODHPUR,,sea_level_pressure
2023-05-02 12:00:00,23.6,73.0,1006.5,938.1,30.3167,78.0333,682.0,INM00042111,DEHRADUN,1006.5,sea_level_pressure
2023-05-02 15:00:00,23.4,80.0,1007.9,,28.5845,77.2058,214.9,INI0000VIDD,SAFDARJUNG,1007.9,sea_level_pressure
2023-05-02 15:00:00,24.7,87.0,1006.5,,26.2511,73.0489,218.5,INI0000VIJO,JODHPUR,1006.5,sea_level_pressure
2023-05-02 15:00:00,,,,,,,,INM00042111,DEHRADUN,,sea_level_pressure
2023-05-02 18:00:00,22.7,85.0,1010.2,,28.5845,77.2058,214.9,INI0000VIDD,SAFDARJUNG,1010.2,sea_level_pressure
2023-05-02 18:00:00,25.0,87.0,1009.0,,26.2511,73.0489,218.5,INI0000VIJO,JODHPUR,1009.0,sea_level_pressure
2023-05-02 18:00:00,18.2,92.0,1010.7,940.9,30.3167,78.0333,682.0,INM00042111,DEHRADUN,1010.7,sea_level_pressure
2023-05-02 21:00:00,22.0,87.0,1009.8,,28.5845,77.2058,214.9,INI0000VIDD,SAFDARJUNG,1009.8,sea_level_pressure
2023-05-02 21:00:00,24.5,88.0,1008.1,,26.2511,73.0489,218.5,INI0000VIJO,JODHPUR,1008.1,sea_level_pressure
2023-05-02 21:00:00,18.0,94.0,1009.9,939.9,30.3167,78.0333,682.0,INM00042111,DEHRADUN,1009.9,sea_level_pressure
2023-05-03 00:00:00,21.2,93.0,1010.0,,28.5845,77.2058,214.9,INI0000VIDD,SAFDARJUNG,1010.0,sea_level_pressure
2023-05-03 00:00:00,22.6,87.0,1008.6,,26.2511,73.0489,218.5,INI0000VIJO,JODHPUR,1008.6,sea_level_pressure
2023-05-03 00:00:00,17.7,93.0,1009.8,939.8,30.3167,78.0333,682.0,INM00042111,DEHRADUN,1009.8,sea_level_pressure
2023-05-03 03:00:00,24.2,77.0,1011.2,,28.5845,77.2058,214.9,INI0000VIDD,SAFDARJUNG,1011.2,sea_level_pressure
2023-05-03 03:00:00,26.7,64.0,1010.3,,26.2511,73.0489,218.5,INI0000VIJO,JODHPUR,1010.3,sea_level_pressure
2023-05-03 03:00:00,20.2,80.0,1010.5,941.1,30.3167,78.0333,682.0,INM00042111,DEHRADUN,1010.5,sea_level_pressure
2023-05-03 06:00:00,29.7,64.0,1010.0,,28.5845,77.2058,214.9,INI0000VIDD,SAFDARJUNG,1010.0,sea_level_pressure
2023-05-03 06:00:00,30.7,51.0,1009.7,,26.2511,73.0489,218.5,INI0000VIJO,JODHPUR,1009.7,sea_level_pressure
2023-05-03 06:00:00,18.2,90.0,1013.6,943.5,30.3167,78.0333,682.0,INM00042111,DEHRADUN,1013.6,sea_level_pressure
2023-05-03 09:00:00,20.2,98.0,1009.5,,28.5845,77.2058,214.9,INI0000VIDD,SAFDARJUNG,1009.5,sea_level_pressure
2023-05-03 09:00:00,34.0,45.0,1006.7,,26.2511,73.0489,218.5,INI0000VIJO,JODHPUR,1006.7,sea_level_pressure
2023-05-03 09:00:00,18.0,96.0,1012.2,942.0,30.3167,78.0333,682.0,INM00042111,DEHRADUN,1012.2,sea_level_pressure
2023-05-03 12:00:00,19.5,99.0,1009.6,,28.5845,77.2058,214.9,INI0000VIDD,SAFDARJUNG,1009.6,sea_level_pressure
2023-05-03 12:00:00,34.2,41.0,1004.1,,26.2511,73.0489,218.5,INI0000VIJO,JODHPUR,1004.1,sea_level_pressure
2023-05-03 12:00:00,23.0,68.0,1006.8,938.1,30.3167,78.0333,682.0,INM00042111,DEHRADUN,1006.8,sea_level_pressure
2023-05-03 15:00:00,20.2,100.0,1008.4,,28.5845,77.2058,214.9,INI0000VIDD,SAFDARJUNG,1008.4,sea_level_pressure
2023-05-03 15:00:00,29.6,51.0,1006.0,,26.2511,73.0489,218.5,INI0000VIJO,JODHPUR,1006.0,sea_level_pressure
2023-05-03 15:00:00,19.6,86.0,1008.6,939.1,30.3167,78.0333,682.0,INM00042111,DEHRADUN,1008.6,sea_level_pressure
2023-05-03 18:00:00,21.6,87.0,1010.2,,28.5845,77.2058,214.9,INI0000VIDD,SAFDARJUNG,1010.2,sea_level_pressure
2023-05-03 18:00:00,28.7,49.0,1007.7,,26.2511,73.0489,218.5,INI0000VIJO,JODHPUR,1007.7,sea_level_pressure
2023-05-03 18:00:00,17.0,94.0,1010.2,939.9,30.3167,78.0333,682.0,INM00042111,DEHRADUN,1010.2,sea_level_pressure
2023-05-03 21:00:00,20.8,93.0,1009.6,,28.5845,77.2058,214.9,INI0000VIDD,SAFDARJUNG,1009.6,sea_level_pressure
2023-05-03 21:00:00,26.0,55.0,1006.7,,26.2511,73.0489,218.5,INI0000VIJO,JODHPUR,1006.7,sea_level_pressure
2023-05-03 21:00:00,15.6,96.0,1009.8,939.3,30.3167,78.0333,682.0,INM00042111,DEHRADUN,1009.8,sea_level_pressure
2023-05-04 00:00:00,18.5,99.0,1010.6,,28.5845,77.2058,214.9,INI0000VIDD,SAFDARJUNG,1010.6,sea_level_pressure
2023-05-04 00:00:00,24.0,75.0,1007.3,,26.2511,73.0489,218.5,INI0000VIJO,JODHPUR,1007.3,sea_level_pressure
2023-05-04 00:00:00,15.6,94.0,1010.7,940.2,30.3167,78.0333,682.0,INM00042111,DEHRADUN,1010.7,sea_level_pressure
2023-05-04 03:00:00,20.2,98.0,1012.6,,28.5845,77.2058,214.9,INI0000VIDD,SAFDARJUNG,1012.6,sea_level_pressure
2023-05-04 03:00:00,27.5,63.0,1009.1,,26.2511,73.0489,218.5,INI0000VIJO,JODHPUR,1009.1,sea_level_pressure
2023-05-04 03:00:00,20.8,63.0,1011.1,941.5,30.3167,78.0333,682.0,INM00042111,DEHRADUN,1011.1,sea_level_pressure
2023-05-04 06:00:00,25.6,74.0,1011.4,,28.5845,77.2058,214.9,INI0000VIDD,SAFDARJUNG,1011.4,sea_level_pressure
2023-05-04 06:00:00,33.7,42.0,1008.9,,26.2511,73.0489,218.5,INI0000VIJO,JODHPUR,1008.9,sea_level_pressure
2023-05-04 06:00:00,25.7,54.0,1009.6,941.4,30.3167,78.0333,682.0,INM00042111,DEHRADUN,1009.6,sea_level_pressure
2023-05-04 09:00:00,30.2,53.0,1008.8,,28.5845,77.2058,214.9,INI0000VIDD,SAFDARJUNG,1008.8,sea_level_pressure
2023-05-04 09:00:00,36.5,32.0,1006.4,,26.2511,73.0489,218.5,INI0000VIJO,JODHPUR,1006.4,sea_level_pressure
2023-05-04 09:00:00,28.2,43.0,1006.3,939.0,30.3167,78.0333,682.0,INM00042111,DEHRADUN,1006.3,sea_level_pressure
2023-05-04 12:00:00,30.2,58.0,1005.7,,28.5845,77.2058,214.9,INI0000VIDD,SAFDARJUNG,1005.7,sea_level_pressure
2023-05-04 12:00:00,36.2,34.0,1003.6,,26.2511,73.0489,218.5,INI0000VIJO,JODHPUR,1003.6,sea_level_pressure
2023-05-04 12:00:00,,,,,,,,INM00042111,DEHRADUN,,sea_level_pressure
2023-05-04 15:00:00,26.2,76.0,1007.6,,28.5845,77.2058,214.9,INI0000VIDD,SAFDARJUNG,1007.6,sea_level_pressure
2023-05-04 15:00:00,30.2,55.0,1005.0,,26.2511,73.0489,218.5,INI0000VIJO,JODHPUR,1005.0,sea_level_pressure
2023-05-04 15:00:00,23.4,74.0,1006.6,938.2,30.3167,78.0333,682.0,INM00042111,DEHRADUN,1006.6,sea_level_pressure
2023-05-04 18:00:00,23.6,85.0,1009.0,,28.5845,77.2058,214.9,INI0000VIDD,SAFDARJUNG,1009.0,sea_level_pressure
2023-05-04 18:00:00,28.2,64.0,1006.5,,26.2511,73.0489,218.5,INI0000VIJO,JODHPUR,1006.5,sea_level_pressure
2023-05-04 18:00:00,,,,,,,,INM00042111,DEHRADUN,,sea_level_pressure
2023-05-04 21:00:00,21.4,89.0,1008.7,,28.5845,77.2058,214.9,INI0000VIDD,SAFDARJUNG,1008.7,sea_level_pressure
2023-05-04 21:00:00,27.0,68.0,1007.4,,26.2511,73.0489,218.5,INI0000VIJO,JODHPUR,1007.4,sea_level_pressure
2023-05-04 21:00:00,19.6,78.0,1008.4,939.0,30.3167,78.0333,682.0,INM00042111,DEHRADUN,1008.4,sea_level_pressure
2023-05-05 00:00:00,21.2,91.0,1007.5,,28.5845,77.2058,214.9,INI0000VIDD,SAFDARJUNG,1007.5,sea_level_pressure
2023-05-05 00:00:00,27.0,51.0,1006.9,,26.2511,73.0489,218.5,INI0000VIJO,JODHPUR,1006.9,sea_level_pressure
2023-05-05 00:00:00,,,,,,,,INM00042111,DEHRADUN,,sea_level_pressure
2023-05-05 03:00:00,25.4,70.0,1010.3,,28.5845,77.2058,214.9,INI0000VIDD,SAFDARJUNG,1010.3,sea_level_pressure
2023-05-05 03:00:00,25.0,71.0,1007.8,,26.2511,73.0489,218.5,INI0000VIJO,JODHPUR,1007.8,sea_level_pressure
2023-05-05 03:00:00,22.8,68.0,1008.5,939.7,30.3167,78.0333,682.0,INM00042111,DEHRADUN,1008.5,sea_level_pressure
2023-05-05 06:00:00,29.6,60.0,1009.0,,28.5845,77.2058,214.9,INI0000VIDD,SAFDARJUNG,1009.0,sea_level_pressure
2023-05-05 06:00:00,34.5,38.0,1007.5,,26.2511,73.0489,218.5,INI0000VIJO,JODHPUR,1007.5,sea_level_pressure
2023-05-05 06:00:00,28.2,48.0,1006.9,939.5,30.3167,78.0333,682.0,INM00042111,DEHRADUN,1006.9,sea_level_pressure
2023-05-05 09:00:00,33.0,44.0,1005.9,,28.5845,77.2058,214.9,INI0000VIDD,SAFDARJUNG,1005.9,sea_level_pressure
2023-05-05 09:00:00,37.6,29.0,1004.3,,26.2511,73.0489,218.5,INI0000VIJO,JODHPUR,1004.3,sea_level_pressure
2023-05-05 09:00:00,29.6,54.0,1004.1,937.1,30.3167,78.0333,682.0,INM00042111,DEHRADUN,1004.1,sea_level_pressure
2023-05-05 12:00:00,,,,,,,,INI0000VIDD,SAFDARJUNG,,sea_level_pressure
2023-05-05 12:00:00,37.2,27.0,1002.5,,26.2511,73.0489,218.5,INI0000VIJO,JODHPUR,1002.5,sea_level_pressure
2023-05-05 12:00:00,29.0,45.0,1001.5,934.5,30.3167,78.0333,682.0,INM00042111,DEHRADUN,1001.5,sea_level_pressure
2023-05-05 15:00:00,28.6,68.0,1004.9,,28.5845,77.2058,214.9,INI0000VIDD,SAFDARJUNG,1004.9,sea_level_pressure
2023-05-05 15:00:00,31.7,46.0,1004.2,,26.2511,73.0489,218.5,INI0000VIJO,JODHPUR,1004.2,sea_level_pressure
2023-05-05 15:00:00,24.0,68.0,1003.4,935.1,30.3167,78.0333,682.0,INM00042111,DEHRADUN,1003.4,sea_level_pressure
2023-05-05 18:00:00,26.7,75.0,1006.0,,28.5845,77.2058,214.9,INI0000VIDD,SAFDARJUNG,1006.0,sea_level_pressure
2023-05-05 18:00:00,29.6,52.0,1005.5,,26.2511,73.0489,218.5,INI0000VIJO,JODHPUR,1005.5,sea_level_pressure
2023-05-05 18:00:00,21.0,83.0,1004.8,935.8,30.3167,78.0333,682.0,INM00042111,DEHRADUN,1004.8,sea_level_pressure
2023-05-05 21:00:00,25.2,78.0,1005.4,,28.5845,77.2058,214.9,INI0000VIDD,SAFDARJUNG,1005.4,sea_level_pressure
2023-05-05 21:00:00,28.6,55.0,1006.2,,26.2511,73.0489,218.5,INI0000VIJO,JODHPUR,1006.2,sea_level_pressure
2023-05-05 21:00:00,19.0,89.0,1004.6,935.1,30.3167,78.0333,682.0,INM00042111,DEHRADUN,1004.6,sea_level_pressure
2023-05-06 00:00:00,23.6,85.0,1005.3,,28.5845,77.2058,214.9,INI0000VIDD,SAFDARJUNG,1005.3,sea_level_pressure
2023-05-06 00:00:00,28.7,48.0,1005.6,,26.2511,73.0489,218.5,INI0000VIJO,JODHPUR,1005.6,sea_level_pressure
2023-05-06 00:00:00,18.2,87.0,1005.3,935.8,30.3167,78.0333,682.0,INM00042111,DEHRADUN,1005.3,sea_level_pressure
2023-05-06 03:00:00,26.0,63.0,1007.4,,28.5845,77.2058,214.9,INI0000VIDD,SAFDARJUNG,1007.4,sea_level_pressure
2023-05-06 03:00:00,31.2,44.0,1006.5,,26.2511,73.0489,218.5,INI0000VIJO,JODHPUR,1006.5,sea_level_pressure
2023-05-06 03:00:00,24.2,63.0,1005.3,937.1,30.3167,78.0333,682.0,INM00042111,DEHRADUN,1005.3,sea_level_pressure
2023-05-06 06:00:00,31.7,42.0,1007.1,,28.5845,77.2058,214.9,INI0000VIDD,SAFDARJUNG,1007.1,sea_level_pressure
2023-05-06 06:00:00,37.2,30.0,1006.4,,26.2511,73.0489,218.5,INI0000VIJO,JODHPUR,1006.4,sea_level_pressure
2023-05-06 06:00:00,29.7,42.0,1004.6,937.3,30.3167,78.0333,682.0,INM00042111,DEHRADUN,1004.6,sea_level_pressure
2023-05-06 09:00:00,33.0,36.0,1004.7,,28.5845,77.2058,214.9,INI0000VIDD,SAFDARJUNG,1004.7,sea_level_pressure
2023-05-06 09:00:00,38.7,26.0,1003.9,,26.2511,73.0489,218.5,INI0000VIJO,JODHPUR,1003.9,sea_level_pressure
2023-05-06 09:00:00,31.8,41.0,1001.8,935.5,30.3167,78.0333,682.0,INM00042111,DEHRADUN,1001.8,sea_level_pressure
2023-05-06 12:00:00,33.6,37.0,1002.6,,28.5845,77.2058,214.9,INI0000VIDD,SAFDARJUNG,1002.6,sea_level_pressure
2023-05-06 12:00:00,38.5,26.0,1002.4,,26.2511,73.0489,218.5,INI0000VIJO,JODHPUR,1002.4,sea_level_pressure
2023-05-06 12:00:00,30.6,43.0,1000.9,933.5,30.3167,78.0333,682.0,INM00042111,DEHRADUN,1000.9,sea_level_pressure
2023-05-06 15:00:00,29.4,52.0,1003.4,,28.5845,77.2058,214.9,INI0000VIDD,SAFDARJUNG,1003.4,sea_level_pressure
2023-05-06 15:00:00,29.0,78.0,1004.4,,26.2511,73.0489,218.5,INI0000VIJO,JODHPUR,1004.4,sea_level_pressure
2023-05-06 15:00:00,25.2,65.0,1001.7,934.0,30.3167,78.0333,682.0,INM00042111,DEHRADUN,1001.7,sea_level_pressure
2023-05-06 18:00:00,26.2,69.0,1004.3,,28.5845,77.2058,214.9,INI0000VIDD,SAFDARJUNG,1004.3,sea_level_pressure
2023-05-06 18:00:00,27.7,71.0,1005.3,,26.2511,73.0489,218.5,INI0000VIJO,JODHPUR,1005.3,sea_level_pressure
2023-05-06 18:00:00,23.0,68.0,1002.4,934.0,30.3167,78.0333,682.0,INM00042111,DEHRADUN,1002.4,sea_level_pressure
2023-05-06 21:00:00,24.6,71.0,1003.7,,28.5845,77.2058,214.9,INI0000VIDD,SAFDARJUNG,1003.7,sea_level_pressure
2023-05-06 21:00:00,27.0,68.0,1004.5,,26.2511,73.0489,218.5,INI0000VIJO,JODHPUR,1004.5,sea_level_pressure
2023-05-06 21:00:00,20.0,79.0,1002.5,933.5,30.3167,78.0333,682.0,INM00042111,DEHRADUN,1002.5,sea_level_pressure
2023-05-07 00:00:00,22.2,83.0,1004.1,,28.5845,77.2058,214.9,INI0000VIDD,SAFDARJUNG,1004.1,sea_level_pressure
2023-05-07 00:00:00,24.7,75.0,1005.1,,26.2511,73.0489,218.5,INI0000VIJO,JODHPUR,1005.1,sea_level_pressure
2023-05-07 00:00:00,18.2,85.0,1003.3,934.0,30.3167,78.0333,682.0,INM00042111,DEHRADUN,1003.3,sea_level_pressure
2023-05-07 03:00:00,27.2,60.0,1005.7,,28.5845,77.2058,214.9,INI0000VIDD,SAFDARJUNG,1005.7,sea_level_pressure
2023-05-07 03:00:00,30.7,49.0,1006.7,,26.2511,73.0489,218.5,INI0000VIJO,JODHPUR,1006.7,sea_level_pressure
2023-05-07 03:00:00,25.6,54.0,1005.3,937.3,30.3167,78.0333,682.0,INM00042111,DEHRADUN,1005.3,sea_level_pressure
2023-05-07 06:00:00,35.5,36.0,1005.5,,28.5845,77.2058,214.9,INI0000VIDD,SAFDARJUNG,1005.5,sea_level_pressure
2023-05-07 06:00:00,35.6,37.0,1006.4,,26.2511,73.0489,218.5,INI0000VIJO,JODHPUR,1006.4,sea_level_pressure
2023-05-07 06:00:00,28.7,33.0,1005.7,938.4,30.3167,78.0333,682.0,INM00042111,DEHRADUN,1005.7,sea_level_pressure
2023-05-07 09:00:00,35.6,44.0,1003.6,,28.5845,77.2058,214.9,INI0000VIDD,SAFDARJUNG,1003.6,sea_level_pressure
2023-05-07 09:00:00,38.7,30.0,1003.2,,26.2511,73.0489,218.5,INI0000VIJO,JODHPUR,1003.2,sea_level_pressure
2023-05-07 09:00:00,31.0,35.0,1003.6,936.9,30.3167,78.0333,682.0,INM00042111,DEHRADUN,1003.6,sea_level_pressure
2023-05-07 12:00:00,35.2,40.0,1001.4,,28.5845,77.2058,214.9,INI0000VIDD,SAFDARJUNG,1001.4,sea_level_pressure
2023-05-07 12:00:00,39.0,27.0,1001.1,,26.2511,73.0489,218.5,INI0000VIJO,JODHPUR,1001.1,sea_level_pressure
2023-05-07 12:00:00,31.6,36.0,1000.9,934.6,30.3167,78.0333,682.0,INM00042111,DEHRADUN,1000.9,sea_level_pressure
2023-05-07 15:00:00,25.0,83.0,1003.7,,28.5845,77.2058,214.9,INI0000VIDD,SAFDARJUNG,1003.7,sea_level_pressure
2023-05-07 15:00:00,34.7,36.0,1002.4,,26.2511,73.0489,218.5,INI0000VIJO,JODHPUR,1002.4,sea_level_pressure
2023-05-07 15:00:00,25.8,49.0,1001.7,934.0,30.3167,78.0333,682.0,INM00042111,DEHRADUN,1001.7,sea_level_pressure
2023-05-07 18:00:00,24.6,78.0,1004.2,,28.5845,77.2058,214.9,INI0000VIDD,SAFDARJUNG,1004.2,sea_level_pressure
2023-05-07 18:00:00,32.7,38.0,1003.6,,26.2511,73.0489,218.5,INI0000VIJO,JODHPUR,1003.6,sea_level_pressure
2023-05-07 18:00:00,22.0,65.0,1003.9,935.1,30.3167,78.0333,682.0,INM00042111,DEHRADUN,1003.9,sea_level_pressure
2023-05-07 21:00:00,23.4,80.0,1003.0,,28.5845,77.2058,214.9,INI0000VIDD,SAFDARJUNG,1003.0,sea_level_pressure
2023-05-07 21:00:00,27.6,51.0,1003.3,,26.2511,73.0489,218.5,INI0000VIJO,JODHPUR,1003.3,sea_level_pressure
2023-05-07 21:00:00,20.0,70.0,1004.2,935.0,30.3167,78.0333,682.0,INM00042111,DEHRADUN,1004.2,sea_level_pressure
2023-05-08 00:00:00,23.0,96.0,1003.3,,28.5845,77.2058,214.9,INI0000VIDD,SAFDARJUNG,1003.3,sea_level_pressure
2023-05-08 00:00:00,25.6,51.0,1004.1,,26.2511,73.0489,218.5,INI0000VIJO,JODHPUR,1004.1,sea_level_pressure
2023-05-08 00:00:00,19.5,71.0,1004.5,935.3,30.3167,78.0333,682.0,INM00042111,DEHRADUN,1004.5,sea_level_pressure
2023-05-08 03:00:00,24.6,88.0,1005.2,,28.5845,77.2058,214.9,INI0000VIDD,SAFDARJUNG,1005.2,sea_level_pressure
2023-05-08 03:00:00,30.2,48.0,1005.5,,26.2511,73.0489,218.5,INI0000VIJO,JODHPUR,1005.5,sea_level_pressure
2023-05-08 03:00:00,24.4,50.0,1004.3,936.3,30.3167,78.0333,682.0,INM00042111,DEHRADUN,1004.3,sea_level_pressure
2023-05-08 06:00:00,31.2,61.0,1005.2,,28.5845,77.2058,214.9,INI0000VIDD,SAFDARJUNG,1005.2,sea_level_pressure
2023-05-08 06:00:00,36.7,29.0,1005.2,,26.2511,73.0489,218.5,INI0000VIJO,JODHPUR,1005.2,sea_level_pressure
2023-05-08 06:00:00,30.5,38.0,1004.3,937.5,30.3167,78.0333,682.0,INM00042111,DEHRADUN,1004.3,sea_level_pressure
2023-05-08 09:00:00,35.6,40.0,1003.3,,28.5845,77.2058,214.9,INI0000VIDD,SAFDARJUNG,1003.3,sea_level_pressure
2023-05-08 09:00:00,40.0,19.0,1002.7,,26.2511,73.0489,218.5,INI0000VIJO,JODHPUR,1002.7,sea_level_pressure
2023-05-08 09:00:00,32.8,35.0,1002.4,936.2,30.3167,78.0333,682.0,INM00042111,DEHRADUN,1002.4,sea_level_pressure
2023-05-08 12:00:00,35.0,43.0,1001.7,,28.5845,77.2058,214.9,INI0000VIDD,SAFDARJUNG,1001.7,sea_level_pressure
2023-05-08 12:00:00,39.7,22.0,1000.9,,26.2511,73.0489,218.5,INI0000VIJO,JODHPUR,1000.9,sea_level_pressure
2023-05-08 12:00:00,31.6,36.0,1001.3,935.0,30.3167,78.0333,682.0,INM00042111,DEHRADUN,1001.3,sea_level_pressure
2023-05-08 15:00:00,29.2,56.0,1003.1,,28.5845,77.2058,214.9,INI0000VIDD,SAFDARJUNG,1003.1,sea_level_pressure
2023-05-08 15:00:00,32.7,32.0,1003.1,,26.2511,73.0489,218.5,INI0000VIJO,JODHPUR,1003.1,sea_level_pressure
2023-05-08 15:00:00,26.6,51.0,1002.6,935.2,30.3167,78.0333,682.0,INM00042111,DEHRADUN,1002.6,sea_level_pressure
2023-05-08 18:00:00,25.7,72.0,1004.9,,28.5845,77.2058,214.9,INI0000VIDD,SAFDARJUNG,1004.9,sea_level_pressure
2023-05-08 18:00:00,32.6,26.0,1005.0,,26.2511,73.0489,218.5,INI0000VIJO,JODHPUR,1005.0,sea_level_pressure
2023-05-08 18:00:00,24.5,59.0,1005.0,937.0,30.3167,78.0333,682.0,INM00042111,DEHRADUN,1005.0,sea_level_pressure
2023-05-08 21:00:00,24.4,77.0,1003.9,,28.5845,77.2058,214.9,INI0000VIDD,SAFDARJUNG,1003.9,sea_level_pressure
2023-05-08 21:00:00,28.7,29.0,1005.1,,26.2511,73.0489,218.5,INI0000VIJO,JODHPUR,1005.1,sea_level_pressure
2023-05-08 21:00:00,22.0,61.0,1005.3,936.5,30.3167,78.0333,682.0,INM00042111,DEHRADUN,1005.3,sea_level_pressure
2023-05-09 00:00:00,22.2,86.0,1005.4,,28.5845,77.2058,214.9,INI0000VIDD,SAFDARJUNG,1005.4,sea_level_pressure
2023-05-09 00:00:00,23.7,46.0,1006.5,,26.2511,73.0489,218.5,INI0000VIJO,JODHPUR,1006.5,sea_level_pressure
2023-05-09 00:00:00,20.2,58.0,1006.0,937.0,30.3167,78.0333,682.0,INM00042111,DEHRADUN,1006.0,sea_level_pressure
2023-05-09 03:00:00,25.4,64.0,1008.0,,28.5845,77.2058,214.9,INI0000VIDD,SAFDARJUNG,1008.0,sea_level_pressure
2023-05-09 03:00:00,30.2,33.0,1008.0,,26.2511,73.0489,218.5,INI0000VIJO,JODHPUR,1008.0,sea_level_pressure
2023-05-09 03:00:00,25.8,40.0,1006.8,938.8,30.3167,78.0333,682.0,INM00042111,DEHRADUN,1006.8,sea_level_pressure
2023-05-09 06:00:00,33.2,34.0,1007.3,,28.5845,77.2058,214.9,INI0000VIDD,SAFDARJUNG,1007.3,sea_level_pressure
2023-05-09 06:00:00,37.6,21.0,1007.4,,26.2511,73.0489,218.5,INI0000VIJO,JODHPUR,1007.4,sea_level_pressure
2023-05-09 06:00:00,30.6,30.0,1005.3,938.5,30.3167,78.0333,682.0,INM00042111,DEHRADUN,1005.3,sea_level_pressure
2023-05-09 09:00:00,37.2,15.0,1005.1,975.6,28.5845,77.2058,214.9,INI0000VIDD,SAFDARJUNG,1005.1,sea_level_pressure
2023-05-09 09:00:00,39.7,18.0,1005.9,,26.2511,73.0489,218.5,INI0000VIJO,JODHPUR,1005.9,sea_level_pressure
2023-05-09 09:00:00,33.4,30.0,1002.8,936.8,30.3167,78.0333,682.0,INM00042111,DEHRADUN,1002.8,sea_level_pressure
2023-05-09 12:00:00,36.0,31.0,1003.6,,28.5845,77.2058,214.9,INI0000VIDD,SAFDARJUNG,1003.6,sea_level_pressure
2023-05-09 12:00:00,40.2,18.0,1003.7,,26.2511,73.0489,218.5,INI0000VIJO,JODHPUR,1003.7,sea_level_pressure
2023-05-09 12:00:00,28.0,32.0,1003.5,936.2,30.3167,78.0333,682.0,INM00042111,DEHRADUN,1003.5,sea_level_pressure
2023-05-09 15:00:00,32.4,40.0,1004.8,,28.5845,77.2058,214.9,INI0000VIDD,SAFDARJUNG,1004.8,sea_level_pressure
2023-05-09 15:00:00,31.2,36.0,1004.9,,26.2511,73.0489,218.5,INI0000VIJO,JODHPUR,1004.9,sea_level_pressure
2023-05-09 15:00:00,23.6,52.0,1004.3,936.0,30.3167,78.0333,682.0,INM00042111,DEHRADUN,1004.3,sea_level_pressure
2023-05-09 18:00:00,30.6,43.0,1005.6,,28.5845,77.2058,214.9,INI0000VIDD,SAFDARJUNG,1005.6,sea_level_pressure
2023-05-09 18:00:00,29.5,32.0,1006.1,,26.2511,73.0489,218.5,INI0000VIJO,JODHPUR,1006.1,sea_level_pressure
2023-05-09 18:00:00,21.0,58.0,1005.0,936.0,30.3167,78.0333,682.0,INM00042111,DEHRADUN,1005.0,sea_level_pressure
2023-05-09 21:00:00,28.8,48.0,1005.4,,28.5845,77.2058,214.9,INI0000VIDD,SAFDARJUNG,1005.4,sea_level_pressure
2023-05-09 21:00:00,27.6,30.0,1005.4,,26.2511,73.0489,218.5,INI0000VIJO,JODHPUR,1005.4,sea_level_pressure
2023-05-09 21:00:00,19.0,66.0,1003.3,934.0,30.3167,78.0333,682.0,INM00042111,DEHRADUN,1003.3,sea_level_pressure
2023-05-10 00:00:00,25.4,61.0,1005.4,,28.5845,77.2058,214.9,INI0000VIDD,SAFDARJUNG,1005.4,sea_level_pressure
2023-05-10 00:00:00,24.7,42.0,1006.9,,26.2511,73.0489,218.5,INI0000VIJO,JODHPUR,1006.9,sea_level_pressure
2023-05-10 00:00:00,17.5,68.0,1004.1,934.5,30.3167,78.0333,682.0,INM00042111,DEHRADUN,1004.1,sea_level_pressure
2023-05-10 03:00:00,26.2,49.0,1007.1,,28.5845,77.2058,214.9,INI0000VIDD,SAFDARJUNG,1007.1,sea_level_pressure
2023-05-10 03:00:00,31.2,28.0,1007.6,,26.2511,73.0489,218.5,INI0000VIJO,JODHPUR,1007.6,sea_level_pressure
2023-05-10 03:00:00,23.4,49.0,1005.1,936.8,30.3167,78.0333,682.0,INM00042111,DEHRADUN,1005.1,sea_level_pressure
2023-05-10 06:00:00,33.2,27.0,1006.5,,28.5845,77.2058,214.9,INI0000VIDD,SAFDARJUNG,1006.5,sea_level_pressure
2023-05-10 06:00:00,38.2,21.0,1007.0,,26.2511,73.0489,218.5,INI0000VIJO,JODHPUR,1007.0,sea_level_pressure
2023-05-10 06:00:00,29.7,32.0,1004.3,937.3,30.3167,78.0333,682.0,INM00042111,DEHRADUN,1004.3,sea_level_pressure
2023-05-10 09:00:00,35.2,27.0,1004.7,,28.5845,77.2058,214.9,INI0000VIDD,SAFDARJUNG,1004.7,sea_level_pressure
2023-05-10 09:00:00,41.2,18.0,1004.4,,26.2511,73.0489,218.5,INI0000VIJO,JODHPUR,1004.4,sea_level_pressure
2023-05-10 09:00:00,32.4,27.0,1002.1,935.9,30.3167,78.0333,682.0,INM00042111,DEHRADUN,1002.1,sea_level_pressure
2023-05-10 12:00:00,36.0,23.0,1003.0,,28.5845,77.2058,214.9,INI0000VIDD,SAFDARJUNG,1003.0,sea_level_pressure
2023-05-10 12:00:00,40.7,19.0,1002.7,,26.2511,73.0489,218.5,INI0000VIJO,JODHPUR,1002.7,sea_level_pressure
2023-05-10 12:00:00,31.6,29.0,1000.8,934.5,30.3167,78.0333,682.0,INM00042111,DEHRADUN,1000.8,sea_level_pressure
2023-05-10 15:00:00,31.8,34.0,1004.0,,28.5845,77.2058,214.9,INI0000VIDD,SAFDARJUNG,1004.0,sea_level_pressure
2023-05-10 15:00:00,32.2,36.0,1003.8,,26.2511,73.0489,218.5,INI0000VIJO,JODHPUR,1003.8,sea_level_pressure
2023-05-10 15:00:00,24.5,45.0,1002.1,934.2,30.3167,78.0333,682.0,INM00042111,DEHRADUN,1002.1,sea_level_pressure
2023-05-10 18:00:00,27.0,52.0,1004.5,,28.5845,77.2058,214.9,INI0000VIDD,SAFDARJUNG,1004.5,sea_level_pressure
2023-05-10 18:00:00,29.5,32.0,1004.9,,26.2511,73.0489,218.5,INI0000VIJO,JODHPUR,1004.9,sea_level_pressure
2023-05-10 18:00:00,20.6,63.0,1004.2,935.2,30.3167,78.0333,682.0,INM00042111,DEHRADUN,1004.2,sea_level_pressure
2023-05-10 21:00:00,24.6,60.0,1004.3,,28.5845,77.2058,214.9,INI0000VIDD,SAFDARJUNG,1004.3,sea_level_pressure
2023-05-10 21:00:00,27.0,43.0,1004.2,,26.2511,73.0489,218.5,INI0000VIJO,JODHPUR,1004.2,sea_level_pressure
2023-05-10 21:00:00,18.5,72.0,1004.6,935.1,30.3167,78.0333,682.0,INM00042111,DEHRADUN,1004.6,sea_level_pressure
2023-05-11 00:00:00,21.0,73.0,1005.9,,28.5845,77.2058,214.9,INI0000VIDD,SAFDARJUNG,1005.9,sea_level_pressure
2023-05-11 00:00:00,24.0,47.0,1006.2,,26.2511,73.0489,218.5,INI0000VIJO,JODHPUR,1006.2,sea_level_pressure
2023-05-11 00:00:00,17.5,73.0,1004.8,935.1,30.3167,78.0333,682.0,INM00042111,DEHRADUN,1004.8,sea_level_pressure
2023-05-11 03:00:00,28.0,43.0,1008.1,,28.5845,77.2058,214.9,INI0000VIDD,SAFDARJUNG,1008.1,sea_level_pressure
2023-05-11 03:00:00,31.4,30.0,1007.8,,26.2511,73.0489,218.5,INI0000VIJO,JODHPUR,1007.8,sea_level_pressure
2023-05-11 03:00:00,24.8,48.0,1007.0,938.8,30.3167,78.0333,682.0,INM00042111,DEHRADUN,1007.0,sea_level_pressure
2023-05-11 06:00:00,35.5,31.0,1007.9,,28.5845,77.2058,214.9,INI0000VIDD,SAFDARJUNG,1007.9,sea_level_pressure
2023-05-11 06:00:00,39.5,22.0,1007.1,,26.2511,73.0489,218.5,INI0000VIJO,JODHPUR,1007.1,sea_level_pressure
2023-05-11 06:00:00,31.2,31.0,1005.8,939.1,30.3167,78.0333,682.0,INM00042111,DEHRADUN,1005.8,sea_level_pressure
2023-05-11 09:00:00,37.6,25.0,1005.6,,28.5845,77.2058,214.9,INI0000VIDD,SAFDARJUNG,1005.6,sea_level_pressure
2023-05-11 09:00:00,42.2,15.0,1004.3,,26.2511,73.0489,218.5,INI0000VIJO,JODHPUR,1004.3,sea_level_pressure
2023-05-11 09:00:00,34.2,27.0,1003.6,937.7,30.3167,78.0333,682.0,INM00042111,DEHRADUN,1003.6,sea_level_pressure
2023-05-11 12:00:00,37.0,29.0,1003.6,,28.5845,77.2058,214.9,INI0000VIDD,SAFDARJUNG,1003.6,sea_level_pressure
2023-05-11 12:00:00,42.7,25.0,1002.8,,26.2511,73.0489,218.5,INI0000VIJO,JODHPUR,1002.8,sea_level_pressure
2023-05-11 12:00:00,33.6,31.0,1001.1,935.5,30.3167,78.0333,682.0,INM00042111,DEHRADUN,1001.1,sea_level_pressure
2023-05-11 15:00:00,29.0,58.0,1005.2,,28.5845,77.2058,214.9,INI0000VIDD,SAFDARJUNG,1005.2,sea_level_pressure
2023-05-11 15:00:00,32.6,38.0,1004.3,,26.2511,73.0489,218.5,INI0000VIJO,JODHPUR,1004.3,sea_level_pressure
2023-05-11 15:00:00,26.8,46.0,1003.6,936.0,30.3167,78.0333,682.0,INM00042111,DEHRADUN,1003.6,sea_level_pressure
2023-05-11 18:00:00,26.0,67.0,1005.5,,28.5845,77.2058,214.9,INI0000VIDD,SAFDARJUNG,1005.5,sea_level_pressure
2023-05-11 18:00:00,28.7,44.0,1005.1,,26.2511,73.0489,218.5,INI0000VIJO,JODHPUR,1005.1,sea_level_pressure
2023-05-11 18:00:00,22.6,63.0,1004.5,936.0,30.3167,78.0333,682.0,INM00042111,DEHRADUN,1004.5,sea_level_pressure
2023-05-11 21:00:00,24.2,71.0,1005.2,,28.5845,77.2058,214.9,INI0000VIDD,SAFDARJUNG,1005.2,sea_level_pressure
2023-05-11 21:00:00,26.6,52.0,1004.6,,26.2511,73.0489,218.5,INI0000VIJO,JODHPUR,1004.6,sea_level_pressure
2023-05-11 21:00:00,21.0,66.0,1005.2,936.2,30.3167,78.0333,682.0,INM00042111,DEHRADUN,1005.2,sea_level_pressure
2023-05-12 00:00:00,22.0,77.0,1005.6,,28.5845,77.2058,214.9,INI0000VIDD,SAFDARJUNG,1005.6,sea_level_pressure
2023-05-12 00:00:00,26.2,47.0,1005.4,,26.2511,73.0489,218.5,INI0000VIJO,JODHPUR,1005.4,sea_level_pressure
2023-05-12 00:00:00,20.5,66.0,1005.0,936.0,30.3167,78.0333,682.0,INM00042111,DEHRADUN,1005.0,sea_level_pressure
2023-05-12 03:00:00,25.4,59.0,1007.2,,28.5845,77.2058,214.9,INI0000VIDD,SAFDARJUNG,1007.2,sea_level_pressure
2023-05-12 03:00:00,31.6,30.0,1007.3,,26.2511,73.0489,218.5,INI0000VIJO,JODHPUR,1007.3,sea_level_pressure
2023-05-12 03:00:00,25.8,52.0,1006.5,938.5,30.3167,78.0333,682.0,INM00042111,DEHRADUN,1006.5,sea_level_pressure
2023-05-12 06:00:00,36.2,29.0,1005.8,,28.5845,77.2058,214.9,INI0000VIDD,SAFDARJUNG,1005.8,sea_level_pressure
2023-05-12 06:00:00,40.2,23.0,1005.9,,26.2511,73.0489,218.5,INI0000VIJO,JODHPUR,1005.9,sea_level_pressure
2023-05-12 06:00:00,32.6,31.0,1005.3,938.9,30.3167,78.0333,682.0,INM00042111,DEHRADUN,1005.3,sea_level_pressure
2023-05-12 09:00:00,40.0,18.0,1003.3,,28.5845,77.2058,214.9,INI0000VIDD,SAFDARJUNG,1003.3,sea_level_pressure
2023-05-12 09:00:00,43.2,16.0,1003.3,,26.2511,73.0489,218.5,INI0000VIJO,JODHPUR,1003.3,sea_level_pressure
2023-05-12 09:00:00,35.2,27.0,1002.8,937.1,30.3167,78.0333,682.0,INM00042111,DEHRADUN,1002.8,sea_level_pressure
2023-05-12 12:00:00,40.5,17.0,1000.6,,28.5845,77.2058,214.9,INI0000VIDD,SAFDARJUNG,1000.6,sea_level_pressure
2023-05-12 12:00:00,43.5,17.0,1001.8,,26.2511,73.0489,218.5,INI0000VIJO,JODHPUR,1001.8,sea_level_pressure
2023-05-12 12:00:00,35.0,27.0,1000.6,935.0,30.3167,78.0333,682.0,INM00042111,DEHRADUN,1000.6,sea_level_pressure
2023-05-12 15:00:00,33.2,42.0,1002.2,,28.5845,77.2058,214.9,INI0000VIDD,SAFDARJUNG,1002.2,sea_level_pressure
2023-05-12 15:00:00,33.5,41.0,1003.0,,26.2511,73.0489,218.5,INI0000VIJO,JODHPUR,1003.0,sea_level_pressure
2023-05-12 15:00:00,26.8,46.0,1002.6,935.2,30.3167,78.0333,682.0,INM00042111,DEHRADUN,1002.6,sea_level_pressure
2023-05-12 18:00:00,28.6,60.0,1004.1,,28.5845,77.2058,214.9,INI0000VIDD,SAFDARJUNG,1004.1,sea_level_pressure
2023-05-12 18:00:00,35.5,24.0,1003.8,,26.2511,73.0489,218.5,INI0000VIJO,JODHPUR,1003.8,sea_level_pressure
2023-05-12 18:00:00,22.7,64.0,1002.4,935.0,30.3167,78.0333,682.0,INM00042111,DEHRADUN,1002.4,sea_level_pressure
2023-05-12 21:00:00,26.6,64.0,1003.2,,28.5845,77.2058,214.9,INI0000VIDD,SAFDARJUNG,1003.2,sea_level_pressure
2023-05-12 21:00:00,33.2,23.0,1003.7,,26.2511,73.0489,218.5,INI0000VIJO,JODHPUR,1003.7,sea_level_pressure
2023-05-12 21:00:00,,,,,,,,INM00042111,DEHRADUN,,sea_level_pressure
2023-05-13 00:00:00,24.2,72.0,1003.8,,28.5845,77.2058,214.9,INI0000VIDD,SAFDARJUNG,1003.8,sea_level_pressure
2023-05-13 00:00:00,27.4,45.0,1003.8,,26.2511,73.0489,218.5,INI0000VIJO,JODHPUR,1003.8,sea_level_pressure
2023-05-13 00:00:00,20.6,66.0,1004.1,935.2,30.3167,78.0333,682.0,INM00042111,DEHRADUN,1004.1,sea_level_pressure
2023-05-13 03:00:00,28.6,58.0,1005.6,,28.5845,77.2058,214.9,INI0000VIDD,SAFDARJUNG,1005.6,sea_level_pressure
2023-05-13 03:00:00,32.7,35.0,1005.7,,26.2511,73.0489,218.5,INI0000VIJO,JODHPUR,1005.7,sea_level_pressure
2023-05-13 03:00:00,26.8,48.0,1006.4,938.7,30.3167,78.0333,682.0,INM00042111,DEHRADUN,1006.4,sea_level_pressure
2023-05-13 06:00:00,36.2,35.0,1006.5,,28.5845,77.2058,214.9,INI0000VIDD,SAFDARJUNG,1006.5,sea_level_pressure
2023-05-13 06:00:00,39.7,27.0,1005.2,,26.2511,73.0489,218.5,INI0000VIJO,JODHPUR,1005.2,sea_level_pressure
2023-05-13 06:00:00,33.5,41.0,1005.8,939.5,30.3167,78.0333,682.0,INM00042111,DEHRADUN,1005.8,sea_level_pressure
2023-05-13 09:00:00,40.2,30.0,1002.1,,28.5845,77.2058,214.9,INI0000VIDD,SAFDARJUNG,1002.1,sea_level_pressure
2023-05-13 09:00:00,43.6,19.0,1002.6,,26.2511,73.0489,218.5,INI0000VIJO,JODHPUR,1002.6,sea_level_pressure
2023-05-13 09:00:00,36.0,28.0,1001.6,936.1,30.3167,78.0333,682.0,INM00042111,DEHRADUN,1001.6,sea_level_pressure
2023-05-13 12:00:00,40.5,26.0,1000.4,,28.5845,77.2058,214.9,INI0000VIDD,SAFDARJUNG,1000.4,sea_level_pressure
2023-05-13 12:00:00,43.5,18.0,1000.6,,26.2511,73.0489,218.5,INI0000VIJO,JODHPUR,1000.6,sea_level_pressure
2023-05-13 12:00:00,35.0,32.0,999.6,934.0,30.3167,78.0333,682.0,INM00042111,DEHRADUN,999.6,sea_level_pressure
2023-05-13 15:00:00,34.6,44.0,1002.7,,28.5845,77.2058,214.9,INI0000VIDD,SAFDARJUNG,1002.7,sea_level_pressure
2023-05-13 15:00:00,36.7,32.0,1002.5,,26.2511,73.0489,218.5,INI0000VIJO,JODHPUR,1002.5,sea_level_pressure
2023-05-13 15:00:00,28.2,55.0,1001.3,934.3,30.3167,78.0333,682.0,INM00042111,DEHRADUN,1001.3,sea_level_pressure
2023-05-13 18:00:00,33.2,47.0,1002.7,,28.5845,77.2058,214.9,INI0000VIDD,SAFDARJUNG,1002.7,sea_level_pressure
2023-05-13 18:00:00,35.7,28.0,1003.9,,26.2511,73.0489,218.5,INI0000VIJO,JODHPUR,1003.9,sea_level_pressure
2023-05-13 18:00:00,24.6,64.0,1003.2,935.2,30.3167,78.0333,682.0,INM00042111,DEHRADUN,1003.2,sea_level_pressure
2023-05-13 21:00:00,30.6,52.0,1002.7,,28.5845,77.2058,214.9,INI0000VIDD,SAFDARJUNG,1002.7,sea_level_pressure
2023-05-13 21:00:00,33.5,30.0,1004.0,,26.2511,73.0489,218.5,INI0000VIJO,JODHPUR,1004.0,sea_level_pressure
2023-05-13 21:00:00,23.2,68.0,1002.5,934.4,30.3167,78.0333,682.0,INM00042111,DEHRADUN,1002.5,sea_level_pressure
2023-05-14 00:00:00,28.5,60.0,1001.1,,28.5845,77.2058,214.9,INI0000VIDD,SAFDARJUNG,1001.1,sea_level_pressure
2023-05-14 00:00:00,31.2,37.0,1003.0,,26.2511,73.0489,218.5,INI0000VIJO,JODHPUR,1003.0,sea_level_pressure
2023-05-14 00:00:00,22.2,67.0,1002.2,933.8,30.3167,78.0333,682.0,INM00042111,DEHRADUN,1002.2,sea_level_pressure
2023-05-14 03:00:00,30.0,53.0,1003.6,,28.5845,77.2058,214.9,INI0000VIDD,SAFDARJUNG,1003.6,sea_level_pressure
2023-05-14 03:00:00,32.2,43.0,1004.5,,26.2511,73.0489,218.5,INI0000VIJO,JODHPUR,1004.5,sea_level_pressure
2023-05-14 03:00:00,27.2,45.0,1003.1,935.8,30.3167,78.0333,682.0,INM00042111,DEHRADUN,1003.1,sea_level_pressure
2023-05-14 06:00:00,36.0,38.0,1002.2,,28.5845,77.2058,214.9,INI0000VIDD,SAFDARJUNG,1002.2,sea_level_pressure
2023-05-14 06:00:00,37.2,35.0,1003.4,,26.2511,73.0489,218.5,INI0000VIJO,JODHPUR,1003.4,sea_level_pressure
2023-05-14 06:00:00,32.2,25.0,1001.6,935.4,30.3167,78.0333,682.0,INM00042111,DEHRADUN,1001.6,sea_level_pressure
2023-05-14 09:00:00,40.2,31.0,999.3,,28.5845,77.2058,214.9,INI0000VIDD,SAFDARJUNG,999.3,sea_level_pressure
2023-05-14 09:00:00,41.2,29.0,999.9,,26.2511,73.0489,218.5,INI0000VIJO,JODHPUR,999.9,sea_level_pressure
2023-05-14 09:00:00,36.0,23.0,998.4,933.0,30.3167,78.0333,682.0,INM00042111,DEHRADUN,998.4,sea_level_pressure
2023-05-14 12:00:00,38.6,30.0,997.7,,28.5845,77.2058,214.9,INI0000VIDD,SAFDARJUNG,997.7,sea_level_pressure
2023-05-14 12:00:00,40.7,32.0,998.1,,26.2511,73.0489,218.5,INI0000VIJO,JODHPUR,998.1,sea_level_pressure
2023-05-14 12:00:00,35.0,20.0,995.5,930.2,30.3167,78.0333,682.0,INM00042111,DEHRADUN,995.5,sea_level_pressure
2023-05-14 15:00:00,33.6,36.0,998.1,,28.5845,77.2058,214.9,INI0000VIDD,SAFDARJUNG,998.1,sea_level_pressure
2023-05-14 15:00:00,24.7,86.0,1003.1,,26.2511,73.0489,218.5,INI0000VIJO,JODHPUR,1003.1,sea_level_pressure
2023-05-14 15:00:00,27.6,45.0,997.9,931.0,30.3167,78.0333,682.0,INM00042111,DEHRADUN,997.9,sea_level_pressure
2023-05-14 18:00:00,30.6,42.0,999.8,,28.5845,77.2058,214.9,INI0000VIDD,SAFDARJUNG,999.8,sea_level_pressure
2023-05-14 18:00:00,29.0,53.0,1001.1,,26.2511,73.0489,218.5,INI0000VIJO,JODHPUR,1001.1,sea_level_pressure
2023-05-14 18:00:00,25.0,56.0,998.6,931.0,30.3167,78.0333,682.0,INM00042111,DEHRADUN,998.6,sea_level_pressure
2023-05-14 21:00:00,29.0,44.0,999.7,,28.5845,77.2058,214.9,INI0000VIDD,SAFDARJUNG,999.7,sea_level_pressure
2023-05-14 21:00:00,27.2,62.0,1001.9,,26.2511,73.0489,218.5,INI0000VIJO,JODHPUR,1001.9,sea_level_pressure
2023-05-14 21:00:00,,,,,,,,INM00042111,DEHRADUN,,sea_level_pressure
2023-05-15 00:00:00,27.5,50.0,1000.3,,28.5845,77.2058,214.9,INI0000VIDD,SAFDARJUNG,1000.3,sea_level_pressure
2023-05-15 00:00:00,27.0,63.0,1002.4,,26.2511,73.0489,218.5,INI0000VIJO,JODHPUR,1002.4,sea_level_pressure
2023-05-15 00:00:00,20.7,66.0,999.6,931.0,30.3167,78.0333,682.0,INM00042111,DEHRADUN,999.6,sea_level_pressure
2023-05-15 03:00:00,29.6,46.0,1001.7,,28.5845,77.2058,214.9,INI0000VIDD,SAFDARJUNG,1001.7,sea_level_pressure
2023-05-15 03:00:00,29.5,72.0,1004.5,,26.2511,73.0489,218.5,INI0000VIJO,JODHPUR,1004.5,sea_level_pressure
2023-05-15 03:00:00,27.6,51.0,1001.3,934.1,30.3167,78.0333,682.0,INM00042111,DEHRADUN,1001.3,sea_level_pressure
2023-05-15 06:00:00,36.0,37.0,1002.5,,28.5845,77.2058,214.9,INI0000VIDD,SAFDARJUNG,1002.5,sea_level_pressure
2023-05-15 06:00:00,34.2,49.0,1004.8,,26.2511,73.0489,218.5,INI0000VIJO,JODHPUR,1004.8,sea_level_pressure
2023-05-15 06:00:00,33.6,28.0,1000.4,934.6,30.3167,78.0333,682.0,INM00042111,DEHRADUN,1000.4,sea_level_pressure
2023-05-15 09:00:00,40.0,27.0,1000.1,,28.5845,77.2058,214.9,INI0000VIDD,SAFDARJUNG,1000.1,sea_level_pressure
2023-05-15 09:00:00,38.6,35.0,1002.3,,26.2511,73.0489,218.5,INI0000VIJO,JODHPUR,1002.3,sea_level_pressure
2023-05-15 09:00:00,37.6,21.0,997.6,932.8,30.3167,78.0333,682.0,INM00042111,DEHRADUN,997.6,sea_level_pressure
2023-05-15 12:00:00,39.7,28.0,997.7,,28.5845,77.2058,214.9,INI0000VIDD,SAFDARJUNG,997.7,sea_level_pressure
2023-05-15 12:00:00,38.8,33.0,1000.5,,26.2511,73.0489,218.5,INI0000VIJO,JODHPUR,1000.5,sea_level_pressure
2023-05-15 12:00:00,35.5,23.0,996.7,931.4,30.3167,78.0333,682.0,INM00042111,DEHRADUN,996.7,sea_level_pressure
2023-05-15 15:00:00,35.2,33.0,998.5,,28.5845,77.2058,214.9,INI0000VIDD,SAFDARJUNG,998.5,sea_level_pressure
2023-05-15 15:00:00,35.7,39.0,1000.9,,26.2511,73.0489,218.5,INI0000VIJO,JODHPUR,1000.9,sea_level_pressure
2023-05-15 15:00:00,27.4,48.0,999.1,932.0,30.3167,78.0333,682.0,INM00042111,DEHRADUN,999.1,sea_level_pressure
2023-05-15 18:00:00,32.6,38.0,1000.3,,28.5845,77.2058,214.9,INI0000VIDD,SAFDARJUNG,1000.3,sea_level_pressure
2023-05-15 18:00:00,33.5,48.0,1003.0,,26.2511,73.0489,218.5,INI0000VIJO,JODHPUR,1003.0,sea_level_pressure
2023-05-15 18:00:00,24.7,57.0,1000.0,932.2,30.3167,78.0333,682.0,INM00042111,DEHRADUN,1000.0,sea_level_pressure
2023-05-15 21:00:00,30.2,41.0,1000.1,,28.5845,77.2058,214.9,INI0000VIDD,SAFDARJUNG,1000.1,sea_level_pressure
2023-05-15 21:00:00,29.7,47.0,1005.4,,26.2511,73.0489,218.5,INI0000VIJO,JODHPUR,1005.4,sea_level_pressure
2023-05-15 21:00:00,22.2,63.0,1000.2,932.0,30.3167,78.0333,682.0,INM00042111,DEHRADUN,1000.2,sea_level_pressure
2023-05-16 00:00:00,28.7,45.0,1002.8,,28.5845,77.2058,214.9,INI0000VIDD,SAFDARJUNG,1002.8,sea_level_pressure
2023-05-16 00:00:00,27.2,59.0,1004.9,,26.2511,73.0489,218.5,INI0000VIJO,JODHPUR,1004.9,sea_level_pressure
2023-05-16 00:00:00,21.0,66.0,1002.9,934.0,30.3167,78.0333,682.0,INM00042111,DEHRADUN,1002.9,sea_level_pressure
2023-05-16 03:00:00,30.6,47.0,1003.6,,28.5845,77.2058,214.9,INI0000VIDD,SAFDARJUNG,1003.6,sea_level_pressure
2023-05-16 03:00:00,29.2,51.0,1006.0,,26.2511,73.0489,218.5,INI0000VIJO,JODHPUR,1006.0,sea_level_pressure
2023-05-16 03:00:00,28.8,41.0,1002.5,935.4,30.3167,78.0333,682.0,INM00042111,DEHRADUN,1002.5,sea_level_pressure
2023-05-16 06:00:00,34.7,38.0,1004.5,,28.5845,77.2058,214.9,INI0000VIDD,SAFDARJUNG,1004.5,sea_level_pressure
2023-05-16 06:00:00,35.2,48.0,1005.8,,26.2511,73.0489,218.5,INI0000VIJO,JODHPUR,1005.8,sea_level_pressure
2023-05-16 06:00:00,34.7,27.0,1000.9,935.1,30.3167,78.0333,682.0,INM00042111,DEHRADUN,1000.9,sea_level_pressure
2023-05-16 09:00:00,38.2,32.0,1002.1,,28.5845,77.2058,214.9,INI0000VIDD,SAFDARJUNG,1002.1,sea_level_pressure
2023-05-16 09:00:00,38.6,34.0,1003.9,,26.2511,73.0489,218.5,INI0000VIJO,JODHPUR,1003.9,sea_level_pressure
2023-05-16 09:00:00,37.6,22.0,998.1,933.1,30.3167,78.0333,682.0,INM00042111,DEHRADUN,998.1,sea_level_pressure
2023-05-16 12:00:00,39.0,29.0,1000.6,,28.5845,77.2058,214.9,INI0000VIDD,SAFDARJUNG,1000.6,sea_level_pressure
2023-05-16 12:00:00,38.7,36.0,1002.3,,26.2511,73.0489,218.5,INI0000VIJO,JODHPUR,1002.3,sea_level_pressure
2023-05-16 12:00:00,35.5,21.0,997.6,932.3,30.3167,78.0333,682.0,INM00042111,DEHRADUN,997.6,sea_level_pressure
2023-05-16 15:00:00,34.2,41.0,1002.3,,28.5845,77.2058,214.9,INI0000VIDD,SAFDARJUNG,1002.3,sea_level_pressure
2023-05-16 15:00:00,35.6,37.0,1004.2,,26.2511,73.0489,218.5,INI0000VIJO,JODHPUR,1004.2,sea_level_pressure
2023-05-16 15:00:00,,,,,,,,INM00042111,DEHRADUN,,sea_level_pressure
2023-05-16 18:00:00,30.0,54.0,1003.8,,28.5845,77.2058,214.9,INI0000VIDD,SAFDARJUNG,1003.8,sea_level_pressure
2023-05-16 18:00:00,33.5,43.0,1004.8,,26.2511,73.0489,218.5,INI0000VIJO,JODHPUR,1004.8,sea_level_pressure
2023-05-16 18:00:00,25.0,49.0,1001.0,933.0,30.3167,78.0333,682.0,INM00042111,DEHRADUN,1001.0,sea_level_pressure
2023-05-16 21:00:00,28.8,56.0,1003.7,,28.5845,77.2058,214.9,INI0000VIDD,SAFDARJUNG,1003.7,sea_level_pressure
2023-05-16 21:00:00,32.5,47.0,1004.0,,26.2511,73.0489,218.5,INI0000VIJO,JODHPUR,1004.0,sea_level_pressure
2023-05-16 21:00:00,,,,,,,,INM00042111,DEHRADUN,,sea_level_pressure
2023-05-17 00:00:00,26.6,62.0,1003.0,,28.5845,77.2058,214.9,INI0000VIDD,SAFDARJUNG,1003.0,sea_level_pressure
2023-05-17 00:00:00,30.2,60.0,1005.1,,26.2511,73.0489,218.5,INI0000VIJO,JODHPUR,1005.1,sea_level_pressure
2023-05-17 00:00:00,22.2,60.0,1002.4,934.0,30.3167,78.0333,682.0,INM00042111,DEHRADUN,1002.4,sea_level_pressure
2023-05-17 03:00:00,31.0,45.0,1005.1,,28.5845,77.2058,214.9,INI0000VIDD,SAFDARJUNG,1005.1,sea_level_pressure
2023-05-17 03:00:00,29.7,76.0,1007.7,,26.2511,73.0489,218.5,INI0000VIJO,JODHPUR,1007.7,sea_level_pressure
2023-05-17 03:00:00,28.2,42.0,1002.4,935.3,30.3167,78.0333,682.0,INM00042111,DEHRADUN,1002.4,sea_level_pressure
2023-05-17 06:00:00,34.7,41.0,1005.6,,28.5845,77.2058,214.9,INI0000VIDD,SAFDARJUNG,1005.6,sea_level_pressure
2023-05-17 06:00:00,33.2,55.0,1007.8,,26.2511,73.0489,218.5,INI0000VIJO,JODHPUR,1007.8,sea_level_pressure
2023-05-17 06:00:00,34.7,30.0,1002.7,936.9,30.3167,78.0333,682.0,INM00042111,DEHRADUN,1002.7,sea_level_pressure
2023-05-17 09:00:00,40.4,27.0,1002.9,,28.5845,77.2058,214.9,INI0000VIDD,SAFDARJUNG,1002.9,sea_level_pressure
2023-05-17 09:00:00,37.0,45.0,1005.6,,26.2511,73.0489,218.5,INI0000VIJO,JODHPUR,1005.6,sea_level_pressure
2023-05-17 09:00:00,37.2,24.0,1000.9,935.8,30.3167,78.0333,682.0,INM00042111,DEHRADUN,1000.9,sea_level_pressure
2023-05-17 12:00:00,37.2,40.0,1001.5,,28.5845,77.2058,214.9,INI0000VIDD,SAFDARJUNG,1001.5,sea_level_pressure
2023-05-17 12:00:00,38.2,40.0,1003.4,,26.2511,73.0489,218.5,INI0000VIJO,JODHPUR,1003.4,sea_level_pressure
2023-05-17 12:00:00,35.7,27.0,999.2,933.8,30.3167,78.0333,682.0,INM00042111,DEHRADUN,999.2,sea_level_pressure
2023-05-17 15:00:00,34.8,44.0,1003.2,,28.5845,77.2058,214.9,INI0000VIDD,SAFDARJUNG,1003.2,sea_level_pressure
2023-05-17 15:00:00,36.0,45.0,1003.9,,26.2511,73.0489,218.5,INI0000VIJO,JODHPUR,1003.9,sea_level_pressure
2023-05-17 15:00:00,29.6,48.0,1001.2,934.5,30.3167,78.0333,682.0,INM00042111,DEHRADUN,1001.2,sea_level_pressure
2023-05-17 18:00:00,32.0,52.0,1005.0,,28.5845,77.2058,214.9,INI0000VIDD,SAFDARJUNG,1005.0,sea_level_pressure
2023-05-17 18:00:00,34.2,48.0,1005.9,,26.2511,73.0489,218.5,INI0000VIJO,JODHPUR,1005.9,sea_level_pressure
2023-05-17 18:00:00,,,,,,,,INM00042111,DEHRADUN,,sea_level_pressure
2023-05-17 21:00:00,29.6,56.0,1004.1,,28.5845,77.2058,214.9,INI0000VIDD,SAFDARJUNG,1004.1,sea_level_pressure
2023-05-17 21:00:00,32.5,51.0,1005.1,,26.2511,73.0489,218.5,INI0000VIJO,JODHPUR,1005.1,sea_level_pressure
2023-05-17 21:00:00,22.0,80.0,1005.0,936.2,30.3167,78.0333,682.0,INM00042111,DEHRADUN,1005.0,sea_level_pressure
2023-05-18 00:00:00,23.7,83.0,1010.0,,28.5845,77.2058,214.9,INI0000VIDD,SAFDARJUNG,1010.0,sea_level_pressure
2023-05-18 00:00:00,29.5,59.0,1008.1,,26.2511,73.0489,218.5,INI0000VIJO,JODHPUR,1008.1,sea_level_pressure
2023-05-18 00:00:00,19.6,91.0,1014.0,944.2,30.3167,78.0333,682.0,INM00042111,DEHRADUN,1014.0,sea_level_pressure
2023-05-18 03:00:00,25.2,76.0,1010.3,,28.5845,77.2058,214.9,INI0000VIDD,SAFDARJUNG,1010.3,sea_level_pressure
2023-05-18 03:00:00,29.5,71.0,1010.8,,26.2511,73.0489,218.5,INI0000VIJO,JODHPUR,1010.8,sea_level_pressure
2023-05-18 03:00:00,22.8,74.0,1008.6,939.8,30.3167,78.0333,682.0,INM00042111,DEHRADUN,1008.6,sea_level_pressure
2023-05-18 06:00:00,30.2,55.0,1010.1,,28.5845,77.2058,214.9,INI0000VIDD,SAFDARJUNG,1010.1,sea_level_pressure
2023-05-18 06:00:00,33.2,58.0,1010.9,,26.2511,73.0489,218.5,INI0000VIJO,JODHPUR,1010.9,sea_level_pressure
2023-05-18 06:00:00,26.2,59.0,1008.2,940.3,30.3167,78.0333,682.0,INM00042111,DEHRADUN,1008.2,sea_level_pressure
2023-05-18 09:00:00,35.8,41.0,1007.1,,28.5845,77.2058,214.9,INI0000VIDD,SAFDARJUNG,1007.1,sea_level_pressure
2023-05-18 09:00:00,36.6,41.0,1008.2,,26.2511,73.0489,218.5,INI0000VIJO,JODHPUR,1008.2,sea_level_pressure
2023-05-18 09:00:00,32.2,33.0,1006.1,939.6,30.3167,78.0333,682.0,INM00042111,DEHRADUN,1006.1,sea_level_pressure
2023-05-18 12:00:00,35.0,49.0,1006.2,,28.5845,77.2058,214.9,INI0000VIDD,SAFDARJUNG,1006.2,sea_level_pressure
2023-05-18 12:00:00,37.5,37.0,1006.7,,26.2511,73.0489,218.5,INI0000VIJO,JODHPUR,1006.7,sea_level_pressure
2023-05-18 12:00:00,31.6,39.0,1004.5,937.9,30.3167,78.0333,682.0,INM00042111,DEHRADUN,1004.5,sea_level_pressure
2023-05-18 15:00:00,30.4,60.0,1006.9,,28.5845,77.2058,214.9,INI0000VIDD,SAFDARJUNG,1006.9,sea_level_pressure
2023-05-18 15:00:00,33.7,51.0,1007.7,,26.2511,73.0489,218.5,INI0000VIJO,JODHPUR,1007.7,sea_level_pressure
2023-05-18 15:00:00,25.8,62.0,1006.1,938.1,30.3167,78.0333,682.0,INM00042111,DEHRADUN,1006.1,sea_level_pressure
2023-05-18 18:00:00,27.7,72.0,1007.0,,28.5845,77.2058,214.9,INI0000VIDD,SAFDARJUNG,1007.0,sea_level_pressure
2023-05-18 18:00:00,30.5,60.0,1008.3,,26.2511,73.0489,218.5,INI0000VIJO,JODHPUR,1008.3,sea_level_pressure
2023-05-18 18:00:00,22.2,73.0,1006.8,938.1,30.3167,78.0333,682.0,INM00042111,DEHRADUN,1006.8,sea_level_pressure
2023-05-18 21:00:00,26.0,78.0,1006.5,,28.5845,77.2058,214.9,INI0000VIDD,SAFDARJUNG,1006.5,sea_level_pressure
2023-05-18 21:00:00,28.2,66.0,1007.4,,26.2511,73.0489,218.5,INI0000VIJO,JODHPUR,1007.4,sea_level_pressure
2023-05-18 21:00:00,21.4,78.0,1004.9,936.1,30.3167,78.0333,682.0,INM00042111,DEHRADUN,1004.9,sea_level_pressure
2023-05-19 00:00:00,25.0,77.0,1006.2,,28.5845,77.2058,214.9,INI0000VIDD,SAFDARJUNG,1006.2,sea_level_pressure
2023-05-19 00:00:00,29.7,53.0,1007.4,,26.2511,73.0489,218.5,INI0000VIJO,JODHPUR,1007.4,sea_level_pressure
2023-05-19 00:00:00,20.6,80.0,1004.7,935.7,30.3167,78.0333,682.0,INM00042111,DEHRADUN,1004.7,sea_level_pressure
2023-05-19 03:00:00,28.8,58.0,1007.5,,28.5845,77.2058,214.9,INI0000VIDD,SAFDARJUNG,1007.5,sea_level_pressure
2023-05-19 03:00:00,33.2,46.0,1008.7,,26.2511,73.0489,218.5,INI0000VIJO,JODHPUR,1008.7,sea_level_pressure
2023-05-19 03:00:00,26.7,56.0,1004.5,936.9,30.3167,78.0333,682.0,INM00042111,DEHRADUN,1004.5,sea_level_pressure
2023-05-19 06:00:00,34.5,40.0,1006.9,,28.5845,77.2058,214.9,INI0000VIDD,SAFDARJUNG,1006.9,sea_level_pressure
2023-05-19 06:00:00,37.7,35.0,1007.9,,26.2511,73.0489,218.5,INI0000VIJO,JODHPUR,1007.9,sea_level_pressure
2023-05-19 06:00:00,31.5,39.0,1003.7,937.1,30.3167,78.0333,682.0,INM00042111,DEHRADUN,1003.7,sea_level_pressure
2023-05-19 09:00:00,,,,,,,,INI0000VIDD,SAFDARJUNG,,sea_level_pressure
2023-05-19 09:00:00,40.0,27.0,1005.6,,26.2511,73.0489,218.5,INI0000VIJO,JODHPUR,1005.6,sea_level_pressure
2023-05-19 09:00:00,,,,,,,,INM00042111,DEHRADUN,,sea_level_pressure
2023-05-19 12:00:00,37.6,25.0,1002.5,,28.5845,77.2058,214.9,INI0000VIDD,SAFDARJUNG,1002.5,sea_level_pressure
2023-05-19 12:00:00,41.2,26.0,1003.3,,26.2511,73.0489,218.5,INI0000VIJO,JODHPUR,1003.3,sea_level_pressure
2023-05-19 12:00:00,33.2,31.0,1000.0,934.0,30.3167,78.0333,682.0,INM00042111,DEHRADUN,1000.0,sea_level_pressure
2023-05-19 15:00:00,31.8,54.0,1003.4,,28.5845,77.2058,214.9,INI0000VIDD,SAFDARJUNG,1003.4,sea_level_pressure
2023-05-19 15:00:00,35.2,36.0,1004.0,,26.2511,73.0489,218.5,INI0000VIJO,JODHPUR,1004.0,sea_level_pressure
2023-05-19 15:00:00,27.6,51.0,1002.3,935.0,30.3167,78.0333,682.0,INM00042111,DEHRADUN,1002.3,sea_level_pressure
2023-05-19 18:00:00,28.5,57.0,1004.6,,28.5845,77.2058,214.9,INI0000VIDD,SAFDARJUNG,1004.6,sea_level_pressure
2023-05-19 18:00:00,32.6,36.0,1005.0,,26.2511,73.0489,218.5,INI0000VIJO,JODHPUR,1005.0,sea_level_pressure
2023-05-19 18:00:00,24.0,67.0,1004.0,935.7,30.3167,78.0333,682.0,INM00042111,DEHRADUN,1004.0,sea_level_pressure
2023-05-19 21:00:00,26.8,60.0,1002.8,,28.5845,77.2058,214.9,INI0000VIDD,SAFDARJUNG,1002.8,sea_level_pressure
2023-05-19 21:00:00,31.5,34.0,1004.4,,26.2511,73.0489,218.5,INI0000VIJO,JODHPUR,1004.4,sea_level_pressure
2023-05-19 21:00:00,21.8,72.0,1002.3,933.7,30.3167,78.0333,682.0,INM00042111,DEHRADUN,1002.3,sea_level_pressure
2023-05-20 00:00:00,24.5,69.0,1003.0,,28.5845,77.2058,214.9,INI0000VIDD,SAFDARJUNG,1003.0,sea_level_pressure
2023-05-20 00:00:00,31.7,50.0,1004.1,,26.2511,73.0489,218.5,INI0000VIJO,JODHPUR,1004.1,sea_level_pressure
2023-05-20 00:00:00,,,,,,,,INM00042111,DEHRADUN,,sea_level_pressure
2023-05-20 03:00:00,29.4,52.0,1004.4,,28.5845,77.2058,214.9,INI0000VIDD,SAFDARJUNG,1004.4,sea_level_pressure
2023-05-20 03:00:00,33.7,52.0,1006.2,,26.2511,73.0489,218.5,INI0000VIJO,JODHPUR,1006.2,sea_level_pressure
2023-05-20 03:00:00,28.2,54.0,1001.7,934.7,30.3167,78.0333,682.0,INM00042111,DEHRADUN,1001.7,sea_level_pressure
2023-05-20 06:00:00,36.2,40.0,1004.2,,28.5845,77.2058,214.9,INI0000VIDD,SAFDARJUNG,1004.2,sea_level_pressure
2023-05-20 06:00:00,38.8,37.0,1005.9,,26.2511,73.0489,218.5,INI0000VIJO,JODHPUR,1005.9,sea_level_pressure
2023-05-20 06:00:00,32.2,35.0,1001.5,935.3,30.3167,78.0333,682.0,INM00042111,DEHRADUN,1001.5,sea_level_pressure
2023-05-20 09:00:00,39.6,27.0,1002.0,,28.5845,77.2058,214.9,INI0000VIDD,SAFDARJUNG,1002.0,sea_level_pressure
2023-05-20 09:00:00,41.7,26.0,1003.7,,26.2511,73.0489,218.5,INI0000VIJO,JODHPUR,1003.7,sea_level_pressure
2023-05-20 09:00:00,35.0,32.0,1000.1,934.5,30.3167,78.0333,682.0,INM00042111,DEHRADUN,1000.1,sea_level_pressure
2023-05-20 12:00:00,39.8,28.0,1000.7,,28.5845,77.2058,214.9,INI0000VIDD,SAFDARJUNG,1000.7,sea_level_pressure
2023-05-20 12:00:00,41.7,23.0,1002.2,,26.2511,73.0489,218.5,INI0000VIJO,JODHPUR,1002.2,sea_level_pressure
2023-05-20 12:00:00,34.7,26.0,998.1,932.6,30.3167,78.0333,682.0,INM00042111,DEHRADUN,998.1,sea_level_pressure
2023-05-20 15:00:00,32.4,49.0,1001.8,,28.5845,77.2058,214.9,INI0000VIDD,SAFDARJUNG,1001.8,sea_level_pressure
2023-05-20 15:00:00,37.7,27.0,1003.3,,26.2511,73.0489,218.5,INI0000VIJO,JODHPUR,1003.3,sea_level_pressure
2023-05-20 15:00:00,29.6,39.0,999.9,933.3,30.3167,78.0333,682.0,INM00042111,DEHRADUN,999.9,sea_level_pressure
2023-05-20 18:00:00,28.6,63.0,1002.8,,28.5845,77.2058,214.9,INI0000VIDD,SAFDARJUNG,1002.8,sea_level_pressure
2023-05-20 18:00:00,35.6,30.0,1004.4,,26.2511,73.0489,218.5,INI0000VIJO,JODHPUR,1004.4,sea_level_pressure
2023-05-20 18:00:00,25.5,54.0,1003.1,935.2,30.3167,78.0333,682.0,INM00042111,DEHRADUN,1003.1,sea_level_pressure
2023-05-20 21:00:00,27.2,67.0,1001.0,,28.5845,77.2058,214.9,INI0000VIDD,SAFDARJUNG,1001.0,sea_level_pressure
2023-05-20 21:00:00,34.5,31.0,1003.9,,26.2511,73.0489,218.5,INI0000VIJO,JODHPUR,1003.9,sea_level_pressure
2023-05-20 21:00:00,22.6,68.0,1001.0,933.0,30.3167,78.0333,682.0,INM00042111,DEHRADUN,1001.0,sea_level_pressure
2023-05-21 00:00:00,25.2,74.0,1002.9,,28.5845,77.2058,214.9,INI0000VIDD,SAFDARJUNG,1002.9,sea_level_pressure
2023-05-21 00:00:00,30.7,48.0,1004.3,,26.2511,73.0489,218.5,INI0000VIJO,JODHPUR,1004.3,sea_level_pressure
2023-05-21 00:00:00,21.0,74.0,1001.3,933.5,30.3167,78.0333,682.0,INM00042111,DEHRADUN,1001.3,sea_level_pressure
2023-05-21 03:00:00,31.2,50.0,1004.5,,28.5845,77.2058,214.9,INI0000VIDD,SAFDARJUNG,1004.5,sea_level_pressure
2023-05-21 03:00:00,32.0,49.0,1006.9,,26.2511,73.0489,218.5,INI0000VIJO,JODHPUR,1006.9,sea_level_pressure
2023-05-21 03:00:00,29.4,40.0,1003.7,936.8,30.3167,78.0333,682.0,INM00042111,DEHRADUN,1003.7,sea_level_pressure
2023-05-21 06:00:00,39.7,27.0,1004.1,,28.5845,77.2058,214.9,INI0000VIDD,SAFDARJUNG,1004.1,sea_level_pressure
2023-05-21 06:00:00,37.7,32.0,1006.6,,26.2511,73.0489,218.5,INI0000VIJO,JODHPUR,1006.6,sea_level_pressure
2023-05-21 06:00:00,33.7,32.0,1003.3,937.2,30.3167,78.0333,682.0,INM00042111,DEHRADUN,1003.3,sea_level_pressure
2023-05-21 09:00:00,42.0,25.0,1002.1,,28.5845,77.2058,214.9,INI0000VIDD,SAFDARJUNG,1002.1,sea_level_pressure
2023-05-21 09:00:00,41.5,24.0,1004.5,,26.2511,73.0489,218.5,INI0000VIJO,JODHPUR,1004.5,sea_level_pressure
2023-05-21 09:00:00,36.6,27.0,1001.2,935.9,30.3167,78.0333,682.0,INM00042111,DEHRADUN,1001.2,sea_level_pressure
2023-05-21 12:00:00,41.2,33.0,1001.1,,28.5845,77.2058,214.9,INI0000VIDD,SAFDARJUNG,1001.1,sea_level_pressure
2023-05-21 12:00:00,40.7,15.0,1003.4,,26.2511,73.0489,218.5,INI0000VIJO,JODHPUR,1003.4,sea_level_pressure
2023-05-21 12:00:00,36.0,31.0,999.8,934.4,30.3167,78.0333,682.0,INM00042111,DEHRADUN,999.8,sea_level_pressure
2023-05-21 15:00:00,35.4,47.0,1001.8,,28.5845,77.2058,214.9,INI0000VIDD,SAFDARJUNG,1001.8,sea_level_pressure
2023-05-21 15:00:00,36.7,34.0,1004.7,,26.2511,73.0489,218.5,INI0000VIJO,JODHPUR,1004.7,sea_level_pressure
2023-05-21 15:00:00,29.0,57.0,1001.9,934.9,30.3167,78.0333,682.0,INM00042111,DEHRADUN,1001.9,sea_level_pressure
2023-05-21 18:00:00,33.6,48.0,1002.8,,28.5845,77.2058,214.9,INI0000VIDD,SAFDARJUNG,1002.8,sea_level_pressure
2023-05-21 18:00:00,34.7,36.0,1006.1,,26.2511,73.0489,218.5,INI0000VIJO,JODHPUR,1006.1,sea_level_pressure
2023-05-21 18:00:00,25.5,64.0,1002.9,935.1,30.3167,78.0333,682.0,INM00042111,DEHRADUN,1002.9,sea_level_pressure
2023-05-21 21:00:00,30.5,53.0,1002.6,,28.5845,77.2058,214.9,INI0000VIDD,SAFDARJUNG,1002.6,sea_level_pressure
2023-05-21 21:00:00,33.5,38.0,1005.7,,26.2511,73.0489,218.5,INI0000VIJO,JODHPUR,1005.7,sea_level_pressure
2023-05-21 21:00:00,23.0,68.0,1003.7,934.7,30.3167,78.0333,682.0,INM00042111,DEHRADUN,1003.7,sea_level_pressure
2023-05-22 00:00:00,27.6,58.0,1002.8,,28.5845,77.2058,214.9,INI0000VIDD,SAFDARJUNG,1002.8,sea_level_pressure
2023-05-22 00:00:00,30.6,49.0,1006.0,,26.2511,73.0489,218.5,INI0000VIJO,JODHPUR,1006.0,sea_level_pressure
2023-05-22 00:00:00,21.7,71.0,1004.2,935.5,30.3167,78.0333,682.0,INM00042111,DEHRADUN,1004.2,sea_level_pressure
2023-05-22 03:00:00,34.0,35.0,1004.4,,28.5845,77.2058,214.9,INI0000VIDD,SAFDARJUNG,1004.4,sea_level_pressure
2023-05-22 03:00:00,31.0,59.0,1008.0,,26.2511,73.0489,218.5,INI0000VIJO,JODHPUR,1008.0,sea_level_pressure
2023-05-22 03:00:00,29.8,47.0,1003.7,936.8,30.3167,78.0333,682.0,INM00042111,DEHRADUN,1003.7,sea_level_pressure
2023-05-22 06:00:00,40.2,35.0,1004.1,,28.5845,77.2058,214.9,INI0000VIDD,SAFDARJUNG,1004.1,sea_level_pressure
2023-05-22 06:00:00,36.5,40.0,1007.7,,26.2511,73.0489,218.5,INI0000VIJO,JODHPUR,1007.7,sea_level_pressure
2023-05-22 06:00:00,35.5,31.0,1002.2,936.7,30.3167,78.0333,682.0,INM00042111,DEHRADUN,1002.2,sea_level_pressure
2023-05-22 09:00:00,42.6,34.0,1002.1,,28.5845,77.2058,214.9,INI0000VIDD,SAFDARJUNG,1002.1,sea_level_pressure
2023-05-22 09:00:00,40.6,28.0,1005.3,,26.2511,73.0489,218.5,INI0000VIJO,JODHPUR,1005.3,sea_level_pressure
2023-05-22 09:00:00,38.7,27.0,1000.3,935.4,30.3167,78.0333,682.0,INM00042111,DEHRADUN,1000.3,sea_level_pressure
2023-05-22 12:00:00,42.6,27.0,1000.2,,28.5845,77.2058,214.9,INI0000VIDD,SAFDARJUNG,1000.2,sea_level_pressure
2023-05-22 12:00:00,40.5,26.0,1004.0,,26.2511,73.0489,218.5,INI0000VIJO,JODHPUR,1004.0,sea_level_pressure
2023-05-22 12:00:00,36.7,31.0,999.4,934.2,30.3167,78.0333,682.0,INM00042111,DEHRADUN,999.4,sea_level_pressure
2023-05-22 15:00:00,36.6,43.0,1001.8,,28.5845,77.2058,214.9,INI0000VIDD,SAFDARJUNG,1001.8,sea_level_pressure
2023-05-22 15:00:00,36.5,30.0,1004.8,,26.2511,73.0489,218.5,INI0000VIJO,JODHPUR,1004.8,sea_level_pressure
2023-05-22 15:00:00,30.4,53.0,1002.0,935.4,30.3167,78.0333,682.0,INM00042111,DEHRADUN,1002.0,sea_level_pressure
2023-05-22 18:00:00,33.0,49.0,1003.7,,28.5845,77.2058,214.9,INI0000VIDD,SAFDARJUNG,1003.7,sea_level_pressure
2023-05-22 18:00:00,34.5,39.0,1006.7,,26.2511,73.0489,218.5,INI0000VIJO,JODHPUR,1006.7,sea_level_pressure
2023-05-22 18:00:00,27.6,63.0,1003.5,936.2,30.3167,78.0333,682.0,INM00042111,DEHRADUN,1003.5,sea_level_pressure
2023-05-22 21:00:00,30.8,54.0,1003.4,,28.5845,77.2058,214.9,INI0000VIDD,SAFDARJUNG,1003.4,sea_level_pressure
2023-05-22 21:00:00,33.0,42.0,1006.4,,26.2511,73.0489,218.5,INI0000VIJO,JODHPUR,1006.4,sea_level_pressure
2023-05-22 21:00:00,25.4,67.0,1004.1,936.3,30.3167,78.0333,682.0,INM00042111,DEHRADUN,1004.1,sea_level_pressure
2023-05-23 00:00:00,32.2,37.0,1004.2,,28.5845,77.2058,214.9,INI0000VIDD,SAFDARJUNG,1004.2,sea_level_pressure
2023-05-23 00:00:00,31.0,51.0,1006.8,,26.2511,73.0489,218.5,INI0000VIJO,JODHPUR,1006.8,sea_level_pressure
2023-05-23 00:00:00,24.2,70.0,1004.4,936.4,30.3167,78.0333,682.0,INM00042111,DEHRADUN,1004.4,sea_level_pressure
2023-05-23 03:00:00,34.0,38.0,1004.8,,28.5845,77.2058,214.9,INI0000VIDD,SAFDARJUNG,1004.8,sea_level_pressure
2023-05-23 03:00:00,32.2,55.0,1009.0,,26.2511,73.0489,218.5,INI0000VIJO,JODHPUR,1009.0,sea_level_pressure
2023-05-23 03:00:00,30.0,47.0,1004.8,937.8,30.3167,78.0333,682.0,INM00042111,DEHRADUN,1004.8,sea_level_pressure
2023-05-23 06:00:00,39.7,33.0,1004.6,,28.5845,77.2058,214.9,INI0000VIDD,SAFDARJUNG,1004.6,sea_level_pressure
2023-05-23 06:00:00,36.2,44.0,1008.0,,26.2511,73.0489,218.5,INI0000VIJO,JODHPUR,1008.0,sea_level_pressure
2023-05-23 06:00:00,35.2,37.0,1003.2,937.5,30.3167,78.0333,682.0,INM00042111,DEHRADUN,1003.2,sea_level_pressure
2023-05-23 09:00:00,42.6,31.0,1001.6,,28.5845,77.2058,214.9,INI0000VIDD,SAFDARJUNG,1001.6,sea_level_pressure
2023-05-23 09:00:00,39.2,28.0,1005.5,,26.2511,73.0489,218.5,INI0000VIJO,JODHPUR,1005.5,sea_level_pressure
2023-05-23 09:00:00,31.8,46.0,1000.8,935.7,30.3167,78.0333,682.0,INM00042111,DEHRADUN,1000.8,sea_level_pressure
2023-05-23 12:00:00,41.7,35.0,998.7,,28.5845,77.2058,214.9,INI0000VIDD,SAFDARJUNG,998.7,sea_level_pressure
2023-05-23 12:00:00,40.2,25.0,1002.7,,26.2511,73.0489,218.5,INI0000VIJO,JODHPUR,1002.7,sea_level_pressure
2023-05-23 12:00:00,35.7,42.0,999.1,933.7,30.3167,78.0333,682.0,INM00042111,DEHRADUN,999.1,sea_level_pressure
2023-05-23 15:00:00,35.8,31.0,1001.5,,28.5845,77.2058,214.9,INI0000VIDD,SAFDARJUNG,1001.5,sea_level_pressure
2023-05-23 15:00:00,36.7,38.0,1003.9,,26.2511,73.0489,218.5,INI0000VIJO,JODHPUR,1003.9,sea_level_pressure
2023-05-23 15:00:00,32.2,30.0,1000.5,934.4,30.3167,78.0333,682.0,INM00042111,DEHRADUN,1000.5,sea_level_pressure
2023-05-23 18:00:00,33.5,41.0,1005.5,,28.5845,77.2058,214.9,INI0000VIDD,SAFDARJUNG,1005.5,sea_level_pressure
2023-05-23 18:00:00,35.0,43.0,1005.1,,26.2511,73.0489,218.5,INI0000VIJO,JODHPUR,1005.1,sea_level_pressure
2023-05-23 18:00:00,21.0,95.0,1008.5,939.3,30.3167,78.0333,682.0,INM00042111,DEHRADUN,1008.5,sea_level_pressure
2023-05-23 21:00:00,29.4,58.0,1002.7,,28.5845,77.2058,214.9,INI0000VIDD,SAFDARJUNG,1002.7,sea_level_pressure
2023-05-23 21:00:00,34.0,43.0,1003.4,,26.2511,73.0489,218.5,INI0000VIJO,JODHPUR,1003.4,sea_level_pressure
2023-05-23 21:00:00,21.8,90.0,1004.4,935.6,30.3167,78.0333,682.0,INM00042111,DEHRADUN,1004.4,sea_level_pressure
2023-05-24 00:00:00,27.2,66.0,1003.2,,28.5845,77.2058,214.9,INI0000VIDD,SAFDARJUNG,1003.2,sea_level_pressure
2023-05-24 00:00:00,32.0,62.0,1003.8,,26.2511,73.0489,218.5,INI0000VIJO,JODHPUR,1003.8,sea_level_pressure
2023-05-24 00:00:00,22.2,78.0,1003.9,935.4,30.3167,78.0333,682.0,INM00042111,DEHRADUN,1003.9,sea_level_pressure
2023-05-24 03:00:00,30.6,51.0,1007.4,,28.5845,77.2058,214.9,INI0000VIDD,SAFDARJUNG,1007.4,sea_level_pressure
2023-05-24 03:00:00,31.2,68.0,1005.8,,26.2511,73.0489,218.5,INI0000VIJO,JODHPUR,1005.8,sea_level_pressure
2023-05-24 03:00:00,24.2,70.0,1006.6,938.4,30.3167,78.0333,682.0,INM00042111,DEHRADUN,1006.6,sea_level_pressure
2023-05-24 06:00:00,32.7,49.0,1005.8,,28.5845,77.2058,214.9,INI0000VIDD,SAFDARJUNG,1005.8,sea_level_pressure
2023-05-24 06:00:00,34.7,56.0,1005.3,,26.2511,73.0489,218.5,INI0000VIJO,JODHPUR,1005.3,sea_level_pressure
2023-05-24 06:00:00,26.7,64.0,1004.7,937.0,30.3167,78.0333,682.0,INM00042111,DEHRADUN,1004.7,sea_level_pressure
2023-05-24 09:00:00,32.6,49.0,1003.7,,28.5845,77.2058,214.9,INI0000VIDD,SAFDARJUNG,1003.7,sea_level_pressure
2023-05-24 09:00:00,38.7,42.0,1002.6,,26.2511,73.0489,218.5,INI0000VIJO,JODHPUR,1002.6,sea_level_pressure
2023-05-24 09:00:00,32.2,41.0,1002.4,936.2,30.3167,78.0333,682.0,INM00042111,DEHRADUN,1002.4,sea_level_pressure
2023-05-24 12:00:00,32.7,42.0,1003.1,,28.5845,77.2058,214.9,INI0000VIDD,SAFDARJUNG,1003.1,sea_level_pressure
2023-05-24 12:00:00,39.6,39.0,999.8,,26.2511,73.0489,218.5,INI0000VIJO,JODHPUR,999.8,sea_level_pressure
2023-05-24 12:00:00,31.6,46.0,1001.2,934.9,30.3167,78.0333,682.0,INM00042111,DEHRADUN,1001.2,sea_level_pressure
2023-05-24 15:00:00,29.6,51.0,1005.4,,28.5845,77.2058,214.9,INI0000VIDD,SAFDARJUNG,1005.4,sea_level_pressure
2023-05-24 15:00:00,37.2,45.0,1001.5,,26.2511,73.0489,218.5,INI0000VIJO,JODHPUR,1001.5,sea_level_pressure
2023-05-24 15:00:00,26.4,58.0,1003.7,936.1,30.3167,78.0333,682.0,INM00042111,DEHRADUN,1003.7,sea_level_pressure
2023-05-24 18:00:00,26.5,66.0,1003.7,,28.5845,77.2058,214.9,INI0000VIDD,SAFDARJUNG,1003.7,sea_level_pressure
2023-05-24 18:00:00,24.6,78.0,1006.4,,26.2511,73.0489,218.5,INI0000VIJO,JODHPUR,1006.4,sea_level_pressure
2023-05-24 18:00:00,23.2,86.0,1004.7,936.4,30.3167,78.0333,682.0,INM00042111,DEHRADUN,1004.7,sea_level_pressure
2023-05-24 21:00:00,25.2,69.0,1001.5,,28.5845,77.2058,214.9,INI0000VIDD,SAFDARJUNG,1001.5,sea_level_pressure
2023-05-24 21:00:00,22.6,96.0,1007.1,,26.2511,73.0489,218.5,INI0000VIJO,JODHPUR,1007.1,sea_level_pressure
2023-05-24 21:00:00,20.0,95.0,1007.1,937.7,30.3167,78.0333,682.0,INM00042111,DEHRADUN,1007.1,sea_level_pressure
2023-05-25 00:00:00,24.0,69.0,1004.3,,28.5845,77.2058,214.9,INI0000VIDD,SAFDARJUNG,1004.3,sea_level_pressure
2023-05-25 00:00:00,23.5,84.0,1005.4,,26.2511,73.0489,218.5,INI0000VIJO,JODHPUR,1005.4,sea_level_pressure
2023-05-25 00:00:00,19.7,82.0,1003.4,934.3,30.3167,78.0333,682.0,INM00042111,DEHRADUN,1003.4,sea_level_pressure
2023-05-25 03:00:00,27.8,60.0,1005.9,,28.5845,77.2058,214.9,INI0000VIDD,SAFDARJUNG,1005.9,sea_level_pressure
2023-05-25 03:00:00,26.5,72.0,1007.4,,26.2511,73.0489,218.5,INI0000VIJO,JODHPUR,1007.4,sea_level_pressure
2023-05-25 03:00:00,21.6,93.0,1006.0,937.1,30.3167,78.0333,682.0,INM00042111,DEHRADUN,1006.0,sea_level_pressure
2023-05-25 06:00:00,32.7,47.0,1004.9,,28.5845,77.2058,214.9,INI0000VIDD,SAFDARJUNG,1004.9,sea_level_pressure
2023-05-25 06:00:00,33.0,58.0,1005.8,,26.2511,73.0489,218.5,INI0000VIJO,JODHPUR,1005.8,sea_level_pressure
2023-05-25 06:00:00,27.2,64.0,1004.1,936.8,30.3167,78.0333,682.0,INM00042111,DEHRADUN,1004.1,sea_level_pressure
2023-05-25 09:00:00,35.4,41.0,1001.3,,28.5845,77.2058,214.9,INI0000VIDD,SAFDARJUNG,1001.3,sea_level_pressure
2023-05-25 09:00:00,37.6,49.0,1002.2,,26.2511,73.0489,218.5,INI0000VIJO,JODHPUR,1002.2,sea_level_pressure
2023-05-25 09:00:00,31.0,42.0,1001.9,935.3,30.3167,78.0333,682.0,INM00042111,DEHRADUN,1001.9,sea_level_pressure
2023-05-25 12:00:00,35.2,42.0,1001.6,,28.5845,77.2058,214.9,INI0000VIDD,SAFDARJUNG,1001.6,sea_level_pressure
2023-05-25 12:00:00,38.6,43.0,1000.4,,26.2511,73.0489,218.5,INI0000VIJO,JODHPUR,1000.4,sea_level_pressure
2023-05-25 12:00:00,20.7,79.0,1005.2,936.2,30.3167,78.0333,682.0,INM00042111,DEHRADUN,1005.2,sea_level_pressure
2023-05-25 15:00:00,29.4,61.0,1003.1,,28.5845,77.2058,214.9,INI0000VIDD,SAFDARJUNG,1003.1,sea_level_pressure
2023-05-25 15:00:00,36.5,47.0,999.5,,26.2511,73.0489,218.5,INI0000VIJO,JODHPUR,999.5,sea_level_pressure
2023-05-25 15:00:00,,,,,,,,INM00042111,DEHRADUN,,sea_level_pressure
2023-05-25 18:00:00,26.0,72.0,1004.4,,28.5845,77.2058,214.9,INI0000VIDD,SAFDARJUNG,1004.4,sea_level_pressure
2023-05-25 18:00:00,34.6,55.0,1004.8,,26.2511,73.0489,218.5,INI0000VIJO,JODHPUR,1004.8,sea_level_pressure
2023-05-25 18:00:00,19.7,79.0,1004.4,935.2,30.3167,78.0333,682.0,INM00042111,DEHRADUN,1004.4,sea_level_pressure
2023-05-25 21:00:00,23.4,83.0,1003.3,,28.5845,77.2058,214.9,INI0000VIDD,SAFDARJUNG,1003.3,sea_level_pressure
2023-05-25 21:00:00,22.7,89.0,1005.9,,26.2511,73.0489,218.5,INI0000VIJO,JODHPUR,1005.9,sea_level_pressure
2023-05-25 21:00:00,19.0,89.0,1004.6,935.2,30.3167,78.0333,682.0,INM00042111,DEHRADUN,1004.6,sea_level_pressure
2023-05-26 00:00:00,22.6,84.0,1004.7,,28.5845,77.2058,214.9,INI0000VIDD,SAFDARJUNG,1004.7,sea_level_pressure
2023-05-26 00:00:00,23.2,81.0,1004.7,,26.2511,73.0489,218.5,INI0000VIJO,JODHPUR,1004.7,sea_level_pressure
2023-05-26 00:00:00,19.2,85.0,1004.3,935.1,30.3167,78.0333,682.0,INM00042111,DEHRADUN,1004.3,sea_level_pressure
2023-05-26 03:00:00,25.4,67.0,1007.3,,28.5845,77.2058,214.9,INI0000VIDD,SAFDARJUNG,1007.3,sea_level_pressure
2023-05-26 03:00:00,28.0,70.0,1005.4,,26.2511,73.0489,218.5,INI0000VIJO,JODHPUR,1005.4,sea_level_pressure
2023-05-26 03:00:00,23.8,67.0,1005.8,937.4,30.3167,78.0333,682.0,INM00042111,DEHRADUN,1005.8,sea_level_pressure
2023-05-26 06:00:00,31.5,46.0,1007.2,,28.5845,77.2058,214.9,INI0000VIDD,SAFDARJUNG,1007.2,sea_level_pressure
2023-05-26 06:00:00,33.0,63.0,1004.7,,26.2511,73.0489,218.5,INI0000VIJO,JODHPUR,1004.7,sea_level_pressure
2023-05-26 06:00:00,28.7,45.0,1005.4,938.1,30.3167,78.0333,682.0,INM00042111,DEHRADUN,1005.4,sea_level_pressure
2023-05-26 09:00:00,33.6,43.0,1006.1,,28.5845,77.2058,214.9,INI0000VIDD,SAFDARJUNG,1006.1,sea_level_pressure
2023-05-26 09:00:00,37.2,45.0,1003.5,,26.2511,73.0489,218.5,INI0000VIJO,JODHPUR,1003.5,sea_level_pressure
2023-05-26 09:00:00,31.2,45.0,1002.9,936.5,30.3167,78.0333,682.0,INM00042111,DEHRADUN,1002.9,sea_level_pressure
2023-05-26 12:00:00,33.2,46.0,1003.5,,28.5845,77.2058,214.9,INI0000VIDD,SAFDARJUNG,1003.5,sea_level_pressure
2023-05-26 12:00:00,34.2,58.0,1001.8,,26.2511,73.0489,218.5,INI0000VIJO,JODHPUR,1001.8,sea_level_pressure
2023-05-26 12:00:00,30.2,49.0,1001.8,935.1,30.3167,78.0333,682.0,INM00042111,DEHRADUN,1001.8,sea_level_pressure
2023-05-26 15:00:00,29.6,55.0,1004.2,,28.5845,77.2058,214.9,INI0000VIDD,SAFDARJUNG,1004.2,sea_level_pressure
2023-05-26 15:00:00,35.7,49.0,1002.9,,26.2511,73.0489,218.5,INI0000VIJO,JODHPUR,1002.9,sea_level_pressure
2023-05-26 15:00:00,25.8,64.0,1002.8,935.0,30.3167,78.0333,682.0,INM00042111,DEHRADUN,1002.8,sea_level_pressure
2023-05-26 18:00:00,28.2,62.0,1004.9,,28.5845,77.2058,214.9,INI0000VIDD,SAFDARJUNG,1004.9,sea_level_pressure
2023-05-26 18:00:00,34.5,52.0,1003.5,,26.2511,73.0489,218.5,INI0000VIJO,JODHPUR,1003.5,sea_level_pressure
2023-05-26 18:00:00,25.7,65.0,1002.8,935.0,30.3167,78.0333,682.0,INM00042111,DEHRADUN,1002.8,sea_level_pressure
2023-05-26 21:00:00,27.0,67.0,1004.6,,28.5845,77.2058,214.9,INI0000VIDD,SAFDARJUNG,1004.6,sea_level_pressure
2023-05-26 21:00:00,33.0,56.0,1004.5,,26.2511,73.0489,218.5,INI0000VIJO,JODHPUR,1004.5,sea_level_pressure
2023-05-26 21:00:00,21.6,84.0,1003.1,935.0,30.3167,78.0333,682.0,INM00042111,DEHRADUN,1003.1,sea_level_pressure
2023-05-27 00:00:00,26.6,72.0,1003.7,,28.5845,77.2058,214.9,INI0000VIDD,SAFDARJUNG,1003.7,sea_level_pressure
2023-05-27 00:00:00,28.7,81.0,1002.3,,26.2511,73.0489,218.5,INI0000VIJO,JODHPUR,1002.3,sea_level_pressure
2023-05-27 00:00:00,21.0,86.0,1001.5,932.6,30.3167,78.0333,682.0,INM00042111,DEHRADUN,1001.5,sea_level_pressure
2023-05-27 03:00:00,20.6,100.0,1010.0,,28.5845,77.2058,214.9,INI0000VIDD,SAFDARJUNG,1010.0,sea_level_pressure
2023-05-27 03:00:00,30.2,74.0,1004.9,,26.2511,73.0489,218.5,INI0000VIJO,JODHPUR,1004.9,sea_level_pressure
2023-05-27 03:00:00,23.2,79.0,1005.9,937.5,30.3167,78.0333,682.0,INM00042111,DEHRADUN,1005.9,sea_level_pressure
2023-05-27 06:00:00,25.6,76.0,1005.8,,28.5845,77.2058,214.9,INI0000VIDD,SAFDARJUNG,1005.8,sea_level_pressure
2023-05-27 06:00:00,33.2,58.0,1005.6,,26.2511,73.0489,218.5,INI0000VIJO,JODHPUR,1005.6,sea_level_pressure
2023-05-27 06:00:00,27.2,60.0,1004.7,937.2,30.3167,78.0333,682.0,INM00042111,DEHRADUN,1004.7,sea_level_pressure
2023-05-27 09:00:00,31.8,55.0,1004.3,,28.5845,77.2058,214.9,INI0000VIDD,SAFDARJUNG,1004.3,sea_level_pressure
2023-05-27 09:00:00,36.5,50.0,1003.0,,26.2511,73.0489,218.5,INI0000VIJO,JODHPUR,1003.0,sea_level_pressure
2023-05-27 09:00:00,30.4,47.0,1002.5,935.8,30.3167,78.0333,682.0,INM00042111,DEHRADUN,1002.5,sea_level_pressure
2023-05-27 12:00:00,32.0,53.0,1003.4,,28.5845,77.2058,214.9,INI0000VIDD,SAFDARJUNG,1003.4,sea_level_pressure
2023-05-27 12:00:00,36.7,47.0,1001.4,,26.2511,73.0489,218.5,INI0000VIJO,JODHPUR,1001.4,sea_level_pressure
2023-05-27 12:00:00,29.5,53.0,1001.8,935.0,30.3167,78.0333,682.0,INM00042111,DEHRADUN,1001.8,sea_level_pressure
2023-05-27 15:00:00,28.5,77.0,1005.1,,28.5845,77.2058,214.9,INI0000VIDD,SAFDARJUNG,1005.1,sea_level_pressure
2023-05-27 15:00:00,35.5,50.0,1001.9,,26.2511,73.0489,218.5,INI0000VIJO,JODHPUR,1001.9,sea_level_pressure
2023-05-27 15:00:00,,,,,,,,INM00042111,DEHRADUN,,sea_level_pressure
2023-05-27 18:00:00,27.6,80.0,1006.0,,28.5845,77.2058,214.9,INI0000VIDD,SAFDARJUNG,1006.0,sea_level_pressure
2023-05-27 18:00:00,34.7,54.0,1003.0,,26.2511,73.0489,218.5,INI0000VIJO,JODHPUR,1003.0,sea_level_pressure
2023-05-27 18:00:00,22.6,78.0,1005.6,937.0,30.3167,78.0333,682.0,INM00042111,DEHRADUN,1005.6,sea_level_pressure
2023-05-27 21:00:00,26.6,84.0,1004.6,,28.5845,77.2058,214.9,INI0000VIDD,SAFDARJUNG,1004.6,sea_level_pressure
2023-05-27 21:00:00,33.5,59.0,1002.3,,26.2511,73.0489,218.5,INI0000VIJO,JODHPUR,1002.3,sea_level_pressure
2023-05-27 21:00:00,21.0,83.0,1005.5,936.5,30.3167,78.0333,682.0,INM00042111,DEHRADUN,1005.5,sea_level_pressure
2023-05-28 00:00:00,24.7,92.0,1005.5,,28.5845,77.2058,214.9,INI0000VIDD,SAFDARJUNG,1005.5,sea_level_pressure
2023-05-28 00:00:00,30.7,72.0,1002.6,,26.2511,73.0489,218.5,INI0000VIJO,JODHPUR,1002.6,sea_level_pressure
2023-05-28 00:00:00,20.2,84.0,1005.0,936.0,30.3167,78.0333,682.0,INM00042111,DEHRADUN,1005.0,sea_level_pressure
2023-05-28 03:00:00,28.4,70.0,1006.5,,28.5845,77.2058,214.9,INI0000VIDD,SAFDARJUNG,1006.5,sea_level_pressure
2023-05-28 03:00:00,30.4,76.0,1005.3,980.9,26.2511,73.0489,218.5,INI0000VIJO,JODHPUR,1005.3,sea_level_pressure
2023-05-28 03:00:00,,,,,,,,INM00042111,DEHRADUN,,sea_level_pressure
2023-05-28 06:00:00,32.5,55.0,1007.3,,28.5845,77.2058,214.9,INI0000VIDD,SAFDARJUNG,1007.3,sea_level_pressure
2023-05-28 06:00:00,33.0,54.0,1006.0,,26.2511,73.0489,218.5,INI0000VIJO,JODHPUR,1006.0,sea_level_pressure
2023-05-28 06:00:00,,,,,,,,INM00042111,DEHRADUN,,sea_level_pressure
2023-05-28 09:00:00,34.0,56.0,1005.2,,28.5845,77.2058,214.9,INI0000VIDD,SAFDARJUNG,1005.2,sea_level_pressure
2023-05-28 09:00:00,36.2,52.0,1003.3,,26.2511,73.0489,218.5,INI0000VIJO,JODHPUR,1003.3,sea_level_pressure
2023-05-28 09:00:00,32.6,45.0,1003.7,937.3,30.3167,78.0333,682.0,INM00042111,DEHRADUN,1003.7,sea_level_pressure
2023-05-28 12:00:00,34.5,58.0,1003.2,,28.5845,77.2058,214.9,INI0000VIDD,SAFDARJUNG,1003.2,sea_level_pressure
2023-05-28 12:00:00,21.6,98.0,1005.0,,26.2511,73.0489,218.5,INI0000VIJO,JODHPUR,1005.0,sea_level_pressure
2023-05-28 12:00:00,31.2,48.0,1000.3,934.6,30.3167,78.0333,682.0,INM00042111,DEHRADUN,1000.3,sea_level_pressure
2023-05-28 15:00:00,31.0,68.0,1004.4,,28.5845,77.2058,214.9,INI0000VIDD,SAFDARJUNG,1004.4,sea_level_pressure
2023-05-28 15:00:00,21.0,93.0,1013.0,,26.2511,73.0489,218.5,INI0000VIJO,JODHPUR,1013.0,sea_level_pressure
2023-05-28 15:00:00,26.8,59.0,1002.7,935.1,30.3167,78.0333,682.0,INM00042111,DEHRADUN,1002.7,sea_level_pressure
2023-05-28 18:00:00,27.7,69.0,1009.0,,28.5845,77.2058,214.9,INI0000VIDD,SAFDARJUNG,1009.0,sea_level_pressure
2023-05-28 18:00:00,22.7,75.0,1008.1,,26.2511,73.0489,218.5,INI0000VIJO,JODHPUR,1008.1,sea_level_pressure
2023-05-28 18:00:00,25.2,66.0,1006.4,938.4,30.3167,78.0333,682.0,INM00042111,DEHRADUN,1006.4,sea_level_pressure
2023-05-28 21:00:00,24.5,96.0,1008.8,,28.5845,77.2058,214.9,INI0000VIDD,SAFDARJUNG,1008.8,sea_level_pressure
2023-05-28 21:00:00,21.5,82.0,1006.5,,26.2511,73.0489,218.5,INI0000VIJO,JODHPUR,1006.5,sea_level_pressure
2023-05-28 21:00:00,23.4,77.0,1005.8,937.4,30.3167,78.0333,682.0,INM00042111,DEHRADUN,1005.8,sea_level_pressure
2023-05-29 00:00:00,22.5,96.0,1007.6,,28.5845,77.2058,214.9,INI0000VIDD,SAFDARJUNG,1007.6,sea_level_pressure
2023-05-29 00:00:00,21.2,95.0,1007.2,,26.2511,73.0489,218.5,INI0000VIJO,JODHPUR,1007.2,sea_level_pressure
2023-05-29 00:00:00,23.0,79.0,1007.1,938.4,30.3167,78.0333,682.0,INM00042111,DEHRADUN,1007.1,sea_level_pressure
2023-05-29 03:00:00,26.6,78.0,1009.5,,28.5845,77.2058,214.9,INI0000VIDD,SAFDARJUNG,1009.5,sea_level_pressure
2023-05-29 03:00:00,24.5,77.0,1011.1,,26.2511,73.0489,218.5,INI0000VIJO,JODHPUR,1011.1,sea_level_pressure
2023-05-29 03:00:00,28.2,59.0,1006.2,938.9,30.3167,78.0333,682.0,INM00042111,DEHRADUN,1006.2,sea_level_pressure
2023-05-29 06:00:00,33.5,54.0,1008.2,,28.5845,77.2058,214.9,INI0000VIDD,SAFDARJUNG,1008.2,sea_level_pressure
2023-05-29 06:00:00,28.2,70.0,1010.1,,26.2511,73.0489,218.5,INI0000VIJO,JODHPUR,1010.1,sea_level_pressure
2023-05-29 06:00:00,31.5,49.0,1006.4,939.7,30.3167,78.0333,682.0,INM00042111,DEHRADUN,1006.4,sea_level_pressure
2023-05-29 09:00:00,30.2,73.0,1006.3,,28.5845,77.2058,214.9,INI0000VIDD,SAFDARJUNG,1006.3,sea_level_pressure
2023-05-29 09:00:00,30.7,61.0,1007.9,,26.2511,73.0489,218.5,INI0000VIJO,JODHPUR,1007.9,sea_level_pressure
2023-05-29 09:00:00,32.0,48.0,1004.3,937.7,30.3167,78.0333,682.0,INM00042111,DEHRADUN,1004.3,sea_level_pressure
2023-05-29 12:00:00,26.7,79.0,1005.3,,28.5845,77.2058,214.9,INI0000VIDD,SAFDARJUNG,1005.3,sea_level_pressure
2023-05-29 12:00:00,32.0,55.0,1006.6,,26.2511,73.0489,218.5,INI0000VIJO,JODHPUR,1006.6,sea_level_pressure
2023-05-29 12:00:00,26.5,46.0,1005.5,937.8,30.3167,78.0333,682.0,INM00042111,DEHRADUN,1005.5,sea_level_pressure
2023-05-29 15:00:00,27.6,81.0,1007.5,,28.5845,77.2058,214.9,INI0000VIDD,SAFDARJUNG,1007.5,sea_level_pressure
2023-05-29 15:00:00,29.7,70.0,1007.0,,26.2511,73.0489,218.5,INI0000VIJO,JODHPUR,1007.0,sea_level_pressure
2023-05-29 15:00:00,25.5,56.0,1007.0,939.0,30.3167,78.0333,682.0,INM00042111,DEHRADUN,1007.0,sea_level_pressure
2023-05-29 18:00:00,25.7,86.0,1009.5,,28.5845,77.2058,214.9,INI0000VIDD,SAFDARJUNG,1009.5,sea_level_pressure
2023-05-29 18:00:00,27.5,84.0,1008.3,,26.2511,73.0489,218.5,INI0000VIJO,JODHPUR,1008.3,sea_level_pressure
2023-05-29 18:00:00,24.0,60.0,1007.6,939.2,30.3167,78.0333,682.0,INM00042111,DEHRADUN,1007.6,sea_level_pressure
2023-05-29 21:00:00,24.2,91.0,1008.2,,28.5845,77.2058,214.9,INI0000VIDD,SAFDARJUNG,1008.2,sea_level_pressure
2023-05-29 21:00:00,25.7,83.0,1007.3,,26.2511,73.0489,218.5,INI0000VIJO,JODHPUR,1007.3,sea_level_pressure
2023-05-29 21:00:00,21.7,92.0,1008.6,939.7,30.3167,78.0333,682.0,INM00042111,DEHRADUN,1008.6,sea_level_pressure
2023-05-30 00:00:00,23.5,84.0,1007.9,,28.5845,77.2058,214.9,INI0000VIDD,SAFDARJUNG,1007.9,sea_level_pressure
2023-05-30 00:00:00,23.2,73.0,1009.0,,26.2511,73.0489,218.5,INI0000VIJO,JODHPUR,1009.0,sea_level_pressure
2023-05-30 00:00:00,21.0,91.0,1009.3,940.0,30.3167,78.0333,682.0,INM00042111,DEHRADUN,1009.3,sea_level_pressure
2023-05-30 03:00:00,25.4,78.0,1009.0,,28.5845,77.2058,214.9,INI0000VIDD,SAFDARJUNG,1009.0,sea_level_pressure
2023-05-30 03:00:00,20.6,95.0,1009.6,,26.2511,73.0489,218.5,INI0000VIJO,JODHPUR,1009.6,sea_level_pressure
2023-05-30 03:00:00,24.2,73.0,1008.4,940.1,30.3167,78.0333,682.0,INM00042111,DEHRADUN,1008.4,sea_level_pressure
2023-05-30 06:00:00,32.6,54.0,1008.0,,28.5845,77.2058,214.9,INI0000VIDD,SAFDARJUNG,1008.0,sea_level_pressure
2023-05-30 06:00:00,24.6,76.0,1011.3,,26.2511,73.0489,218.5,INI0000VIJO,JODHPUR,1011.3,sea_level_pressure
2023-05-30 06:00:00,31.7,43.0,1006.5,939.8,30.3167,78.0333,682.0,INM00042111,DEHRADUN,1006.5,sea_level_pressure
2023-05-30 09:00:00,34.8,48.0,1005.8,,28.5845,77.2058,214.9,INI0000VIDD,SAFDARJUNG,1005.8,sea_level_pressure
2023-05-30 09:00:00,26.7,64.0,1008.4,,26.2511,73.0489,218.5,INI0000VIJO,JODHPUR,1008.4,sea_level_pressure
2023-05-30 09:00:00,26.0,74.0,1006.6,938.6,30.3167,78.0333,682.0,INM00042111,DEHRADUN,1006.6,sea_level_pressure
2023-05-30 12:00:00,34.2,51.0,1003.8,,28.5845,77.2058,214.9,INI0000VIDD,SAFDARJUNG,1003.8,sea_level_pressure
2023-05-30 12:00:00,27.5,60.0,1007.9,,26.2511,73.0489,218.5,INI0000VIJO,JODHPUR,1007.9,sea_level_pressure
2023-05-30 12:00:00,25.0,69.0,1009.9,937.1,30.3167,78.0333,682.0,INM00042111,DEHRADUN,1009.9,sea_level_pressure
2023-05-30 15:00:00,,,,,,,,INI0000VIDD,SAFDARJUNG,,sea_level_pressure
2023-05-30 15:00:00,25.0,77.0,1008.6,,26.2511,73.0489,218.5,INI0000VIJO,JODHPUR,1008.6,sea_level_pressure
2023-05-30 15:00:00,24.0,92.0,1006.1,937.7,30.3167,78.0333,682.0,INM00042111,DEHRADUN,1006.1,sea_level_pressure
2023-05-30 18:00:00,22.0,98.0,1007.0,,28.5845,77.2058,214.9,INI0000VIDD,SAFDARJUNG,1007.0,sea_level_pressure
2023-05-30 18:00:00,23.7,85.0,1009.8,,26.2511,73.0489,218.5,INI0000VIJO,JODHPUR,1009.8,sea_level_pressure
2023-05-30 18:00:00,22.6,91.0,1006.5,937.8,30.3167,78.0333,682.0,INM00042111,DEHRADUN,1006.5,sea_level_pressure
2023-05-30 21:00:00,22.0,98.0,1006.6,,28.5845,77.2058,214.9,INI0000VIDD,SAFDARJUNG,1006.6,sea_level_pressure
2023-05-30 21:00:00,23.0,88.0,1007.6,,26.2511,73.0489,218.5,INI0000VIJO,JODHPUR,1007.6,sea_level_pressure
2023-05-30 21:00:00,22.4,88.0,1004.9,936.4,30.3167,78.0333,682.0,INM00042111,DEHRADUN,1004.9,sea_level_pressure
2023-05-31 00:00:00,22.0,100.0,1006.1,,28.5845,77.2058,214.9,INI0000VIDD,SAFDARJUNG,1006.1,sea_level_pressure
2023-05-31 00:00:00,22.5,94.0,1006.5,,26.2511,73.0489,218.5,INI0000VIJO,JODHPUR,1006.5,sea_level_pressure
2023-05-31 00:00:00,22.0,91.0,1004.4,935.6,30.3167,78.0333,682.0,INM00042111,DEHRADUN,1004.4,sea_level_pressure
2023-05-31 03:00:00,23.0,98.0,1007.3,,28.5845,77.2058,214.9,INI0000VIDD,SAFDARJUNG,1007.3,sea_level_pressure
2023-05-31 03:00:00,25.6,76.0,1008.7,,26.2511,73.0489,218.5,INI0000VIJO,JODHPUR,1008.7,sea_level_pressure
2023-05-31 03:00:00,24.6,73.0,1004.2,936.2,30.3167,78.0333,682.0,INM00042111,DEHRADUN,1004.2,sea_level_pressure
2023-05-31 06:00:00,29.0,67.0,1007.1,,28.5845,77.2058,214.9,INI0000VIDD,SAFDARJUNG,1007.1,sea_level_pressure
2023-05-31 06:00:00,30.2,52.0,1008.2,,26.2511,73.0489,218.5,INI0000VIJO,JODHPUR,1008.2,sea_level_pressure
2023-05-31 06:00:00,24.7,77.0,1006.2,938.0,30.3167,78.0333,682.0,INM00042111,DEHRADUN,1006.2,sea_level_pressure
2023-05-31 09:00:00,30.6,64.0,1005.6,,28.5845,77.2058,214.9,INI0000VIDD,SAFDARJUNG,1005.6,sea_level_pressure
2023-05-31 09:00:00,33.0,50.0,1006.4,,26.2511,73.0489,218.5,INI0000VIJO,JODHPUR,1006.4,sea_level_pressure
2023-05-31 09:00:00,21.6,91.0,1005.3,936.5,30.3167,78.0333,682.0,INM00042111,DEHRADUN,1005.3,sea_level_pressure
2023-05-31 12:00:00,30.0,60.0,1006.9,,28.5845,77.2058,214.9,INI0000VIDD,SAFDARJUNG,1006.9,sea_level_pressure
2023-05-31 12:00:00,33.2,49.0,1004.9,,26.2511,73.0489,218.5,INI0000VIJO,JODHPUR,1004.9,sea_level_pressure
2023-05-31 12:00:00,21.5,87.0,1005.8,937.0,30.3167,78.0333,682.0,INM00042111,DEHRADUN,1005.8,sea_level_pressure
2023-05-31 15:00:00,23.8,88.0,1007.5,,28.5845,77.2058,214.9,INI0000VIDD,SAFDARJUNG,1007.5,sea_level_pressure
2023-05-31 15:00:00,30.2,66.0,1005.0,,26.2511,73.0489,218.5,INI0000VIJO,JODHPUR,1005.0,sea_level_pressure
2023-05-31 15:00:00,22.0,86.0,1006.4,937.5,30.3167,78.0333,682.0,INM00042111,DEHRADUN,1006.4,sea_level_pressure
2023-05-31 18:00:00,23.5,92.0,1008.4,,28.5845,77.2058,214.9,INI0000VIDD,SAFDARJUNG,1008.4,sea_level_pressure
2023-05-31 18:00:00,28.2,78.0,1005.3,,26.2511,73.0489,218.5,INI0000VIJO,JODHPUR,1005.3,sea_level_pressure
2023-05-31 18:00:00,20.7,90.0,1007.0,937.9,30.3167,78.0333,682.0,INM00042111,DEHRADUN,1007.0,sea_level_pressure
2023-05-31 21:00:00,22.8,95.0,1006.1,,28.5845,77.2058,214.9,INI0000VIDD,SAFDARJUNG,1006.1,sea_level_pressure
2023-05-31 21:00:00,27.0,76.0,1004.6,,26.2511,73.0489,218.5,INI0000VIJO,JODHPUR,1004.6,sea_level_pressure
2023-05-31 21:00:00,19.6,91.0,1006.5,937.1,30.3167,78.0333,682.0,INM00042111,DEHRADUN,1006.5,sea_level_pressure
2023-06-01 00:00:00,21.6,98.0,1007.3,,28.5845,77.2058,214.9,INI0000VIDD,SAFDARJUNG,1007.3,sea_level_pressure
2023-06-01 00:00:00,25.0,71.0,1007.0,,26.2511,73.0489,218.5,INI0000VIJO,JODHPUR,1007.0,sea_level_pressure
2023-06-01 00:00:00,18.6,95.0,1006.4,936.9,30.3167,78.0333,682.0,INM00042111,DEHRADUN,1006.4,sea_level_pressure
2023-06-01 03:00:00,24.6,82.0,1007.7,,28.5845,77.2058,214.9,INI0000VIDD,SAFDARJUNG,1007.7,sea_level_pressure
2023-06-01 03:00:00,26.6,69.0,1007.1,,26.2511,73.0489,218.5,INI0000VIJO,JODHPUR,1007.1,sea_level_pressure
2023-06-01 03:00:00,24.4,68.0,1005.5,937.3,30.3167,78.0333,682.0,INM00042111,DEHRADUN,1005.5,sea_level_pressure
2023-06-01 06:00:00,25.0,76.0,1006.7,,28.5845,77.2058,214.9,INI0000VIDD,SAFDARJUNG,1006.7,sea_level_pressure
2023-06-01 06:00:00,31.2,62.0,1006.6,,26.2511,73.0489,218.5,INI0000VIJO,JODHPUR,1006.6,sea_level_pressure
2023-06-01 06:00:00,29.6,49.0,1004.2,937.2,30.3167,78.0333,682.0,INM00042111,DEHRADUN,1004.2,sea_level_pressure
2023-06-01 09:00:00,31.4,53.0,1005.2,,28.5845,77.2058,214.9,INI0000VIDD,SAFDARJUNG,1005.2,sea_level_pressure
2023-06-01 09:00:00,33.2,55.0,1004.4,,26.2511,73.0489,218.5,INI0000VIJO,JODHPUR,1004.4,sea_level_pressure
2023-06-01 09:00:00,29.8,51.0,1003.1,936.2,30.3167,78.0333,682.0,INM00042111,DEHRADUN,1003.1,sea_level_pressure
2023-06-01 12:00:00,,,,,,,,INI0000VIDD,SAFDARJUNG,,sea_level_pressure
2023-06-01 12:00:00,34.0,54.0,1003.0,,26.2511,73.0489,218.5,INI0000VIJO,JODHPUR,1003.0,sea_level_pressure
2023-06-01 12:00:00,,,,,,,,INM00042111,DEHRADUN,,sea_level_pressure
2023-06-01 15:00:00,27.4,77.0,1005.4,,28.5845,77.2058,214.9,INI0000VIDD,SAFDARJUNG,1005.4,sea_level_pressure
2023-06-01 15:00:00,31.6,67.0,1003.6,,26.2511,73.0489,218.5,INI0000VIJO,JODHPUR,1003.6,sea_level_pressure
2023-06-01 15:00:00,25.6,67.0,1004.8,937.0,30.3167,78.0333,682.0,INM00042111,DEHRADUN,1004.8,sea_level_pressure
2023-06-01 18:00:00,25.5,75.0,1005.1,,28.5845,77.2058,214.9,INI0000VIDD,SAFDARJUNG,1005.1,sea_level_pressure
2023-06-01 18:00:00,24.7,90.0,1005.7,,26.2511,73.0489,218.5,INI0000VIJO,JODHPUR,1005.7,sea_level_pressure
2023-06-01 18:00:00,22.7,77.0,1005.8,937.2,30.3167,78.0333,682.0,INM00042111,DEHRADUN,1005.8,sea_level_pressure
2023-06-01 21:00:00,24.2,78.0,1003.7,,28.5845,77.2058,214.9,INI0000VIDD,SAFDARJUNG,1003.7,sea_level_pressure
2023-06-01 21:00:00,23.6,88.0,1005.5,,26.2511,73.0489,218.5,INI0000VIJO,JODHPUR,1005.5,sea_level_pressure
2023-06-01 21:00:00,21.2,90.0,1003.1,934.5,30.3167,78.0333,682.0,INM00042111,DEHRADUN,1003.1,sea_level_pressure
2023-06-02 00:00:00,22.5,87.0,1005.5,,28.5845,77.2058,214.9,INI0000VIDD,SAFDARJUNG,1005.5,sea_level_pressure
2023-06-02 00:00:00,24.6,93.0,1004.8,,26.2511,73.0489,218.5,INI0000VIJO,JODHPUR,1004.8,sea_level_pressure
2023-06-02 00:00:00,20.6,91.0,1003.9,935.0,30.3167,78.0333,682.0,INM00042111,DEHRADUN,1003.9,sea_level_pressure
2023-06-02 03:00:00,26.4,66.0,1006.9,,28.5845,77.2058,214.9,INI0000VIDD,SAFDARJUNG,1006.9,sea_level_pressure
2023-06-02 03:00:00,29.7,80.0,1006.4,,26.2511,73.0489,218.5,INI0000VIJO,JODHPUR,1006.4,sea_level_pressure
2023-06-02 03:00:00,21.8,73.0,1006.7,937.8,30.3167,78.0333,682.0,INM00042111,DEHRADUN,1006.7,sea_level_pressure
2023-06-02 06:00:00,31.6,46.0,1007.0,,28.5845,77.2058,214.9,INI0000VIDD,SAFDARJUNG,1007.0,sea_level_pressure
2023-06-02 06:00:00,32.7,66.0,1006.2,,26.2511,73.0489,218.5,INI0000VIJO,JODHPUR,1006.2,sea_level_pressure
2023-06-02 06:00:00,28.5,48.0,1004.5,937.2,30.3167,78.0333,682.0,INM00042111,DEHRADUN,1004.5,sea_level_pressure
2023-06-02 09:00:00,,,,,,,,INI0000VIDD,SAFDARJUNG,,sea_level_pressure
2023-06-02 09:00:00,34.7,53.0,1004.7,,26.2511,73.0489,218.5,INI0000VIJO,JODHPUR,1004.7,sea_level_pressure
2023-06-02 09:00:00,31.6,39.0,1002.6,936.2,30.3167,78.0333,682.0,INM00042111,DEHRADUN,1002.6,sea_level_pressure
2023-06-02 12:00:00,,,,,,,,INI0000VIDD,SAFDARJUNG,,sea_level_pressure
2023-06-02 12:00:00,36.7,44.0,1002.7,,26.2511,73.0489,218.5,INI0000VIJO,JODHPUR,1002.7,sea_level_pressure
2023-06-02 12:00:00,31.0,42.0,1001.8,935.2,30.3167,78.0333,682.0,INM00042111,DEHRADUN,1001.8,sea_level_pressure
2023-06-02 15:00:00,30.2,63.0,1003.8,,28.5845,77.2058,214.9,INI0000VIDD,SAFDARJUNG,1003.8,sea_level_pressure
2023-06-02 15:00:00,31.5,71.0,1003.3,,26.2511,73.0489,218.5,INI0000VIJO,JODHPUR,1003.3,sea_level_pressure
2023-06-02 15:00:00,25.6,63.0,1003.6,935.8,30.3167,78.0333,682.0,INM00042111,DEHRADUN,1003.6,sea_level_pressure
2023-06-02 18:00:00,28.6,67.0,1004.7,,28.5845,77.2058,214.9,INI0000VIDD,SAFDARJUNG,1004.7,sea_level_pressure
2023-06-02 18:00:00,30.0,73.0,1004.6,,26.2511,73.0489,218.5,INI0000VIJO,JODHPUR,1004.6,sea_level_pressure
2023-06-02 18:00:00,22.5,76.0,1004.5,936.0,30.3167,78.0333,682.0,INM00042111,DEHRADUN,1004.5,sea_level_pressure
2023-06-02 21:00:00,27.2,70.0,1003.9,,28.5845,77.2058,214.9,INI0000VIDD,SAFDARJUNG,1003.9,sea_level_pressure
2023-06-02 21:00:00,29.2,75.0,1005.6,,26.2511,73.0489,218.5,INI0000VIJO,JODHPUR,1005.6,sea_level_pressure
2023-06-02 21:00:00,20.0,77.0,1003.3,934.2,30.3167,78.0333,682.0,INM00042111,DEHRADUN,1003.3,sea_level_pressure
2023-06-03 00:00:00,23.7,80.0,1004.4,,28.5845,77.2058,214.9,INI0000VIDD,SAFDARJUNG,1004.4,sea_level_pressure
2023-06-03 00:00:00,28.2,78.0,1003.7,,26.2511,73.0489,218.5,INI0000VIJO,JODHPUR,1003.7,sea_level_pressure
2023-06-03 00:00:00,19.7,81.0,1004.5,935.3,30.3167,78.0333,682.0,INM00042111,DEHRADUN,1004.5,sea_level_pressure
2023-06-03 03:00:00,27.4,67.0,1006.3,,28.5845,77.2058,214.9,INI0000VIDD,SAFDARJUNG,1006.3,sea_level_pressure
2023-06-03 03:00:00,31.2,73.0,1005.6,,26.2511,73.0489,218.5,INI0000VIJO,JODHPUR,1005.6,sea_level_pressure
2023-06-03 03:00:00,25.8,59.0,1005.1,937.1,30.3167,78.0333,682.0,INM00042111,DEHRADUN,1005.1,sea_level_pressure
2023-06-03 06:00:00,33.0,51.0,1006.3,,28.5845,77.2058,214.9,INI0000VIDD,SAFDARJUNG,1006.3,sea_level_pressure
2023-06-03 06:00:00,35.2,58.0,1005.3,,26.2511,73.0489,218.5,INI0000VIJO,JODHPUR,1005.3,sea_level_pressure
2023-06-03 06:00:00,30.2,49.0,1003.8,937.0,30.3167,78.0333,682.0,INM00042111,DEHRADUN,1003.8,sea_level_pressure
2023-06-03 09:00:00,34.4,49.0,1004.9,,28.5845,77.2058,214.9,INI0000VIDD,SAFDARJUNG,1004.9,sea_level_pressure
2023-06-03 09:00:00,37.5,44.0,1003.8,,26.2511,73.0489,218.5,INI0000VIJO,JODHPUR,1003.8,sea_level_pressure
2023-06-03 09:00:00,32.6,43.0,1002.7,936.5,30.3167,78.0333,682.0,INM00042111,DEHRADUN,1002.7,sea_level_pressure
2023-06-03 12:00:00,35.7,36.0,1003.3,,28.5845,77.2058,214.9,INI0000VIDD,SAFDARJUNG,1003.3,sea_level_pressure
2023-06-03 12:00:00,32.7,54.0,1004.7,,26.2511,73.0489,218.5,INI0000VIJO,JODHPUR,1004.7,sea_level_pressure
2023-06-03 12:00:00,32.5,46.0,1001.3,935.2,30.3167,78.0333,682.0,INM00042111,DEHRADUN,1001.3,sea_level_pressure
2023-06-03 15:00:00,30.8,52.0,1003.7,,28.5845,77.2058,214.9,INI0000VIDD,SAFDARJUNG,1003.7,sea_level_pressure
2023-06-03 15:00:00,27.5,67.0,1004.8,,26.2511,73.0489,218.5,INI0000VIJO,JODHPUR,1004.8,sea_level_pressure
2023-06-03 15:00:00,26.4,66.0,1003.3,935.7,30.3167,78.0333,682.0,INM00042111,DEHRADUN,1003.3,sea_level_pressure
2023-06-03 18:00:00,28.2,64.0,1004.4,,28.5845,77.2058,214.9,INI0000VIDD,SAFDARJUNG,1004.4,sea_level_pressure
2023-06-03 18:00:00,29.0,55.0,1005.5,,26.2511,73.0489,218.5,INI0000VIJO,JODHPUR,1005.5,sea_level_pressure
2023-06-03 18:00:00,24.6,68.0,1004.3,936.3,30.3167,78.0333,682.0,INM00042111,DEHRADUN,1004.3,sea_level_pressure
2023-06-03 21:00:00,26.4,72.0,1004.0,,28.5845,77.2058,214.9,INI0000VIDD,SAFDARJUNG,1004.0,sea_level_pressure
2023-06-03 21:00:00,25.5,67.0,1008.3,,26.2511,73.0489,218.5,INI0000VIJO,JODHPUR,1008.3,sea_level_pressure
2023-06-03 21:00:00,22.6,77.0,1003.1,934.1,30.3167,78.0333,682.0,INM00042111,DEHRADUN,1003.1,sea_level_pressure
2023-06-04 00:00:00,27.2,70.0,1005.9,,28.5845,77.2058,214.9,INI0000VIDD,SAFDARJUNG,1005.9,sea_level_pressure
2023-06-04 00:00:00,22.0,82.0,1006.1,,26.2511,73.0489,218.5,INI0000VIJO,JODHPUR,1006.1,sea_level_pressure
2023-06-04 00:00:00,21.7,83.0,1004.1,935.4,30.3167,78.0333,682.0,INM00042111,DEHRADUN,1004.1,sea_level_pressure
2023-06-04 03:00:00,25.4,87.0,1006.0,,28.5845,77.2058,214.9,INI0000VIDD,SAFDARJUNG,1006.0,sea_level_pressure
2023-06-04 03:00:00,23.7,80.0,1005.5,,26.2511,73.0489,218.5,INI0000VIJO,JODHPUR,1005.5,sea_level_pressure
2023-06-04 03:00:00,27.2,54.0,1004.9,937.4,30.3167,78.0333,682.0,INM00042111,DEHRADUN,1004.9,sea_level_pressure
2023-06-04 06:00:00,31.7,66.0,1005.5,,28.5845,77.2058,214.9,INI0000VIDD,SAFDARJUNG,1005.5,sea_level_pressure
2023-06-04 06:00:00,28.7,60.0,1007.4,,26.2511,73.0489,218.5,INI0000VIJO,JODHPUR,1007.4,sea_level_pressure
2023-06-04 06:00:00,31.6,43.0,1002.9,936.5,30.3167,78.0333,682.0,INM00042111,DEHRADUN,1002.9,sea_level_pressure
2023-06-04 09:00:00,32.6,64.0,1003.9,,28.5845,77.2058,214.9,INI0000VIDD,SAFDARJUNG,1003.9,sea_level_pressure
2023-06-04 09:00:00,32.2,51.0,1006.3,,26.2511,73.0489,218.5,INI0000VIJO,JODHPUR,1006.3,sea_level_pressure
2023-06-04 09:00:00,35.0,36.0,1000.7,935.0,30.3167,78.0333,682.0,INM00042111,DEHRADUN,1000.7,sea_level_pressure
2023-06-04 12:00:00,30.7,68.0,1002.5,,28.5845,77.2058,214.9,INI0000VIDD,SAFDARJUNG,1002.5,sea_level_pressure
2023-06-04 12:00:00,33.5,46.0,1004.4,,26.2511,73.0489,218.5,INI0000VIJO,JODHPUR,1004.4,sea_level_pressure
2023-06-04 12:00:00,32.7,50.0,1000.5,934.4,30.3167,78.0333,682.0,INM00042111,DEHRADUN,1000.5,sea_level_pressure
2023-06-04 15:00:00,30.0,67.0,1003.8,,28.5845,77.2058,214.9,INI0000VIDD,SAFDARJUNG,1003.8,sea_level_pressure
2023-06-04 15:00:00,29.5,60.0,1004.8,,26.2511,73.0489,218.5,INI0000VIJO,JODHPUR,1004.8,sea_level_pressure
2023-06-04 15:00:00,29.2,57.0,1000.6,933.9,30.3167,78.0333,682.0,INM00042111,DEHRADUN,1000.6,sea_level_pressure
2023-06-04 18:00:00,27.7,77.0,1003.9,,28.5845,77.2058,214.9,INI0000VIDD,SAFDARJUNG,1003.9,sea_level_pressure
2023-06-04 18:00:00,26.7,77.0,1005.4,,26.2511,73.0489,218.5,INI0000VIJO,JODHPUR,1005.4,sea_level_pressure
2023-06-04 18:00:00,27.0,59.0,999.5,932.4,30.3167,78.0333,682.0,INM00042111,DEHRADUN,999.5,sea_level_pressure
2023-06-04 21:00:00,25.8,82.0,1002.1,,28.5845,77.2058,214.9,INI0000VIDD,SAFDARJUNG,1002.1,sea_level_pressure
2023-06-04 21:00:00,26.0,78.0,1004.5,,26.2511,73.0489,218.5,INI0000VIJO,JODHPUR,1004.5,sea_level_pressure
2023-06-04 21:00:00,,,,,,,,INM00042111,DEHRADUN,,sea_level_pressure
2023-06-05 00:00:00,25.7,81.0,1002.9,,28.5845,77.2058,214.9,INI0000VIDD,SAFDARJUNG,1002.9,sea_level_pressure
2023-06-05 00:00:00,24.6,90.0,1004.8,,26.2511,73.0489,218.5,INI0000VIJO,JODHPUR,1004.8,sea_level_pressure
2023-06-05 00:00:00,23.0,81.0,1000.9,932.5,30.3167,78.0333,682.0,INM00042111,DEHRADUN,1000.9,sea_level_pressure
2023-06-05 03:00:00,29.8,67.0,1004.5,,28.5845,77.2058,214.9,INI0000VIDD,SAFDARJUNG,1004.5,sea_level_pressure
2023-06-05 03:00:00,29.2,61.0,1006.3,,26.2511,73.0489,218.5,INI0000VIJO,JODHPUR,1006.3,sea_level_pressure
2023-06-05 03:00:00,27.8,61.0,1002.4,935.1,30.3167,78.0333,682.0,INM00042111,DEHRADUN,1002.4,sea_level_pressure
2023-06-05 06:00:00,34.6,49.0,1004.2,,28.5845,77.2058,214.9,INI0000VIDD,SAFDARJUNG,1004.2,sea_level_pressure
2023-06-05 06:00:00,33.5,50.0,1005.7,,26.2511,73.0489,218.5,INI0000VIJO,JODHPUR,1005.7,sea_level_pressure
2023-06-05 06:00:00,33.6,42.0,1000.4,934.6,30.3167,78.0333,682.0,INM00042111,DEHRADUN,1000.4,sea_level_pressure
2023-06-05 09:00:00,37.0,42.0,1002.0,,28.5845,77.2058,214.9,INI0000VIDD,SAFDARJUNG,1002.0,sea_level_pressure
2023-06-05 09:00:00,36.7,38.0,1003.3,,26.2511,73.0489,218.5,INI0000VIJO,JODHPUR,1003.3,sea_level_pressure
2023-06-05 09:00:00,36.0,37.0,998.9,933.5,30.3167,78.0333,682.0,INM00042111,DEHRADUN,998.9,sea_level_pressure
2023-06-05 12:00:00,37.2,40.0,1000.5,,28.5845,77.2058,214.9,INI0000VIDD,SAFDARJUNG,1000.5,sea_level_pressure
2023-06-05 12:00:00,37.6,40.0,1001.6,,26.2511,73.0489,218.5,INI0000VIJO,JODHPUR,1001.6,sea_level_pressure
2023-06-05 12:00:00,31.5,33.0,1000.0,933.7,30.3167,78.0333,682.0,INM00042111,DEHRADUN,1000.0,sea_level_pressure
2023-06-05 15:00:00,31.6,62.0,1002.0,,28.5845,77.2058,214.9,INI0000VIDD,SAFDARJUNG,1002.0,sea_level_pressure
2023-06-05 15:00:00,33.2,63.0,1002.0,,26.2511,73.0489,218.5,INI0000VIJO,JODHPUR,1002.0,sea_level_pressure
2023-06-05 15:00:00,26.8,75.0,1001.4,934.9,30.3167,78.0333,682.0,INM00042111,DEHRADUN,1001.4,sea_level_pressure
2023-06-05 18:00:00,29.6,71.0,1002.9,,28.5845,77.2058,214.9,INI0000VIDD,SAFDARJUNG,1002.9,sea_level_pressure
2023-06-05 18:00:00,28.7,54.0,1004.2,,26.2511,73.0489,218.5,INI0000VIJO,JODHPUR,1004.2,sea_level_pressure
2023-06-05 18:00:00,21.0,84.0,1007.5,938.4,30.3167,78.0333,682.0,INM00042111,DEHRADUN,1007.5,sea_level_pressure
2023-06-05 21:00:00,26.2,83.0,1002.9,,28.5845,77.2058,214.9,INI0000VIDD,SAFDARJUNG,1002.9,sea_level_pressure
2023-06-05 21:00:00,27.2,52.0,1004.6,,26.2511,73.0489,218.5,INI0000VIJO,JODHPUR,1004.6,sea_level_pressure
2023-06-05 21:00:00,21.0,83.0,1003.1,934.2,30.3167,78.0333,682.0,INM00042111,DEHRADUN,1003.1,sea_level_pressure
2023-06-06 00:00:00,24.5,89.0,1003.6,,28.5845,77.2058,214.9,INI0000VIDD,SAFDARJUNG,1003.6,sea_level_pressure
2023-06-06 00:00:00,26.7,59.0,1004.8,,26.2511,73.0489,218.5,INI0000VIJO,JODHPUR,1004.8,sea_level_pressure
2023-06-06 00:00:00,20.6,86.0,1003.4,934.5,30.3167,78.0333,682.0,INM00042111,DEHRADUN,1003.4,sea_level_pressure
2023-06-06 03:00:00,28.8,63.0,1004.9,,28.5845,77.2058,214.9,INI0000VIDD,SAFDARJUNG,1004.9,sea_level_pressure
2023-06-06 03:00:00,30.0,51.0,1005.4,,26.2511,73.0489,218.5,INI0000VIJO,JODHPUR,1005.4,sea_level_pressure
2023-06-06 03:00:00,25.8,67.0,1003.9,936.1,30.3167,78.0333,682.0,INM00042111,DEHRADUN,1003.9,sea_level_pressure
2023-06-06 06:00:00,34.7,46.0,1003.9,,28.5845,77.2058,214.9,INI0000VIDD,SAFDARJUNG,1003.9,sea_level_pressure
2023-06-06 06:00:00,34.5,49.0,1004.7,,26.2511,73.0489,218.5,INI0000VIJO,JODHPUR,1004.7,sea_level_pressure
2023-06-06 06:00:00,32.2,38.0,1002.4,936.2,30.3167,78.0333,682.0,INM00042111,DEHRADUN,1002.4,sea_level_pressure
2023-06-06 09:00:00,37.8,38.0,1001.8,,28.5845,77.2058,214.9,INI0000VIDD,SAFDARJUNG,1001.8,sea_level_pressure
2023-06-06 09:00:00,37.6,44.0,1002.0,,26.2511,73.0489,218.5,INI0000VIJO,JODHPUR,1002.0,sea_level_pressure
2023-06-06 09:00:00,33.8,34.0,1000.3,934.5,30.3167,78.0333,682.0,INM00042111,DEHRADUN,1000.3,sea_level_pressure
2023-06-06 12:00:00,36.7,48.0,999.6,,28.5845,77.2058,214.9,INI0000VIDD,SAFDARJUNG,999.6,sea_level_pressure
2023-06-06 12:00:00,39.0,38.0,1000.4,,26.2511,73.0489,218.5,INI0000VIJO,JODHPUR,1000.4,sea_level_pressure
2023-06-06 12:00:00,33.6,35.0,997.7,932.0,30.3167,78.0333,682.0,INM00042111,DEHRADUN,997.7,sea_level_pressure
2023-06-06 15:00:00,33.2,55.0,1001.3,,28.5845,77.2058,214.9,INI0000VIDD,SAFDARJUNG,1001.3,sea_level_pressure
2023-06-06 15:00:00,24.7,72.0,1008.2,,26.2511,73.0489,218.5,INI0000VIJO,JODHPUR,1008.2,sea_level_pressure
2023-06-06 15:00:00,26.8,53.0,999.9,932.5,30.3167,78.0333,682.0,INM00042111,DEHRADUN,999.9,sea_level_pressure
2023-06-06 18:00:00,31.5,57.0,1002.7,,28.5845,77.2058,214.9,INI0000VIDD,SAFDARJUNG,1002.7,sea_level_pressure
2023-06-06 18:00:00,25.7,71.0,1003.4,,26.2511,73.0489,218.5,INI0000VIJO,JODHPUR,1003.4,sea_level_pressure
2023-06-06 18:00:00,24.6,65.0,1000.0,933.2,30.3167,78.0333,682.0,INM00042111,DEHRADUN,1000.0,sea_level_pressure
2023-06-06 21:00:00,29.0,62.0,1001.7,,28.5845,77.2058,214.9,INI0000VIDD,SAFDARJUNG,1001.7,sea_level_pressure
2023-06-06 21:00:00,24.2,74.0,1005.1,,26.2511,73.0489,218.5,INI0000VIJO,JODHPUR,1005.1,sea_level_pressure
2023-06-06 21:00:00,,,,,,,,INM00042111,DEHRADUN,,sea_level_pressure
2023-06-07 00:00:00,25.6,78.0,1002.7,,28.5845,77.2058,214.9,INI0000VIDD,SAFDARJUNG,1002.7,sea_level_pressure
2023-06-07 00:00:00,24.0,85.0,1004.1,,26.2511,73.0489,218.5,INI0000VIJO,JODHPUR,1004.1,sea_level_pressure
2023-06-07 00:00:00,21.2,74.0,1002.0,933.5,30.3167,78.0333,682.0,INM00042111,DEHRADUN,1002.0,sea_level_pressure
2023-06-07 03:00:00,29.2,57.0,1004.2,,28.5845,77.2058,214.9,INI0000VIDD,SAFDARJUNG,1004.2,sea_level_pressure
2023-06-07 03:00:00,29.0,61.0,1004.8,,26.2511,73.0489,218.5,INI0000VIJO,JODHPUR,1004.8,sea_level_pressure
2023-06-07 03:00:00,27.6,52.0,1003.7,935.4,30.3167,78.0333,682.0,INM00042111,DEHRADUN,1003.7,sea_level_pressure
2023-06-07 06:00:00,35.0,42.0,1003.6,,28.5845,77.2058,214.9,INI0000VIDD,SAFDARJUNG,1003.6,sea_level_pressure
2023-06-07 06:00:00,32.2,62.0,1004.6,,26.2511,73.0489,218.5,INI0000VIJO,JODHPUR,1004.6,sea_level_pressure
2023-06-07 06:00:00,33.2,34.0,1001.4,935.4,30.3167,78.0333,682.0,INM00042111,DEHRADUN,1001.4,sea_level_pressure
2023-06-07 09:00:00,37.6,31.0,1002.5,,28.5845,77.2058,214.9,INI0000VIDD,SAFDARJUNG,1002.5,sea_level_pressure
2023-06-07 09:00:00,35.7,51.0,1002.5,,26.2511,73.0489,218.5,INI0000VIJO,JODHPUR,1002.5,sea_level_pressure
2023-06-07 09:00:00,34.6,31.0,999.8,934.2,30.3167,78.0333,682.0,INM00042111,DEHRADUN,999.8,sea_level_pressure
2023-06-07 12:00:00,37.7,36.0,1000.0,,28.5845,77.2058,214.9,INI0000VIDD,SAFDARJUNG,1000.0,sea_level_pressure
2023-06-07 12:00:00,37.7,44.0,1000.8,,26.2511,73.0489,218.5,INI0000VIJO,JODHPUR,1000.8,sea_level_pressure
2023-06-07 12:00:00,34.2,34.0,998.3,932.8,30.3167,78.0333,682.0,INM00042111,DEHRADUN,998.3,sea_level_pressure
2023-06-07 15:00:00,33.0,50.0,1000.7,,28.5845,77.2058,214.9,INI0000VIDD,SAFDARJUNG,1000.7,sea_level_pressure
2023-06-07 15:00:00,34.0,57.0,1002.0,,26.2511,73.0489,218.5,INI0000VIJO,JODHPUR,1002.0,sea_level_pressure
2023-06-07 15:00:00,28.0,55.0,1000.7,933.5,30.3167,78.0333,682.0,INM00042111,DEHRADUN,1000.7,sea_level_pressure
2023-06-07 18:00:00,30.0,60.0,1001.9,,28.5845,77.2058,214.9,INI0000VIDD,SAFDARJUNG,1001.9,sea_level_pressure
2023-06-07 18:00:00,30.5,72.0,1003.9,,26.2511,73.0489,218.5,INI0000VIJO,JODHPUR,1003.9,sea_level_pressure
2023-06-07 18:00:00,24.5,67.0,1002.2,934.3,30.3167,78.0333,682.0,INM00042111,DEHRADUN,1002.2,sea_level_pressure
2023-06-07 21:00:00,27.0,71.0,1001.9,,28.5845,77.2058,214.9,INI0000VIDD,SAFDARJUNG,1001.9,sea_level_pressure
2023-06-07 21:00:00,28.7,78.0,1003.1,,26.2511,73.0489,218.5,INI0000VIJO,JODHPUR,1003.1,sea_level_pressure
2023-06-07 21:00:00,22.4,67.0,1002.4,934.0,30.3167,78.0333,682.0,INM00042111,DEHRADUN,1002.4,sea_level_pressure
2023-06-08 00:00:00,25.0,76.0,1003.1,,28.5845,77.2058,214.9,INI0000VIDD,SAFDARJUNG,1003.1,sea_level_pressure
2023-06-08 00:00:00,29.6,71.0,1003.9,,26.2511,73.0489,218.5,INI0000VIJO,JODHPUR,1003.9,sea_level_pressure
2023-06-08 00:00:00,21.6,70.0,1003.0,934.4,30.3167,78.0333,682.0,INM00042111,DEHRADUN,1003.0,sea_level_pressure
2023-06-08 03:00:00,31.8,47.0,1004.2,,28.5845,77.2058,214.9,INI0000VIDD,SAFDARJUNG,1004.2,sea_level_pressure
2023-06-08 03:00:00,31.7,70.0,1005.7,,26.2511,73.0489,218.5,INI0000VIJO,JODHPUR,1005.7,sea_level_pressure
2023-06-08 03:00:00,28.4,47.0,1002.2,935.1,30.3167,78.0333,682.0,INM00042111,DEHRADUN,1002.2,sea_level_pressure
2023-06-08 06:00:00,37.2,36.0,1003.1,,28.5845,77.2058,214.9,INI0000VIDD,SAFDARJUNG,1003.1,sea_level_pressure
2023-06-08 06:00:00,35.2,56.0,1005.1,,26.2511,73.0489,218.5,INI0000VIJO,JODHPUR,1005.1,sea_level_pressure
2023-06-08 06:00:00,34.6,29.0,1000.5,934.9,30.3167,78.0333,682.0,INM00042111,DEHRADUN,1000.5,sea_level_pressure
2023-06-08 09:00:00,38.6,36.0,1001.0,,28.5845,77.2058,214.9,INI0000VIDD,SAFDARJUNG,1001.0,sea_level_pressure
2023-06-08 09:00:00,38.2,48.0,1002.7,,26.2511,73.0489,218.5,INI0000VIJO,JODHPUR,1002.7,sea_level_pressure
2023-06-08 09:00:00,37.0,30.0,998.3,933.1,30.3167,78.0333,682.0,INM00042111,DEHRADUN,998.3,sea_level_pressure
2023-06-08 12:00:00,38.8,35.0,998.1,,28.5845,77.2058,214.9,INI0000VIDD,SAFDARJUNG,998.1,sea_level_pressure
2023-06-08 12:00:00,38.7,40.0,1000.7,,26.2511,73.0489,218.5,INI0000VIJO,JODHPUR,1000.7,sea_level_pressure
2023-06-08 12:00:00,35.6,32.0,997.4,932.1,30.3167,78.0333,682.0,INM00042111,DEHRADUN,997.4,sea_level_pressure
2023-06-08 15:00:00,33.4,48.0,999.6,,28.5845,77.2058,214.9,INI0000VIDD,SAFDARJUNG,999.6,sea_level_pressure
2023-06-08 15:00:00,34.6,52.0,1001.8,,26.2511,73.0489,218.5,INI0000VIJO,JODHPUR,1001.8,sea_level_pressure
2023-06-08 15:00:00,30.0,36.0,998.8,932.2,30.3167,78.0333,682.0,INM00042111,DEHRADUN,998.8,sea_level_pressure
2023-06-08 18:00:00,30.0,57.0,1000.1,,28.5845,77.2058,214.9,INI0000VIDD,SAFDARJUNG,1000.1,sea_level_pressure
2023-06-08 18:00:00,31.2,64.0,1002.5,,26.2511,73.0489,218.5,INI0000VIJO,JODHPUR,1002.5,sea_level_pressure
2023-06-08 18:00:00,27.2,44.0,999.1,932.0,30.3167,78.0333,682.0,INM00042111,DEHRADUN,999.1,sea_level_pressure
2023-06-08 21:00:00,28.2,64.0,999.7,,28.5845,77.2058,214.9,INI0000VIDD,SAFDARJUNG,999.7,sea_level_pressure
2023-06-08 21:00:00,31.0,64.0,1001.5,,26.2511,73.0489,218.5,INI0000VIJO,JODHPUR,1001.5,sea_level_pressure
2023-06-08 21:00:00,23.0,66.0,1000.2,932.0,30.3167,78.0333,682.0,INM00042111,DEHRADUN,1000.2,sea_level_pressure
2023-06-09 00:00:00,28.7,64.0,1000.8,,28.5845,77.2058,214.9,INI0000VIDD,SAFDARJUNG,1000.8,sea_level_pressure
2023-06-09 00:00:00,29.6,67.0,1002.1,,26.2511,73.0489,218.5,INI0000VIJO,JODHPUR,1002.1,sea_level_pressure
2023-06-09 00:00:00,21.6,70.0,1000.7,932.2,30.3167,78.0333,682.0,INM00042111,DEHRADUN,1000.7,sea_level_pressure
2023-06-09 03:00:00,31.6,59.0,1000.9,,28.5845,77.2058,214.9,INI0000VIDD,SAFDARJUNG,1000.9,sea_level_pressure
2023-06-09 03:00:00,31.2,60.0,1003.7,,26.2511,73.0489,218.5,INI0000VIJO,JODHPUR,1003.7,sea_level_pressure
2023-06-09 03:00:00,28.2,49.0,1000.0,933.1,30.3167,78.0333,682.0,INM00042111,DEHRADUN,1000.0,sea_level_pressure
2023-06-09 06:00:00,36.5,47.0,999.8,,28.5845,77.2058,214.9,INI0000VIDD,SAFDARJUNG,999.8,sea_level_pressure
2023-06-09 06:00:00,35.0,46.0,1002.9,,26.2511,73.0489,218.5,INI0000VIJO,JODHPUR,1002.9,sea_level_pressure
2023-06-09 06:00:00,34.2,35.0,998.3,932.8,30.3167,78.0333,682.0,INM00042111,DEHRADUN,998.3,sea_level_pressure
2023-06-09 09:00:00,40.0,31.0,997.2,,28.5845,77.2058,214.9,INI0000VIDD,SAFDARJUNG,997.2,sea_level_pressure
2023-06-09 09:00:00,38.2,37.0,1000.2,,26.2511,73.0489,218.5,INI0000VIJO,JODHPUR,1000.2,sea_level_pressure
2023-06-09 09:00:00,37.2,27.0,995.1,930.4,30.3167,78.0333,682.0,INM00042111,DEHRADUN,995.1,sea_level_pressure
2023-06-09 12:00:00,39.7,33.0,995.1,,28.5845,77.2058,214.9,INI0000VIDD,SAFDARJUNG,995.1,sea_level_pressure
2023-06-09 12:00:00,38.2,42.0,998.3,,26.2511,73.0489,218.5,INI0000VIJO,JODHPUR,998.3,sea_level_pressure
2023-06-09 12:00:00,37.2,29.0,992.8,928.2,30.3167,78.0333,682.0,INM00042111,DEHRADUN,992.8,sea_level_pressure
2023-06-09 15:00:00,32.2,49.0,997.2,,28.5845,77.2058,214.9,INI0000VIDD,SAFDARJUNG,997.2,sea_level_pressure
2023-06-09 15:00:00,36.0,42.0,998.1,,26.2511,73.0489,218.5,INI0000VIJO,JODHPUR,998.1,sea_level_pressure
2023-06-09 15:00:00,29.4,49.0,995.5,929.1,30.3167,78.0333,682.0,INM00042111,DEHRADUN,995.5,sea_level_pressure
2023-06-09 18:00:00,31.5,47.0,997.3,,28.5845,77.2058,214.9,INI0000VIDD,SAFDARJUNG,997.3,sea_level_pressure
2023-06-09 18:00:00,32.5,55.0,999.2,,26.2511,73.0489,218.5,INI0000VIJO,JODHPUR,999.2,sea_level_pressure
2023-06-09 18:00:00,25.6,61.0,996.2,929.8,30.3167,78.0333,682.0,INM00042111,DEHRADUN,996.2,sea_level_pressure
2023-06-09 21:00:00,30.2,49.0,997.2,,28.5845,77.2058,214.9,INI0000VIDD,SAFDARJUNG,997.2,sea_level_pressure
2023-06-09 21:00:00,30.5,56.0,999.4,,26.2511,73.0489,218.5,INI0000VIJO,JODHPUR,999.4,sea_level_pressure
2023-06-09 21:00:00,24.0,67.0,996.9,929.1,30.3167,78.0333,682.0,INM00042111,DEHRADUN,996.9,sea_level_pressure
2023-06-10 00:00:00,27.7,67.0,997.7,,28.5845,77.2058,214.9,INI0000VIDD,SAFDARJUNG,997.7,sea_level_pressure
2023-06-10 00:00:00,30.0,61.0,1000.2,,26.2511,73.0489,218.5,INI0000VIJO,JODHPUR,1000.2,sea_level_pressure
2023-06-10 00:00:00,23.5,69.0,997.4,929.6,30.3167,78.0333,682.0,INM00042111,DEHRADUN,997.4,sea_level_pressure
2023-06-10 03:00:00,32.6,49.0,999.3,,28.5845,77.2058,214.9,INI0000VIDD,SAFDARJUNG,999.3,sea_level_pressure
2023-06-10 03:00:00,31.6,54.0,1002.1,,26.2511,73.0489,218.5,INI0000VIJO,JODHPUR,1002.1,sea_level_pressure
2023-06-10 03:00:00,31.2,46.0,997.5,931.3,30.3167,78.0333,682.0,INM00042111,DEHRADUN,997.5,sea_level_pressure
2023-06-10 06:00:00,38.5,42.0,999.2,,28.5845,77.2058,214.9,INI0000VIDD,SAFDARJUNG,999.2,sea_level_pressure
2023-06-10 06:00:00,34.6,51.0,1001.9,,26.2511,73.0489,218.5,INI0000VIJO,JODHPUR,1001.9,sea_level_pressure
2023-06-10 06:00:00,36.2,37.0,995.5,930.6,30.3167,78.0333,682.0,INM00042111,DEHRADUN,995.5,sea_level_pressure
2023-06-10 09:00:00,40.8,35.0,995.9,,28.5845,77.2058,214.9,INI0000VIDD,SAFDARJUNG,995.9,sea_level_pressure
2023-06-10 09:00:00,38.2,43.0,998.6,,26.2511,73.0489,218.5,INI0000VIJO,JODHPUR,998.6,sea_level_pressure
2023-06-10 09:00:00,38.7,34.0,994.0,929.0,30.3167,78.0333,682.0,INM00042111,DEHRADUN,994.0,sea_level_pressure
2023-06-10 12:00:00,39.0,38.0,994.3,,28.5845,77.2058,214.9,INI0000VIDD,SAFDARJUNG,994.3,sea_level_pressure
2023-06-10 12:00:00,38.6,39.0,996.7,,26.2511,73.0489,218.5,INI0000VIJO,JODHPUR,996.7,sea_level_pressure
2023-06-10 12:00:00,38.0,31.0,991.4,,30.3167,78.0333,682.0,INM00042111,DEHRADUN,991.4,sea_level_pressure
2023-06-10 15:00:00,34.8,45.0,996.1,,28.5845,77.2058,214.9,INI0000VIDD,SAFDARJUNG,996.1,sea_level_pressure
2023-06-10 15:00:00,36.2,43.0,997.3,,26.2511,73.0489,218.5,INI0000VIJO,JODHPUR,997.3,sea_level_pressure
2023-06-10 15:00:00,31.2,51.0,994.1,928.2,30.3167,78.0333,682.0,INM00042111,DEHRADUN,994.1,sea_level_pressure
2023-06-10 18:00:00,32.5,50.0,997.6,,28.5845,77.2058,214.9,INI0000VIDD,SAFDARJUNG,997.6,sea_level_pressure
2023-06-10 18:00:00,34.5,46.0,998.4,,26.2511,73.0489,218.5,INI0000VIJO,JODHPUR,998.4,sea_level_pressure
2023-06-10 18:00:00,,,,,,,,INM00042111,DEHRADUN,,sea_level_pressure
2023-06-10 21:00:00,30.6,54.0,996.8,,28.5845,77.2058,214.9,INI0000VIDD,SAFDARJUNG,996.8,sea_level_pressure
2023-06-10 21:00:00,32.0,50.0,999.6,,26.2511,73.0489,218.5,INI0000VIJO,JODHPUR,999.6,sea_level_pressure
2023-06-10 21:00:00,,,,,,,,INM00042111,DEHRADUN,,sea_level_pressure
2023-06-11 00:00:00,28.2,70.0,998.0,,28.5845,77.2058,214.9,INI0000VIDD,SAFDARJUNG,998.0,sea_level_pressure
2023-06-11 00:00:00,32.5,53.0,1001.2,,26.2511,73.0489,218.5,INI0000VIJO,JODHPUR,1001.2,sea_level_pressure
2023-06-11 00:00:00,25.5,67.0,996.5,929.2,30.3167,78.0333,682.0,INM00042111,DEHRADUN,996.5,sea_level_pressure
2023-06-11 03:00:00,29.2,67.0,999.9,,28.5845,77.2058,214.9,INI0000VIDD,SAFDARJUNG,999.9,sea_level_pressure
2023-06-11 03:00:00,32.7,57.0,1001.4,,26.2511,73.0489,218.5,INI0000VIJO,JODHPUR,1001.4,sea_level_pressure
2023-06-11 03:00:00,28.8,63.0,997.0,930.3,30.3167,78.0333,682.0,INM00042111,DEHRADUN,997.0,sea_level_pressure
2023-06-11 06:00:00,35.2,48.0,999.4,,28.5845,77.2058,214.9,INI0000VIDD,SAFDARJUNG,999.4,sea_level_pressure
2023-06-11 06:00:00,36.0,50.0,1000.9,,26.2511,73.0489,218.5,INI0000VIJO,JODHPUR,1000.9,sea_level_pressure
2023-06-11 06:00:00,33.6,41.0,996.7,931.0,30.3167,78.0333,682.0,INM00042111,DEHRADUN,996.7,sea_level_pressure
2023-06-11 09:00:00,38.0,37.0,997.2,,28.5845,77.2058,214.9,INI0000VIDD,SAFDARJUNG,997.2,sea_level_pressure
2023-06-11 09:00:00,39.2,39.0,998.4,,26.2511,73.0489,218.5,INI0000VIJO,JODHPUR,998.4,sea_level_pressure
2023-06-11 09:00:00,36.8,34.0,993.7,928.9,30.3167,78.0333,682.0,INM00042111,DEHRADUN,993.7,sea_level_pressure
2023-06-11 12:00:00,38.0,40.0,995.4,,28.5845,77.2058,214.9,INI0000VIDD,SAFDARJUNG,995.4,sea_level_pressure
2023-06-11 12:00:00,40.0,33.0,997.0,,26.2511,73.0489,218.5,INI0000VIJO,JODHPUR,997.0,sea_level_pressure
2023-06-11 12:00:00,35.5,35.0,992.8,927.8,30.3167,78.0333,682.0,INM00042111,DEHRADUN,992.8,sea_level_pressure
2023-06-11 15:00:00,34.0,49.0,996.6,,28.5845,77.2058,214.9,INI0000VIDD,SAFDARJUNG,996.6,sea_level_pressure
2023-06-11 15:00:00,36.6,41.0,998.6,,26.2511,73.0489,218.5,INI0000VIJO,JODHPUR,998.6,sea_level_pressure
2023-06-11 15:00:00,30.6,48.0,994.9,928.8,30.3167,78.0333,682.0,INM00042111,DEHRADUN,994.9,sea_level_pressure
2023-06-11 18:00:00,31.2,60.0,998.0,,28.5845,77.2058,214.9,INI0000VIDD,SAFDARJUNG,998.0,sea_level_pressure
2023-06-11 18:00:00,34.6,48.0,999.6,,26.2511,73.0489,218.5,INI0000VIJO,JODHPUR,999.6,sea_level_pressure
2023-06-11 18:00:00,27.0,60.0,996.2,929.1,30.3167,78.0333,682.0,INM00042111,DEHRADUN,996.2,sea_level_pressure
2023-06-11 21:00:00,30.0,64.0,997.0,,28.5845,77.2058,214.9,INI0000VIDD,SAFDARJUNG,997.0,sea_level_pressure
2023-06-11 21:00:00,32.7,54.0,1000.6,,26.2511,73.0489,218.5,INI0000VIJO,JODHPUR,1000.6,sea_level_pressure
2023-06-11 21:00:00,24.6,71.0,995.9,928.4,30.3167,78.0333,682.0,INM00042111,DEHRADUN,995.9,sea_level_pressure
2023-06-12 00:00:00,29.6,67.0,997.9,,28.5845,77.2058,214.9,INI0000VIDD,SAFDARJUNG,997.9,sea_level_pressure
2023-06-12 00:00:00,30.7,55.0,999.7,,26.2511,73.0489,218.5,INI0000VIJO,JODHPUR,999.7,sea_level_pressure
2023-06-12 00:00:00,23.6,74.0,995.9,928.2,30.3167,78.0333,682.0,INM00042111,DEHRADUN,995.9,sea_level_pressure
2023-06-12 03:00:00,33.6,53.0,998.6,,28.5845,77.2058,214.9,INI0000VIDD,SAFDARJUNG,998.6,sea_level_pressure
2023-06-12 03:00:00,32.4,51.0,1001.3,,26.2511,73.0489,218.5,INI0000VIJO,JODHPUR,1001.3,sea_level_pressure
2023-06-12 03:00:00,31.2,52.0,995.2,929.2,30.3167,78.0333,682.0,INM00042111,DEHRADUN,995.2,sea_level_pressure
2023-06-12 06:00:00,37.0,48.0,997.9,,28.5845,77.2058,214.9,INI0000VIDD,SAFDARJUNG,997.9,sea_level_pressure
2023-06-12 06:00:00,36.6,43.0,1000.5,,26.2511,73.0489,218.5,INI0000VIJO,JODHPUR,1000.5,sea_level_pressure
2023-06-12 06:00:00,34.7,40.0,994.8,929.5,30.3167,78.0333,682.0,INM00042111,DEHRADUN,994.8,sea_level_pressure
2023-06-12 09:00:00,39.6,41.0,996.1,,28.5845,77.2058,214.9,INI0000VIDD,SAFDARJUNG,996.1,sea_level_pressure
2023-06-12 09:00:00,39.5,38.0,998.4,,26.2511,73.0489,218.5,INI0000VIJO,JODHPUR,998.4,sea_level_pressure
2023-06-12 09:00:00,37.2,38.0,993.6,929.0,30.3167,78.0333,682.0,INM00042111,DEHRADUN,993.6,sea_level_pressure
2023-06-12 12:00:00,39.2,40.0,994.3,,28.5845,77.2058,214.9,INI0000VIDD,SAFDARJUNG,994.3,sea_level_pressure
2023-06-12 12:00:00,39.7,37.0,997.6,,26.2511,73.0489,218.5,INI0000VIJO,JODHPUR,997.6,sea_level_pressure
2023-06-12 12:00:00,36.7,39.0,991.8,927.2,30.3167,78.0333,682.0,INM00042111,DEHRADUN,991.8,sea_level_pressure
2023-06-12 15:00:00,36.4,52.0,996.4,,28.5845,77.2058,214.9,INI0000VIDD,SAFDARJUNG,996.4,sea_level_pressure
2023-06-12 15:00:00,36.7,43.0,998.3,,26.2511,73.0489,218.5,INI0000VIJO,JODHPUR,998.3,sea_level_pressure
2023-06-12 15:00:00,32.4,46.0,993.6,928.0,30.3167,78.0333,682.0,INM00042111,DEHRADUN,993.6,sea_level_pressure
2023-06-12 18:00:00,33.7,61.0,997.7,,28.5845,77.2058,214.9,INI0000VIDD,SAFDARJUNG,997.7,sea_level_pressure
2023-06-12 18:00:00,34.7,48.0,1000.5,,26.2511,73.0489,218.5,INI0000VIJO,JODHPUR,1000.5,sea_level_pressure
2023-06-12 18:00:00,32.5,46.0,993.6,928.0,30.3167,78.0333,682.0,INM00042111,DEHRADUN,993.6,sea_level_pressure
2023-06-12 21:00:00,31.4,67.0,997.3,,28.5845,77.2058,214.9,INI0000VIDD,SAFDARJUNG,997.3,sea_level_pressure
2023-06-12 21:00:00,32.7,51.0,999.9,,26.2511,73.0489,218.5,INI0000VIJO,JODHPUR,999.9,sea_level_pressure
2023-06-12 21:00:00,,,,,,,,INM00042111,DEHRADUN,,sea_level_pressure
2023-06-13 00:00:00,30.7,70.0,997.9,,28.5845,77.2058,214.9,INI0000VIDD,SAFDARJUNG,997.9,sea_level_pressure
2023-06-13 00:00:00,30.0,61.0,1000.7,,26.2511,73.0489,218.5,INI0000VIJO,JODHPUR,1000.7,sea_level_pressure
2023-06-13 00:00:00,25.6,73.0,996.4,929.2,30.3167,78.0333,682.0,INM00042111,DEHRADUN,996.4,sea_level_pressure
2023-06-13 03:00:00,33.8,54.0,998.9,,28.5845,77.2058,214.9,INI0000VIDD,SAFDARJUNG,998.9,sea_level_pressure
2023-06-13 03:00:00,31.6,62.0,1002.2,,26.2511,73.0489,218.5,INI0000VIJO,JODHPUR,1002.2,sea_level_pressure
2023-06-13 03:00:00,31.8,52.0,996.0,930.0,30.3167,78.0333,682.0,INM00042111,DEHRADUN,996.0,sea_level_pressure
2023-06-13 06:00:00,39.5,41.0,997.8,,28.5845,77.2058,214.9,INI0000VIDD,SAFDARJUNG,997.8,sea_level_pressure
2023-06-13 06:00:00,36.0,49.0,1001.8,,26.2511,73.0489,218.5,INI0000VIJO,JODHPUR,1001.8,sea_level_pressure
2023-06-13 06:00:00,36.2,38.0,994.5,929.6,30.3167,78.0333,682.0,INM00042111,DEHRADUN,994.5,sea_level_pressure
2023-06-13 09:00:00,41.2,37.0,995.9,,28.5845,77.2058,214.9,INI0000VIDD,SAFDARJUNG,995.9,sea_level_pressure
2023-06-13 09:00:00,38.6,42.0,999.2,,26.2511,73.0489,218.5,INI0000VIJO,JODHPUR,999.2,sea_level_pressure
2023-06-13 09:00:00,38.4,34.0,991.8,927.5,30.3167,78.0333,682.0,INM00042111,DEHRADUN,991.8,sea_level_pressure
2023-06-13 12:00:00,41.5,38.0,993.4,,28.5845,77.2058,214.9,INI0000VIDD,SAFDARJUNG,993.4,sea_level_pressure
2023-06-13 12:00:00,38.6,40.0,997.3,,26.2511,73.0489,218.5,INI0000VIJO,JODHPUR,997.3,sea_level_pressure
2023-06-13 12:00:00,37.5,29.0,990.2,925.8,30.3167,78.0333,682.0,INM00042111,DEHRADUN,990.2,sea_level_pressure
2023-06-13 15:00:00,37.2,45.0,994.6,,28.5845,77.2058,214.9,INI0000VIDD,SAFDARJUNG,994.6,sea_level_pressure
2023-06-13 15:00:00,36.5,43.0,998.0,,26.2511,73.0489,218.5,INI0000VIJO,JODHPUR,998.0,sea_level_pressure
2023-06-13 15:00:00,34.0,42.0,992.1,926.8,30.3167,78.0333,682.0,INM00042111,DEHRADUN,992.1,sea_level_pressure
2023-06-13 18:00:00,35.6,47.0,997.0,,28.5845,77.2058,214.9,INI0000VIDD,SAFDARJUNG,997.0,sea_level_pressure
2023-06-13 18:00:00,33.7,55.0,1000.1,,26.2511,73.0489,218.5,INI0000VIJO,JODHPUR,1000.1,sea_level_pressure
2023-06-13 18:00:00,29.6,48.0,994.3,928.0,30.3167,78.0333,682.0,INM00042111,DEHRADUN,994.3,sea_level_pressure
2023-06-13 21:00:00,33.5,52.0,996.8,,28.5845,77.2058,214.9,INI0000VIDD,SAFDARJUNG,996.8,sea_level_pressure
2023-06-13 21:00:00,32.2,60.0,999.7,,26.2511,73.0489,218.5,INI0000VIJO,JODHPUR,999.7,sea_level_pressure
2023-06-13 21:00:00,26.5,52.0,994.2,927.2,30.3167,78.0333,682.0,INM00042111,DEHRADUN,994.2,sea_level_pressure
2023-06-14 00:00:00,30.6,57.0,998.1,,28.5845,77.2058,214.9,INI0000VIDD,SAFDARJUNG,998.1,sea_level_pressure
2023-06-14 00:00:00,29.5,72.0,1001.4,,26.2511,73.0489,218.5,INI0000VIJO,JODHPUR,1001.4,sea_level_pressure
2023-06-14 00:00:00,25.2,62.0,995.6,928.4,30.3167,78.0333,682.0,INM00042111,DEHRADUN,995.6,sea_level_pressure
2023-06-14 03:00:00,34.0,54.0,1000.2,,28.5845,77.2058,214.9,INI0000VIDD,SAFDARJUNG,1000.2,sea_level_pressure
2023-06-14 03:00:00,31.0,68.0,1003.0,,26.2511,73.0489,218.5,INI0000VIJO,JODHPUR,1003.0,sea_level_pressure
2023-06-14 03:00:00,31.8,42.0,996.5,930.5,30.3167,78.0333,682.0,INM00042111,DEHRADUN,996.5,sea_level_pressure
2023-06-14 06:00:00,38.2,47.0,998.0,,28.5845,77.2058,214.9,INI0000VIDD,SAFDARJUNG,998.0,sea_level_pressure
2023-06-14 06:00:00,35.5,51.0,1002.3,,26.2511,73.0489,218.5,INI0000VIJO,JODHPUR,1002.3,sea_level_pressure
2023-06-14 06:00:00,35.5,38.0,995.7,930.6,30.3167,78.0333,682.0,INM00042111,DEHRADUN,995.7,sea_level_pressure
2023-06-14 09:00:00,40.2,43.0,996.9,,28.5845,77.2058,214.9,INI0000VIDD,SAFDARJUNG,996.9,sea_level_pressure
2023-06-14 09:00:00,38.2,43.0,1000.1,,26.2511,73.0489,218.5,INI0000VIJO,JODHPUR,1000.1,sea_level_pressure
2023-06-14 09:00:00,38.0,33.0,992.6,928.0,30.3167,78.0333,682.0,INM00042111,DEHRADUN,992.6,sea_level_pressure
2023-06-14 12:00:00,40.0,46.0,994.8,,28.5845,77.2058,214.9,INI0000VIDD,SAFDARJUNG,994.8,sea_level_pressure
2023-06-14 12:00:00,37.7,41.0,998.7,,26.2511,73.0489,218.5,INI0000VIJO,JODHPUR,998.7,sea_level_pressure
2023-06-14 12:00:00,35.4,33.0,993.0,928.0,30.3167,78.0333,682.0,INM00042111,DEHRADUN,993.0,sea_level_pressure
2023-06-14 15:00:00,37.2,50.0,996.7,,28.5845,77.2058,214.9,INI0000VIDD,SAFDARJUNG,996.7,sea_level_pressure
2023-06-14 15:00:00,35.7,46.0,999.4,,26.2511,73.0489,218.5,INI0000VIJO,JODHPUR,999.4,sea_level_pressure
2023-06-14 15:00:00,30.8,45.0,995.3,929.2,30.3167,78.0333,682.0,INM00042111,DEHRADUN,995.3,sea_level_pressure
2023-06-14 18:00:00,36.0,52.0,998.7,,28.5845,77.2058,214.9,INI0000VIDD,SAFDARJUNG,998.7,sea_level_pressure
2023-06-14 18:00:00,33.6,57.0,1001.1,,26.2511,73.0489,218.5,INI0000VIJO,JODHPUR,1001.1,sea_level_pressure
2023-06-14 18:00:00,29.6,48.0,996.6,930.0,30.3167,78.0333,682.0,INM00042111,DEHRADUN,996.6,sea_level_pressure
2023-06-14 21:00:00,32.8,59.0,997.8,,28.5845,77.2058,214.9,INI0000VIDD,SAFDARJUNG,997.8,sea_level_pressure
2023-06-14 21:00:00,31.6,56.0,1000.7,,26.2511,73.0489,218.5,INI0000VIJO,JODHPUR,1000.7,sea_level_pressure
2023-06-14 21:00:00,,,,,,,,INM00042111,DEHRADUN,,sea_level_pressure
2023-06-15 00:00:00,30.2,69.0,998.1,,28.5845,77.2058,214.9,INI0000VIDD,SAFDARJUNG,998.1,sea_level_pressure
2023-06-15 00:00:00,29.0,72.0,1001.4,,26.2511,73.0489,218.5,INI0000VIJO,JODHPUR,1001.4,sea_level_pressure
2023-06-15 00:00:00,24.5,67.0,996.5,929.0,30.3167,78.0333,682.0,INM00042111,DEHRADUN,996.5,sea_level_pressure
2023-06-15 03:00:00,33.0,55.0,1000.1,,28.5845,77.2058,214.9,INI0000VIDD,SAFDARJUNG,1000.1,sea_level_pressure
2023-06-15 03:00:00,30.7,67.0,1003.2,,26.2511,73.0489,218.5,INI0000VIJO,JODHPUR,1003.2,sea_level_pressure
2023-06-15 03:00:00,30.2,51.0,996.8,930.6,30.3167,78.0333,682.0,INM00042111,DEHRADUN,996.8,sea_level_pressure
2023-06-15 06:00:00,36.0,50.0,1001.1,,28.5845,77.2058,214.9,INI0000VIDD,SAFDARJUNG,1001.1,sea_level_pressure
2023-06-15 06:00:00,35.0,52.0,1002.1,,26.2511,73.0489,218.5,INI0000VIJO,JODHPUR,1002.1,sea_level_pressure
2023-06-15 06:00:00,33.7,44.0,997.2,931.5,30.3167,78.0333,682.0,INM00042111,DEHRADUN,997.2,sea_level_pressure
2023-06-15 09:00:00,36.0,54.0,999.7,,28.5845,77.2058,214.9,INI0000VIDD,SAFDARJUNG,999.7,sea_level_pressure
2023-06-15 09:00:00,37.2,43.0,999.5,,26.2511,73.0489,218.5,INI0000VIJO,JODHPUR,999.5,sea_level_pressure
2023-06-15 09:00:00,34.8,36.0,997.0,931.5,30.3167,78.0333,682.0,INM00042111,DEHRADUN,997.0,sea_level_pressure
2023-06-15 12:00:00,,,,,,,,INI0000VIDD,SAFDARJUNG,,sea_level_pressure
2023-06-15 12:00:00,36.2,49.0,998.2,,26.2511,73.0489,218.5,INI0000VIJO,JODHPUR,998.2,sea_level_pressure
2023-06-15 12:00:00,34.6,38.0,995.6,930.3,30.3167,78.0333,682.0,INM00042111,DEHRADUN,995.6,sea_level_pressure
2023-06-15 15:00:00,33.6,58.0,998.5,,28.5845,77.2058,214.9,INI0000VIDD,SAFDARJUNG,998.5,sea_level_pressure
2023-06-15 15:00:00,30.2,68.0,1000.5,,26.2511,73.0489,218.5,INI0000VIJO,JODHPUR,1000.5,sea_level_pressure
2023-06-15 15:00:00,,,,,,,,INM00042111,DEHRADUN,,sea_level_pressure
2023-06-15 18:00:00,31.0,63.0,999.6,,28.5845,77.2058,214.9,INI0000VIDD,SAFDARJUNG,999.6,sea_level_pressure
2023-06-15 18:00:00,29.7,70.0,1002.0,,26.2511,73.0489,218.5,INI0000VIJO,JODHPUR,1002.0,sea_level_pressure
2023-06-15 18:00:00,27.0,61.0,998.8,931.5,30.3167,78.0333,682.0,INM00042111,DEHRADUN,998.8,sea_level_pressure
2023-06-15 21:00:00,29.8,67.0,999.2,,28.5845,77.2058,214.9,INI0000VIDD,SAFDARJUNG,999.2,sea_level_pressure
2023-06-15 21:00:00,28.7,75.0,1000.1,,26.2511,73.0489,218.5,INI0000VIJO,JODHPUR,1000.1,sea_level_pressure
2023-06-15 21:00:00,25.5,67.0,998.3,930.9,30.3167,78.0333,682.0,INM00042111,DEHRADUN,998.3,sea_level_pressure
2023-06-16 00:00:00,29.0,62.0,999.4,,28.5845,77.2058,214.9,INI0000VIDD,SAFDARJUNG,999.4,sea_level_pressure
2023-06-16 00:00:00,28.0,78.0,999.9,,26.2511,73.0489,218.5,INI0000VIJO,JODHPUR,999.9,sea_level_pressure
2023-06-16 00:00:00,23.7,72.0,998.1,930.3,30.3167,78.0333,682.0,INM00042111,DEHRADUN,998.1,sea_level_pressure
2023-06-16 03:00:00,33.2,50.0,1000.5,,28.5845,77.2058,214.9,INI0000VIDD,SAFDARJUNG,1000.5,sea_level_pressure
2023-06-16 03:00:00,30.5,69.0,1001.1,,26.2511,73.0489,218.5,INI0000VIJO,JODHPUR,1001.1,sea_level_pressure
2023-06-16 03:00:00,30.2,54.0,997.1,930.9,30.3167,78.0333,682.0,INM00042111,DEHRADUN,997.1,sea_level_pressure
2023-06-16 06:00:00,37.0,54.0,1000.1,,28.5845,77.2058,214.9,INI0000VIDD,SAFDARJUNG,1000.1,sea_level_pressure
2023-06-16 06:00:00,32.2,62.0,1000.8,,26.2511,73.0489,218.5,INI0000VIJO,JODHPUR,1000.8,sea_level_pressure
2023-06-16 06:00:00,34.6,39.0,996.7,931.2,30.3167,78.0333,682.0,INM00042111,DEHRADUN,996.7,sea_level_pressure
2023-06-16 09:00:00,37.8,42.0,997.9,,28.5845,77.2058,214.9,INI0000VIDD,SAFDARJUNG,997.9,sea_level_pressure
2023-06-16 09:00:00,31.0,78.0,998.3,,26.2511,73.0489,218.5,INI0000VIJO,JODHPUR,998.3,sea_level_pressure
2023-06-16 09:00:00,36.6,35.0,994.9,930.0,30.3167,78.0333,682.0,INM00042111,DEHRADUN,994.9,sea_level_pressure
2023-06-16 12:00:00,29.5,86.0,997.9,,28.5845,77.2058,214.9,INI0000VIDD,SAFDARJUNG,997.9,sea_level_pressure
2023-06-16 12:00:00,28.5,93.0,998.1,,26.2511,73.0489,218.5,INI0000VIJO,JODHPUR,998.1,sea_level_pressure
2023-06-16 12:00:00,35.5,41.0,993.6,928.5,30.3167,78.0333,682.0,INM00042111,DEHRADUN,993.6,sea_level_pressure
2023-06-16 15:00:00,30.4,90.0,998.6,,28.5845,77.2058,214.9,INI0000VIDD,SAFDARJUNG,998.6,sea_level_pressure
2023-06-16 15:00:00,26.2,98.0,999.5,,26.2511,73.0489,218.5,INI0000VIJO,JODHPUR,999.5,sea_level_pressure
2023-06-16 15:00:00,31.6,55.0,996.0,930.0,30.3167,78.0333,682.0,INM00042111,DEHRADUN,996.0,sea_level_pressure
2023-06-16 18:00:00,29.5,91.0,999.2,,28.5845,77.2058,214.9,INI0000VIDD,SAFDARJUNG,999.2,sea_level_pressure
2023-06-16 18:00:00,26.5,93.0,999.1,,26.2511,73.0489,218.5,INI0000VIJO,JODHPUR,999.1,sea_level_pressure
2023-06-16 18:00:00,28.7,58.0,999.2,932.2,30.3167,78.0333,682.0,INM00042111,DEHRADUN,999.2,sea_level_pressure
2023-06-16 21:00:00,28.8,91.0,998.4,,28.5845,77.2058,214.9,INI0000VIDD,SAFDARJUNG,998.4,sea_level_pressure
2023-06-16 21:00:00,26.0,97.0,996.8,,26.2511,73.0489,218.5,INI0000VIJO,JODHPUR,996.8,sea_level_pressure
2023-06-16 21:00:00,,,,,,,,INM00042111,DEHRADUN,,sea_level_pressure
2023-06-17 00:00:00,28.5,84.0,998.9,,28.5845,77.2058,214.9,INI0000VIDD,SAFDARJUNG,998.9,sea_level_pressure
2023-06-17 00:00:00,26.0,97.0,996.2,,26.2511,73.0489,218.5,INI0000VIJO,JODHPUR,996.2,sea_level_pressure
2023-06-17 00:00:00,25.5,75.0,997.5,930.0,30.3167,78.0333,682.0,INM00042111,DEHRADUN,997.5,sea_level_pressure
2023-06-17 03:00:00,30.2,72.0,1001.0,,28.5845,77.2058,214.9,INI0000VIDD,SAFDARJUNG,1001.0,sea_level_pressure
2023-06-17 03:00:00,26.7,97.0,997.5,,26.2511,73.0489,218.5,INI0000VIJO,JODHPUR,997.5,sea_level_pressure
2023-06-17 03:00:00,32.2,48.0,997.6,931.7,30.3167,78.0333,682.0,INM00042111,DEHRADUN,997.6,sea_level_pressure
2023-06-17 06:00:00,34.2,57.0,1000.9,,28.5845,77.2058,214.9,INI0000VIDD,SAFDARJUNG,1000.9,sea_level_pressure
2023-06-17 06:00:00,27.6,92.0,997.3,,26.2511,73.0489,218.5,INI0000VIJO,JODHPUR,997.3,sea_level_pressure
2023-06-17 06:00:00,36.5,34.0,997.8,932.7,30.3167,78.0333,682.0,INM00042111,DEHRADUN,997.8,sea_level_pressure
2023-06-17 09:00:00,37.8,47.0,998.5,,28.5845,77.2058,214.9,INI0000VIDD,SAFDARJUNG,998.5,sea_level_pressure
2023-06-17 09:00:00,26.5,60.0,995.1,,26.2511,73.0489,218.5,INI0000VIJO,JODHPUR,995.1,sea_level_pressure
2023-06-17 09:00:00,37.8,33.0,995.4,930.7,30.3167,78.0333,682.0,INM00042111,DEHRADUN,995.4,sea_level_pressure
2023-06-17 12:00:00,37.6,51.0,996.4,,28.5845,77.2058,214.9,INI0000VIDD,SAFDARJUNG,996.4,sea_level_pressure
2023-06-17 12:00:00,26.6,97.0,992.8,,26.2511,73.0489,218.5,INI0000VIJO,JODHPUR,992.8,sea_level_pressure
2023-06-17 12:00:00,35.6,43.0,994.3,929.3,30.3167,78.0333,682.0,INM00042111,DEHRADUN,994.3,sea_level_pressure
2023-06-17 15:00:00,32.6,65.0,998.9,,28.5845,77.2058,214.9,INI0000VIDD,SAFDARJUNG,998.9,sea_level_pressure
2023-06-17 15:00:00,26.2,98.0,993.2,,26.2511,73.0489,218.5,INI0000VIJO,JODHPUR,993.2,sea_level_pressure
2023-06-17 15:00:00,32.2,54.0,994.7,929.0,30.3167,78.0333,682.0,INM00042111,DEHRADUN,994.7,sea_level_pressure
2023-06-17 18:00:00,30.5,71.0,1000.6,,28.5845,77.2058,214.9,INI0000VIDD,SAFDARJUNG,1000.6,sea_level_pressure
2023-06-17 18:00:00,25.2,100.0,993.6,,26.2511,73.0489,218.5,INI0000VIJO,JODHPUR,993.6,sea_level_pressure
2023-06-17 18:00:00,29.0,59.0,997.7,931.0,30.3167,78.0333,682.0,INM00042111,DEHRADUN,997.7,sea_level_pressure
2023-06-17 21:00:00,28.8,76.0,1000.1,,28.5845,77.2058,214.9,INI0000VIDD,SAFDARJUNG,1000.1,sea_level_pressure
2023-06-17 21:00:00,25.0,100.0,991.1,,26.2511,73.0489,218.5,INI0000VIJO,JODHPUR,991.1,sea_level_pressure
2023-06-17 21:00:00,,,,,,,,INM00042111,DEHRADUN,,sea_level_pressure
2023-06-18 00:00:00,29.6,71.0,1000.0,,28.5845,77.2058,214.9,INI0000VIDD,SAFDARJUNG,1000.0,sea_level_pressure
2023-06-18 00:00:00,25.0,100.0,991.4,,26.2511,73.0489,218.5,INI0000VIJO,JODHPUR,991.4,sea_level_pressure
2023-06-18 00:00:00,26.5,84.0,998.1,931.0,30.3167,78.0333,682.0,INM00042111,DEHRADUN,998.1,sea_level_pressure
2023-06-18 03:00:00,32.2,69.0,1002.1,,28.5845,77.2058,214.9,INI0000VIDD,SAFDARJUNG,1002.1,sea_level_pressure
2023-06-18 03:00:00,25.7,99.0,995.9,,26.2511,73.0489,218.5,INI0000VIJO,JODHPUR,995.9,sea_level_pressure
2023-06-18 03:00:00,26.8,83.0,1001.5,934.1,30.3167,78.0333,682.0,INM00042111,DEHRADUN,1001.5,sea_level_pressure
2023-06-18 06:00:00,34.0,63.0,1000.8,,28.5845,77.2058,214.9,INI0000VIDD,SAFDARJUNG,1000.8,sea_level_pressure
2023-06-18 06:00:00,26.7,99.0,997.6,,26.2511,73.0489,218.5,INI0000VIJO,JODHPUR,997.6,sea_level_pressure
2023-06-18 06:00:00,28.6,75.0,1000.5,933.5,30.3167,78.0333,682.0,INM00042111,DEHRADUN,1000.5,sea_level_pressure
2023-06-18 09:00:00,36.0,57.0,998.0,,28.5845,77.2058,214.9,INI0000VIDD,SAFDARJUNG,998.0,sea_level_pressure
2023-06-18 09:00:00,27.7,99.0,997.4,,26.2511,73.0489,218.5,INI0000VIJO,JODHPUR,997.4,sea_level_pressure
2023-06-18 09:00:00,32.6,55.0,997.6,931.7,30.3167,78.0333,682.0,INM00042111,DEHRADUN,997.6,sea_level_pressure
2023-06-18 12:00:00,34.6,54.0,997.4,,28.5845,77.2058,214.9,INI0000VIDD,SAFDARJUNG,997.4,sea_level_pressure
2023-06-18 12:00:00,27.2,92.0,997.6,,26.2511,73.0489,218.5,INI0000VIJO,JODHPUR,997.6,sea_level_pressure
2023-06-18 12:00:00,35.4,38.0,995.1,930.0,30.3167,78.0333,682.0,INM00042111,DEHRADUN,995.1,sea_level_pressure
2023-06-18 15:00:00,32.8,62.0,997.7,,28.5845,77.2058,214.9,INI0000VIDD,SAFDARJUNG,997.7,sea_level_pressure
2023-06-18 15:00:00,26.2,95.0,998.4,,26.2511,73.0489,218.5,INI0000VIJO,JODHPUR,998.4,sea_level_pressure
2023-06-18 15:00:00,29.8,58.0,996.5,930.0,30.3167,78.0333,682.0,INM00042111,DEHRADUN,996.5,sea_level_pressure
2023-06-18 18:00:00,31.2,67.0,998.6,,28.5845,77.2058,214.9,INI0000VIDD,SAFDARJUNG,998.6,sea_level_pressure
2023-06-18 18:00:00,26.2,98.0,1000.6,,26.2511,73.0489,218.5,INI0000VIJO,JODHPUR,1000.6,sea_level_pressure
2023-06-18 18:00:00,28.0,62.0,998.0,931.0,30.3167,78.0333,682.0,INM00042111,DEHRADUN,998.0,sea_level_pressure
2023-06-18 21:00:00,30.0,69.0,997.6,,28.5845,77.2058,214.9,INI0000VIDD,SAFDARJUNG,997.6,sea_level_pressure
2023-06-18 21:00:00,26.5,98.0,999.8,,26.2511,73.0489,218.5,INI0000VIJO,JODHPUR,999.8,sea_level_pressure
2023-06-18 21:00:00,,,,,,,,INM00042111,DEHRADUN,,sea_level_pressure
2023-06-19 00:00:00,28.6,72.0,998.3,,28.5845,77.2058,214.9,INI0000VIDD,SAFDARJUNG,998.3,sea_level_pressure
2023-06-19 00:00:00,26.2,97.0,999.6,,26.2511,73.0489,218.5,INI0000VIJO,JODHPUR,999.6,sea_level_pressure
2023-06-19 00:00:00,25.5,76.0,998.9,931.5,30.3167,78.0333,682.0,INM00042111,DEHRADUN,998.9,sea_level_pressure
2023-06-19 03:00:00,27.2,97.0,1000.0,,28.5845,77.2058,214.9,INI0000VIDD,SAFDARJUNG,1000.0,sea_level_pressure
2023-06-19 03:00:00,27.6,92.0,1002.5,,26.2511,73.0489,218.5,INI0000VIJO,JODHPUR,1002.5,sea_level_pressure
2023-06-19 03:00:00,31.6,55.0,998.0,931.8,30.3167,78.0333,682.0,INM00042111,DEHRADUN,998.0,sea_level_pressure
2023-06-19 06:00:00,27.7,89.0,999.8,,28.5845,77.2058,214.9,INI0000VIDD,SAFDARJUNG,999.8,sea_level_pressure
2023-06-19 06:00:00,30.5,79.0,1002.0,,26.2511,73.0489,218.5,INI0000VIJO,JODHPUR,1002.0,sea_level_pressure
2023-06-19 06:00:00,36.5,39.0,996.2,931.0,30.3167,78.0333,682.0,INM00042111,DEHRADUN,996.2,sea_level_pressure
2023-06-19 09:00:00,33.4,64.0,997.2,,28.5845,77.2058,214.9,INI0000VIDD,SAFDARJUNG,997.2,sea_level_pressure
2023-06-19 09:00:00,32.7,75.0,1000.0,,26.2511,73.0489,218.5,INI0000VIJO,JODHPUR,1000.0,sea_level_pressure
2023-06-19 09:00:00,23.2,79.0,999.2,931.2,30.3167,78.0333,682.0,INM00042111,DEHRADUN,999.2,sea_level_pressure
2023-06-19 12:00:00,29.2,82.0,996.5,,28.5845,77.2058,214.9,INI0000VIDD,SAFDARJUNG,996.5,sea_level_pressure
2023-06-19 12:00:00,32.7,73.0,998.7,,26.2511,73.0489,218.5,INI0000VIJO,JODHPUR,998.7,sea_level_pressure
2023-06-19 12:00:00,27.2,80.0,996.3,929.4,30.3167,78.0333,682.0,INM00042111,DEHRADUN,996.3,sea_level_pressure
2023-06-19 15:00:00,29.0,85.0,997.1,,28.5845,77.2058,214.9,INI0000VIDD,SAFDARJUNG,997.1,sea_level_pressure
2023-06-19 15:00:00,30.7,77.0,999.3,,26.2511,73.0489,218.5,INI0000VIJO,JODHPUR,999.3,sea_level_pressure
2023-06-19 15:00:00,25.4,84.0,997.6,930.2,30.3167,78.0333,682.0,INM00042111,DEHRADUN,997.6,sea_level_pressure
2023-06-19 18:00:00,28.5,86.0,997.5,,28.5845,77.2058,214.9,INI0000VIDD,SAFDARJUNG,997.5,sea_level_pressure
2023-06-19 18:00:00,29.2,83.0,1000.4,,26.2511,73.0489,218.5,INI0000VIJO,JODHPUR,1000.4,sea_level_pressure
2023-06-19 18:00:00,24.5,87.0,998.8,931.2,30.3167,78.0333,682.0,INM00042111,DEHRADUN,998.8,sea_level_pressure
2023-06-19 21:00:00,27.6,87.0,997.1,,28.5845,77.2058,214.9,INI0000VIDD,SAFDARJUNG,997.1,sea_level_pressure
2023-06-19 21:00:00,28.0,87.0,999.5,,26.2511,73.0489,218.5,INI0000VIJO,JODHPUR,999.5,sea_level_pressure
2023-06-19 21:00:00,,,,,,,,INM00042111,DEHRADUN,,sea_level_pressure
2023-06-20 00:00:00,28.0,85.0,998.1,,28.5845,77.2058,214.9,INI0000VIDD,SAFDARJUNG,998.1,sea_level_pressure
2023-06-20 00:00:00,27.7,88.0,999.7,,26.2511,73.0489,218.5,INI0000VIJO,JODHPUR,999.7,sea_level_pressure
2023-06-20 00:00:00,25.0,86.0,997.0,929.5,30.3167,78.0333,682.0,INM00042111,DEHRADUN,997.0,sea_level_pressure
2023-06-20 03:00:00,30.2,81.0,999.9,,28.5845,77.2058,214.9,INI0000VIDD,SAFDARJUNG,999.9,sea_level_pressure
2023-06-20 03:00:00,28.6,76.0,1001.9,,26.2511,73.0489,218.5,INI0000VIJO,JODHPUR,1001.9,sea_level_pressure
2023-06-20 03:00:00,28.8,71.0,998.2,931.4,30.3167,78.0333,682.0,INM00042111,DEHRADUN,998.2,sea_level_pressure
2023-06-20 06:00:00,34.5,67.0,999.5,,28.5845,77.2058,214.9,INI0000VIDD,SAFDARJUNG,999.5,sea_level_pressure
2023-06-20 06:00:00,31.2,73.0,1001.6,,26.2511,73.0489,218.5,INI0000VIJO,JODHPUR,1001.6,sea_level_pressure
2023-06-20 06:00:00,36.5,41.0,996.7,931.6,30.3167,78.0333,682.0,INM00042111,DEHRADUN,996.7,sea_level_pressure
2023-06-20 09:00:00,37.6,49.0,997.5,,28.5845,77.2058,214.9,INI0000VIDD,SAFDARJUNG,997.5,sea_level_pressure
2023-06-20 09:00:00,33.5,64.0,1000.1,,26.2511,73.0489,218.5,INI0000VIJO,JODHPUR,1000.1,sea_level_pressure
2023-06-20 09:00:00,36.6,44.0,994.5,929.6,30.3167,78.0333,682.0,INM00042111,DEHRADUN,994.5,sea_level_pressure
2023-06-20 12:00:00,36.5,49.0,996.4,,28.5845,77.2058,214.9,INI0000VIDD,SAFDARJUNG,996.4,sea_level_pressure
2023-06-20 12:00:00,34.0,64.0,998.9,,26.2511,73.0489,218.5,INI0000VIJO,JODHPUR,998.9,sea_level_pressure
2023-06-20 12:00:00,28.6,78.0,996.2,929.5,30.3167,78.0333,682.0,INM00042111,DEHRADUN,996.2,sea_level_pressure
2023-06-20 15:00:00,31.4,72.0,997.7,,28.5845,77.2058,214.9,INI0000VIDD,SAFDARJUNG,997.7,sea_level_pressure
2023-06-20 15:00:00,31.6,68.0,999.7,,26.2511,73.0489,218.5,INI0000VIJO,JODHPUR,999.7,sea_level_pressure
2023-06-20 15:00:00,26.2,90.0,997.1,930.0,30.3167,78.0333,682.0,INM00042111,DEHRADUN,997.1,sea_level_pressure
2023-06-20 18:00:00,30.2,74.0,998.9,,28.5845,77.2058,214.9,INI0000VIDD,SAFDARJUNG,998.9,sea_level_pressure
2023-06-20 18:00:00,29.7,76.0,1001.4,,26.2511,73.0489,218.5,INI0000VIJO,JODHPUR,1001.4,sea_level_pressure
2023-06-20 18:00:00,26.2,90.0,997.1,930.0,30.3167,78.0333,682.0,INM00042111,DEHRADUN,997.1,sea_level_pressure
2023-06-20 21:00:00,29.4,78.0,998.8,,28.5845,77.2058,214.9,INI0000VIDD,SAFDARJUNG,998.8,sea_level_pressure
2023-06-20 21:00:00,28.7,81.0,1000.4,,26.2511,73.0489,218.5,INI0000VIJO,JODHPUR,1000.4,sea_level_pressure
2023-06-20 21:00:00,,,,,,,,INM00042111,DEHRADUN,,sea_level_pressure
2023-06-21 00:00:00,29.0,80.0,999.9,,28.5845,77.2058,214.9,INI0000VIDD,SAFDARJUNG,999.9,sea_level_pressure
2023-06-21 00:00:00,28.0,83.0,1001.6,,26.2511,73.0489,218.5,INI0000VIJO,JODHPUR,1001.6,sea_level_pressure
2023-06-21 00:00:00,25.5,95.0,997.6,930.2,30.3167,78.0333,682.0,INM00042111,DEHRADUN,997.6,sea_level_pressure
2023-06-21 03:00:00,29.2,85.0,1001.6,,28.5845,77.2058,214.9,INI0000VIDD,SAFDARJUNG,1001.6,sea_level_pressure
2023-06-21 03:00:00,28.6,80.0,1003.2,,26.2511,73.0489,218.5,INI0000VIJO,JODHPUR,1003.2,sea_level_pressure
2023-06-21 03:00:00,29.8,69.0,999.0,932.4,30.3167,78.0333,682.0,INM00042111,DEHRADUN,999.0,sea_level_pressure
2023-06-21 06:00:00,30.7,77.0,1001.2,,28.5845,77.2058,214.9,INI0000VIDD,SAFDARJUNG,1001.2,sea_level_pressure
2023-06-21 06:00:00,31.5,68.0,1002.8,,26.2511,73.0489,218.5,INI0000VIJO,JODHPUR,1002.8,sea_level_pressure
2023-06-21 06:00:00,33.2,59.0,998.8,933.0,30.3167,78.0333,682.0,INM00042111,DEHRADUN,998.8,sea_level_pressure
2023-06-21 09:00:00,36.2,57.0,998.5,,28.5845,77.2058,214.9,INI0000VIDD,SAFDARJUNG,998.5,sea_level_pressure
2023-06-21 09:00:00,34.0,63.0,1000.3,,26.2511,73.0489,218.5,INI0000VIJO,JODHPUR,1000.3,sea_level_pressure
2023-06-21 09:00:00,35.0,51.0,1000.7,935.0,30.3167,78.0333,682.0,INM00042111,DEHRADUN,1000.7,sea_level_pressure
2023-06-21 12:00:00,36.6,57.0,996.3,,28.5845,77.2058,214.9,INI0000VIDD,SAFDARJUNG,996.3,sea_level_pressure
2023-06-21 12:00:00,34.7,60.0,998.8,,26.2511,73.0489,218.5,INI0000VIJO,JODHPUR,998.8,sea_level_pressure
2023-06-21 12:00:00,34.7,56.0,994.7,929.4,30.3167,78.0333,682.0,INM00042111,DEHRADUN,994.7,sea_level_pressure
2023-06-21 15:00:00,33.4,68.0,998.2,,28.5845,77.2058,214.9,INI0000VIDD,SAFDARJUNG,998.2,sea_level_pressure
2023-06-21 15:00:00,32.0,65.0,1000.3,,26.2511,73.0489,218.5,INI0000VIJO,JODHPUR,1000.3,sea_level_pressure
2023-06-21 15:00:00,30.8,71.0,996.6,930.4,30.3167,78.0333,682.0,INM00042111,DEHRADUN,996.6,sea_level_pressure
2023-06-21 18:00:00,30.7,72.0,999.8,,28.5845,77.2058,214.9,INI0000VIDD,SAFDARJUNG,999.8,sea_level_pressure
2023-06-21 18:00:00,30.5,69.0,1001.3,,26.2511,73.0489,218.5,INI0000VIJO,JODHPUR,1001.3,sea_level_pressure
2023-06-21 18:00:00,29.0,78.0,999.1,932.3,30.3167,78.0333,682.0,INM00042111,DEHRADUN,999.1,sea_level_pressure
2023-06-21 21:00:00,29.5,75.0,999.5,,28.5845,77.2058,214.9,INI0000VIDD,SAFDARJUNG,999.5,sea_level_pressure
2023-06-21 21:00:00,29.2,72.0,1001.3,,26.2511,73.0489,218.5,INI0000VIJO,JODHPUR,1001.3,sea_level_pressure
2023-06-21 21:00:00,28.5,83.0,998.7,931.9,30.3167,78.0333,682.0,INM00042111,DEHRADUN,998.7,sea_level_pressure
2023-06-22 00:00:00,28.7,93.0,999.6,,28.5845,77.2058,214.9,INI0000VIDD,SAFDARJUNG,999.6,sea_level_pressure
2023-06-22 00:00:00,28.5,83.0,1001.7,,26.2511,73.0489,218.5,INI0000VIJO,JODHPUR,1001.7,sea_level_pressure
2023-06-22 00:00:00,27.7,90.0,998.4,931.6,30.3167,78.0333,682.0,INM00042111,DEHRADUN,998.4,sea_level_pressure
2023-06-22 03:00:00,29.6,92.0,1001.8,,28.5845,77.2058,214.9,INI0000VIDD,SAFDARJUNG,1001.8,sea_level_pressure
2023-06-22 03:00:00,29.5,80.0,1003.9,,26.2511,73.0489,218.5,INI0000VIJO,JODHPUR,1003.9,sea_level_pressure
2023-06-22 03:00:00,26.4,92.0,1001.0,933.6,30.3167,78.0333,682.0,INM00042111,DEHRADUN,1001.0,sea_level_pressure
2023-06-22 06:00:00,32.5,69.0,1001.4,,28.5845,77.2058,214.9,INI0000VIDD,SAFDARJUNG,1001.4,sea_level_pressure
2023-06-22 06:00:00,32.2,63.0,1003.1,,26.2511,73.0489,218.5,INI0000VIJO,JODHPUR,1003.1,sea_level_pressure
2023-06-22 06:00:00,25.5,93.0,1002.3,934.6,30.3167,78.0333,682.0,INM00042111,DEHRADUN,1002.3,sea_level_pressure
2023-06-22 09:00:00,36.8,54.0,998.6,,28.5845,77.2058,214.9,INI0000VIDD,SAFDARJUNG,998.6,sea_level_pressure
2023-06-22 09:00:00,34.6,59.0,1001.2,,26.2511,73.0489,218.5,INI0000VIJO,JODHPUR,1001.2,sea_level_pressure
2023-06-22 09:00:00,28.4,81.0,998.9,932.1,30.3167,78.0333,682.0,INM00042111,DEHRADUN,998.9,sea_level_pressure
2023-06-22 12:00:00,36.5,57.0,996.6,,28.5845,77.2058,214.9,INI0000VIDD,SAFDARJUNG,996.6,sea_level_pressure
2023-06-22 12:00:00,35.0,59.0,999.2,,26.2511,73.0489,218.5,INI0000VIJO,JODHPUR,999.2,sea_level_pressure
2023-06-22 12:00:00,32.7,62.0,995.8,930.0,30.3167,78.0333,682.0,INM00042111,DEHRADUN,995.8,sea_level_pressure
2023-06-22 15:00:00,34.0,63.0,997.3,,28.5845,77.2058,214.9,INI0000VIDD,SAFDARJUNG,997.3,sea_level_pressure
2023-06-22 15:00:00,32.7,62.0,999.9,,26.2511,73.0489,218.5,INI0000VIJO,JODHPUR,999.9,sea_level_pressure
2023-06-22 15:00:00,30.2,82.0,996.2,930.0,30.3167,78.0333,682.0,INM00042111,DEHRADUN,996.2,sea_level_pressure
2023-06-22 18:00:00,33.6,63.0,998.5,,28.5845,77.2058,214.9,INI0000VIDD,SAFDARJUNG,998.5,sea_level_pressure
2023-06-22 18:00:00,30.7,68.0,1001.8,,26.2511,73.0489,218.5,INI0000VIJO,JODHPUR,1001.8,sea_level_pressure
2023-06-22 18:00:00,,,,,,,,INM00042111,DEHRADUN,,sea_level_pressure
2023-06-22 21:00:00,32.4,69.0,997.9,,28.5845,77.2058,214.9,INI0000VIDD,SAFDARJUNG,997.9,sea_level_pressure
2023-06-22 21:00:00,29.2,75.0,1000.9,,26.2511,73.0489,218.5,INI0000VIJO,JODHPUR,1000.9,sea_level_pressure
2023-06-22 21:00:00,,,,,,,,INM00042111,DEHRADUN,,sea_level_pressure
2023-06-23 00:00:00,28.5,92.0,998.7,,28.5845,77.2058,214.9,INI0000VIDD,SAFDARJUNG,998.7,sea_level_pressure
2023-06-23 00:00:00,28.6,78.0,1001.1,,26.2511,73.0489,218.5,INI0000VIJO,JODHPUR,1001.1,sea_level_pressure
2023-06-23 00:00:00,25.6,98.0,999.5,932.0,30.3167,78.0333,682.0,INM00042111,DEHRADUN,999.5,sea_level_pressure
2023-06-23 03:00:00,31.6,74.0,1000.2,,28.5845,77.2058,214.9,INI0000VIDD,SAFDARJUNG,1000.2,sea_level_pressure
2023-06-23 03:00:00,30.2,76.0,1002.9,,26.2511,73.0489,218.5,INI0000VIJO,JODHPUR,1002.9,sea_level_pressure
2023-06-23 03:00:00,27.6,89.0,1000.3,933.1,30.3167,78.0333,682.0,INM00042111,DEHRADUN,1000.3,sea_level_pressure
2023-06-23 06:00:00,35.2,58.0,1001.5,,28.5845,77.2058,214.9,INI0000VIDD,SAFDARJUNG,1001.5,sea_level_pressure
2023-06-23 06:00:00,33.0,61.0,1002.5,,26.2511,73.0489,218.5,INI0000VIJO,JODHPUR,1002.5,sea_level_pressure
2023-06-23 06:00:00,27.7,90.0,1002.0,934.8,30.3167,78.0333,682.0,INM00042111,DEHRADUN,1002.0,sea_level_pressure
2023-06-23 09:00:00,37.0,53.0,998.5,,28.5845,77.2058,214.9,INI0000VIDD,SAFDARJUNG,998.5,sea_level_pressure
2023-06-23 09:00:00,35.5,57.0,1000.7,,26.2511,73.0489,218.5,INI0000VIJO,JODHPUR,1000.7,sea_level_pressure
2023-06-23 09:00:00,30.0,77.0,999.2,932.6,30.3167,78.0333,682.0,INM00042111,DEHRADUN,999.2,sea_level_pressure
2023-06-23 12:00:00,35.7,62.0,996.5,,28.5845,77.2058,214.9,INI0000VIDD,SAFDARJUNG,996.5,sea_level_pressure
2023-06-23 12:00:00,36.5,50.0,998.4,,26.2511,73.0489,218.5,INI0000VIJO,JODHPUR,998.4,sea_level_pressure
2023-06-23 12:00:00,30.7,77.0,996.6,930.4,30.3167,78.0333,682.0,INM00042111,DEHRADUN,996.6,sea_level_pressure
2023-06-23 15:00:00,34.0,67.0,997.8,,28.5845,77.2058,214.9,INI0000VIDD,SAFDARJUNG,997.8,sea_level_pressure
2023-06-23 15:00:00,33.2,59.0,1000.0,,26.2511,73.0489,218.5,INI0000VIJO,JODHPUR,1000.0,sea_level_pressure
2023-06-23 15:00:00,29.0,84.0,998.1,931.3,30.3167,78.0333,682.0,INM00042111,DEHRADUN,998.1,sea_level_pressure
2023-06-23 18:00:00,32.2,75.0,998.1,,28.5845,77.2058,214.9,INI0000VIDD,SAFDARJUNG,998.1,sea_level_pressure
2023-06-23 18:00:00,31.5,67.0,1000.9,,26.2511,73.0489,218.5,INI0000VIJO,JODHPUR,1000.9,sea_level_pressure
2023-06-23 18:00:00,28.0,85.0,999.1,932.0,30.3167,78.0333,682.0,INM00042111,DEHRADUN,999.1,sea_level_pressure
2023-06-23 21:00:00,31.2,81.0,998.4,,28.5845,77.2058,214.9,INI0000VIDD,SAFDARJUNG,998.4,sea_level_pressure
2023-06-23 21:00:00,30.2,72.0,1000.6,,26.2511,73.0489,218.5,INI0000VIJO,JODHPUR,1000.6,sea_level_pressure
2023-06-23 21:00:00,27.6,88.0,998.5,931.5,30.3167,78.0333,682.0,INM00042111,DEHRADUN,998.5,sea_level_pressure
2023-06-24 00:00:00,31.2,81.0,998.5,,28.5845,77.2058,214.9,INI0000VIDD,SAFDARJUNG,998.5,sea_level_pressure
2023-06-24 00:00:00,29.2,75.0,999.9,,26.2511,73.0489,218.5,INI0000VIJO,JODHPUR,999.9,sea_level_pressure
2023-06-24 00:00:00,26.6,92.0,999.1,931.8,30.3167,78.0333,682.0,INM00042111,DEHRADUN,999.1,sea_level_pressure
2023-06-24 03:00:00,32.4,69.0,999.8,,28.5845,77.2058,214.9,INI0000VIDD,SAFDARJUNG,999.8,sea_level_pressure
2023-06-24 03:00:00,30.6,74.0,1001.6,,26.2511,73.0489,218.5,INI0000VIJO,JODHPUR,1001.6,sea_level_pressure
2023-06-24 03:00:00,25.6,97.0,1000.0,932.5,30.3167,78.0333,682.0,INM00042111,DEHRADUN,1000.0,sea_level_pressure
2023-06-24 06:00:00,36.6,52.0,999.4,,28.5845,77.2058,214.9,INI0000VIDD,SAFDARJUNG,999.4,sea_level_pressure
2023-06-24 06:00:00,33.7,57.0,1001.0,,26.2511,73.0489,218.5,INI0000VIJO,JODHPUR,1001.0,sea_level_pressure
2023-06-24 06:00:00,26.0,95.0,1000.5,933.1,30.3167,78.0333,682.0,INM00042111,DEHRADUN,1000.5,sea_level_pressure
2023-06-24 09:00:00,35.4,64.0,998.0,,28.5845,77.2058,214.9,INI0000VIDD,SAFDARJUNG,998.0,sea_level_pressure
2023-06-24 09:00:00,37.7,46.0,998.7,,26.2511,73.0489,218.5,INI0000VIJO,JODHPUR,998.7,sea_level_pressure
2023-06-24 09:00:00,28.2,88.0,997.9,931.2,30.3167,78.0333,682.0,INM00042111,DEHRADUN,997.9,sea_level_pressure
2023-06-24 12:00:00,32.7,66.0,996.4,,28.5845,77.2058,214.9,INI0000VIDD,SAFDARJUNG,996.4,sea_level_pressure
2023-06-24 12:00:00,37.2,50.0,996.8,,26.2511,73.0489,218.5,INI0000VIJO,JODHPUR,996.8,sea_level_pressure
2023-06-24 12:00:00,28.7,81.0,996.7,930.0,30.3167,78.0333,682.0,INM00042111,DEHRADUN,996.7,sea_level_pressure
2023-06-24 15:00:00,30.6,73.0,997.8,,28.5845,77.2058,214.9,INI0000VIDD,SAFDARJUNG,997.8,sea_level_pressure
2023-06-24 15:00:00,34.2,58.0,998.2,,26.2511,73.0489,218.5,INI0000VIJO,JODHPUR,998.2,sea_level_pressure
2023-06-24 15:00:00,27.2,86.0,998.0,931.0,30.3167,78.0333,682.0,INM00042111,DEHRADUN,998.0,sea_level_pressure
2023-06-24 18:00:00,30.0,78.0,999.7,,28.5845,77.2058,214.9,INI0000VIDD,SAFDARJUNG,999.7,sea_level_pressure
2023-06-24 18:00:00,32.8,59.0,1000.1,,26.2511,73.0489,218.5,INI0000VIJO,JODHPUR,1000.1,sea_level_pressure
2023-06-24 18:00:00,27.0,89.0,999.7,932.4,30.3167,78.0333,682.0,INM00042111,DEHRADUN,999.7,sea_level_pressure
2023-06-24 21:00:00,29.4,81.0,999.1,,28.5845,77.2058,214.9,INI0000VIDD,SAFDARJUNG,999.1,sea_level_pressure
2023-06-24 21:00:00,28.6,78.0,1000.5,,26.2511,73.0489,218.5,INI0000VIJO,JODHPUR,1000.5,sea_level_pressure
2023-06-24 21:00:00,26.6,92.0,998.5,931.3,30.3167,78.0333,682.0,INM00042111,DEHRADUN,998.5,sea_level_pressure
2023-06-25 00:00:00,25.2,100.0,1000.5,,28.5845,77.2058,214.9,INI0000VIDD,SAFDARJUNG,1000.5,sea_level_pressure
2023-06-25 00:00:00,26.4,94.0,999.8,,26.2511,73.0489,218.5,INI0000VIJO,JODHPUR,999.8,sea_level_pressure
2023-06-25 00:00:00,24.8,94.0,998.0,930.4,30.3167,78.0333,682.0,INM00042111,DEHRADUN,998.0,sea_level_pressure
2023-06-25 03:00:00,24.6,100.0,1002.2,,28.5845,77.2058,214.9,INI0000VIDD,SAFDARJUNG,1002.2,sea_level_pressure
2023-06-25 03:00:00,27.0,92.0,1000.7,,26.2511,73.0489,218.5,INI0000VIJO,JODHPUR,1000.7,sea_level_pressure
2023-06-25 03:00:00,23.8,98.0,1001.5,933.4,30.3167,78.0333,682.0,INM00042111,DEHRADUN,1001.5,sea_level_pressure
2023-06-25 06:00:00,25.4,100.0,1002.6,,28.5845,77.2058,214.9,INI0000VIDD,SAFDARJUNG,1002.6,sea_level_pressure
2023-06-25 06:00:00,31.6,78.0,1000.6,,26.2511,73.0489,218.5,INI0000VIJO,JODHPUR,1000.6,sea_level_pressure
2023-06-25 06:00:00,23.8,98.0,1002.7,934.6,30.3167,78.0333,682.0,INM00042111,DEHRADUN,1002.7,sea_level_pressure
2023-06-25 09:00:00,25.4,98.0,1001.5,,28.5845,77.2058,214.9,INI0000VIDD,SAFDARJUNG,1001.5,sea_level_pressure
2023-06-25 09:00:00,33.8,70.0,999.1,,26.2511,73.0489,218.5,INI0000VIJO,JODHPUR,999.1,sea_level_pressure
2023-06-25 09:00:00,24.0,95.0,1002.6,934.5,30.3167,78.0333,682.0,INM00042111,DEHRADUN,1002.6,sea_level_pressure
2023-06-25 12:00:00,28.6,88.0,998.9,,28.5845,77.2058,214.9,INI0000VIDD,SAFDARJUNG,998.9,sea_level_pressure
2023-06-25 12:00:00,32.8,68.0,997.9,,26.2511,73.0489,218.5,INI0000VIJO,JODHPUR,997.9,sea_level_pressure
2023-06-25 12:00:00,25.4,94.0,999.7,932.2,30.3167,78.0333,682.0,INM00042111,DEHRADUN,999.7,sea_level_pressure
2023-06-25 15:00:00,27.2,92.0,1000.0,,28.5845,77.2058,214.9,INI0000VIDD,SAFDARJUNG,1000.0,sea_level_pressure
2023-06-25 15:00:00,30.0,74.0,999.2,,26.2511,73.0489,218.5,INI0000VIJO,JODHPUR,999.2,sea_level_pressure
2023-06-25 15:00:00,24.0,96.0,998.9,931.0,30.3167,78.0333,682.0,INM00042111,DEHRADUN,998.9,sea_level_pressure
2023-06-25 18:00:00,27.0,94.0,1002.1,,28.5845,77.2058,214.9,INI0000VIDD,SAFDARJUNG,1002.1,sea_level_pressure
2023-06-25 18:00:00,29.6,81.0,1001.4,,26.2511,73.0489,218.5,INI0000VIJO,JODHPUR,1001.4,sea_level_pressure
2023-06-25 18:00:00,23.6,95.0,1002.3,934.2,30.3167,78.0333,682.0,INM00042111,DEHRADUN,1002.3,sea_level_pressure
2023-06-25 21:00:00,,,,,,,,INI0000VIDD,SAFDARJUNG,,sea_level_pressure
2023-06-25 21:00:00,,,,,,,,INI0000VIJO,JODHPUR,,sea_level_pressure
2023-06-25 21:00:00,,,,,,,,INM00042111,DEHRADUN,,sea_level_pressure
2023-06-26 00:00:00,26.6,97.0,1000.9,,28.5845,77.2058,214.9,INI0000VIDD,SAFDARJUNG,1000.9,sea_level_pressure
2023-06-26 00:00:00,28.5,86.0,999.5,,26.2511,73.0489,218.5,INI0000VIJO,JODHPUR,999.5,sea_level_pressure
2023-06-26 00:00:00,24.2,95.0,1000.7,932.9,30.3167,78.0333,682.0,INM00042111,DEHRADUN,1000.7,sea_level_pressure
2023-06-26 03:00:00,28.6,89.0,1001.9,,28.5845,77.2058,214.9,INI0000VIDD,SAFDARJUNG,1001.9,sea_level_pressure
2023-06-26 03:00:00,29.0,86.0,1001.1,,26.2511,73.0489,218.5,INI0000VIJO,JODHPUR,1001.1,sea_level_pressure
2023-06-26 03:00:00,25.2,92.0,1001.3,933.6,30.3167,78.0333,682.0,INM00042111,DEHRADUN,1001.3,sea_level_pressure
2023-06-26 06:00:00,31.5,76.0,1002.6,,28.5845,77.2058,214.9,INI0000VIDD,SAFDARJUNG,1002.6,sea_level_pressure
2023-06-26 06:00:00,31.7,75.0,1002.2,,26.2511,73.0489,218.5,INI0000VIJO,JODHPUR,1002.2,sea_level_pressure
2023-06-26 06:00:00,26.6,86.0,1002.8,935.2,30.3167,78.0333,682.0,INM00042111,DEHRADUN,1002.8,sea_level_pressure
2023-06-26 09:00:00,32.2,69.0,1000.6,,28.5845,77.2058,214.9,INI0000VIDD,SAFDARJUNG,1000.6,sea_level_pressure
2023-06-26 09:00:00,35.0,63.0,999.6,,26.2511,73.0489,218.5,INI0000VIJO,JODHPUR,999.6,sea_level_pressure
2023-06-26 09:00:00,25.6,87.0,1001.8,934.1,30.3167,78.0333,682.0,INM00042111,DEHRADUN,1001.8,sea_level_pressure
2023-06-26 12:00:00,30.6,77.0,998.4,,28.5845,77.2058,214.9,INI0000VIDD,SAFDARJUNG,998.4,sea_level_pressure
2023-06-26 12:00:00,25.7,99.0,999.7,,26.2511,73.0489,218.5,INI0000VIJO,JODHPUR,999.7,sea_level_pressure
2023-06-26 12:00:00,28.2,84.0,997.2,930.5,30.3167,78.0333,682.0,INM00042111,DEHRADUN,997.2,sea_level_pressure
2023-06-26 15:00:00,30.4,70.0,999.5,,28.5845,77.2058,214.9,INI0000VIDD,SAFDARJUNG,999.5,sea_level_pressure
2023-06-26 15:00:00,26.2,94.0,1000.8,,26.2511,73.0489,218.5,INI0000VIJO,JODHPUR,1000.8,sea_level_pressure
2023-06-26 15:00:00,26.4,86.0,999.2,931.9,30.3167,78.0333,682.0,INM00042111,DEHRADUN,999.2,sea_level_pressure
2023-06-26 18:00:00,28.6,78.0,1001.3,,28.5845,77.2058,214.9,INI0000VIDD,SAFDARJUNG,1001.3,sea_level_pressure
2023-06-26 18:00:00,26.7,96.0,1001.6,,26.2511,73.0489,218.5,INI0000VIJO,JODHPUR,1001.6,sea_level_pressure
2023-06-26 18:00:00,25.0,92.0,1001.8,933.9,30.3167,78.0333,682.0,INM00042111,DEHRADUN,1001.8,sea_level_pressure
2023-06-26 21:00:00,27.8,78.0,1000.1,,28.5845,77.2058,214.9,INI0000VIDD,SAFDARJUNG,1000.1,sea_level_pressure
2023-06-26 21:00:00,27.2,94.0,1000.8,,26.2511,73.0489,218.5,INI0000VIJO,JODHPUR,1000.8,sea_level_pressure
2023-06-26 21:00:00,24.6,92.0,1000.4,932.6,30.3167,78.0333,682.0,INM00042111,DEHRADUN,1000.4,sea_level_pressure
2023-06-27 00:00:00,25.7,100.0,1000.1,,28.5845,77.2058,214.9,INI0000VIDD,SAFDARJUNG,1000.1,sea_level_pressure
2023-06-27 00:00:00,27.5,98.0,1000.4,,26.2511,73.0489,218.5,INI0000VIJO,JODHPUR,1000.4,sea_level_pressure
2023-06-27 00:00:00,25.2,92.0,999.1,931.6,30.3167,78.0333,682.0,INM00042111,DEHRADUN,999.1,sea_level_pressure
2023-06-27 03:00:00,26.4,97.0,1000.6,,28.5845,77.2058,214.9,INI0000VIDD,SAFDARJUNG,1000.6,sea_level_pressure
2023-06-27 03:00:00,28.5,90.0,1000.8,,26.2511,73.0489,218.5,INI0000VIJO,JODHPUR,1000.8,sea_level_pressure
2023-06-27 03:00:00,26.8,89.0,999.5,932.2,30.3167,78.0333,682.0,INM00042111,DEHRADUN,999.5,sea_level_pressure
2023-06-27 06:00:00,31.6,76.0,1000.8,,28.5845,77.2058,214.9,INI0000VIDD,SAFDARJUNG,1000.8,sea_level_pressure
2023-06-27 06:00:00,31.2,80.0,1001.8,,26.2511,73.0489,218.5,INI0000VIJO,JODHPUR,1001.8,sea_level_pressure
2023-06-27 06:00:00,30.6,66.0,999.7,933.2,30.3167,78.0333,682.0,INM00042111,DEHRADUN,999.7,sea_level_pressure
2023-06-27 09:00:00,33.4,67.0,999.0,,28.5845,77.2058,214.9,INI0000VIDD,SAFDARJUNG,999.0,sea_level_pressure
2023-06-27 09:00:00,34.0,68.0,999.1,,26.2511,73.0489,218.5,INI0000VIJO,JODHPUR,999.1,sea_level_pressure
2023-06-27 09:00:00,29.0,73.0,999.4,932.6,30.3167,78.0333,682.0,INM00042111,DEHRADUN,999.4,sea_level_pressure
2023-06-27 12:00:00,32.0,79.0,997.6,,28.5845,77.2058,214.9,INI0000VIDD,SAFDARJUNG,997.6,sea_level_pressure
2023-06-27 12:00:00,32.2,71.0,999.3,,26.2511,73.0489,218.5,INI0000VIJO,JODHPUR,999.3,sea_level_pressure
2023-06-27 12:00:00,25.0,87.0,1000.6,932.8,30.3167,78.0333,682.0,INM00042111,DEHRADUN,1000.6,sea_level_pressure
2023-06-27 15:00:00,30.6,83.0,998.8,,28.5845,77.2058,214.9,INI0000VIDD,SAFDARJUNG,998.8,sea_level_pressure
2023-06-27 15:00:00,29.0,85.0,999.3,,26.2511,73.0489,218.5,INI0000VIJO,JODHPUR,999.3,sea_level_pressure
2023-06-27 15:00:00,24.8,90.0,999.9,932.1,30.3167,78.0333,682.0,INM00042111,DEHRADUN,999.9,sea_level_pressure
2023-06-27 18:00:00,29.6,88.0,1001.1,,28.5845,77.2058,214.9,INI0000VIDD,SAFDARJUNG,1001.1,sea_level_pressure
2023-06-27 18:00:00,28.2,85.0,1001.5,,26.2511,73.0489,218.5,INI0000VIJO,JODHPUR,1001.5,sea_level_pressure
2023-06-27 18:00:00,24.7,93.0,1002.1,934.2,30.3167,78.0333,682.0,INM00042111,DEHRADUN,1002.1,sea_level_pressure
2023-06-27 21:00:00,28.6,89.0,1000.5,,28.5845,77.2058,214.9,INI0000VIDD,SAFDARJUNG,1000.5,sea_level_pressure
2023-06-27 21:00:00,27.6,84.0,1001.1,,26.2511,73.0489,218.5,INI0000VIJO,JODHPUR,1001.1,sea_level_pressure
2023-06-27 21:00:00,24.5,91.0,1001.4,933.5,30.3167,78.0333,682.0,INM00042111,DEHRADUN,1001.4,sea_level_pressure
2023-06-28 00:00:00,28.0,89.0,1000.7,,28.5845,77.2058,214.9,INI0000VIDD,SAFDARJUNG,1000.7,sea_level_pressure
2023-06-28 00:00:00,27.5,93.0,1000.6,,26.2511,73.0489,218.5,INI0000VIJO,JODHPUR,1000.6,sea_level_pressure
2023-06-28 00:00:00,24.5,91.0,1000.8,933.0,30.3167,78.0333,682.0,INM00042111,DEHRADUN,1000.8,sea_level_pressure
2023-06-28 03:00:00,30.4,81.0,1001.7,,28.5845,77.2058,214.9,INI0000VIDD,SAFDARJUNG,1001.7,sea_level_pressure
2023-06-28 03:00:00,28.6,91.0,1002.6,,26.2511,73.0489,218.5,INI0000VIJO,JODHPUR,1002.6,sea_level_pressure
2023-06-28 03:00:00,25.4,87.0,1002.9,935.1,30.3167,78.0333,682.0,INM00042111,DEHRADUN,1002.9,sea_level_pressure
2023-06-28 06:00:00,34.5,65.0,1001.8,,28.5845,77.2058,214.9,INI0000VIDD,SAFDARJUNG,1001.8,sea_level_pressure
2023-06-28 06:00:00,31.2,77.0,1002.7,,26.2511,73.0489,218.5,INI0000VIJO,JODHPUR,1002.7,sea_level_pressure
2023-06-28 06:00:00,25.6,92.0,1003.0,935.2,30.3167,78.0333,682.0,INM00042111,DEHRADUN,1003.0,sea_level_pressure
2023-06-28 09:00:00,35.4,60.0,999.8,,28.5845,77.2058,214.9,INI0000VIDD,SAFDARJUNG,999.8,sea_level_pressure
2023-06-28 09:00:00,32.5,76.0,1000.3,,26.2511,73.0489,218.5,INI0000VIJO,JODHPUR,1000.3,sea_level_pressure
2023-06-28 09:00:00,28.6,77.0,1001.1,934.1,30.3167,78.0333,682.0,INM00042111,DEHRADUN,1001.1,sea_level_pressure
2023-06-28 12:00:00,29.0,76.0,999.4,,28.5845,77.2058,214.9,INI0000VIDD,SAFDARJUNG,999.4,sea_level_pressure
2023-06-28 12:00:00,32.7,81.0,998.3,,26.2511,73.0489,218.5,INI0000VIJO,JODHPUR,998.3,sea_level_pressure
2023-06-28 12:00:00,30.7,72.0,997.8,931.4,30.3167,78.0333,682.0,INM00042111,DEHRADUN,997.8,sea_level_pressure
2023-06-28 15:00:00,29.6,88.0,1000.1,,28.5845,77.2058,214.9,INI0000VIDD,SAFDARJUNG,1000.1,sea_level_pressure
2023-06-28 15:00:00,31.5,78.0,999.8,,26.2511,73.0489,218.5,INI0000VIJO,JODHPUR,999.8,sea_level_pressure
2023-06-28 15:00:00,27.0,85.0,999.6,932.3,30.3167,78.0333,682.0,INM00042111,DEHRADUN,999.6,sea_level_pressure
2023-06-28 18:00:00,29.0,91.0,1001.7,,28.5845,77.2058,214.9,INI0000VIDD,SAFDARJUNG,1001.7,sea_level_pressure
2023-06-28 18:00:00,26.2,94.0,1001.9,,26.2511,73.0489,218.5,INI0000VIJO,JODHPUR,1001.9,sea_level_pressure
2023-06-28 18:00:00,25.6,87.0,1002.2,934.5,30.3167,78.0333,682.0,INM00042111,DEHRADUN,1002.2,sea_level_pressure
2023-06-28 21:00:00,28.2,91.0,1000.6,,28.5845,77.2058,214.9,INI0000VIDD,SAFDARJUNG,1000.6,sea_level_pressure
2023-06-28 21:00:00,27.0,98.0,1000.8,,26.2511,73.0489,218.5,INI0000VIJO,JODHPUR,1000.8,sea_level_pressure
2023-06-28 21:00:00,25.0,92.0,1001.0,933.1,30.3167,78.0333,682.0,INM00042111,DEHRADUN,1001.0,sea_level_pressure
2023-06-29 00:00:00,28.5,93.0,1000.7,,28.5845,77.2058,214.9,INI0000VIDD,SAFDARJUNG,1000.7,sea_level_pressure
2023-06-29 00:00:00,26.7,94.0,1000.5,,26.2511,73.0489,218.5,INI0000VIJO,JODHPUR,1000.5,sea_level_pressure
2023-06-29 00:00:00,24.7,95.0,1000.4,932.6,30.3167,78.0333,682.0,INM00042111,DEHRADUN,1000.4,sea_level_pressure
2023-06-29 03:00:00,24.6,100.0,1003.1,,28.5845,77.2058,214.9,INI0000VIDD,SAFDARJUNG,1003.1,sea_level_pressure
2023-06-29 03:00:00,28.6,86.0,1001.6,,26.2511,73.0489,218.5,INI0000VIJO,JODHPUR,1001.6,sea_level_pressure
2023-06-29 03:00:00,26.6,85.0,1000.9,933.5,30.3167,78.0333,682.0,INM00042111,DEHRADUN,1000.9,sea_level_pressure
2023-06-29 06:00:00,26.6,100.0,1002.1,,28.5845,77.2058,214.9,INI0000VIDD,SAFDARJUNG,1002.1,sea_level_pressure
2023-06-29 06:00:00,32.2,71.0,1001.3,,26.2511,73.0489,218.5,INI0000VIJO,JODHPUR,1001.3,sea_level_pressure
2023-06-29 06:00:00,27.5,83.0,1001.6,934.4,30.3167,78.0333,682.0,INM00042111,DEHRADUN,1001.6,sea_level_pressure
2023-06-29 09:00:00,32.2,74.0,998.4,,28.5845,77.2058,214.9,INI0000VIDD,SAFDARJUNG,998.4,sea_level_pressure
2023-06-29 09:00:00,34.2,68.0,998.0,,26.2511,73.0489,218.5,INI0000VIJO,JODHPUR,998.0,sea_level_pressure
2023-06-29 09:00:00,28.0,77.0,999.3,932.2,30.3167,78.0333,682.0,INM00042111,DEHRADUN,999.3,sea_level_pressure
2023-06-29 12:00:00,33.2,70.0,997.5,,28.5845,77.2058,214.9,INI0000VIDD,SAFDARJUNG,997.5,sea_level_pressure
2023-06-29 12:00:00,27.2,86.0,997.6,,26.2511,73.0489,218.5,INI0000VIJO,JODHPUR,997.6,sea_level_pressure
2023-06-29 12:00:00,30.5,70.0,995.4,929.2,30.3167,78.0333,682.0,INM00042111,DEHRADUN,995.4,sea_level_pressure
2023-06-29 15:00:00,,,,,,,,INI0000VIDD,SAFDARJUNG,,sea_level_pressure
2023-06-29 15:00:00,,,,,,,,INI0000VIJO,JODHPUR,,sea_level_pressure
2023-06-29 15:00:00,28.0,82.0,997.4,930.5,30.3167,78.0333,682.0,INM00042111,DEHRADUN,997.4,sea_level_pressure
2023-06-29 18:00:00,29.2,85.0,999.5,,28.5845,77.2058,214.9,INI0000VIDD,SAFDARJUNG,999.5,sea_level_pressure
2023-06-29 18:00:00,27.6,87.0,999.5,,26.2511,73.0489,218.5,INI0000VIJO,JODHPUR,999.5,sea_level_pressure
2023-06-29 18:00:00,26.0,92.0,999.3,931.8,30.3167,78.0333,682.0,INM00042111,DEHRADUN,999.3,sea_level_pressure
2023-06-29 21:00:00,28.4,88.0,998.7,,28.5845,77.2058,214.9,INI0000VIDD,SAFDARJUNG,998.7,sea_level_pressure
2023-06-29 21:00:00,27.0,86.0,999.0,,26.2511,73.0489,218.5,INI0000VIJO,JODHPUR,999.0,sea_level_pressure
2023-06-29 21:00:00,25.6,92.0,998.6,931.1,30.3167,78.0333,682.0,INM00042111,DEHRADUN,998.6,sea_level_pressure
2023-06-30 00:00:00,26.0,95.0,998.7,,28.5845,77.2058,214.9,INI0000VIDD,SAFDARJUNG,998.7,sea_level_pressure
2023-06-30 00:00:00,26.2,90.0,999.1,,26.2511,73.0489,218.5,INI0000VIJO,JODHPUR,999.1,sea_level_pressure
2023-06-30 00:00:00,25.2,95.0,998.5,931.0,30.3167,78.0333,682.0,INM00042111,DEHRADUN,998.5,sea_level_pressure
2023-06-30 03:00:00,27.8,92.0,999.6,,28.5845,77.2058,214.9,INI0000VIDD,SAFDARJUNG,999.6,sea_level_pressure
2023-06-30 03:00:00,27.0,89.0,1001.0,,26.2511,73.0489,218.5,INI0000VIJO,JODHPUR,1001.0,sea_level_pressure
2023-06-30 03:00:00,24.6,96.0,999.8,932.0,30.3167,78.0333,682.0,INM00042111,DEHRADUN,999.8,sea_level_pressure
2023-06-30 06:00:00,32.0,74.0,1000.1,,28.5845,77.2058,214.9,INI0000VIDD,SAFDARJUNG,1000.1,sea_level_pressure
2023-06-30 06:00:00,30.5,76.0,1001.2,,26.2511,73.0489,218.5,INI0000VIJO,JODHPUR,1001.2,sea_level_pressure
2023-06-30 06:00:00,29.6,71.0,998.7,932.1,30.3167,78.0333,682.0,INM00042111,DEHRADUN,998.7,sea_level_pressure
2023-06-30 09:00:00,28.4,91.0,997.6,,28.5845,77.2058,214.9,INI0000VIDD,SAFDARJUNG,997.6,sea_level_pressure
2023-06-30 09:00:00,33.7,63.0,998.5,,26.2511,73.0489,218.5,INI0000VIJO,JODHPUR,998.5,sea_level_pressure
2023-06-30 09:00:00,29.0,78.0,997.9,931.1,30.3167,78.0333,682.0,INM00042111,DEHRADUN,997.9,sea_level_pressure
2023-06-30 12:00:00,27.5,96.0,996.7,,28.5845,77.2058,214.9,INI0000VIDD,SAFDARJUNG,996.7,sea_level_pressure
2023-06-30 12:00:00,35.2,57.0,995.9,,26.2511,73.0489,218.5,INI0000VIJO,JODHPUR,995.9,sea_level_pressure
2023-06-30 12:00:00,28.5,82.0,995.8,929.1,30.3167,78.0333,682.0,INM00042111,DEHRADUN,995.8,sea_level_pressure
2023-06-30 15:00:00,27.2,95.0,997.9,,28.5845,77.2058,214.9,INI0000VIDD,SAFDARJUNG,997.9,sea_level_pressure
2023-06-30 15:00:00,32.5,72.0,997.7,,26.2511,73.0489,218.5,INI0000VIJO,JODHPUR,997.7,sea_level_pressure
2023-06-30 15:00:00,25.4,89.0,997.2,929.8,30.3167,78.0333,682.0,INM00042111,DEHRADUN,997.2,sea_level_pressure
2023-06-30 18:00:00,27.0,97.0,999.0,,28.5845,77.2058,214.9,INI0000VIDD,SAFDARJUNG,999.0,sea_level_pressure
2023-06-30 18:00:00,29.5,75.0,999.5,,26.2511,73.0489,218.5,INI0000VIJO,JODHPUR,999.5,sea_level_pressure
2023-06-30 18:00:00,25.0,92.0,999.0,931.2,30.3167,78.0333,682.0,INM00042111,DEHRADUN,999.0,sea_level_pressure
2023-06-30 21:00:00,25.6,98.0,998.2,,28.5845,77.2058,214.9,INI0000VIDD,SAFDARJUNG,998.2,sea_level_pressure
2023-06-30 21:00:00,28.5,81.0,997.7,,26.2511,73.0489,218.5,INI0000VIJO,JODHPUR,997.7,sea_level_pressure
2023-06-30 21:00:00,25.0,94.0,997.4,930.9,30.3167,78.0333,682.0,INM00042111,DEHRADUN,997.4,sea_level_pressure
2023-07-01 00:00:00,25.7,99.0,998.5,,28.5845,77.2058,214.9,INI0000VIDD,SAFDARJUNG,998.5,sea_level_pressure
2023-07-01 00:00:00,28.7,90.0,999.2,,26.2511,73.0489,218.5,INI0000VIJO,JODHPUR,999.2,sea_level_pressure
2023-07-01 00:00:00,24.6,92.0,997.8,930.2,30.3167,78.0333,682.0,INM00042111,DEHRADUN,997.8,sea_level_pressure
2023-07-01 03:00:00,28.0,89.0,999.8,,28.5845,77.2058,214.9,INI0000VIDD,SAFDARJUNG,999.8,sea_level_pressure
2023-07-01 03:00:00,30.2,81.0,1000.8,,26.2511,73.0489,218.5,INI0000VIJO,JODHPUR,1000.8,sea_level_pressure
2023-07-01 03:00:00,26.6,85.0,998.5,931.2,30.3167,78.0333,682.0,INM00042111,DEHRADUN,998.5,sea_level_pressure
2023-07-01 06:00:00,31.5,73.0,1000.6,,28.5845,77.2058,214.9,INI0000VIDD,SAFDARJUNG,1000.6,sea_level_pressure
2023-07-01 06:00:00,33.0,69.0,1001.1,,26.2511,73.0489,218.5,INI0000VIJO,JODHPUR,1001.1,sea_level_pressure
2023-07-01 06:00:00,31.5,60.0,997.6,931.4,30.3167,78.0333,682.0,INM00042111,DEHRADUN,997.6,sea_level_pressure
2023-07-01 09:00:00,33.7,66.0,998.8,,28.5845,77.2058,214.9,INI0000VIDD,SAFDARJUNG,998.8,sea_level_pressure
2023-07-01 09:00:00,35.6,63.0,999.4,,26.2511,73.0489,218.5,INI0000VIJO,JODHPUR,999.4,sea_level_pressure
2023-07-01 09:00:00,32.2,63.0,996.6,930.8,30.3167,78.0333,682.0,INM00042111,DEHRADUN,996.6,sea_level_pressure
2023-07-01 12:00:00,34.2,65.0,997.6,,28.5845,77.2058,214.9,INI0000VIDD,SAFDARJUNG,997.6,sea_level_pressure
2023-07-01 12:00:00,36.4,55.0,998.0,,26.2511,73.0489,218.5,INI0000VIJO,JODHPUR,998.0,sea_level_pressure
2023-07-01 12:00:00,24.6,95.0,998.8,931.1,30.3167,78.0333,682.0,INM00042111,DEHRADUN,998.8,sea_level_pressure
2023-07-01 15:00:00,30.6,77.0,999.2,,28.5845,77.2058,214.9,INI0000VIDD,SAFDARJUNG,999.2,sea_level_pressure
2023-07-01 15:00:00,33.0,67.0,999.9,,26.2511,73.0489,218.5,INI0000VIJO,JODHPUR,999.9,sea_level_pressure
2023-07-01 15:00:00,25.2,96.0,999.5,932.0,30.3167,78.0333,682.0,INM00042111,DEHRADUN,999.5,sea_level_pressure
2023-07-01 18:00:00,28.7,84.0,1001.9,,28.5845,77.2058,214.9,INI0000VIDD,SAFDARJUNG,1001.9,sea_level_pressure
2023-07-01 18:00:00,31.0,71.0,1001.3,,26.2511,73.0489,218.5,INI0000VIJO,JODHPUR,1001.3,sea_level_pressure
2023-07-01 18:00:00,25.2,96.0,999.5,932.0,30.3167,78.0333,682.0,INM00042111,DEHRADUN,999.5,sea_level_pressure
2023-07-01 21:00:00,27.6,92.0,1000.8,,28.5845,77.2058,214.9,INI0000VIDD,SAFDARJUNG,1000.8,sea_level_pressure
2023-07-01 21:00:00,29.7,75.0,1001.2,,26.2511,73.0489,218.5,INI0000VIJO,JODHPUR,1001.2,sea_level_pressure
2023-07-01 21:00:00,25.0,96.0,1000.2,932.0,30.3167,78.0333,682.0,INM00042111,DEHRADUN,1000.2,sea_level_pressure
2023-07-02 00:00:00,27.2,92.0,1000.0,,28.5845,77.2058,214.9,INI0000VIDD,SAFDARJUNG,1000.0,sea_level_pressure
2023-07-02 00:00:00,29.6,85.0,1001.9,,26.2511,73.0489,218.5,INI0000VIJO,JODHPUR,1001.9,sea_level_pressure
2023-07-02 00:00:00,25.2,96.0,998.4,931.0,30.3167,78.0333,682.0,INM00042111,DEHRADUN,998.4,sea_level_pressure
2023-07-02 03:00:00,29.5,84.0,1001.1,,28.5845,77.2058,214.9,INI0000VIDD,SAFDARJUNG,1001.1,sea_level_pressure
2023-07-02 03:00:00,30.5,82.0,1002.9,,26.2511,73.0489,218.5,INI0000VIJO,JODHPUR,1002.9,sea_level_pressure
2023-07-02 03:00:00,27.2,82.0,999.6,932.5,30.3167,78.0333,682.0,INM00042111,DEHRADUN,999.6,sea_level_pressure
2023-07-02 06:00:00,32.7,66.0,1000.8,,28.5845,77.2058,214.9,INI0000VIDD,SAFDARJUNG,1000.8,sea_level_pressure
2023-07-02 06:00:00,33.2,68.0,1002.7,,26.2511,73.0489,218.5,INI0000VIJO,JODHPUR,1002.7,sea_level_pressure
2023-07-02 06:00:00,31.6,60.0,999.0,932.8,30.3167,78.0333,682.0,INM00042111,DEHRADUN,999.0,sea_level_pressure
2023-07-02 09:00:00,34.8,54.0,998.5,,28.5845,77.2058,214.9,INI0000VIDD,SAFDARJUNG,998.5,sea_level_pressure
2023-07-02 09:00:00,35.5,60.0,1000.4,,26.2511,73.0489,218.5,INI0000VIJO,JODHPUR,1000.4,sea_level_pressure
2023-07-02 09:00:00,30.0,82.0,998.4,931.8,30.3167,78.0333,682.0,INM00042111,DEHRADUN,998.4,sea_level_pressure
2023-07-02 12:00:00,35.5,54.0,996.7,,28.5845,77.2058,214.9,INI0000VIDD,SAFDARJUNG,996.7,sea_level_pressure
2023-07-02 12:00:00,36.2,59.0,998.8,,26.2511,73.0489,218.5,INI0000VIJO,JODHPUR,998.8,sea_level_pressure
2023-07-02 12:00:00,28.5,89.0,996.9,930.2,30.3167,78.0333,682.0,INM00042111,DEHRADUN,996.9,sea_level_pressure
2023-07-02 15:00:00,,,,,,,,INI0000VIDD,SAFDARJUNG,,sea_level_pressure
2023-07-02 15:00:00,33.5,72.0,1000.3,,26.2511,73.0489,218.5,INI0000VIJO,JODHPUR,1000.3,sea_level_pressure
2023-07-02 15:00:00,27.4,89.0,998.7,931.6,30.3167,78.0333,682.0,INM00042111,DEHRADUN,998.7,sea_level_pressure
2023-07-02 18:00:00,30.6,77.0,1000.2,,28.5845,77.2058,214.9,INI0000VIDD,SAFDARJUNG,1000.2,sea_level_pressure
2023-07-02 18:00:00,30.6,69.0,1001.1,,26.2511,73.0489,218.5,INI0000VIJO,JODHPUR,1001.1,sea_level_pressure
2023-07-02 18:00:00,26.0,94.0,999.8,932.3,30.3167,78.0333,682.0,INM00042111,DEHRADUN,999.8,sea_level_pressure
2023-07-02 21:00:00,29.4,82.0,999.6,,28.5845,77.2058,214.9,INI0000VIDD,SAFDARJUNG,999.6,sea_level_pressure
2023-07-02 21:00:00,29.5,73.0,1000.5,,26.2511,73.0489,218.5,INI0000VIJO,JODHPUR,1000.5,sea_level_pressure
2023-07-02 21:00:00,25.6,94.0,999.8,932.3,30.3167,78.0333,682.0,INM00042111,DEHRADUN,999.8,sea_level_pressure
2023-07-03 00:00:00,29.0,88.0,999.8,,28.5845,77.2058,214.9,INI0000VIDD,SAFDARJUNG,999.8,sea_level_pressure
2023-07-03 00:00:00,29.5,79.0,1001.2,,26.2511,73.0489,218.5,INI0000VIJO,JODHPUR,1001.2,sea_level_pressure
2023-07-03 00:00:00,25.2,96.0,999.7,932.2,30.3167,78.0333,682.0,INM00042111,DEHRADUN,999.7,sea_level_pressure
2023-07-03 03:00:00,31.0,76.0,1000.5,,28.5845,77.2058,214.9,INI0000VIDD,SAFDARJUNG,1000.5,sea_level_pressure
2023-07-03 03:00:00,30.7,80.0,1002.3,,26.2511,73.0489,218.5,INI0000VIJO,JODHPUR,1002.3,sea_level_pressure
2023-07-03 03:00:00,27.2,89.0,1000.2,933.0,30.3167,78.0333,682.0,INM00042111,DEHRADUN,1000.2,sea_level_pressure
2023-07-03 06:00:00,34.2,59.0,999.9,,28.5845,77.2058,214.9,INI0000VIDD,SAFDARJUNG,999.9,sea_level_pressure
2023-07-03 06:00:00,34.2,60.0,1001.8,,26.2511,73.0489,218.5,INI0000VIJO,JODHPUR,1001.8,sea_level_pressure
2023-07-03 06:00:00,30.6,70.0,998.8,932.5,30.3167,78.0333,682.0,INM00042111,DEHRADUN,998.8,sea_level_pressure
2023-07-03 09:00:00,36.4,52.0,997.9,,28.5845,77.2058,214.9,INI0000VIDD,SAFDARJUNG,997.9,sea_level_pressure
2023-07-03 09:00:00,36.8,54.0,999.7,,26.2511,73.0489,218.5,INI0000VIJO,JODHPUR,999.7,sea_level_pressure
2023-07-03 09:00:00,33.2,68.0,999.6,931.0,30.3167,78.0333,682.0,INM00042111,DEHRADUN,999.6,sea_level_pressure
2023-07-03 12:00:00,37.6,53.0,996.2,,28.5845,77.2058,214.9,INI0000VIDD,SAFDARJUNG,996.2,sea_level_pressure
2023-07-03 12:00:00,38.0,44.0,997.7,,26.2511,73.0489,218.5,INI0000VIJO,JODHPUR,997.7,sea_level_pressure
2023-07-03 12:00:00,32.0,74.0,994.2,928.2,30.3167,78.0333,682.0,INM00042111,DEHRADUN,994.2,sea_level_pressure
2023-07-03 15:00:00,34.2,68.0,997.1,,28.5845,77.2058,214.9,INI0000VIDD,SAFDARJUNG,997.1,sea_level_pressure
2023-07-03 15:00:00,34.6,59.0,998.1,,26.2511,73.0489,218.5,INI0000VIJO,JODHPUR,998.1,sea_level_pressure
2023-07-03 15:00:00,29.8,84.0,996.0,929.5,30.3167,78.0333,682.0,INM00042111,DEHRADUN,996.0,sea_level_pressure
2023-07-03 18:00:00,32.5,74.0,998.9,,28.5845,77.2058,214.9,INI0000VIDD,SAFDARJUNG,998.9,sea_level_pressure
2023-07-03 18:00:00,33.5,61.0,999.3,,26.2511,73.0489,218.5,INI0000VIJO,JODHPUR,999.3,sea_level_pressure
2023-07-03 18:00:00,27.7,84.0,997.3,930.4,30.3167,78.0333,682.0,INM00042111,DEHRADUN,997.3,sea_level_pressure
2023-07-03 21:00:00,30.8,80.0,998.3,,28.5845,77.2058,214.9,INI0000VIDD,SAFDARJUNG,998.3,sea_level_pressure
2023-07-03 21:00:00,32.2,64.0,999.3,,26.2511,73.0489,218.5,INI0000VIJO,JODHPUR,999.3,sea_level_pressure
2023-07-03 21:00:00,27.6,86.0,996.8,929.9,30.3167,78.0333,682.0,INM00042111,DEHRADUN,996.8,sea_level_pressure
2023-07-04 00:00:00,30.7,80.0,997.6,,28.5845,77.2058,214.9,INI0000VIDD,SAFDARJUNG,997.6,sea_level_pressure
2023-07-04 00:00:00,30.5,74.0,998.7,,26.2511,73.0489,218.5,INI0000VIJO,JODHPUR,998.7,sea_level_pressure
2023-07-04 00:00:00,23.0,96.0,998.3,930.2,30.3167,78.0333,682.0,INM00042111,DEHRADUN,998.3,sea_level_pressure
2023-07-04 03:00:00,32.4,75.0,998.2,,28.5845,77.2058,214.9,INI0000VIDD,SAFDARJUNG,998.2,sea_level_pressure
2023-07-04 03:00:00,31.6,75.0,999.8,,26.2511,73.0489,218.5,INI0000VIJO,JODHPUR,999.8,sea_level_pressure
2023-07-04 03:00:00,25.2,90.0,998.9,931.4,30.3167,78.0333,682.0,INM00042111,DEHRADUN,998.9,sea_level_pressure
2023-07-04 06:00:00,34.7,66.0,998.7,,28.5845,77.2058,214.9,INI0000VIDD,SAFDARJUNG,998.7,sea_level_pressure
2023-07-04 06:00:00,34.7,61.0,999.3,,26.2511,73.0489,218.5,INI0000VIJO,JODHPUR,999.3,sea_level_pressure
2023-07-04 06:00:00,30.2,72.0,998.0,931.6,30.3167,78.0333,682.0,INM00042111,DEHRADUN,998.0,sea_level_pressure
2023-07-04 09:00:00,34.4,71.0,998.1,,28.5845,77.2058,214.9,INI0000VIDD,SAFDARJUNG,998.1,sea_level_pressure
2023-07-04 09:00:00,37.7,54.0,997.1,,26.2511,73.0489,218.5,INI0000VIJO,JODHPUR,997.1,sea_level_pressure
2023-07-04 09:00:00,31.8,60.0,997.4,931.2,30.3167,78.0333,682.0,INM00042111,DEHRADUN,997.4,sea_level_pressure
2023-07-04 12:00:00,30.2,76.0,996.4,,28.5845,77.2058,214.9,INI0000VIDD,SAFDARJUNG,996.4,sea_level_pressure
2023-07-04 12:00:00,37.5,53.0,994.8,,26.2511,73.0489,218.5,INI0000VIJO,JODHPUR,994.8,sea_level_pressure
2023-07-04 12:00:00,30.0,75.0,995.0,928.6,30.3167,78.0333,682.0,INM00042111,DEHRADUN,995.0,sea_level_pressure
2023-07-04 15:00:00,31.4,77.0,996.4,,28.5845,77.2058,214.9,INI0000VIDD,SAFDARJUNG,996.4,sea_level_pressure
2023-07-04 15:00:00,34.7,56.0,995.9,,26.2511,73.0489,218.5,INI0000VIJO,JODHPUR,995.9,sea_level_pressure
2023-07-04 15:00:00,,,,,,,,INM00042111,DEHRADUN,,sea_level_pressure
2023-07-04 18:00:00,30.6,78.0,998.9,,28.5845,77.2058,214.9,INI0000VIDD,SAFDARJUNG,998.9,sea_level_pressure
2023-07-04 18:00:00,33.0,69.0,997.0,,26.2511,73.0489,218.5,INI0000VIJO,JODHPUR,997.0,sea_level_pressure
2023-07-04 18:00:00,,,,,,,,INM00042111,DEHRADUN,,sea_level_pressure
2023-07-04 21:00:00,29.8,82.0,997.6,,28.5845,77.2058,214.9,INI0000VIDD,SAFDARJUNG,997.6,sea_level_pressure
2023-07-04 21:00:00,30.2,77.0,996.8,,26.2511,73.0489,218.5,INI0000VIJO,JODHPUR,996.8,sea_level_pressure
2023-07-04 21:00:00,23.7,100.0,999.6,931.6,30.3167,78.0333,682.0,INM00042111,DEHRADUN,999.6,sea_level_pressure
2023-07-05 00:00:00,29.2,85.0,997.5,,28.5845,77.2058,214.9,INI0000VIDD,SAFDARJUNG,997.5,sea_level_pressure
2023-07-05 00:00:00,30.6,76.0,997.2,,26.2511,73.0489,218.5,INI0000VIJO,JODHPUR,997.2,sea_level_pressure
2023-07-05 00:00:00,23.6,100.0,998.4,930.6,30.3167,78.0333,682.0,INM00042111,DEHRADUN,998.4,sea_level_pressure
2023-07-05 03:00:00,30.0,85.0,998.7,,28.5845,77.2058,214.9,INI0000VIDD,SAFDARJUNG,998.7,sea_level_pressure
2023-07-05 03:00:00,31.7,75.0,998.2,,26.2511,73.0489,218.5,INI0000VIJO,JODHPUR,998.2,sea_level_pressure
2023-07-05 03:00:00,26.2,93.0,998.4,931.1,30.3167,78.0333,682.0,INM00042111,DEHRADUN,998.4,sea_level_pressure
2023-07-05 06:00:00,34.0,65.0,998.4,,28.5845,77.2058,214.9,INI0000VIDD,SAFDARJUNG,998.4,sea_level_pressure
2023-07-05 06:00:00,34.2,63.0,998.1,,26.2511,73.0489,218.5,INI0000VIJO,JODHPUR,998.1,sea_level_pressure
2023-07-05 06:00:00,25.2,98.0,999.7,932.2,30.3167,78.0333,682.0,INM00042111,DEHRADUN,999.7,sea_level_pressure
2023-07-05 09:00:00,34.8,63.0,995.9,,28.5845,77.2058,214.9,INI0000VIDD,SAFDARJUNG,995.9,sea_level_pressure
2023-07-05 09:00:00,36.5,55.0,995.7,,26.2511,73.0489,218.5,INI0000VIJO,JODHPUR,995.7,sea_level_pressure
2023-07-05 09:00:00,23.2,98.0,999.9,931.9,30.3167,78.0333,682.0,INM00042111,DEHRADUN,999.9,sea_level_pressure
2023-07-05 12:00:00,34.2,68.0,997.0,,28.5845,77.2058,214.9,INI0000VIDD,SAFDARJUNG,997.0,sea_level_pressure
2023-07-05 12:00:00,36.5,52.0,994.4,,26.2511,73.0489,218.5,INI0000VIJO,JODHPUR,994.4,sea_level_pressure
2023-07-05 12:00:00,24.7,97.0,998.1,930.5,30.3167,78.0333,682.0,INM00042111,DEHRADUN,998.1,sea_level_pressure
2023-07-05 15:00:00,27.0,97.0,998.2,,28.5845,77.2058,214.9,INI0000VIDD,SAFDARJUNG,998.2,sea_level_pressure
2023-07-05 15:00:00,34.5,58.0,995.2,,26.2511,73.0489,218.5,INI0000VIJO,JODHPUR,995.2,sea_level_pressure
2023-07-05 15:00:00,24.8,96.0,998.7,931.0,30.3167,78.0333,682.0,INM00042111,DEHRADUN,998.7,sea_level_pressure
2023-07-05 18:00:00,27.0,97.0,999.2,,28.5845,77.2058,214.9,INI0000VIDD,SAFDARJUNG,999.2,sea_level_pressure
2023-07-05 18:00:00,33.6,61.0,998.1,,26.2511,73.0489,218.5,INI0000VIJO,JODHPUR,998.1,sea_level_pressure
2023-07-05 18:00:00,24.6,98.0,1000.1,932.3,30.3167,78.0333,682.0,INM00042111,DEHRADUN,1000.1,sea_level_pressure
2023-07-05 21:00:00,26.6,97.0,998.4,,28.5845,77.2058,214.9,INI0000VIDD,SAFDARJUNG,998.4,sea_level_pressure
2023-07-05 21:00:00,33.0,63.0,997.3,,26.2511,73.0489,218.5,INI0000VIJO,JODHPUR,997.3,sea_level_pressure
2023-07-05 21:00:00,24.2,98.0,999.9,932.1,30.3167,78.0333,682.0,INM00042111,DEHRADUN,999.9,sea_level_pressure
2023-07-06 00:00:00,27.6,95.0,998.6,,28.5845,77.2058,214.9,INI0000VIDD,SAFDARJUNG,998.6,sea_level_pressure
2023-07-06 00:00:00,27.0,84.0,998.6,,26.2511,73.0489,218.5,INI0000VIJO,JODHPUR,998.6,sea_level_pressure
2023-07-06 00:00:00,24.2,98.0,1000.0,932.2,30.3167,78.0333,682.0,INM00042111,DEHRADUN,1000.0,sea_level_pressure
2023-07-06 03:00:00,29.8,83.0,999.8,,28.5845,77.2058,214.9,INI0000VIDD,SAFDARJUNG,999.8,sea_level_pressure
2023-07-06 03:00:00,30.0,74.0,999.7,,26.2511,73.0489,218.5,INI0000VIJO,JODHPUR,999.7,sea_level_pressure
2023-07-06 03:00:00,24.8,96.0,1001.2,933.3,30.3167,78.0333,682.0,INM00042111,DEHRADUN,1001.2,sea_level_pressure
2023-07-06 06:00:00,26.7,94.0,1001.5,,28.5845,77.2058,214.9,INI0000VIDD,SAFDARJUNG,1001.5,sea_level_pressure
2023-07-06 06:00:00,34.5,63.0,999.7,,26.2511,73.0489,218.5,INI0000VIJO,JODHPUR,999.7,sea_level_pressure
2023-07-06 06:00:00,26.6,86.0,1001.5,934.1,30.3167,78.0333,682.0,INM00042111,DEHRADUN,1001.5,sea_level_pressure
2023-07-06 09:00:00,30.0,81.0,999.8,,28.5845,77.2058,214.9,INI0000VIDD,SAFDARJUNG,999.8,sea_level_pressure
2023-07-06 09:00:00,35.6,65.0,998.0,,26.2511,73.0489,218.5,INI0000VIJO,JODHPUR,998.0,sea_level_pressure
2023-07-06 09:00:00,30.2,75.0,999.2,933.0,30.3167,78.0333,682.0,INM00042111,DEHRADUN,999.2,sea_level_pressure
2023-07-06 12:00:00,29.8,80.0,998.1,,28.5845,77.2058,214.9,INI0000VIDD,SAFDARJUNG,998.1,sea_level_pressure
2023-07-06 12:00:00,28.0,94.0,997.4,,26.2511,73.0489,218.5,INI0000VIJO,JODHPUR,997.4,sea_level_pressure
2023-07-06 12:00:00,29.7,71.0,997.7,931.2,30.3167,78.0333,682.0,INM00042111,DEHRADUN,997.7,sea_level_pressure
2023-07-06 15:00:00,28.6,83.0,1000.4,,28.5845,77.2058,214.9,INI0000VIDD,SAFDARJUNG,1000.4,sea_level_pressure
2023-07-06 15:00:00,29.0,82.0,999.6,,26.2511,73.0489,218.5,INI0000VIJO,JODHPUR,999.6,sea_level_pressure
2023-07-06 15:00:00,26.6,85.0,999.7,932.4,30.3167,78.0333,682.0,INM00042111,DEHRADUN,999.7,sea_level_pressure
2023-07-06 18:00:00,28.2,87.0,1000.8,,28.5845,77.2058,214.9,INI0000VIDD,SAFDARJUNG,1000.8,sea_level_pressure
2023-07-06 18:00:00,28.6,86.0,1001.4,,26.2511,73.0489,218.5,INI0000VIJO,JODHPUR,1001.4,sea_level_pressure
2023-07-06 18:00:00,25.7,91.0,1001.1,933.4,30.3167,78.0333,682.0,INM00042111,DEHRADUN,1001.1,sea_level_pressure
2023-07-06 21:00:00,27.6,89.0,1000.5,,28.5845,77.2058,214.9,INI0000VIDD,SAFDARJUNG,1000.5,sea_level_pressure
2023-07-06 21:00:00,26.5,92.0,999.8,,26.2511,73.0489,218.5,INI0000VIJO,JODHPUR,999.8,sea_level_pressure
2023-07-06 21:00:00,25.0,95.0,1001.0,933.1,30.3167,78.0333,682.0,INM00042111,DEHRADUN,1001.0,sea_level_pressure
2023-07-07 00:00:00,27.5,92.0,1000.7,,28.5845,77.2058,214.9,INI0000VIDD,SAFDARJUNG,1000.7,sea_level_pressure
2023-07-07 00:00:00,26.7,93.0,999.7,,26.2511,73.0489,218.5,INI0000VIJO,JODHPUR,999.7,sea_level_pressure
2023-07-07 00:00:00,25.0,95.0,1001.1,933.2,30.3167,78.0333,682.0,INM00042111,DEHRADUN,1001.1,sea_level_pressure
2023-07-07 03:00:00,29.6,80.0,1001.9,,28.5845,77.2058,214.9,INI0000VIDD,SAFDARJUNG,1001.9,sea_level_pressure
2023-07-07 03:00:00,28.5,86.0,1001.1,,26.2511,73.0489,218.5,INI0000VIJO,JODHPUR,1001.1,sea_level_pressure
2023-07-07 03:00:00,27.4,85.0,1000.9,933.7,30.3167,78.0333,682.0,INM00042111,DEHRADUN,1000.9,sea_level_pressure
2023-07-07 06:00:00,31.5,73.0,1002.0,,28.5845,77.2058,214.9,INI0000VIDD,SAFDARJUNG,1002.0,sea_level_pressure
2023-07-07 06:00:00,31.7,71.0,1001.0,,26.2511,73.0489,218.5,INI0000VIJO,JODHPUR,1001.0,sea_level_pressure
2023-07-07 06:00:00,30.2,70.0,1000.9,934.4,30.3167,78.0333,682.0,INM00042111,DEHRADUN,1000.9,sea_level_pressure
2023-07-07 09:00:00,33.6,70.0,999.5,,28.5845,77.2058,214.9,INI0000VIDD,SAFDARJUNG,999.5,sea_level_pressure
2023-07-07 09:00:00,35.5,60.0,998.4,,26.2511,73.0489,218.5,INI0000VIJO,JODHPUR,998.4,sea_level_pressure
2023-07-07 09:00:00,24.0,96.0,1002.7,934.5,30.3167,78.0333,682.0,INM00042111,DEHRADUN,1002.7,sea_level_pressure
2023-07-07 12:00:00,32.7,75.0,998.3,,28.5845,77.2058,214.9,INI0000VIDD,SAFDARJUNG,998.3,sea_level_pressure
2023-07-07 12:00:00,26.6,98.0,998.2,,26.2511,73.0489,218.5,INI0000VIJO,JODHPUR,998.2,sea_level_pressure
2023-07-07 12:00:00,30.0,73.0,998.0,931.4,30.3167,78.0333,682.0,INM00042111,DEHRADUN,998.0,sea_level_pressure
2023-07-07 15:00:00,30.8,80.0,1000.5,,28.5845,77.2058,214.9,INI0000VIDD,SAFDARJUNG,1000.5,sea_level_pressure
2023-07-07 15:00:00,27.0,97.0,1000.2,,26.2511,73.0489,218.5,INI0000VIJO,JODHPUR,1000.2,sea_level_pressure
2023-07-07 15:00:00,26.8,90.0,999.3,932.0,30.3167,78.0333,682.0,INM00042111,DEHRADUN,999.3,sea_level_pressure
2023-07-07 18:00:00,29.6,81.0,1001.3,,28.5845,77.2058,214.9,INI0000VIDD,SAFDARJUNG,1001.3,sea_level_pressure
2023-07-07 18:00:00,27.0,97.0,1001.6,,26.2511,73.0489,218.5,INI0000VIJO,JODHPUR,1001.6,sea_level_pressure
2023-07-07 18:00:00,25.6,94.0,1001.8,934.0,30.3167,78.0333,682.0,INM00042111,DEHRADUN,1001.8,sea_level_pressure
2023-07-07 21:00:00,28.6,82.0,1000.9,,28.5845,77.2058,214.9,INI0000VIDD,SAFDARJUNG,1000.9,sea_level_pressure
2023-07-07 21:00:00,26.6,97.0,1000.4,,26.2511,73.0489,218.5,INI0000VIJO,JODHPUR,1000.4,sea_level_pressure
2023-07-07 21:00:00,,,,,,,,INM00042111,DEHRADUN,,sea_level_pressure
2023-07-08 00:00:00,26.5,96.0,1001.1,,28.5845,77.2058,214.9,INI0000VIDD,SAFDARJUNG,1001.1,sea_level_pressure
2023-07-08 00:00:00,26.6,95.0,1000.0,,26.2511,73.0489,218.5,INI0000VIJO,JODHPUR,1000.0,sea_level_pressure
2023-07-08 00:00:00,25.2,98.0,1000.5,933.0,30.3167,78.0333,682.0,INM00042111,DEHRADUN,1000.5,sea_level_pressure
2023-07-08 03:00:00,27.0,97.0,1002.1,,28.5845,77.2058,214.9,INI0000VIDD,SAFDARJUNG,1002.1,sea_level_pressure
2023-07-08 03:00:00,29.2,83.0,1000.3,,26.2511,73.0489,218.5,INI0000VIJO,JODHPUR,1000.3,sea_level_pressure
2023-07-08 03:00:00,24.6,98.0,1002.6,934.7,30.3167,78.0333,682.0,INM00042111,DEHRADUN,1002.6,sea_level_pressure
2023-07-08 06:00:00,26.7,100.0,1001.6,,28.5845,77.2058,214.9,INI0000VIDD,SAFDARJUNG,1001.6,sea_level_pressure
2023-07-08 06:00:00,31.5,76.0,999.9,,26.2511,73.0489,218.5,INI0000VIJO,JODHPUR,999.9,sea_level_pressure
2023-07-08 06:00:00,25.5,96.0,1002.5,934.8,30.3167,78.0333,682.0,INM00042111,DEHRADUN,1002.5,sea_level_pressure
2023-07-08 09:00:00,26.2,100.0,999.9,,28.5845,77.2058,214.9,INI0000VIDD,SAFDARJUNG,999.9,sea_level_pressure
2023-07-08 09:00:00,31.5,76.0,998.5,,26.2511,73.0489,218.5,INI0000VIJO,JODHPUR,998.5,sea_level_pressure
2023-07-08 09:00:00,25.8,95.0,1000.8,933.2,30.3167,78.0333,682.0,INM00042111,DEHRADUN,1000.8,sea_level_pressure
2023-07-08 12:00:00,26.5,99.0,998.9,,28.5845,77.2058,214.9,INI0000VIDD,SAFDARJUNG,998.9,sea_level_pressure
2023-07-08 12:00:00,30.7,80.0,998.2,,26.2511,73.0489,218.5,INI0000VIJO,JODHPUR,998.2,sea_level_pressure
2023-07-08 12:00:00,25.0,96.0,1000.8,933.0,30.3167,78.0333,682.0,INM00042111,DEHRADUN,1000.8,sea_level_pressure
2023-07-08 15:00:00,27.2,97.0,1000.1,,28.5845,77.2058,214.9,INI0000VIDD,SAFDARJUNG,1000.1,sea_level_pressure
2023-07-08 15:00:00,27.7,93.0,999.4,,26.2511,73.0489,218.5,INI0000VIJO,JODHPUR,999.4,sea_level_pressure
2023-07-08 15:00:00,24.4,96.0,1001.3,933.4,30.3167,78.0333,682.0,INM00042111,DEHRADUN,1001.3,sea_level_pressure
2023-07-08 18:00:00,27.0,98.0,1000.8,,28.5845,77.2058,214.9,INI0000VIDD,SAFDARJUNG,1000.8,sea_level_pressure
2023-07-08 18:00:00,27.5,96.0,1000.6,,26.2511,73.0489,218.5,INI0000VIJO,JODHPUR,1000.6,sea_level_pressure
2023-07-08 18:00:00,24.0,98.0,1001.7,933.6,30.3167,78.0333,682.0,INM00042111,DEHRADUN,1001.7,sea_level_pressure
2023-07-08 21:00:00,26.4,100.0,1000.1,,28.5845,77.2058,214.9,INI0000VIDD,SAFDARJUNG,1000.1,sea_level_pressure
2023-07-08 21:00:00,26.8,98.0,999.3,,26.2511,73.0489,218.5,INI0000VIJO,JODHPUR,999.3,sea_level_pressure
2023-07-08 21:00:00,23.6,100.0,1000.0,932.0,30.3167,78.0333,682.0,INM00042111,DEHRADUN,1000.0,sea_level_pressure
2023-07-09 00:00:00,26.0,97.0,999.2,,28.5845,77.2058,214.9,INI0000VIDD,SAFDARJUNG,999.2,sea_level_pressure
2023-07-09 00:00:00,27.6,95.0,999.8,,26.2511,73.0489,218.5,INI0000VIJO,JODHPUR,999.8,sea_level_pressure
2023-07-09 00:00:00,23.6,100.0,1000.2,932.2,30.3167,78.0333,682.0,INM00042111,DEHRADUN,1000.2,sea_level_pressure
2023-07-09 03:00:00,27.0,100.0,1000.4,,28.5845,77.2058,214.9,INI0000VIDD,SAFDARJUNG,1000.4,sea_level_pressure
2023-07-09 03:00:00,28.2,94.0,1000.1,,26.2511,73.0489,218.5,INI0000VIJO,JODHPUR,1000.1,sea_level_pressure
2023-07-09 03:00:00,25.4,92.0,1000.1,932.6,30.3167,78.0333,682.0,INM00042111,DEHRADUN,1000.1,sea_level_pressure
2023-07-09 06:00:00,28.7,94.0,1000.3,,28.5845,77.2058,214.9,INI0000VIDD,SAFDARJUNG,1000.3,sea_level_pressure
2023-07-09 06:00:00,29.7,82.0,1000.7,,26.2511,73.0489,218.5,INI0000VIJO,JODHPUR,1000.7,sea_level_pressure
2023-07-09 06:00:00,25.2,95.0,1000.9,933.2,30.3167,78.0333,682.0,INM00042111,DEHRADUN,1000.9,sea_level_pressure
2023-07-09 09:00:00,28.0,98.0,999.4,,28.5845,77.2058,214.9,INI0000VIDD,SAFDARJUNG,999.4,sea_level_pressure
2023-07-09 09:00:00,32.2,78.0,998.8,,26.2511,73.0489,218.5,INI0000VIJO,JODHPUR,998.8,sea_level_pressure
2023-07-09 09:00:00,24.4,95.0,1000.9,932.9,30.3167,78.0333,682.0,INM00042111,DEHRADUN,1000.9,sea_level_pressure
2023-07-09 12:00:00,25.7,100.0,998.1,,28.5845,77.2058,214.9,INI0000VIDD,SAFDARJUNG,998.1,sea_level_pressure
2023-07-09 12:00:00,31.2,80.0,997.9,,26.2511,73.0489,218.5,INI0000VIJO,JODHPUR,997.9,sea_level_pressure
2023-07-09 12:00:00,23.7,100.0,1000.0,932.0,30.3167,78.0333,682.0,INM00042111,DEHRADUN,1000.0,sea_level_pressure
2023-07-09 15:00:00,25.8,100.0,1000.0,,28.5845,77.2058,214.9,INI0000VIDD,SAFDARJUNG,1000.0,sea_level_pressure
2023-07-09 15:00:00,28.7,91.0,1000.3,,26.2511,73.0489,218.5,INI0000VIJO,JODHPUR,1000.3,sea_level_pressure
2023-07-09 15:00:00,23.6,100.0,1000.5,932.5,30.3167,78.0333,682.0,INM00042111,DEHRADUN,1000.5,sea_level_pressure
2023-07-09 18:00:00,25.7,100.0,1001.8,,28.5845,77.2058,214.9,INI0000VIDD,SAFDARJUNG,1001.8,sea_level_pressure
2023-07-09 18:00:00,27.5,90.0,1001.2,,26.2511,73.0489,218.5,INI0000VIJO,JODHPUR,1001.2,sea_level_pressure
2023-07-09 18:00:00,23.5,99.0,1001.0,933.0,30.3167,78.0333,682.0,INM00042111,DEHRADUN,1001.0,sea_level_pressure
2023-07-09 21:00:00,25.8,100.0,1000.4,,28.5845,77.2058,214.9,INI0000VIDD,SAFDARJUNG,1000.4,sea_level_pressure
2023-07-09 21:00:00,26.7,93.0,1000.7,,26.2511,73.0489,218.5,INI0000VIJO,JODHPUR,1000.7,sea_level_pressure
2023-07-09 21:00:00,,,,,,,,INM00042111,DEHRADUN,,sea_level_pressure
2023-07-10 00:00:00,26.0,100.0,1000.3,,28.5845,77.2058,214.9,INI0000VIDD,SAFDARJUNG,1000.3,sea_level_pressure
2023-07-10 00:00:00,27.0,94.0,1000.4,,26.2511,73.0489,218.5,INI0000VIJO,JODHPUR,1000.4,sea_level_pressure
2023-07-10 00:00:00,23.6,100.0,1000.1,932.1,30.3167,78.0333,682.0,INM00042111,DEHRADUN,1000.1,sea_level_pressure
2023-07-10 03:00:00,28.4,95.0,1000.5,,28.5845,77.2058,214.9,INI0000VIDD,SAFDARJUNG,1000.5,sea_level_pressure
2023-07-10 03:00:00,27.5,93.0,1001.2,,26.2511,73.0489,218.5,INI0000VIJO,JODHPUR,1001.2,sea_level_pressure
2023-07-10 03:00:00,28.6,77.0,999.5,932.7,30.3167,78.0333,682.0,INM00042111,DEHRADUN,999.5,sea_level_pressure
2023-07-10 06:00:00,29.7,92.0,1000.5,,28.5845,77.2058,214.9,INI0000VIDD,SAFDARJUNG,1000.5,sea_level_pressure
2023-07-10 06:00:00,25.5,96.0,1002.4,,26.2511,73.0489,218.5,INI0000VIJO,JODHPUR,1002.4,sea_level_pressure
2023-07-10 06:00:00,30.7,69.0,999.2,932.8,30.3167,78.0333,682.0,INM00042111,DEHRADUN,999.2,sea_level_pressure
2023-07-10 09:00:00,28.6,96.0,999.5,,28.5845,77.2058,214.9,INI0000VIDD,SAFDARJUNG,999.5,sea_level_pressure
2023-07-10 09:00:00,31.2,79.0,1000.5,,26.2511,73.0489,218.5,INI0000VIJO,JODHPUR,1000.5,sea_level_pressure
2023-07-10 09:00:00,28.0,82.0,999.4,932.3,30.3167,78.0333,682.0,INM00042111,DEHRADUN,999.4,sea_level_pressure
2023-07-10 12:00:00,28.5,92.0,998.7,,28.5845,77.2058,214.9,INI0000VIDD,SAFDARJUNG,998.7,sea_level_pressure
2023-07-10 12:00:00,32.2,75.0,999.1,,26.2511,73.0489,218.5,INI0000VIJO,JODHPUR,999.1,sea_level_pressure
2023-07-10 12:00:00,24.5,96.0,1001.0,932.3,30.3167,78.0333,682.0,INM00042111,DEHRADUN,1001.0,sea_level_pressure
2023-07-10 15:00:00,26.0,100.0,1000.2,,28.5845,77.2058,214.9,INI0000VIDD,SAFDARJUNG,1000.2,sea_level_pressure
2023-07-10 15:00:00,29.7,85.0,1000.5,,26.2511,73.0489,218.5,INI0000VIJO,JODHPUR,1000.5,sea_level_pressure
2023-07-10 15:00:00,24.0,98.0,1001.5,933.4,30.3167,78.0333,682.0,INM00042111,DEHRADUN,1001.5,sea_level_pressure
2023-07-10 18:00:00,25.7,97.0,1000.2,,28.5845,77.2058,214.9,INI0000VIDD,SAFDARJUNG,1000.2,sea_level_pressure
2023-07-10 18:00:00,28.7,94.0,1001.5,,26.2511,73.0489,218.5,INI0000VIJO,JODHPUR,1001.5,sea_level_pressure
2023-07-10 18:00:00,23.7,99.0,1000.8,932.8,30.3167,78.0333,682.0,INM00042111,DEHRADUN,1000.8,sea_level_pressure
2023-07-10 21:00:00,25.8,98.0,1000.6,,28.5845,77.2058,214.9,INI0000VIDD,SAFDARJUNG,1000.6,sea_level_pressure
2023-07-10 21:00:00,28.0,91.0,1000.8,,26.2511,73.0489,218.5,INI0000VIJO,JODHPUR,1000.8,sea_level_pressure
2023-07-10 21:00:00,23.8,98.0,999.9,931.9,30.3167,78.0333,682.0,INM00042111,DEHRADUN,999.9,sea_level_pressure
2023-07-11 00:00:00,26.0,100.0,1000.1,,28.5845,77.2058,214.9,INI0000VIDD,SAFDARJUNG,1000.1,sea_level_pressure
2023-07-11 00:00:00,28.6,95.0,1000.8,,26.2511,73.0489,218.5,INI0000VIJO,JODHPUR,1000.8,sea_level_pressure
2023-07-11 00:00:00,23.6,100.0,999.7,931.7,30.3167,78.0333,682.0,INM00042111,DEHRADUN,999.7,sea_level_pressure
2023-07-11 03:00:00,26.6,97.0,1001.1,,28.5845,77.2058,214.9,INI0000VIDD,SAFDARJUNG,1001.1,sea_level_pressure
2023-07-11 03:00:00,29.7,87.0,1002.6,,26.2511,73.0489,218.5,INI0000VIJO,JODHPUR,1002.6,sea_level_pressure
2023-07-11 03:00:00,23.4,98.0,1001.6,933.5,30.3167,78.0333,682.0,INM00042111,DEHRADUN,1001.6,sea_level_pressure
2023-07-11 06:00:00,28.5,92.0,1001.4,,28.5845,77.2058,214.9,INI0000VIDD,SAFDARJUNG,1001.4,sea_level_pressure
2023-07-11 06:00:00,32.7,69.0,1002.3,,26.2511,73.0489,218.5,INI0000VIJO,JODHPUR,1002.3,sea_level_pressure
2023-07-11 06:00:00,24.6,98.0,1001.3,933.4,30.3167,78.0333,682.0,INM00042111,DEHRADUN,1001.3,sea_level_pressure
2023-07-11 09:00:00,32.0,74.0,999.8,,28.5845,77.2058,214.9,INI0000VIDD,SAFDARJUNG,999.8,sea_level_pressure
2023-07-11 09:00:00,35.0,63.0,1000.4,,26.2511,73.0489,218.5,INI0000VIJO,JODHPUR,1000.4,sea_level_pressure
2023-07-11 09:00:00,25.0,98.0,1000.8,933.0,30.3167,78.0333,682.0,INM00042111,DEHRADUN,1000.8,sea_level_pressure
2023-07-11 12:00:00,31.5,77.0,998.9,,28.5845,77.2058,214.9,INI0000VIDD,SAFDARJUNG,998.9,sea_level_pressure
2023-07-11 12:00:00,35.7,62.0,998.4,,26.2511,73.0489,218.5,INI0000VIJO,JODHPUR,998.4,sea_level_pressure
2023-07-11 12:00:00,27.2,92.0,998.5,931.5,30.3167,78.0333,682.0,INM00042111,DEHRADUN,998.5,sea_level_pressure
2023-07-11 15:00:00,29.4,86.0,999.4,,28.5845,77.2058,214.9,INI0000VIDD,SAFDARJUNG,999.4,sea_level_pressure
2023-07-11 15:00:00,25.2,87.0,1000.2,,26.2511,73.0489,218.5,INI0000VIJO,JODHPUR,1000.2,sea_level_pressure
2023-07-11 15:00:00,25.4,94.0,999.1,931.6,30.3167,78.0333,682.0,INM00042111,DEHRADUN,999.1,sea_level_pressure
2023-07-11 18:00:00,28.2,92.0,1000.6,,28.5845,77.2058,214.9,INI0000VIDD,SAFDARJUNG,1000.6,sea_level_pressure
2023-07-11 18:00:00,28.0,73.0,1001.5,,26.2511,73.0489,218.5,INI0000VIJO,JODHPUR,1001.5,sea_level_pressure
2023-07-11 18:00:00,24.6,96.0,1001.2,933.3,30.3167,78.0333,682.0,INM00042111,DEHRADUN,1001.2,sea_level_pressure
2023-07-11 21:00:00,27.2,94.0,999.9,,28.5845,77.2058,214.9,INI0000VIDD,SAFDARJUNG,999.9,sea_level_pressure
2023-07-11 21:00:00,27.6,87.0,1000.2,,26.2511,73.0489,218.5,INI0000VIJO,JODHPUR,1000.2,sea_level_pressure
2023-07-11 21:00:00,24.8,96.0,1000.2,932.4,30.3167,78.0333,682.0,INM00042111,DEHRADUN,1000.2,sea_level_pressure
2023-07-12 00:00:00,27.7,94.0,999.4,,28.5845,77.2058,214.9,INI0000VIDD,SAFDARJUNG,999.4,sea_level_pressure
2023-07-12 00:00:00,27.0,90.0,1001.1,,26.2511,73.0489,218.5,INI0000VIJO,JODHPUR,1001.1,sea_level_pressure
2023-07-12 00:00:00,24.2,96.0,999.9,932.1,30.3167,78.0333,682.0,INM00042111,DEHRADUN,999.9,sea_level_pressure
2023-07-12 03:00:00,29.2,88.0,1000.5,,28.5845,77.2058,214.9,INI0000VIDD,SAFDARJUNG,1000.5,sea_level_pressure
2023-07-12 03:00:00,29.2,83.0,1002.0,,26.2511,73.0489,218.5,INI0000VIJO,JODHPUR,1002.0,sea_level_pressure
2023-07-12 03:00:00,24.6,92.0,1000.5,932.7,30.3167,78.0333,682.0,INM00042111,DEHRADUN,1000.5,sea_level_pressure
2023-07-12 06:00:00,31.0,83.0,1000.3,,28.5845,77.2058,214.9,INI0000VIDD,SAFDARJUNG,1000.3,sea_level_pressure
2023-07-12 06:00:00,32.2,68.0,1001.7,,26.2511,73.0489,218.5,INI0000VIJO,JODHPUR,1001.7,sea_level_pressure
2023-07-12 06:00:00,23.7,99.0,1001.9,933.8,30.3167,78.0333,682.0,INM00042111,DEHRADUN,1001.9,sea_level_pressure
2023-07-12 09:00:00,32.0,76.0,998.9,,28.5845,77.2058,214.9,INI0000VIDD,SAFDARJUNG,998.9,sea_level_pressure
2023-07-12 09:00:00,34.6,63.0,999.3,,26.2511,73.0489,218.5,INI0000VIJO,JODHPUR,999.3,sea_level_pressure
2023-07-12 09:00:00,23.8,100.0,1000.2,932.2,30.3167,78.0333,682.0,INM00042111,DEHRADUN,1000.2,sea_level_pressure
2023-07-12 12:00:00,31.2,80.0,998.4,,28.5845,77.2058,214.9,INI0000VIDD,SAFDARJUNG,998.4,sea_level_pressure
2023-07-12 12:00:00,35.0,61.0,998.0,,26.2511,73.0489,218.5,INI0000VIJO,JODHPUR,998.0,sea_level_pressure
2023-07-12 12:00:00,24.6,100.0,999.2,931.5,30.3167,78.0333,682.0,INM00042111,DEHRADUN,999.2,sea_level_pressure
2023-07-12 15:00:00,29.4,81.0,999.0,,28.5845,77.2058,214.9,INI0000VIDD,SAFDARJUNG,999.0,sea_level_pressure
2023-07-12 15:00:00,33.0,67.0,999.3,,26.2511,73.0489,218.5,INI0000VIJO,JODHPUR,999.3,sea_level_pressure
2023-07-12 15:00:00,24.2,100.0,998.6,931.0,30.3167,78.0333,682.0,INM00042111,DEHRADUN,998.6,sea_level_pressure
2023-07-12 18:00:00,28.7,82.0,1000.9,,28.5845,77.2058,214.9,INI0000VIDD,SAFDARJUNG,1000.9,sea_level_pressure
2023-07-12 18:00:00,28.0,94.0,1000.6,,26.2511,73.0489,218.5,INI0000VIJO,JODHPUR,1000.6,sea_level_pressure
2023-07-12 18:00:00,24.5,98.0,999.9,932.0,30.3167,78.0333,682.0,INM00042111,DEHRADUN,999.9,sea_level_pressure
2023-07-12 21:00:00,28.0,85.0,999.7,,28.5845,77.2058,214.9,INI0000VIDD,SAFDARJUNG,999.7,sea_level_pressure
2023-07-12 21:00:00,28.6,79.0,999.5,,26.2511,73.0489,218.5,INI0000VIJO,JODHPUR,999.5,sea_level_pressure
2023-07-12 21:00:00,,,,,,,,INM00042111,DEHRADUN,,sea_level_pressure
2023-07-13 00:00:00,27.5,92.0,998.6,,28.5845,77.2058,214.9,INI0000VIDD,SAFDARJUNG,998.6,sea_level_pressure
2023-07-13 00:00:00,28.4,88.0,999.8,,26.2511,73.0489,218.5,INI0000VIJO,JODHPUR,999.8,sea_level_pressure
2023-07-13 00:00:00,23.6,100.0,999.0,931.2,30.3167,78.0333,682.0,INM00042111,DEHRADUN,999.0,sea_level_pressure
2023-07-13 03:00:00,28.6,91.0,1000.4,,28.5845,77.2058,214.9,INI0000VIDD,SAFDARJUNG,1000.4,sea_level_pressure
2023-07-13 03:00:00,29.2,79.0,1001.7,,26.2511,73.0489,218.5,INI0000VIJO,JODHPUR,1001.7,sea_level_pressure
2023-07-13 03:00:00,24.2,96.0,1001.1,933.2,30.3167,78.0333,682.0,INM00042111,DEHRADUN,1001.1,sea_level_pressure
2023-07-13 06:00:00,33.2,72.0,1000.9,,28.5845,77.2058,214.9,INI0000VIDD,SAFDARJUNG,1000.9,sea_level_pressure
2023-07-13 06:00:00,32.5,65.0,1001.5,,26.2511,73.0489,218.5,INI0000VIJO,JODHPUR,1001.5,sea_level_pressure
2023-07-13 06:00:00,24.5,96.0,1001.9,934.0,30.3167,78.0333,682.0,INM00042111,DEHRADUN,1001.9,sea_level_pressure
2023-07-13 09:00:00,31.8,87.0,999.4,,28.5845,77.2058,214.9,INI0000VIDD,SAFDARJUNG,999.4,sea_level_pressure
2023-07-13 09:00:00,34.5,62.0,1000.1,,26.2511,73.0489,218.5,INI0000VIJO,JODHPUR,1000.1,sea_level_pressure
2023-07-13 09:00:00,28.4,81.0,998.7,931.9,30.3167,78.0333,682.0,INM00042111,DEHRADUN,998.7,sea_level_pressure
2023-07-13 12:00:00,33.0,74.0,998.5,,28.5845,77.2058,214.9,INI0000VIDD,SAFDARJUNG,998.5,sea_level_pressure
2023-07-13 12:00:00,34.2,63.0,998.2,,26.2511,73.0489,218.5,INI0000VIJO,JODHPUR,998.2,sea_level_pressure
2023-07-13 12:00:00,30.4,67.0,997.6,931.3,30.3167,78.0333,682.0,INM00042111,DEHRADUN,997.6,sea_level_pressure
2023-07-13 15:00:00,29.8,83.0,999.1,,28.5845,77.2058,214.9,INI0000VIDD,SAFDARJUNG,999.1,sea_level_pressure
2023-07-13 15:00:00,32.0,71.0,999.8,,26.2511,73.0489,218.5,INI0000VIJO,JODHPUR,999.8,sea_level_pressure
2023-07-13 15:00:00,27.0,88.0,999.8,932.5,30.3167,78.0333,682.0,INM00042111,DEHRADUN,999.8,sea_level_pressure
2023-07-13 18:00:00,29.0,88.0,1000.6,,28.5845,77.2058,214.9,INI0000VIDD,SAFDARJUNG,1000.6,sea_level_pressure
2023-07-13 18:00:00,31.2,71.0,1001.6,,26.2511,73.0489,218.5,INI0000VIJO,JODHPUR,1001.6,sea_level_pressure
2023-07-13 18:00:00,25.5,93.0,1001.4,933.7,30.3167,78.0333,682.0,INM00042111,DEHRADUN,1001.4,sea_level_pressure
2023-07-13 21:00:00,28.4,92.0,1000.0,,28.5845,77.2058,214.9,INI0000VIDD,SAFDARJUNG,1000.0,sea_level_pressure
2023-07-13 21:00:00,30.6,78.0,1000.5,,26.2511,73.0489,218.5,INI0000VIJO,JODHPUR,1000.5,sea_level_pressure
2023-07-13 21:00:00,25.0,96.0,1002.0,934.1,30.3167,78.0333,682.0,INM00042111,DEHRADUN,1002.0,sea_level_pressure
2023-07-14 00:00:00,28.0,92.0,1000.7,,28.5845,77.2058,214.9,INI0000VIDD,SAFDARJUNG,1000.7,sea_level_pressure
2023-07-14 00:00:00,28.5,84.0,1001.0,,26.2511,73.0489,218.5,INI0000VIJO,JODHPUR,1001.0,sea_level_pressure
2023-07-14 00:00:00,24.7,95.0,1001.3,933.4,30.3167,78.0333,682.0,INM00042111,DEHRADUN,1001.3,sea_level_pressure
2023-07-14 03:00:00,29.4,88.0,1001.9,,28.5845,77.2058,214.9,INI0000VIDD,SAFDARJUNG,1001.9,sea_level_pressure
2023-07-14 03:00:00,29.7,79.0,1002.8,,26.2511,73.0489,218.5,INI0000VIJO,JODHPUR,1002.8,sea_level_pressure
2023-07-14 03:00:00,27.0,88.0,1001.4,934.0,30.3167,78.0333,682.0,INM00042111,DEHRADUN,1001.4,sea_level_pressure
2023-07-14 06:00:00,31.6,78.0,1002.4,,28.5845,77.2058,214.9,INI0000VIDD,SAFDARJUNG,1002.4,sea_level_pressure
2023-07-14 06:00:00,32.5,67.0,1003.4,,26.2511,73.0489,218.5,INI0000VIJO,JODHPUR,1003.4,sea_level_pressure
2023-07-14 06:00:00,30.5,72.0,1001.1,934.6,30.3167,78.0333,682.0,INM00042111,DEHRADUN,1001.1,sea_level_pressure
2023-07-14 09:00:00,32.6,77.0,1000.6,,28.5845,77.2058,214.9,INI0000VIDD,SAFDARJUNG,1000.6,sea_level_pressure
2023-07-14 09:00:00,33.7,61.0,1001.8,,26.2511,73.0489,218.5,INI0000VIJO,JODHPUR,1001.8,sea_level_pressure
2023-07-14 09:00:00,31.2,71.0,999.4,933.1,30.3167,78.0333,682.0,INM00042111,DEHRADUN,999.4,sea_level_pressure
2023-07-14 12:00:00,33.2,67.0,998.1,,28.5845,77.2058,214.9,INI0000VIDD,SAFDARJUNG,998.1,sea_level_pressure
2023-07-14 12:00:00,34.2,63.0,999.2,,26.2511,73.0489,218.5,INI0000VIJO,JODHPUR,999.2,sea_level_pressure
2023-07-14 12:00:00,31.5,73.0,996.6,930.6,30.3167,78.0333,682.0,INM00042111,DEHRADUN,996.6,sea_level_pressure
2023-07-14 15:00:00,30.0,83.0,1000.2,,28.5845,77.2058,214.9,INI0000VIDD,SAFDARJUNG,1000.2,sea_level_pressure
2023-07-14 15:00:00,32.5,67.0,1000.7,,26.2511,73.0489,218.5,INI0000VIJO,JODHPUR,1000.7,sea_level_pressure
2023-07-14 15:00:00,28.6,85.0,999.0,932.0,30.3167,78.0333,682.0,INM00042111,DEHRADUN,999.0,sea_level_pressure
2023-07-14 18:00:00,29.5,86.0,1001.4,,28.5845,77.2058,214.9,INI0000VIDD,SAFDARJUNG,1001.4,sea_level_pressure
2023-07-14 18:00:00,31.5,68.0,1002.0,,26.2511,73.0489,218.5,INI0000VIJO,JODHPUR,1002.0,sea_level_pressure
2023-07-14 18:00:00,27.6,85.0,999.2,932.0,30.3167,78.0333,682.0,INM00042111,DEHRADUN,999.2,sea_level_pressure
2023-07-14 21:00:00,28.8,89.0,1000.5,,28.5845,77.2058,214.9,INI0000VIDD,SAFDARJUNG,1000.5,sea_level_pressure
2023-07-14 21:00:00,30.2,72.0,1001.9,,26.2511,73.0489,218.5,INI0000VIJO,JODHPUR,1001.9,sea_level_pressure
2023-07-14 21:00:00,25.7,99.0,998.9,931.5,30.3167,78.0333,682.0,INM00042111,DEHRADUN,998.9,sea_level_pressure
2023-07-15 00:00:00,28.2,92.0,1000.3,,28.5845,77.2058,214.9,INI0000VIDD,SAFDARJUNG,1000.3,sea_level_pressure
2023-07-15 00:00:00,29.0,76.0,1000.7,,26.2511,73.0489,218.5,INI0000VIJO,JODHPUR,1000.7,sea_level_pressure
2023-07-15 00:00:00,25.6,98.0,999.5,932.0,30.3167,78.0333,682.0,INM00042111,DEHRADUN,999.5,sea_level_pressure
2023-07-15 03:00:00,29.6,85.0,1001.0,,28.5845,77.2058,214.9,INI0000VIDD,SAFDARJUNG,1001.0,sea_level_pressure
2023-07-15 03:00:00,30.2,73.0,1002.3,,26.2511,73.0489,218.5,INI0000VIJO,JODHPUR,1002.3,sea_level_pressure
2023-07-15 03:00:00,27.2,88.0,1000.0,932.9,30.3167,78.0333,682.0,INM00042111,DEHRADUN,1000.0,sea_level_pressure
2023-07-15 06:00:00,32.5,69.0,1001.4,,28.5845,77.2058,214.9,INI0000VIDD,SAFDARJUNG,1001.4,sea_level_pressure
2023-07-15 06:00:00,32.6,63.0,1002.5,,26.2511,73.0489,218.5,INI0000VIJO,JODHPUR,1002.5,sea_level_pressure
2023-07-15 06:00:00,31.5,69.0,999.6,933.3,30.3167,78.0333,682.0,INM00042111,DEHRADUN,999.6,sea_level_pressure
2023-07-15 09:00:00,34.4,64.0,999.0,,28.5845,77.2058,214.9,INI0000VIDD,SAFDARJUNG,999.0,sea_level_pressure
2023-07-15 09:00:00,34.6,57.0,1000.7,,26.2511,73.0489,218.5,INI0000VIJO,JODHPUR,1000.7,sea_level_pressure
2023-07-15 09:00:00,32.2,64.0,997.9,932.0,30.3167,78.0333,682.0,INM00042111,DEHRADUN,997.9,sea_level_pressure
2023-07-15 12:00:00,32.0,78.0,998.4,,28.5845,77.2058,214.9,INI0000VIDD,SAFDARJUNG,998.4,sea_level_pressure
2023-07-15 12:00:00,35.2,54.0,998.6,,26.2511,73.0489,218.5,INI0000VIJO,JODHPUR,998.6,sea_level_pressure
2023-07-15 12:00:00,28.6,79.0,997.4,930.7,30.3167,78.0333,682.0,INM00042111,DEHRADUN,997.4,sea_level_pressure
2023-07-15 15:00:00,27.2,97.0,1000.6,,28.5845,77.2058,214.9,INI0000VIDD,SAFDARJUNG,1000.6,sea_level_pressure
2023-07-15 15:00:00,32.6,63.0,1000.3,,26.2511,73.0489,218.5,INI0000VIJO,JODHPUR,1000.3,sea_level_pressure
2023-07-15 15:00:00,26.6,88.0,998.7,931.4,30.3167,78.0333,682.0,INM00042111,DEHRADUN,998.7,sea_level_pressure
2023-07-15 18:00:00,27.2,97.0,1001.4,,28.5845,77.2058,214.9,INI0000VIDD,SAFDARJUNG,1001.4,sea_level_pressure
2023-07-15 18:00:00,31.2,67.0,1001.2,,26.2511,73.0489,218.5,INI0000VIJO,JODHPUR,1001.2,sea_level_pressure
2023-07-15 18:00:00,26.6,90.0,999.5,932.2,30.3167,78.0333,682.0,INM00042111,DEHRADUN,999.5,sea_level_pressure
2023-07-15 21:00:00,26.6,97.0,1000.8,,28.5845,77.2058,214.9,INI0000VIDD,SAFDARJUNG,1000.8,sea_level_pressure
2023-07-15 21:00:00,30.5,69.0,1000.9,,26.2511,73.0489,218.5,INI0000VIJO,JODHPUR,1000.9,sea_level_pressure
2023-07-15 21:00:00,26.0,92.0,999.9,932.4,30.3167,78.0333,682.0,INM00042111,DEHRADUN,999.9,sea_level_pressure
2023-07-16 00:00:00,26.6,98.0,1000.7,,28.5845,77.2058,214.9,INI0000VIDD,SAFDARJUNG,1000.7,sea_level_pressure
2023-07-16 00:00:00,28.7,81.0,1000.8,,26.2511,73.0489,218.5,INI0000VIJO,JODHPUR,1000.8,sea_level_pressure
2023-07-16 00:00:00,25.5,95.0,999.9,932.4,30.3167,78.0333,682.0,INM00042111,DEHRADUN,999.9,sea_level_pressure
2023-07-16 03:00:00,27.2,92.0,1002.3,,28.5845,77.2058,214.9,INI0000VIDD,SAFDARJUNG,1002.3,sea_level_pressure
2023-07-16 03:00:00,29.5,79.0,1002.2,,26.2511,73.0489,218.5,INI0000VIJO,JODHPUR,1002.2,sea_level_pressure
2023-07-16 03:00:00,28.2,81.0,1000.5,933.5,30.3167,78.0333,682.0,INM00042111,DEHRADUN,1000.5,sea_level_pressure
2023-07-16 06:00:00,30.6,78.0,1001.6,,28.5845,77.2058,214.9,INI0000VIDD,SAFDARJUNG,1001.6,sea_level_pressure
2023-07-16 06:00:00,32.6,65.0,1002.3,,26.2511,73.0489,218.5,INI0000VIJO,JODHPUR,1002.3,sea_level_pressure
2023-07-16 06:00:00,31.2,70.0,999.9,933.6,30.3167,78.0333,682.0,INM00042111,DEHRADUN,999.9,sea_level_pressure
2023-07-16 09:00:00,33.4,67.0,999.4,,28.5845,77.2058,214.9,INI0000VIDD,SAFDARJUNG,999.4,sea_level_pressure
2023-07-16 09:00:00,34.5,58.0,1000.4,,26.2511,73.0489,218.5,INI0000VIJO,JODHPUR,1000.4,sea_level_pressure
2023-07-16 09:00:00,30.4,75.0,998.8,932.4,30.3167,78.0333,682.0,INM00042111,DEHRADUN,998.8,sea_level_pressure
2023-07-16 12:00:00,32.5,69.0,998.2,,28.5845,77.2058,214.9,INI0000VIDD,SAFDARJUNG,998.2,sea_level_pressure
2023-07-16 12:00:00,34.2,58.0,999.0,,26.2511,73.0489,218.5,INI0000VIJO,JODHPUR,999.0,sea_level_pressure
2023-07-16 12:00:00,31.6,72.0,997.3,931.2,30.3167,78.0333,682.0,INM00042111,DEHRADUN,997.3,sea_level_pressure
2023-07-16 15:00:00,28.2,94.0,999.0,,28.5845,77.2058,214.9,INI0000VIDD,SAFDARJUNG,999.0,sea_level_pressure
2023-07-16 15:00:00,32.5,65.0,1000.1,,26.2511,73.0489,218.5,INI0000VIJO,JODHPUR,1000.1,sea_level_pressure
2023-07-16 15:00:00,27.2,92.0,996.9,930.0,30.3167,78.0333,682.0,INM00042111,DEHRADUN,996.9,sea_level_pressure
2023-07-16 18:00:00,28.6,97.0,1000.6,,28.5845,77.2058,214.9,INI0000VIDD,SAFDARJUNG,1000.6,sea_level_pressure
2023-07-16 18:00:00,31.5,67.0,1001.1,,26.2511,73.0489,218.5,INI0000VIJO,JODHPUR,1001.1,sea_level_pressure
2023-07-16 18:00:00,27.2,92.0,996.9,930.0,30.3167,78.0333,682.0,INM00042111,DEHRADUN,996.9,sea_level_pressure
2023-07-16 21:00:00,28.0,97.0,999.7,,28.5845,77.2058,214.9,INI0000VIDD,SAFDARJUNG,999.7,sea_level_pressure
2023-07-16 21:00:00,30.6,69.0,1000.7,,26.2511,73.0489,218.5,INI0000VIJO,JODHPUR,1000.7,sea_level_pressure
2023-07-16 21:00:00,26.6,94.0,999.3,932.0,30.3167,78.0333,682.0,INM00042111,DEHRADUN,999.3,sea_level_pressure
2023-07-17 00:00:00,28.5,98.0,999.6,,28.5845,77.2058,214.9,INI0000VIDD,SAFDARJUNG,999.6,sea_level_pressure
2023-07-17 00:00:00,29.2,79.0,1000.0,,26.2511,73.0489,218.5,INI0000VIJO,JODHPUR,1000.0,sea_level_pressure
2023-07-17 00:00:00,26.2,92.0,998.9,931.7,30.3167,78.0333,682.0,INM00042111,DEHRADUN,998.9,sea_level_pressure
2023-07-17 03:00:00,29.6,81.0,1001.1,,28.5845,77.2058,214.9,INI0000VIDD,SAFDARJUNG,1001.1,sea_level_pressure
2023-07-17 03:00:00,30.2,80.0,1001.8,,26.2511,73.0489,218.5,INI0000VIJO,JODHPUR,1001.8,sea_level_pressure
2023-07-17 03:00:00,29.2,80.0,999.1,932.5,30.3167,78.0333,682.0,INM00042111,DEHRADUN,999.1,sea_level_pressure
2023-07-17 06:00:00,32.5,71.0,1000.5,,28.5845,77.2058,214.9,INI0000VIDD,SAFDARJUNG,1000.5,sea_level_pressure
2023-07-17 06:00:00,33.7,62.0,1001.4,,26.2511,73.0489,218.5,INI0000VIJO,JODHPUR,1001.4,sea_level_pressure
2023-07-17 06:00:00,31.5,69.0,998.9,932.7,30.3167,78.0333,682.0,INM00042111,DEHRADUN,998.9,sea_level_pressure
2023-07-17 09:00:00,32.8,78.0,998.7,,28.5845,77.2058,214.9,INI0000VIDD,SAFDARJUNG,998.7,sea_level_pressure
2023-07-17 09:00:00,34.5,61.0,999.5,,26.2511,73.0489,218.5,INI0000VIJO,JODHPUR,999.5,sea_level_pressure
2023-07-17 09:00:00,27.6,92.0,998.5,931.4,30.3167,78.0333,682.0,INM00042111,DEHRADUN,998.5,sea_level_pressure
2023-07-17 12:00:00,33.2,75.0,996.3,,28.5845,77.2058,214.9,INI0000VIDD,SAFDARJUNG,996.3,sea_level_pressure
2023-07-17 12:00:00,34.6,57.0,997.8,,26.2511,73.0489,218.5,INI0000VIJO,JODHPUR,997.8,sea_level_pressure
2023-07-17 12:00:00,29.5,78.0,995.6,929.1,30.3167,78.0333,682.0,INM00042111,DEHRADUN,995.6,sea_level_pressure
2023-07-17 15:00:00,32.0,80.0,998.4,,28.5845,77.2058,214.9,INI0000VIDD,SAFDARJUNG,998.4,sea_level_pressure
2023-07-17 15:00:00,32.7,66.0,998.5,,26.2511,73.0489,218.5,INI0000VIJO,JODHPUR,998.5,sea_level_pressure
2023-07-17 15:00:00,27.8,91.0,997.8,930.8,30.3167,78.0333,682.0,INM00042111,DEHRADUN,997.8,sea_level_pressure
2023-07-17 18:00:00,30.5,85.0,1000.1,,28.5845,77.2058,214.9,INI0000VIDD,SAFDARJUNG,1000.1,sea_level_pressure
2023-07-17 18:00:00,32.0,69.0,999.9,,26.2511,73.0489,218.5,INI0000VIJO,JODHPUR,999.9,sea_level_pressure
2023-07-17 18:00:00,25.5,96.0,1000.0,932.5,30.3167,78.0333,682.0,INM00042111,DEHRADUN,1000.0,sea_level_pressure
2023-07-17 21:00:00,29.2,90.0,999.4,,28.5845,77.2058,214.9,INI0000VIDD,SAFDARJUNG,999.4,sea_level_pressure
2023-07-17 21:00:00,31.5,71.0,999.6,,26.2511,73.0489,218.5,INI0000VIJO,JODHPUR,999.6,sea_level_pressure
2023-07-17 21:00:00,25.4,100.0,999.2,931.7,30.3167,78.0333,682.0,INM00042111,DEHRADUN,999.2,sea_level_pressure
2023-07-18 00:00:00,28.2,92.0,998.7,,28.5845,77.2058,214.9,INI0000VIDD,SAFDARJUNG,998.7,sea_level_pressure
2023-07-18 00:00:00,29.7,77.0,999.2,,26.2511,73.0489,218.5,INI0000VIJO,JODHPUR,999.2,sea_level_pressure
2023-07-18 00:00:00,24.6,95.0,999.6,931.8,30.3167,78.0333,682.0,INM00042111,DEHRADUN,999.6,sea_level_pressure
2023-07-18 03:00:00,29.6,90.0,1000.5,,28.5845,77.2058,214.9,INI0000VIDD,SAFDARJUNG,1000.5,sea_level_pressure
2023-07-18 03:00:00,30.6,78.0,1000.5,,26.2511,73.0489,218.5,INI0000VIJO,JODHPUR,1000.5,sea_level_pressure
2023-07-18 03:00:00,24.6,98.0,1001.1,933.2,30.3167,78.0333,682.0,INM00042111,DEHRADUN,1001.1,sea_level_pressure
2023-07-18 06:00:00,32.2,76.0,1000.2,,28.5845,77.2058,214.9,INI0000VIDD,SAFDARJUNG,1000.2,sea_level_pressure
2023-07-18 06:00:00,34.5,63.0,1000.4,,26.2511,73.0489,218.5,INI0000VIJO,JODHPUR,1000.4,sea_level_pressure
2023-07-18 06:00:00,24.7,99.0,1002.2,934.3,30.3167,78.0333,682.0,INM00042111,DEHRADUN,1002.2,sea_level_pressure
2023-07-18 09:00:00,30.4,87.0,999.4,,28.5845,77.2058,214.9,INI0000VIDD,SAFDARJUNG,999.4,sea_level_pressure
2023-07-18 09:00:00,36.5,53.0,997.8,,26.2511,73.0489,218.5,INI0000VIJO,JODHPUR,997.8,sea_level_pressure
2023-07-18 09:00:00,26.8,90.0,999.5,932.2,30.3167,78.0333,682.0,INM00042111,DEHRADUN,999.5,sea_level_pressure
2023-07-18 12:00:00,30.2,94.0,997.4,,28.5845,77.2058,214.9,INI0000VIDD,SAFDARJUNG,997.4,sea_level_pressure
2023-07-18 12:00:00,36.7,52.0,995.9,,26.2511,73.0489,218.5,INI0000VIJO,JODHPUR,995.9,sea_level_pressure
2023-07-18 12:00:00,28.6,82.0,997.7,931.0,30.3167,78.0333,682.0,INM00042111,DEHRADUN,997.7,sea_level_pressure
2023-07-18 15:00:00,29.0,88.0,998.9,,28.5845,77.2058,214.9,INI0000VIDD,SAFDARJUNG,998.9,sea_level_pressure
2023-07-18 15:00:00,34.5,59.0,997.6,,26.2511,73.0489,218.5,INI0000VIJO,JODHPUR,997.6,sea_level_pressure
2023-07-18 15:00:00,26.2,90.0,998.4,931.1,30.3167,78.0333,682.0,INM00042111,DEHRADUN,998.4,sea_level_pressure
2023-07-18 18:00:00,28.7,93.0,1000.3,,28.5845,77.2058,214.9,INI0000VIDD,SAFDARJUNG,1000.3,sea_level_pressure
2023-07-18 18:00:00,28.0,97.0,998.7,,26.2511,73.0489,218.5,INI0000VIJO,JODHPUR,998.7,sea_level_pressure
2023-07-18 18:00:00,25.7,94.0,1000.6,933.0,30.3167,78.0333,682.0,INM00042111,DEHRADUN,1000.6,sea_level_pressure
2023-07-18 21:00:00,28.2,94.0,999.4,,28.5845,77.2058,214.9,INI0000VIDD,SAFDARJUNG,999.4,sea_level_pressure
2023-07-18 21:00:00,27.7,97.0,998.7,,26.2511,73.0489,218.5,INI0000VIJO,JODHPUR,998.7,sea_level_pressure
2023-07-18 21:00:00,25.6,95.0,999.6,932.1,30.3167,78.0333,682.0,INM00042111,DEHRADUN,999.6,sea_level_pressure
2023-07-19 00:00:00,28.5,93.0,999.6,,28.5845,77.2058,214.9,INI0000VIDD,SAFDARJUNG,999.6,sea_level_pressure
2023-07-19 00:00:00,27.6,94.0,998.0,,26.2511,73.0489,218.5,INI0000VIJO,JODHPUR,998.0,sea_level_pressure
2023-07-19 00:00:00,25.0,96.0,1000.0,932.2,30.3167,78.0333,682.0,INM00042111,DEHRADUN,1000.0,sea_level_pressure
2023-07-19 03:00:00,30.2,85.0,1000.1,,28.5845,77.2058,214.9,INI0000VIDD,SAFDARJUNG,1000.1,sea_level_pressure
2023-07-19 03:00:00,28.7,81.0,999.0,,26.2511,73.0489,218.5,INI0000VIJO,JODHPUR,999.0,sea_level_pressure
2023-07-19 03:00:00,26.2,89.0,1000.5,933.1,30.3167,78.0333,682.0,INM00042111,DEHRADUN,1000.5,sea_level_pressure
2023-07-19 06:00:00,32.6,77.0,1000.0,,28.5845,77.2058,214.9,INI0000VIDD,SAFDARJUNG,1000.0,sea_level_pressure
2023-07-19 06:00:00,32.2,71.0,999.2,,26.2511,73.0489,218.5,INI0000VIJO,JODHPUR,999.2,sea_level_pressure
2023-07-19 06:00:00,30.6,70.0,999.5,933.0,30.3167,78.0333,682.0,INM00042111,DEHRADUN,999.5,sea_level_pressure
2023-07-19 09:00:00,35.4,61.0,998.1,,28.5845,77.2058,214.9,INI0000VIDD,SAFDARJUNG,998.1,sea_level_pressure
2023-07-19 09:00:00,35.0,68.0,997.0,,26.2511,73.0489,218.5,INI0000VIJO,JODHPUR,997.0,sea_level_pressure
2023-07-19 09:00:00,27.2,86.0,999.5,932.4,30.3167,78.0333,682.0,INM00042111,DEHRADUN,999.5,sea_level_pressure
2023-07-19 12:00:00,35.0,65.0,996.8,,28.5845,77.2058,214.9,INI0000VIDD,SAFDARJUNG,996.8,sea_level_pressure
2023-07-19 12:00:00,30.5,79.0,997.2,,26.2511,73.0489,218.5,INI0000VIJO,JODHPUR,997.2,sea_level_pressure
2023-07-19 12:00:00,30.2,75.0,997.2,930.9,30.3167,78.0333,682.0,INM00042111,DEHRADUN,997.2,sea_level_pressure
2023-07-19 15:00:00,32.2,71.0,998.4,,28.5845,77.2058,214.9,INI0000VIDD,SAFDARJUNG,998.4,sea_level_pressure
2023-07-19 15:00:00,29.0,86.0,997.3,,26.2511,73.0489,218.5,INI0000VIJO,JODHPUR,997.3,sea_level_pressure
2023-07-19 15:00:00,28.6,82.0,997.2,930.5,30.3167,78.0333,682.0,INM00042111,DEHRADUN,997.2,sea_level_pressure
2023-07-19 18:00:00,30.7,83.0,999.4,,28.5845,77.2058,214.9,INI0000VIDD,SAFDARJUNG,999.4,sea_level_pressure
2023-07-19 18:00:00,29.0,94.0,998.8,,26.2511,73.0489,218.5,INI0000VIJO,JODHPUR,998.8,sea_level_pressure
2023-07-19 18:00:00,28.6,82.0,997.2,930.5,30.3167,78.0333,682.0,INM00042111,DEHRADUN,997.2,sea_level_pressure
2023-07-19 21:00:00,29.4,88.0,998.0,,28.5845,77.2058,214.9,INI0000VIDD,SAFDARJUNG,998.0,sea_level_pressure
2023-07-19 21:00:00,28.5,95.0,999.0,,26.2511,73.0489,218.5,INI0000VIJO,JODHPUR,999.0,sea_level_pressure
2023-07-19 21:00:00,26.7,90.0,999.5,932.2,30.3167,78.0333,682.0,INM00042111,DEHRADUN,999.5,sea_level_pressure
2023-07-20 00:00:00,29.6,88.0,999.5,,28.5845,77.2058,214.9,INI0000VIDD,SAFDARJUNG,999.5,sea_level_pressure
2023-07-20 00:00:00,28.7,93.0,997.7,,26.2511,73.0489,218.5,INI0000VIJO,JODHPUR,997.7,sea_level_pressure
2023-07-20 00:00:00,26.2,97.0,999.8,937.1,30.3167,78.0333,682.0,INM00042111,DEHRADUN,999.8,sea_level_pressure
2023-07-20 03:00:00,32.2,75.0,1000.4,,28.5845,77.2058,214.9,INI0000VIDD,SAFDARJUNG,1000.4,sea_level_pressure
2023-07-20 03:00:00,31.2,83.0,999.3,,26.2511,73.0489,218.5,INI0000VIJO,JODHPUR,999.3,sea_level_pressure
2023-07-20 03:00:00,27.2,77.0,1000.4,933.2,30.3167,78.0333,682.0,INM00042111,DEHRADUN,1000.4,sea_level_pressure
2023-07-20 06:00:00,35.7,60.0,999.7,,28.5845,77.2058,214.9,INI0000VIDD,SAFDARJUNG,999.7,sea_level_pressure
2023-07-20 06:00:00,34.7,65.0,999.0,,26.2511,73.0489,218.5,INI0000VIJO,JODHPUR,999.0,sea_level_pressure
2023-07-20 06:00:00,31.7,64.0,998.6,932.4,30.3167,78.0333,682.0,INM00042111,DEHRADUN,998.6,sea_level_pressure
2023-07-20 09:00:00,37.0,56.0,997.9,,28.5845,77.2058,214.9,INI0000VIDD,SAFDARJUNG,997.9,sea_level_pressure
2023-07-20 09:00:00,35.7,60.0,997.3,,26.2511,73.0489,218.5,INI0000VIJO,JODHPUR,997.3,sea_level_pressure
2023-07-20 09:00:00,34.4,50.0,997.2,931.7,30.3167,78.0333,682.0,INM00042111,DEHRADUN,997.2,sea_level_pressure
2023-07-20 12:00:00,,,,,,,,INI0000VIDD,SAFDARJUNG,,sea_level_pressure
2023-07-20 12:00:00,36.0,63.0,995.4,,26.2511,73.0489,218.5,INI0000VIJO,JODHPUR,995.4,sea_level_pressure
2023-07-20 12:00:00,35.4,58.0,994.8,929.7,30.3167,78.0333,682.0,INM00042111,DEHRADUN,994.8,sea_level_pressure
2023-07-20 15:00:00,34.6,64.0,997.7,,28.5845,77.2058,214.9,INI0000VIDD,SAFDARJUNG,997.7,sea_level_pressure
2023-07-20 15:00:00,32.5,71.0,998.0,,26.2511,73.0489,218.5,INI0000VIJO,JODHPUR,998.0,sea_level_pressure
2023-07-20 15:00:00,30.6,66.0,997.2,930.9,30.3167,78.0333,682.0,INM00042111,DEHRADUN,997.2,sea_level_pressure
2023-07-20 18:00:00,33.2,67.0,999.9,,28.5845,77.2058,214.9,INI0000VIDD,SAFDARJUNG,999.9,sea_level_pressure
2023-07-20 18:00:00,30.2,80.0,999.7,,26.2511,73.0489,218.5,INI0000VIJO,JODHPUR,999.7,sea_level_pressure
2023-07-20 18:00:00,28.0,82.0,1000.5,933.3,30.3167,78.0333,682.0,INM00042111,DEHRADUN,1000.5,sea_level_pressure
2023-07-20 21:00:00,32.2,69.0,998.8,,28.5845,77.2058,214.9,INI0000VIDD,SAFDARJUNG,998.8,sea_level_pressure
2023-07-20 21:00:00,30.7,76.0,998.9,,26.2511,73.0489,218.5,INI0000VIJO,JODHPUR,998.9,sea_level_pressure
2023-07-20 21:00:00,27.2,86.0,999.6,932.5,30.3167,78.0333,682.0,INM00042111,DEHRADUN,999.6,sea_level_pressure
2023-07-21 00:00:00,29.7,83.0,1000.2,,28.5845,77.2058,214.9,INI0000VIDD,SAFDARJUNG,1000.2,sea_level_pressure
2023-07-21 00:00:00,29.2,90.0,999.7,,26.2511,73.0489,218.5,INI0000VIJO,JODHPUR,999.7,sea_level_pressure
2023-07-21 00:00:00,26.7,88.0,999.9,932.6,30.3167,78.0333,682.0,INM00042111,DEHRADUN,999.9,sea_level_pressure
2023-07-21 03:00:00,33.0,73.0,1001.3,,28.5845,77.2058,214.9,INI0000VIDD,SAFDARJUNG,1001.3,sea_level_pressure
2023-07-21 03:00:00,30.7,81.0,1001.2,,26.2511,73.0489,218.5,INI0000VIJO,JODHPUR,1001.2,sea_level_pressure
2023-07-21 03:00:00,30.2,75.0,1000.4,933.9,30.3167,78.0333,682.0,INM00042111,DEHRADUN,1000.4,sea_level_pressure
2023-07-21 06:00:00,36.0,60.0,1001.5,,28.5845,77.2058,214.9,INI0000VIDD,SAFDARJUNG,1001.5,sea_level_pressure
2023-07-21 06:00:00,34.2,70.0,1001.1,,26.2511,73.0489,218.5,INI0000VIJO,JODHPUR,1001.1,sea_level_pressure
2023-07-21 06:00:00,33.7,60.0,1000.1,934.3,30.3167,78.0333,682.0,INM00042111,DEHRADUN,1000.1,sea_level_pressure
2023-07-21 09:00:00,37.4,54.0,999.5,,28.5845,77.2058,214.9,INI0000VIDD,SAFDARJUNG,999.5,sea_level_pressure
2023-07-21 09:00:00,37.0,55.0,998.4,,26.2511,73.0489,218.5,INI0000VIJO,JODHPUR,998.4,sea_level_pressure
2023-07-21 09:00:00,32.6,69.0,999.8,933.0,30.3167,78.0333,682.0,INM00042111,DEHRADUN,999.8,sea_level_pressure
2023-07-21 12:00:00,36.6,59.0,998.5,,28.5845,77.2058,214.9,INI0000VIDD,SAFDARJUNG,998.5,sea_level_pressure
2023-07-21 12:00:00,35.0,64.0,997.6,,26.2511,73.0489,218.5,INI0000VIJO,JODHPUR,997.6,sea_level_pressure
2023-07-21 12:00:00,31.2,75.0,997.6,931.5,30.3167,78.0333,682.0,INM00042111,DEHRADUN,997.6,sea_level_pressure
2023-07-21 15:00:00,33.0,73.0,1000.9,,28.5845,77.2058,214.9,INI0000VIDD,SAFDARJUNG,1000.9,sea_level_pressure
2023-07-21 15:00:00,29.6,86.0,1000.0,,26.2511,73.0489,218.5,INI0000VIJO,JODHPUR,1000.0,sea_level_pressure
2023-07-21 15:00:00,29.4,82.0,999.8,933.1,30.3167,78.0333,682.0,INM00042111,DEHRADUN,999.8,sea_level_pressure
2023-07-21 18:00:00,32.2,79.0,1002.2,,28.5845,77.2058,214.9,INI0000VIDD,SAFDARJUNG,1002.2,sea_level_pressure
2023-07-21 18:00:00,26.2,98.0,1002.5,,26.2511,73.0489,218.5,INI0000VIJO,JODHPUR,1002.5,sea_level_pressure
2023-07-21 18:00:00,28.0,83.0,1001.8,934.6,30.3167,78.0333,682.0,INM00042111,DEHRADUN,1001.8,sea_level_pressure
2023-07-21 21:00:00,31.4,81.0,1000.7,,28.5845,77.2058,214.9,INI0000VIDD,SAFDARJUNG,1000.7,sea_level_pressure
2023-07-21 21:00:00,26.5,94.0,1002.4,,26.2511,73.0489,218.5,INI0000VIJO,JODHPUR,1002.4,sea_level_pressure
2023-07-21 21:00:00,27.4,85.0,1002.0,934.8,30.3167,78.0333,682.0,INM00042111,DEHRADUN,1002.0,sea_level_pressure
2023-07-22 00:00:00,30.2,85.0,1003.0,,28.5845,77.2058,214.9,INI0000VIDD,SAFDARJUNG,1003.0,sea_level_pressure
2023-07-22 00:00:00,26.2,98.0,1001.5,,26.2511,73.0489,218.5,INI0000VIJO,JODHPUR,1001.5,sea_level_pressure
2023-07-22 00:00:00,26.7,93.0,1003.0,935.4,30.3167,78.0333,682.0,INM00042111,DEHRADUN,1003.0,sea_level_pressure
2023-07-22 03:00:00,32.4,75.0,1004.3,,28.5845,77.2058,214.9,INI0000VIDD,SAFDARJUNG,1004.3,sea_level_pressure
2023-07-22 03:00:00,28.2,92.0,1002.7,,26.2511,73.0489,218.5,INI0000VIJO,JODHPUR,1002.7,sea_level_pressure
2023-07-22 03:00:00,27.6,85.0,1005.1,937.6,30.3167,78.0333,682.0,INM00042111,DEHRADUN,1005.1,sea_level_pressure
2023-07-22 06:00:00,34.5,69.0,1004.6,,28.5845,77.2058,214.9,INI0000VIDD,SAFDARJUNG,1004.6,sea_level_pressure
2023-07-22 06:00:00,33.0,73.0,1002.1,,26.2511,73.0489,218.5,INI0000VIJO,JODHPUR,1002.1,sea_level_pressure
2023-07-22 06:00:00,26.2,92.0,1006.9,939.0,30.3167,78.0333,682.0,INM00042111,DEHRADUN,1006.9,sea_level_pressure
2023-07-22 09:00:00,35.4,66.0,1002.6,,28.5845,77.2058,214.9,INI0000VIDD,SAFDARJUNG,1002.6,sea_level_pressure
2023-07-22 09:00:00,35.2,67.0,1000.0,,26.2511,73.0489,218.5,INI0000VIJO,JODHPUR,1000.0,sea_level_pressure
2023-07-22 09:00:00,28.4,79.0,1005.3,938.0,30.3167,78.0333,682.0,INM00042111,DEHRADUN,1005.3,sea_level_pressure
2023-07-22 12:00:00,35.6,60.0,1000.7,,28.5845,77.2058,214.9,INI0000VIDD,SAFDARJUNG,1000.7,sea_level_pressure
2023-07-22 12:00:00,34.7,61.0,997.7,,26.2511,73.0489,218.5,INI0000VIJO,JODHPUR,997.7,sea_level_pressure
2023-07-22 12:00:00,,,,,,,,INM00042111,DEHRADUN,,sea_level_pressure
2023-07-22 15:00:00,32.6,72.0,1001.3,,28.5845,77.2058,214.9,INI0000VIDD,SAFDARJUNG,1001.3,sea_level_pressure
2023-07-22 15:00:00,30.0,85.0,999.7,,26.2511,73.0489,218.5,INI0000VIJO,JODHPUR,999.7,sea_level_pressure
2023-07-22 15:00:00,27.2,90.0,1001.2,934.0,30.3167,78.0333,682.0,INM00042111,DEHRADUN,1001.2,sea_level_pressure
2023-07-22 18:00:00,31.5,74.0,1003.5,,28.5845,77.2058,214.9,INI0000VIDD,SAFDARJUNG,1003.5,sea_level_pressure
2023-07-22 18:00:00,26.5,90.0,1002.7,,26.2511,73.0489,218.5,INI0000VIJO,JODHPUR,1002.7,sea_level_pressure
2023-07-22 18:00:00,26.0,94.0,1004.8,937.0,30.3167,78.0333,682.0,INM00042111,DEHRADUN,1004.8,sea_level_pressure
2023-07-22 21:00:00,30.2,80.0,1003.1,,28.5845,77.2058,214.9,INI0000VIDD,SAFDARJUNG,1003.1,sea_level_pressure
2023-07-22 21:00:00,27.5,90.0,1001.1,,26.2511,73.0489,218.5,INI0000VIJO,JODHPUR,1001.1,sea_level_pressure
2023-07-22 21:00:00,26.0,94.0,1004.8,937.0,30.3167,78.0333,682.0,INM00042111,DEHRADUN,1004.8,sea_level_pressure
2023-07-23 00:00:00,29.7,83.0,1003.7,,28.5845,77.2058,214.9,INI0000VIDD,SAFDARJUNG,1003.7,sea_level_pressure
2023-07-23 00:00:00,27.6,92.0,1001.1,,26.2511,73.0489,218.5,INI0000VIJO,JODHPUR,1001.1,sea_level_pressure
2023-07-23 00:00:00,25.7,94.0,1004.8,937.0,30.3167,78.0333,682.0,INM00042111,DEHRADUN,1004.8,sea_level_pressure
2023-07-23 03:00:00,31.6,71.0,1005.0,,28.5845,77.2058,214.9,INI0000VIDD,SAFDARJUNG,1005.0,sea_level_pressure
2023-07-23 03:00:00,29.7,87.0,1001.5,,26.2511,73.0489,218.5,INI0000VIJO,JODHPUR,1001.5,sea_level_pressure
2023-07-23 03:00:00,27.2,82.0,1005.4,937.9,30.3167,78.0333,682.0,INM00042111,DEHRADUN,1005.4,sea_level_pressure
2023-07-23 06:00:00,35.5,61.0,1003.8,,28.5845,77.2058,214.9,INI0000VIDD,SAFDARJUNG,1003.8,sea_level_pressure
2023-07-23 06:00:00,33.0,70.0,1002.1,,26.2511,73.0489,218.5,INI0000VIJO,JODHPUR,1002.1,sea_level_pressure
2023-07-23 06:00:00,31.7,61.0,1004.1,937.5,30.3167,78.0333,682.0,INM00042111,DEHRADUN,1004.1,sea_level_pressure
2023-07-23 09:00:00,,,,,,,,INI0000VIDD,SAFDARJUNG,,sea_level_pressure
2023-07-23 09:00:00,33.7,66.0,999.2,,26.2511,73.0489,218.5,INI0000VIJO,JODHPUR,999.2,sea_level_pressure
2023-07-23 09:00:00,35.4,59.0,1000.9,935.4,30.3167,78.0333,682.0,INM00042111,DEHRADUN,1000.9,sea_level_pressure
2023-07-23 12:00:00,34.5,70.0,999.9,,28.5845,77.2058,214.9,INI0000VIDD,SAFDARJUNG,999.9,sea_level_pressure
2023-07-23 12:00:00,35.0,62.0,997.1,,26.2511,73.0489,218.5,INI0000VIJO,JODHPUR,997.1,sea_level_pressure
2023-07-23 12:00:00,26.5,95.0,1000.6,933.2,30.3167,78.0333,682.0,INM00042111,DEHRADUN,1000.6,sea_level_pressure
2023-07-23 15:00:00,32.6,73.0,1000.7,,28.5845,77.2058,214.9,INI0000VIDD,SAFDARJUNG,1000.7,sea_level_pressure
2023-07-23 15:00:00,32.0,72.0,999.1,,26.2511,73.0489,218.5,INI0000VIJO,JODHPUR,999.1,sea_level_pressure
2023-07-23 15:00:00,25.4,96.0,1002.5,934.8,30.3167,78.0333,682.0,INM00042111,DEHRADUN,1002.5,sea_level_pressure
2023-07-23 18:00:00,31.7,75.0,1001.7,,28.5845,77.2058,214.9,INI0000VIDD,SAFDARJUNG,1001.7,sea_level_pressure
2023-07-23 18:00:00,30.0,81.0,999.7,,26.2511,73.0489,218.5,INI0000VIJO,JODHPUR,999.7,sea_level_pressure
2023-07-23 18:00:00,25.7,96.0,1003.1,935.3,30.3167,78.0333,682.0,INM00042111,DEHRADUN,1003.1,sea_level_pressure
2023-07-23 21:00:00,31.0,77.0,1001.0,,28.5845,77.2058,214.9,INI0000VIDD,SAFDARJUNG,1001.0,sea_level_pressure
2023-07-23 21:00:00,29.5,83.0,999.1,,26.2511,73.0489,218.5,INI0000VIJO,JODHPUR,999.1,sea_level_pressure
2023-07-23 21:00:00,26.0,92.0,1002.2,934.5,30.3167,78.0333,682.0,INM00042111,DEHRADUN,1002.2,sea_level_pressure
2023-07-24 00:00:00,30.7,79.0,1001.8,,28.5845,77.2058,214.9,INI0000VIDD,SAFDARJUNG,1001.8,sea_level_pressure
2023-07-24 00:00:00,29.2,83.0,998.8,,26.2511,73.0489,218.5,INI0000VIJO,JODHPUR,998.8,sea_level_pressure
2023-07-24 00:00:00,25.7,89.0,1002.1,934.4,30.3167,78.0333,682.0,INM00042111,DEHRADUN,1002.1,sea_level_pressure
2023-07-24 03:00:00,32.0,78.0,1002.8,,28.5845,77.2058,214.9,INI0000VIDD,SAFDARJUNG,1002.8,sea_level_pressure
2023-07-24 03:00:00,30.7,79.0,1000.2,,26.2511,73.0489,218.5,INI0000VIJO,JODHPUR,1000.2,sea_level_pressure
2023-07-24 03:00:00,27.8,85.0,1002.8,935.5,30.3167,78.0333,682.0,INM00042111,DEHRADUN,1002.8,sea_level_pressure
2023-07-24 06:00:00,36.0,59.0,1001.4,,28.5845,77.2058,214.9,INI0000VIDD,SAFDARJUNG,1001.4,sea_level_pressure
2023-07-24 06:00:00,33.2,68.0,1000.1,,26.2511,73.0489,218.5,INI0000VIJO,JODHPUR,1000.1,sea_level_pressure
2023-07-24 06:00:00,31.6,67.0,1001.4,935.0,30.3167,78.0333,682.0,INM00042111,DEHRADUN,1001.4,sea_level_pressure
2023-07-24 09:00:00,37.6,53.0,998.9,,28.5845,77.2058,214.9,INI0000VIDD,SAFDARJUNG,998.9,sea_level_pressure
2023-07-24 09:00:00,34.5,63.0,998.5,,26.2511,73.0489,218.5,INI0000VIJO,JODHPUR,998.5,sea_level_pressure
2023-07-24 09:00:00,32.2,67.0,999.3,933.2,30.3167,78.0333,682.0,INM00042111,DEHRADUN,999.3,sea_level_pressure
2023-07-24 12:00:00,36.2,63.0,997.2,,28.5845,77.2058,214.9,INI0000VIDD,SAFDARJUNG,997.2,sea_level_pressure
2023-07-24 12:00:00,31.0,87.0,997.6,,26.2511,73.0489,218.5,INI0000VIJO,JODHPUR,997.6,sea_level_pressure
2023-07-24 12:00:00,27.2,90.0,998.5,931.5,30.3167,78.0333,682.0,INM00042111,DEHRADUN,998.5,sea_level_pressure
2023-07-24 15:00:00,32.4,68.0,999.3,,28.5845,77.2058,214.9,INI0000VIDD,SAFDARJUNG,999.3,sea_level_pressure
2023-07-24 15:00:00,30.2,94.0,998.7,,26.2511,73.0489,218.5,INI0000VIJO,JODHPUR,998.7,sea_level_pressure
2023-07-24 15:00:00,27.6,88.0,999.4,932.3,30.3167,78.0333,682.0,INM00042111,DEHRADUN,999.4,sea_level_pressure
2023-07-24 18:00:00,31.6,71.0,1001.1,,28.5845,77.2058,214.9,INI0000VIDD,SAFDARJUNG,1001.1,sea_level_pressure
2023-07-24 18:00:00,29.7,96.0,1000.6,,26.2511,73.0489,218.5,INI0000VIJO,JODHPUR,1000.6,sea_level_pressure
2023-07-24 18:00:00,27.0,92.0,1001.3,933.7,30.3167,78.0333,682.0,INM00042111,DEHRADUN,1001.3,sea_level_pressure
2023-07-24 21:00:00,30.2,76.0,1000.0,,28.5845,77.2058,214.9,INI0000VIDD,SAFDARJUNG,1000.0,sea_level_pressure
2023-07-24 21:00:00,29.7,96.0,999.7,,26.2511,73.0489,218.5,INI0000VIJO,JODHPUR,999.7,sea_level_pressure
2023-07-24 21:00:00,25.6,98.0,1000.9,933.5,30.3167,78.0333,682.0,INM00042111,DEHRADUN,1000.9,sea_level_pressure
2023-07-25 00:00:00,30.7,79.0,999.5,,28.5845,77.2058,214.9,INI0000VIDD,SAFDARJUNG,999.5,sea_level_pressure
2023-07-25 00:00:00,27.7,94.0,999.7,,26.2511,73.0489,218.5,INI0000VIJO,JODHPUR,999.7,sea_level_pressure
2023-07-25 00:00:00,26.2,90.0,999.7,932.4,30.3167,78.0333,682.0,INM00042111,DEHRADUN,999.7,sea_level_pressure
2023-07-25 03:00:00,31.4,83.0,1002.3,,28.5845,77.2058,214.9,INI0000VIDD,SAFDARJUNG,1002.3,sea_level_pressure
2023-07-25 03:00:00,28.5,92.0,1001.7,,26.2511,73.0489,218.5,INI0000VIJO,JODHPUR,1001.7,sea_level_pressure
2023-07-25 03:00:00,30.0,71.0,1001.3,934.6,30.3167,78.0333,682.0,INM00042111,DEHRADUN,1001.3,sea_level_pressure
2023-07-25 06:00:00,34.6,67.0,1001.6,,28.5845,77.2058,214.9,INI0000VIDD,SAFDARJUNG,1001.6,sea_level_pressure
2023-07-25 06:00:00,31.6,78.0,1002.3,,26.2511,73.0489,218.5,INI0000VIJO,JODHPUR,1002.3,sea_level_pressure
2023-07-25 06:00:00,32.5,61.0,1000.7,934.6,30.3167,78.0333,682.0,INM00042111,DEHRADUN,1000.7,sea_level_pressure
2023-07-25 09:00:00,35.2,60.0,1000.1,,28.5845,77.2058,214.9,INI0000VIDD,SAFDARJUNG,1000.1,sea_level_pressure
2023-07-25 09:00:00,33.5,67.0,1000.2,,26.2511,73.0489,218.5,INI0000VIJO,JODHPUR,1000.2,sea_level_pressure
2023-07-25 09:00:00,32.6,66.0,999.7,933.5,30.3167,78.0333,682.0,INM00042111,DEHRADUN,999.7,sea_level_pressure
2023-07-25 12:00:00,33.0,72.0,998.9,,28.5845,77.2058,214.9,INI0000VIDD,SAFDARJUNG,998.9,sea_level_pressure
2023-07-25 12:00:00,32.6,70.0,999.9,,26.2511,73.0489,218.5,INI0000VIJO,JODHPUR,999.9,sea_level_pressure
2023-07-25 12:00:00,28.6,81.0,999.3,932.5,30.3167,78.0333,682.0,INM00042111,DEHRADUN,999.3,sea_level_pressure
2023-07-25 15:00:00,31.0,84.0,1001.0,,28.5845,77.2058,214.9,INI0000VIDD,SAFDARJUNG,1001.0,sea_level_pressure
2023-07-25 15:00:00,30.5,81.0,1001.3,,26.2511,73.0489,218.5,INI0000VIJO,JODHPUR,1001.3,sea_level_pressure
2023-07-25 15:00:00,,,,,,,,INM00042111,DEHRADUN,,sea_level_pressure
2023-07-25 18:00:00,30.0,88.0,1002.1,,28.5845,77.2058,214.9,INI0000VIDD,SAFDARJUNG,1002.1,sea_level_pressure
2023-07-25 18:00:00,29.4,79.0,1003.0,,26.2511,73.0489,218.5,INI0000VIJO,JODHPUR,1003.0,sea_level_pressure
2023-07-25 18:00:00,26.6,90.0,1002.8,935.3,30.3167,78.0333,682.0,INM00042111,DEHRADUN,1002.8,sea_level_pressure
2023-07-25 21:00:00,29.5,89.0,1001.7,,28.5845,77.2058,214.9,INI0000VIDD,SAFDARJUNG,1001.7,sea_level_pressure
2023-07-25 21:00:00,28.6,79.0,1002.2,,26.2511,73.0489,218.5,INI0000VIJO,JODHPUR,1002.2,sea_level_pressure
2023-07-25 21:00:00,26.0,94.0,1001.9,934.2,30.3167,78.0333,682.0,INM00042111,DEHRADUN,1001.9,sea_level_pressure
2023-07-26 00:00:00,26.5,94.0,1002.9,,28.5845,77.2058,214.9,INI0000VIDD,SAFDARJUNG,1002.9,sea_level_pressure
2023-07-26 00:00:00,28.0,91.0,1002.4,,26.2511,73.0489,218.5,INI0000VIJO,JODHPUR,1002.4,sea_level_pressure
2023-07-26 00:00:00,24.7,100.0,1002.1,934.0,30.3167,78.0333,682.0,INM00042111,DEHRADUN,1002.1,sea_level_pressure
2023-07-26 03:00:00,25.2,100.0,1004.2,,28.5845,77.2058,214.9,INI0000VIDD,SAFDARJUNG,1004.2,sea_level_pressure
2023-07-26 03:00:00,29.0,88.0,1003.8,,26.2511,73.0489,218.5,INI0000VIJO,JODHPUR,1003.8,sea_level_pressure
2023-07-26 03:00:00,23.5,96.0,1004.3,936.0,30.3167,78.0333,682.0,INM00042111,DEHRADUN,1004.3,sea_level_pressure
2023-07-26 06:00:00,25.6,98.0,1005.1,,28.5845,77.2058,214.9,INI0000VIDD,SAFDARJUNG,1005.1,sea_level_pressure
2023-07-26 06:00:00,32.2,73.0,1003.4,,26.2511,73.0489,218.5,INI0000VIJO,JODHPUR,1003.4,sea_level_pressure
2023-07-26 06:00:00,25.2,92.0,1003.6,935.8,30.3167,78.0333,682.0,INM00042111,DEHRADUN,1003.6,sea_level_pressure
2023-07-26 09:00:00,27.0,97.0,1003.6,,28.5845,77.2058,214.9,INI0000VIDD,SAFDARJUNG,1003.6,sea_level_pressure
2023-07-26 09:00:00,32.5,70.0,1001.8,,26.2511,73.0489,218.5,INI0000VIJO,JODHPUR,1001.8,sea_level_pressure
2023-07-26 09:00:00,27.0,85.0,1003.3,935.7,30.3167,78.0333,682.0,INM00042111,DEHRADUN,1003.3,sea_level_pressure
2023-07-26 12:00:00,30.2,80.0,1001.0,,28.5845,77.2058,214.9,INI0000VIDD,SAFDARJUNG,1001.0,sea_level_pressure
2023-07-26 12:00:00,33.2,67.0,1000.4,,26.2511,73.0489,218.5,INI0000VIJO,JODHPUR,1000.4,sea_level_pressure
2023-07-26 12:00:00,27.6,85.0,1000.3,933.1,30.3167,78.0333,682.0,INM00042111,DEHRADUN,1000.3,sea_level_pressure
2023-07-26 15:00:00,28.6,86.0,1001.7,,28.5845,77.2058,214.9,INI0000VIDD,SAFDARJUNG,1001.7,sea_level_pressure
2023-07-26 15:00:00,30.7,77.0,1002.2,,26.2511,73.0489,218.5,INI0000VIJO,JODHPUR,1002.2,sea_level_pressure
2023-07-26 15:00:00,26.0,90.0,1002.8,935.0,30.3167,78.0333,682.0,INM00042111,DEHRADUN,1002.8,sea_level_pressure
2023-07-26 18:00:00,27.7,89.0,1003.6,,28.5845,77.2058,214.9,INI0000VIDD,SAFDARJUNG,1003.6,sea_level_pressure
2023-07-26 18:00:00,30.0,83.0,1003.1,,26.2511,73.0489,218.5,INI0000VIJO,JODHPUR,1003.1,sea_level_pressure
2023-07-26 18:00:00,25.5,93.0,1003.2,935.4,30.3167,78.0333,682.0,INM00042111,DEHRADUN,1003.2,sea_level_pressure
2023-07-26 21:00:00,27.0,92.0,1002.5,,28.5845,77.2058,214.9,INI0000VIDD,SAFDARJUNG,1002.5,sea_level_pressure
2023-07-26 21:00:00,29.5,84.0,1002.4,,26.2511,73.0489,218.5,INI0000VIJO,JODHPUR,1002.4,sea_level_pressure
2023-07-26 21:00:00,25.0,94.0,1002.8,934.9,30.3167,78.0333,682.0,INM00042111,DEHRADUN,1002.8,sea_level_pressure
2023-07-27 00:00:00,26.7,94.0,1002.5,,28.5845,77.2058,214.9,INI0000VIDD,SAFDARJUNG,1002.5,sea_level_pressure
2023-07-27 00:00:00,28.6,88.0,1002.4,,26.2511,73.0489,218.5,INI0000VIJO,JODHPUR,1002.4,sea_level_pressure
2023-07-27 00:00:00,25.0,95.0,1002.4,934.5,30.3167,78.0333,682.0,INM00042111,DEHRADUN,1002.4,sea_level_pressure
2023-07-27 03:00:00,28.6,85.0,1003.5,,28.5845,77.2058,214.9,INI0000VIDD,SAFDARJUNG,1003.5,sea_level_pressure
2023-07-27 03:00:00,29.2,86.0,1003.5,,26.2511,73.0489,218.5,INI0000VIJO,JODHPUR,1003.5,sea_level_pressure
2023-07-27 03:00:00,26.6,90.0,1002.7,935.1,30.3167,78.0333,682.0,INM00042111,DEHRADUN,1002.7,sea_level_pressure
2023-07-27 06:00:00,32.2,73.0,1002.7,,28.5845,77.2058,214.9,INI0000VIDD,SAFDARJUNG,1002.7,sea_level_pressure
2023-07-27 06:00:00,30.5,76.0,1003.8,,26.2511,73.0489,218.5,INI0000VIJO,JODHPUR,1003.8,sea_level_pressure
2023-07-27 06:00:00,31.6,66.0,1001.1,934.8,30.3167,78.0333,682.0,INM00042111,DEHRADUN,1001.1,sea_level_pressure
2023-07-27 09:00:00,33.8,68.0,1000.5,,28.5845,77.2058,214.9,INI0000VIDD,SAFDARJUNG,1000.5,sea_level_pressure
2023-07-27 09:00:00,32.2,69.0,1001.5,,26.2511,73.0489,218.5,INI0000VIJO,JODHPUR,1001.5,sea_level_pressure
2023-07-27 09:00:00,28.4,79.0,999.8,933.0,30.3167,78.0333,682.0,INM00042111,DEHRADUN,999.8,sea_level_pressure
2023-07-27 12:00:00,31.0,78.0,999.2,,28.5845,77.2058,214.9,INI0000VIDD,SAFDARJUNG,999.2,sea_level_pressure
2023-07-27 12:00:00,31.7,73.0,999.5,,26.2511,73.0489,218.5,INI0000VIJO,JODHPUR,999.5,sea_level_pressure
2023-07-27 12:00:00,28.0,86.0,999.1,932.0,30.3167,78.0333,682.0,INM00042111,DEHRADUN,999.1,sea_level_pressure
2023-07-27 15:00:00,29.6,83.0,1000.9,,28.5845,77.2058,214.9,INI0000VIDD,SAFDARJUNG,1000.9,sea_level_pressure
2023-07-27 15:00:00,29.5,81.0,1002.3,,26.2511,73.0489,218.5,INI0000VIJO,JODHPUR,1002.3,sea_level_pressure
2023-07-27 15:00:00,27.2,90.0,999.3,932.2,30.3167,78.0333,682.0,INM00042111,DEHRADUN,999.3,sea_level_pressure
2023-07-27 18:00:00,29.2,85.0,1002.1,,28.5845,77.2058,214.9,INI0000VIDD,SAFDARJUNG,1002.1,sea_level_pressure
2023-07-27 18:00:00,28.5,84.0,1002.8,,26.2511,73.0489,218.5,INI0000VIJO,JODHPUR,1002.8,sea_level_pressure
2023-07-27 18:00:00,25.6,92.0,1001.1,933.4,30.3167,78.0333,682.0,INM00042111,DEHRADUN,1001.1,sea_level_pressure
2023-07-27 21:00:00,28.6,86.0,1001.8,,28.5845,77.2058,214.9,INI0000VIDD,SAFDARJUNG,1001.8,sea_level_pressure
2023-07-27 21:00:00,27.6,86.0,1001.7,,26.2511,73.0489,218.5,INI0000VIJO,JODHPUR,1001.7,sea_level_pressure
2023-07-27 21:00:00,25.4,96.0,1000.1,932.6,30.3167,78.0333,682.0,INM00042111,DEHRADUN,1000.1,sea_level_pressure
2023-07-28 00:00:00,27.7,91.0,999.5,,28.5845,77.2058,214.9,INI0000VIDD,SAFDARJUNG,999.5,sea_level_pressure
2023-07-28 00:00:00,28.2,92.0,999.8,,26.2511,73.0489,218.5,INI0000VIJO,JODHPUR,999.8,sea_level_pressure
2023-07-28 00:00:00,25.0,96.0,999.9,932.1,30.3167,78.0333,682.0,INM00042111,DEHRADUN,999.9,sea_level_pressure
2023-07-28 03:00:00,29.6,85.0,1000.7,,28.5845,77.2058,214.9,INI0000VIDD,SAFDARJUNG,1000.7,sea_level_pressure
2023-07-28 03:00:00,29.0,83.0,1001.6,,26.2511,73.0489,218.5,INI0000VIJO,JODHPUR,1001.6,sea_level_pressure
2023-07-28 03:00:00,25.8,92.0,1000.0,932.5,30.3167,78.0333,682.0,INM00042111,DEHRADUN,1000.0,sea_level_pressure
2023-07-28 06:00:00,32.0,72.0,1000.2,,28.5845,77.2058,214.9,INI0000VIDD,SAFDARJUNG,1000.2,sea_level_pressure
2023-07-28 06:00:00,30.2,74.0,1002.1,,26.2511,73.0489,218.5,INI0000VIJO,JODHPUR,1002.1,sea_level_pressure
2023-07-28 06:00:00,28.0,85.0,999.9,932.8,30.3167,78.0333,682.0,INM00042111,DEHRADUN,999.9,sea_level_pressure
2023-07-28 09:00:00,31.8,78.0,999.8,,28.5845,77.2058,214.9,INI0000VIDD,SAFDARJUNG,999.8,sea_level_pressure
2023-07-28 09:00:00,32.7,67.0,999.8,,26.2511,73.0489,218.5,INI0000VIJO,JODHPUR,999.8,sea_level_pressure
2023-07-28 09:00:00,30.6,71.0,996.7,930.5,30.3167,78.0333,682.0,INM00042111,DEHRADUN,996.7,sea_level_pressure
2023-07-28 12:00:00,32.7,72.0,997.0,,28.5845,77.2058,214.9,INI0000VIDD,SAFDARJUNG,997.0,sea_level_pressure
2023-07-28 12:00:00,32.6,67.0,998.3,,26.2511,73.0489,218.5,INI0000VIJO,JODHPUR,998.3,sea_level_pressure
2023-07-28 12:00:00,31.0,70.0,995.3,929.1,30.3167,78.0333,682.0,INM00042111,DEHRADUN,995.3,sea_level_pressure
2023-07-28 15:00:00,26.4,100.0,999.8,,28.5845,77.2058,214.9,INI0000VIDD,SAFDARJUNG,999.8,sea_level_pressure
2023-07-28 15:00:00,27.0,95.0,1000.5,,26.2511,73.0489,218.5,INI0000VIJO,JODHPUR,1000.5,sea_level_pressure
2023-07-28 15:00:00,26.4,86.0,997.1,930.0,30.3167,78.0333,682.0,INM00042111,DEHRADUN,997.1,sea_level_pressure
2023-07-28 18:00:00,26.0,100.0,1000.5,,28.5845,77.2058,214.9,INI0000VIDD,SAFDARJUNG,1000.5,sea_level_pressure
2023-07-28 18:00:00,27.7,95.0,1000.3,,26.2511,73.0489,218.5,INI0000VIJO,JODHPUR,1000.3,sea_level_pressure
2023-07-28 18:00:00,26.5,86.0,997.1,930.0,30.3167,78.0333,682.0,INM00042111,DEHRADUN,997.1,sea_level_pressure
2023-07-28 21:00:00,25.8,98.0,999.6,,28.5845,77.2058,214.9,INI0000VIDD,SAFDARJUNG,999.6,sea_level_pressure
2023-07-28 21:00:00,27.6,94.0,999.9,,26.2511,73.0489,218.5,INI0000VIJO,JODHPUR,999.9,sea_level_pressure
2023-07-28 21:00:00,23.7,100.0,998.9,931.5,30.3167,78.0333,682.0,INM00042111,DEHRADUN,998.9,sea_level_pressure
2023-07-29 00:00:00,26.2,100.0,998.0,,28.5845,77.2058,214.9,INI0000VIDD,SAFDARJUNG,998.0,sea_level_pressure
2023-07-29 00:00:00,27.2,87.0,999.6,,26.2511,73.0489,218.5,INI0000VIJO,JODHPUR,999.6,sea_level_pressure
2023-07-29 00:00:00,23.6,100.0,997.4,929.6,30.3167,78.0333,682.0,INM00042111,DEHRADUN,997.4,sea_level_pressure
2023-07-29 03:00:00,26.6,97.0,1000.2,,28.5845,77.2058,214.9,INI0000VIDD,SAFDARJUNG,1000.2,sea_level_pressure
2023-07-29 03:00:00,28.0,82.0,1001.3,,26.2511,73.0489,218.5,INI0000VIJO,JODHPUR,1001.3,sea_level_pressure
2023-07-29 03:00:00,25.2,94.0,998.5,931.0,30.3167,78.0333,682.0,INM00042111,DEHRADUN,998.5,sea_level_pressure
2023-07-29 06:00:00,28.7,87.0,1000.7,,28.5845,77.2058,214.9,INI0000VIDD,SAFDARJUNG,1000.7,sea_level_pressure
2023-07-29 06:00:00,30.0,77.0,1001.6,,26.2511,73.0489,218.5,INI0000VIJO,JODHPUR,1001.6,sea_level_pressure
2023-07-29 06:00:00,28.5,79.0,999.5,932.7,30.3167,78.0333,682.0,INM00042111,DEHRADUN,999.5,sea_level_pressure
2023-07-29 09:00:00,29.8,81.0,999.1,,28.5845,77.2058,214.9,INI0000VIDD,SAFDARJUNG,999.1,sea_level_pressure
2023-07-29 09:00:00,29.7,80.0,1000.7,,26.2511,73.0489,218.5,INI0000VIJO,JODHPUR,1000.7,sea_level_pressure
2023-07-29 09:00:00,28.6,79.0,998.5,931.7,30.3167,78.0333,682.0,INM00042111,DEHRADUN,998.5,sea_level_pressure
2023-07-29 12:00:00,30.0,81.0,997.6,,28.5845,77.2058,214.9,INI0000VIDD,SAFDARJUNG,997.6,sea_level_pressure
2023-07-29 12:00:00,30.5,75.0,999.1,,26.2511,73.0489,218.5,INI0000VIJO,JODHPUR,999.1,sea_level_pressure
2023-07-29 12:00:00,29.6,69.0,996.6,930.1,30.3167,78.0333,682.0,INM00042111,DEHRADUN,996.6,sea_level_pressure
2023-07-29 15:00:00,29.0,85.0,998.8,,28.5845,77.2058,214.9,INI0000VIDD,SAFDARJUNG,998.8,sea_level_pressure
2023-07-29 15:00:00,29.2,86.0,1000.0,,26.2511,73.0489,218.5,INI0000VIJO,JODHPUR,1000.0,sea_level_pressure
2023-07-29 15:00:00,26.8,85.0,997.8,930.6,30.3167,78.0333,682.0,INM00042111,DEHRADUN,997.8,sea_level_pressure
2023-07-29 18:00:00,28.2,89.0,1000.1,,28.5845,77.2058,214.9,INI0000VIDD,SAFDARJUNG,1000.1,sea_level_pressure
2023-07-29 18:00:00,28.2,89.0,1001.1,,26.2511,73.0489,218.5,INI0000VIJO,JODHPUR,1001.1,sea_level_pressure
2023-07-29 18:00:00,25.0,89.0,999.7,931.9,30.3167,78.0333,682.0,INM00042111,DEHRADUN,999.7,sea_level_pressure
2023-07-29 21:00:00,26.4,98.0,999.2,,28.5845,77.2058,214.9,INI0000VIDD,SAFDARJUNG,999.2,sea_level_pressure
2023-07-29 21:00:00,27.6,90.0,1000.7,,26.2511,73.0489,218.5,INI0000VIJO,JODHPUR,1000.7,sea_level_pressure
2023-07-29 21:00:00,24.0,92.0,999.1,931.2,30.3167,78.0333,682.0,INM00042111,DEHRADUN,999.1,sea_level_pressure
2023-07-30 00:00:00,26.5,97.0,999.5,,28.5845,77.2058,214.9,INI0000VIDD,SAFDARJUNG,999.5,sea_level_pressure
2023-07-30 00:00:00,27.4,90.0,1000.2,,26.2511,73.0489,218.5,INI0000VIJO,JODHPUR,1000.2,sea_level_pressure
2023-07-30 00:00:00,24.2,93.0,998.1,930.5,30.3167,78.0333,682.0,INM00042111,DEHRADUN,998.1,sea_level_pressure
2023-07-30 03:00:00,28.0,86.0,999.7,,28.5845,77.2058,214.9,INI0000VIDD,SAFDARJUNG,999.7,sea_level_pressure
2023-07-30 03:00:00,27.7,85.0,1001.9,,26.2511,73.0489,218.5,INI0000VIJO,JODHPUR,1001.9,sea_level_pressure
2023-07-30 03:00:00,28.2,73.0,998.0,931.2,30.3167,78.0333,682.0,INM00042111,DEHRADUN,998.0,sea_level_pressure
2023-07-30 06:00:00,32.5,69.0,999.6,,28.5845,77.2058,214.9,INI0000VIDD,SAFDARJUNG,999.6,sea_level_pressure
2023-07-30 06:00:00,30.5,71.0,1002.0,,26.2511,73.0489,218.5,INI0000VIJO,JODHPUR,1002.0,sea_level_pressure
2023-07-30 06:00:00,31.7,74.0,999.3,931.2,30.3167,78.0333,682.0,INM00042111,DEHRADUN,999.3,sea_level_pressure
2023-07-30 09:00:00,34.0,65.0,997.0,,28.5845,77.2058,214.9,INI0000VIDD,SAFDARJUNG,997.0,sea_level_pressure
2023-07-30 09:00:00,32.6,63.0,1000.1,,26.2511,73.0489,218.5,INI0000VIJO,JODHPUR,1000.1,sea_level_pressure
2023-07-30 09:00:00,29.4,91.0,995.5,929.0,30.3167,78.0333,682.0,INM00042111,DEHRADUN,995.5,sea_level_pressure
2023-07-30 12:00:00,33.7,63.0,995.0,,28.5845,77.2058,214.9,INI0000VIDD,SAFDARJUNG,995.0,sea_level_pressure
2023-07-30 12:00:00,32.7,65.0,998.2,,26.2511,73.0489,218.5,INI0000VIJO,JODHPUR,998.2,sea_level_pressure
2023-07-30 12:00:00,27.2,92.0,994.8,928.0,30.3167,78.0333,682.0,INM00042111,DEHRADUN,994.8,sea_level_pressure
2023-07-30 15:00:00,30.6,77.0,997.6,,28.5845,77.2058,214.9,INI0000VIDD,SAFDARJUNG,997.6,sea_level_pressure
2023-07-30 15:00:00,29.7,76.0,999.3,,26.2511,73.0489,218.5,INI0000VIJO,JODHPUR,999.3,sea_level_pressure
2023-07-30 15:00:00,26.0,92.0,996.5,929.2,30.3167,78.0333,682.0,INM00042111,DEHRADUN,996.5,sea_level_pressure
2023-07-30 18:00:00,29.7,84.0,998.5,,28.5845,77.2058,214.9,INI0000VIDD,SAFDARJUNG,998.5,sea_level_pressure
2023-07-30 18:00:00,28.0,86.0,1000.9,,26.2511,73.0489,218.5,INI0000VIJO,JODHPUR,1000.9,sea_level_pressure
2023-07-30 18:00:00,25.5,93.0,997.9,930.5,30.3167,78.0333,682.0,INM00042111,DEHRADUN,997.9,sea_level_pressure
2023-07-30 21:00:00,28.8,88.0,997.5,,28.5845,77.2058,214.9,INI0000VIDD,SAFDARJUNG,997.5,sea_level_pressure
2023-07-30 21:00:00,26.7,93.0,1000.7,,26.2511,73.0489,218.5,INI0000VIJO,JODHPUR,1000.7,sea_level_pressure
2023-07-30 21:00:00,,,,,,,,INM00042111,DEHRADUN,,sea_level_pressure
2023-07-31 00:00:00,28.2,91.0,998.1,,28.5845,77.2058,214.9,INI0000VIDD,SAFDARJUNG,998.1,sea_level_pressure
2023-07-31 00:00:00,27.5,90.0,999.9,,26.2511,73.0489,218.5,INI0000VIJO,JODHPUR,999.9,sea_level_pressure
2023-07-31 00:00:00,25.5,96.0,996.6,929.3,30.3167,78.0333,682.0,INM00042111,DEHRADUN,996.6,sea_level_pressure
2023-07-31 03:00:00,30.0,86.0,999.0,,28.5845,77.2058,214.9,INI0000VIDD,SAFDARJUNG,999.0,sea_level_pressure
2023-07-31 03:00:00,28.2,85.0,1001.4,,26.2511,73.0489,218.5,INI0000VIJO,JODHPUR,1001.4,sea_level_pressure
2023-07-31 03:00:00,28.0,83.0,997.2,930.3,30.3167,78.0333,682.0,INM00042111,DEHRADUN,997.2,sea_level_pressure
2023-07-31 06:00:00,32.6,67.0,998.9,,28.5845,77.2058,214.9,INI0000VIDD,SAFDARJUNG,998.9,sea_level_pressure
2023-07-31 06:00:00,29.7,79.0,1001.9,,26.2511,73.0489,218.5,INI0000VIJO,JODHPUR,1001.9,sea_level_pressure
2023-07-31 06:00:00,31.6,69.0,996.4,930.4,30.3167,78.0333,682.0,INM00042111,DEHRADUN,996.4,sea_level_pressure
2023-07-31 09:00:00,34.2,63.0,997.4,,28.5845,77.2058,214.9,INI0000VIDD,SAFDARJUNG,997.4,sea_level_pressure
2023-07-31 09:00:00,32.2,68.0,1000.1,,26.2511,73.0489,218.5,INI0000VIJO,JODHPUR,1000.1,sea_level_pressure
2023-07-31 09:00:00,32.4,71.0,995.0,929.2,30.3167,78.0333,682.0,INM00042111,DEHRADUN,995.0,sea_level_pressure
2023-07-31 12:00:00,34.5,61.0,995.2,,28.5845,77.2058,214.9,INI0000VIDD,SAFDARJUNG,995.2,sea_level_pressure
2023-07-31 12:00:00,31.7,64.0,998.5,,26.2511,73.0489,218.5,INI0000VIJO,JODHPUR,998.5,sea_level_pressure
2023-07-31 12:00:00,28.6,84.0,994.0,927.5,30.3167,78.0333,682.0,INM00042111,DEHRADUN,994.0,sea_level_pressure
2023-07-31 15:00:00,32.2,73.0,996.6,,28.5845,77.2058,214.9,INI0000VIDD,SAFDARJUNG,996.6,sea_level_pressure
2023-07-31 15:00:00,28.7,82.0,999.3,,26.2511,73.0489,218.5,INI0000VIJO,JODHPUR,999.3,sea_level_pressure
2023-07-31 15:00:00,26.2,100.0,994.3,929.0,30.3167,78.0333,682.0,INM00042111,DEHRADUN,994.3,sea_level_pressure
2023-07-31 18:00:00,31.2,79.0,997.9,,28.5845,77.2058,214.9,INI0000VIDD,SAFDARJUNG,997.9,sea_level_pressure
2023-07-31 18:00:00,27.7,91.0,1000.6,,26.2511,73.0489,218.5,INI0000VIJO,JODHPUR,1000.6,sea_level_pressure
2023-07-31 18:00:00,26.2,100.0,994.3,929.0,30.3167,78.0333,682.0,INM00042111,DEHRADUN,994.3,sea_level_pressure
2023-07-31 21:00:00,30.0,83.0,996.7,,28.5845,77.2058,214.9,INI0000VIDD,SAFDARJUNG,996.7,sea_level_pressure
2023-07-31 21:00:00,27.0,94.0,1000.6,,26.2511,73.0489,218.5,INI0000VIJO,JODHPUR,1000.6,sea_level_pressure
2023-07-31 21:00:00,26.0,98.0,994.1,927.0,30.3167,78.0333,682.0,INM00042111,DEHRADUN,994.1,sea_level_pressure
2023-08-01 00:00:00,28.0,85.0,997.1,,28.5845,77.2058,214.9,INI0000VIDD,SAFDARJUNG,997.1,sea_level_pressure
2023-08-01 00:00:00,27.5,92.0,998.9,,26.2511,73.0489,218.5,INI0000VIJO,JODHPUR,998.9,sea_level_pressure
2023-08-01 00:00:00,26.0,97.0,995.5,928.3,30.3167,78.0333,682.0,INM00042111,DEHRADUN,995.5,sea_level_pressure
2023-08-01 03:00:00,30.2,80.0,998.3,,28.5845,77.2058,214.9,INI0000VIDD,SAFDARJUNG,998.3,sea_level_pressure
2023-08-01 03:00:00,28.0,86.0,1000.5,,26.2511,73.0489,218.5,INI0000VIJO,JODHPUR,1000.5,sea_level_pressure
2023-08-01 03:00:00,26.6,97.0,995.9,928.9,30.3167,78.0333,682.0,INM00042111,DEHRADUN,995.9,sea_level_pressure
2023-08-01 06:00:00,33.7,66.0,997.9,,28.5845,77.2058,214.9,INI0000VIDD,SAFDARJUNG,997.9,sea_level_pressure
2023-08-01 06:00:00,30.7,70.0,1000.8,,26.2511,73.0489,218.5,INI0000VIJO,JODHPUR,1000.8,sea_level_pressure
2023-08-01 06:00:00,31.2,75.0,995.2,929.2,30.3167,78.0333,682.0,INM00042111,DEHRADUN,995.2,sea_level_pressure
2023-08-01 09:00:00,35.4,57.0,995.8,,28.5845,77.2058,214.9,INI0000VIDD,SAFDARJUNG,995.8,sea_level_pressure
2023-08-01 09:00:00,33.2,62.0,999.2,,26.2511,73.0489,218.5,INI0000VIJO,JODHPUR,999.2,sea_level_pressure
2023-08-01 09:00:00,34.0,67.0,993.2,927.8,30.3167,78.0333,682.0,INM00042111,DEHRADUN,993.2,sea_level_pressure
2023-08-01 12:00:00,35.5,56.0,994.1,,28.5845,77.2058,214.9,INI0000VIDD,SAFDARJUNG,994.1,sea_level_pressure
2023-08-01 12:00:00,32.7,65.0,997.7,,26.2511,73.0489,218.5,INI0000VIJO,JODHPUR,997.7,sea_level_pressure
2023-08-01 12:00:00,32.5,71.0,991.1,925.6,30.3167,78.0333,682.0,INM00042111,DEHRADUN,991.1,sea_level_pressure
2023-08-01 15:00:00,32.6,65.0,995.4,,28.5845,77.2058,214.9,INI0000VIDD,SAFDARJUNG,995.4,sea_level_pressure
2023-08-01 15:00:00,29.7,77.0,998.9,,26.2511,73.0489,218.5,INI0000VIJO,JODHPUR,998.9,sea_level_pressure
2023-08-01 15:00:00,29.6,82.0,993.9,927.6,30.3167,78.0333,682.0,INM00042111,DEHRADUN,993.9,sea_level_pressure
2023-08-01 18:00:00,32.0,67.0,996.7,,28.5845,77.2058,214.9,INI0000VIDD,SAFDARJUNG,996.7,sea_level_pressure
2023-08-01 18:00:00,28.5,87.0,1000.0,,26.2511,73.0489,218.5,INI0000VIJO,JODHPUR,1000.0,sea_level_pressure
2023-08-01 18:00:00,28.5,89.0,995.1,928.5,30.3167,78.0333,682.0,INM00042111,DEHRADUN,995.1,sea_level_pressure
2023-08-01 21:00:00,31.2,70.0,995.9,,28.5845,77.2058,214.9,INI0000VIDD,SAFDARJUNG,995.9,sea_level_pressure
2023-08-01 21:00:00,27.6,90.0,999.8,,26.2511,73.0489,218.5,INI0000VIJO,JODHPUR,999.8,sea_level_pressure
2023-08-01 21:00:00,27.6,92.0,994.7,927.9,30.3167,78.0333,682.0,INM00042111,DEHRADUN,994.7,sea_level_pressure
2023-08-02 00:00:00,30.5,71.0,996.6,,28.5845,77.2058,214.9,INI0000VIDD,SAFDARJUNG,996.6,sea_level_pressure
2023-08-02 00:00:00,27.6,84.0,999.7,,26.2511,73.0489,218.5,INI0000VIJO,JODHPUR,999.7,sea_level_pressure
2023-08-02 00:00:00,27.5,93.0,994.6,927.8,30.3167,78.0333,682.0,INM00042111,DEHRADUN,994.6,sea_level_pressure
2023-08-02 03:00:00,30.4,78.0,998.4,,28.5845,77.2058,214.9,INI0000VIDD,SAFDARJUNG,998.4,sea_level_pressure
2023-08-02 03:00:00,28.0,83.0,1001.4,,26.2511,73.0489,218.5,INI0000VIJO,JODHPUR,1001.4,sea_level_pressure
2023-08-02 03:00:00,27.2,92.0,996.0,929.1,30.3167,78.0333,682.0,INM00042111,DEHRADUN,996.0,sea_level_pressure
2023-08-02 06:00:00,33.6,67.0,998.7,,28.5845,77.2058,214.9,INI0000VIDD,SAFDARJUNG,998.7,sea_level_pressure
2023-08-02 06:00:00,30.0,72.0,1001.4,,26.2511,73.0489,218.5,INI0000VIJO,JODHPUR,1001.4,sea_level_pressure
2023-08-02 06:00:00,29.5,86.0,997.0,930.5,30.3167,78.0333,682.0,INM00042111,DEHRADUN,997.0,sea_level_pressure
2023-08-02 09:00:00,35.2,64.0,996.7,,28.5845,77.2058,214.9,INI0000VIDD,SAFDARJUNG,996.7,sea_level_pressure
2023-08-02 09:00:00,31.6,65.0,999.8,,26.2511,73.0489,218.5,INI0000VIJO,JODHPUR,999.8,sea_level_pressure
2023-08-02 09:00:00,28.8,82.0,996.8,930.1,30.3167,78.0333,682.0,INM00042111,DEHRADUN,996.8,sea_level_pressure
2023-08-02 12:00:00,32.2,73.0,995.9,,28.5845,77.2058,214.9,INI0000VIDD,SAFDARJUNG,995.9,sea_level_pressure
2023-08-02 12:00:00,31.0,69.0,998.7,,26.2511,73.0489,218.5,INI0000VIJO,JODHPUR,998.7,sea_level_pressure
2023-08-02 12:00:00,27.5,93.0,994.9,928.0,30.3167,78.0333,682.0,INM00042111,DEHRADUN,994.9,sea_level_pressure
2023-08-02 15:00:00,30.0,78.0,997.2,,28.5845,77.2058,214.9,INI0000VIDD,SAFDARJUNG,997.2,sea_level_pressure
2023-08-02 15:00:00,28.7,78.0,999.3,,26.2511,73.0489,218.5,INI0000VIJO,JODHPUR,999.3,sea_level_pressure
2023-08-02 15:00:00,27.2,95.0,995.6,928.8,30.3167,78.0333,682.0,INM00042111,DEHRADUN,995.6,sea_level_pressure
2023-08-02 18:00:00,27.6,97.0,998.1,,28.5845,77.2058,214.9,INI0000VIDD,SAFDARJUNG,998.1,sea_level_pressure
2023-08-02 18:00:00,27.6,81.0,1000.1,,26.2511,73.0489,218.5,INI0000VIJO,JODHPUR,1000.1,sea_level_pressure
2023-08-02 18:00:00,25.7,96.0,997.0,929.6,30.3167,78.0333,682.0,INM00042111,DEHRADUN,997.0,sea_level_pressure
2023-08-02 21:00:00,27.2,100.0,997.1,,28.5845,77.2058,214.9,INI0000VIDD,SAFDARJUNG,997.1,sea_level_pressure
2023-08-02 21:00:00,27.2,83.0,999.5,,26.2511,73.0489,218.5,INI0000VIJO,JODHPUR,999.5,sea_level_pressure
2023-08-02 21:00:00,25.4,96.0,995.4,928.2,30.3167,78.0333,682.0,INM00042111,DEHRADUN,995.4,sea_level_pressure
2023-08-03 00:00:00,27.0,95.0,997.7,,28.5845,77.2058,214.9,INI0000VIDD,SAFDARJUNG,997.7,sea_level_pressure
2023-08-03 00:00:00,27.0,86.0,999.7,,26.2511,73.0489,218.5,INI0000VIJO,JODHPUR,999.7,sea_level_pressure
2023-08-03 00:00:00,25.0,96.0,995.9,928.4,30.3167,78.0333,682.0,INM00042111,DEHRADUN,995.9,sea_level_pressure
2023-08-03 03:00:00,30.2,78.0,997.7,,28.5845,77.2058,214.9,INI0000VIDD,SAFDARJUNG,997.7,sea_level_pressure
2023-08-03 03:00:00,27.6,84.0,1000.9,,26.2511,73.0489,218.5,INI0000VIJO,JODHPUR,1000.9,sea_level_pressure
2023-08-03 03:00:00,28.0,82.0,996.8,929.9,30.3167,78.0333,682.0,INM00042111,DEHRADUN,996.8,sea_level_pressure
2023-08-03 06:00:00,32.6,69.0,998.5,,28.5845,77.2058,214.9,INI0000VIDD,SAFDARJUNG,998.5,sea_level_pressure
2023-08-03 06:00:00,30.0,72.0,1000.8,,26.2511,73.0489,218.5,INI0000VIJO,JODHPUR,1000.8,sea_level_pressure
2023-08-03 06:00:00,32.2,66.0,995.6,929.8,30.3167,78.0333,682.0,INM00042111,DEHRADUN,995.6,sea_level_pressure
2023-08-03 09:00:00,34.0,65.0,996.8,,28.5845,77.2058,214.9,INI0000VIDD,SAFDARJUNG,996.8,sea_level_pressure
2023-08-03 09:00:00,31.2,68.0,999.5,,26.2511,73.0489,218.5,INI0000VIJO,JODHPUR,999.5,sea_level_pressure
2023-08-03 09:00:00,34.0,64.0,994.1,928.6,30.3167,78.0333,682.0,INM00042111,DEHRADUN,994.1,sea_level_pressure
2023-08-03 12:00:00,33.6,72.0,995.5,,28.5845,77.2058,214.9,INI0000VIDD,SAFDARJUNG,995.5,sea_level_pressure
2023-08-03 12:00:00,31.5,66.0,998.7,,26.2511,73.0489,218.5,INI0000VIJO,JODHPUR,998.7,sea_level_pressure
2023-08-03 12:00:00,31.5,73.0,993.8,927.9,30.3167,78.0333,682.0,INM00042111,DEHRADUN,993.8,sea_level_pressure
2023-08-03 15:00:00,30.8,77.0,997.5,,28.5845,77.2058,214.9,INI0000VIDD,SAFDARJUNG,997.5,sea_level_pressure
2023-08-03 15:00:00,29.5,75.0,1000.0,,26.2511,73.0489,218.5,INI0000VIJO,JODHPUR,1000.0,sea_level_pressure
2023-08-03 15:00:00,27.0,100.0,995.0,928.0,30.3167,78.0333,682.0,INM00042111,DEHRADUN,995.0,sea_level_pressure
2023-08-03 18:00:00,30.2,83.0,998.4,,28.5845,77.2058,214.9,INI0000VIDD,SAFDARJUNG,998.4,sea_level_pressure
2023-08-03 18:00:00,28.0,80.0,1001.1,,26.2511,73.0489,218.5,INI0000VIJO,JODHPUR,1001.1,sea_level_pressure
2023-08-03 18:00:00,26.7,100.0,997.1,930.0,30.3167,78.0333,682.0,INM00042111,DEHRADUN,997.1,sea_level_pressure
2023-08-03 21:00:00,29.0,85.0,997.4,,28.5845,77.2058,214.9,INI0000VIDD,SAFDARJUNG,997.4,sea_level_pressure
2023-08-03 21:00:00,27.2,83.0,1000.7,,26.2511,73.0489,218.5,INI0000VIJO,JODHPUR,1000.7,sea_level_pressure
2023-08-03 21:00:00,26.0,98.0,996.2,929.0,30.3167,78.0333,682.0,INM00042111,DEHRADUN,996.2,sea_level_pressure
2023-08-04 00:00:00,28.6,83.0,998.6,,28.5845,77.2058,214.9,INI0000VIDD,SAFDARJUNG,998.6,sea_level_pressure
2023-08-04 00:00:00,26.6,87.0,1000.3,,26.2511,73.0489,218.5,INI0000VIJO,JODHPUR,1000.3,sea_level_pressure
2023-08-04 00:00:00,,,,,,,,INM00042111,DEHRADUN,,sea_level_pressure
2023-08-04 03:00:00,28.0,94.0,999.5,,28.5845,77.2058,214.9,INI0000VIDD,SAFDARJUNG,999.5,sea_level_pressure
2023-08-04 03:00:00,27.2,84.0,1002.6,,26.2511,73.0489,218.5,INI0000VIJO,JODHPUR,1002.6,sea_level_pressure
2023-08-04 03:00:00,25.2,98.0,999.7,932.2,30.3167,78.0333,682.0,INM00042111,DEHRADUN,999.7,sea_level_pressure
2023-08-04 06:00:00,29.7,87.0,1001.5,,28.5845,77.2058,214.9,INI0000VIDD,SAFDARJUNG,1001.5,sea_level_pressure
2023-08-04 06:00:00,31.2,64.0,1002.4,,26.2511,73.0489,218.5,INI0000VIJO,JODHPUR,1002.4,sea_level_pressure
2023-08-04 06:00:00,26.6,95.0,1000.9,933.5,30.3167,78.0333,682.0,INM00042111,DEHRADUN,1000.9,sea_level_pressure
2023-08-04 09:00:00,31.6,74.0,999.9,,28.5845,77.2058,214.9,INI0000VIDD,SAFDARJUNG,999.9,sea_level_pressure
2023-08-04 09:00:00,32.5,63.0,1001.2,,26.2511,73.0489,218.5,INI0000VIJO,JODHPUR,1001.2,sea_level_pressure
2023-08-04 09:00:00,28.0,86.0,1000.2,933.0,30.3167,78.0333,682.0,INM00042111,DEHRADUN,1000.2,sea_level_pressure
2023-08-04 12:00:00,33.2,70.0,998.0,,28.5845,77.2058,214.9,INI0000VIDD,SAFDARJUNG,998.0,sea_level_pressure
2023-08-04 12:00:00,33.0,57.0,1000.2,,26.2511,73.0489,218.5,INI0000VIJO,JODHPUR,1000.2,sea_level_pressure
2023-08-04 12:00:00,28.7,84.0,998.0,931.2,30.3167,78.0333,682.0,INM00042111,DEHRADUN,998.0,sea_level_pressure
2023-08-04 15:00:00,26.6,100.0,1001.5,,28.5845,77.2058,214.9,INI0000VIDD,SAFDARJUNG,1001.5,sea_level_pressure
2023-08-04 15:00:00,30.4,69.0,1001.8,,26.2511,73.0489,218.5,INI0000VIJO,JODHPUR,1001.8,sea_level_pressure
2023-08-04 15:00:00,27.4,92.0,1000.5,933.3,30.3167,78.0333,682.0,INM00042111,DEHRADUN,1000.5,sea_level_pressure
2023-08-04 18:00:00,27.2,100.0,1002.0,,28.5845,77.2058,214.9,INI0000VIDD,SAFDARJUNG,1002.0,sea_level_pressure
2023-08-04 18:00:00,28.8,79.0,1002.8,,26.2511,73.0489,218.5,INI0000VIJO,JODHPUR,1002.8,sea_level_pressure
2023-08-04 18:00:00,26.6,95.0,1001.1,933.7,30.3167,78.0333,682.0,INM00042111,DEHRADUN,1001.1,sea_level_pressure
2023-08-04 21:00:00,26.8,100.0,1000.9,,28.5845,77.2058,214.9,INI0000VIDD,SAFDARJUNG,1000.9,sea_level_pressure
2023-08-04 21:00:00,27.7,83.0,1002.4,,26.2511,73.0489,218.5,INI0000VIJO,JODHPUR,1002.4,sea_level_pressure
2023-08-04 21:00:00,25.4,96.0,1000.7,933.1,30.3167,78.0333,682.0,INM00042111,DEHRADUN,1000.7,sea_level_pressure
2023-08-05 00:00:00,28.0,98.0,1001.1,,28.5845,77.2058,214.9,INI0000VIDD,SAFDARJUNG,1001.1,sea_level_pressure
2023-08-05 00:00:00,27.2,87.0,1003.2,,26.2511,73.0489,218.5,INI0000VIJO,JODHPUR,1003.2,sea_level_pressure
2023-08-05 00:00:00,25.6,98.0,1000.8,933.1,30.3167,78.0333,682.0,INM00042111,DEHRADUN,1000.8,sea_level_pressure
2023-08-05 03:00:00,26.0,100.0,1002.8,,28.5845,77.2058,214.9,INI0000VIDD,SAFDARJUNG,1002.8,sea_level_pressure
2023-08-05 03:00:00,28.5,83.0,1005.0,,26.2511,73.0489,218.5,INI0000VIJO,JODHPUR,1005.0,sea_level_pressure
2023-08-05 03:00:00,29.0,82.0,1001.2,934.2,30.3167,78.0333,682.0,INM00042111,DEHRADUN,1001.2,sea_level_pressure
2023-08-05 06:00:00,29.2,90.0,1002.9,,28.5845,77.2058,214.9,INI0000VIDD,SAFDARJUNG,1002.9,sea_level_pressure
2023-08-05 06:00:00,31.2,67.0,1004.8,,26.2511,73.0489,218.5,INI0000VIJO,JODHPUR,1004.8,sea_level_pressure
2023-08-05 06:00:00,29.5,82.0,1001.0,934.3,30.3167,78.0333,682.0,INM00042111,DEHRADUN,1001.0,sea_level_pressure
2023-08-05 09:00:00,31.4,84.0,1001.1,,28.5845,77.2058,214.9,INI0000VIDD,SAFDARJUNG,1001.1,sea_level_pressure
2023-08-05 09:00:00,33.4,59.0,1003.1,,26.2511,73.0489,218.5,INI0000VIJO,JODHPUR,1003.1,sea_level_pressure
2023-08-05 09:00:00,28.8,91.0,1000.0,933.2,30.3167,78.0333,682.0,INM00042111,DEHRADUN,1000.0,sea_level_pressure
2023-08-05 12:00:00,32.6,70.0,999.0,,28.5845,77.2058,214.9,INI0000VIDD,SAFDARJUNG,999.0,sea_level_pressure
2023-08-05 12:00:00,33.2,60.0,1001.7,,26.2511,73.0489,218.5,INI0000VIJO,JODHPUR,1001.7,sea_level_pressure
2023-08-05 12:00:00,30.5,80.0,997.0,930.6,30.3167,78.0333,682.0,INM00042111,DEHRADUN,997.0,sea_level_pressure
2023-08-05 15:00:00,31.6,75.0,1000.4,,28.5845,77.2058,214.9,INI0000VIDD,SAFDARJUNG,1000.4,sea_level_pressure
2023-08-05 15:00:00,30.7,71.0,1003.3,,26.2511,73.0489,218.5,INI0000VIJO,JODHPUR,1003.3,sea_level_pressure
2023-08-05 15:00:00,25.4,100.0,999.0,931.5,30.3167,78.0333,682.0,INM00042111,DEHRADUN,999.0,sea_level_pressure
2023-08-05 18:00:00,30.7,77.0,1000.8,,28.5845,77.2058,214.9,INI0000VIDD,SAFDARJUNG,1000.8,sea_level_pressure
2023-08-05 18:00:00,29.5,75.0,1003.5,,26.2511,73.0489,218.5,INI0000VIJO,JODHPUR,1003.5,sea_level_pressure
2023-08-05 18:00:00,25.0,100.0,999.7,931.9,30.3167,78.0333,682.0,INM00042111,DEHRADUN,999.7,sea_level_pressure
2023-08-05 21:00:00,30.0,80.0,999.5,,28.5845,77.2058,214.9,INI0000VIDD,SAFDARJUNG,999.5,sea_level_pressure
2023-08-05 21:00:00,28.7,77.0,1003.2,,26.2511,73.0489,218.5,INI0000VIJO,JODHPUR,1003.2,sea_level_pressure
2023-08-05 21:00:00,25.0,100.0,998.9,931.1,30.3167,78.0333,682.0,INM00042111,DEHRADUN,998.9,sea_level_pressure
2023-08-06 00:00:00,29.5,81.0,999.2,,28.5845,77.2058,214.9,INI0000VIDD,SAFDARJUNG,999.2,sea_level_pressure
2023-08-06 00:00:00,27.0,84.0,1002.5,,26.2511,73.0489,218.5,INI0000VIJO,JODHPUR,1002.5,sea_level_pressure
2023-08-06 00:00:00,25.0,100.0,998.5,930.9,30.3167,78.0333,682.0,INM00042111,DEHRADUN,998.5,sea_level_pressure
2023-08-06 03:00:00,29.8,77.0,1000.7,,28.5845,77.2058,214.9,INI0000VIDD,SAFDARJUNG,1000.7,sea_level_pressure
2023-08-06 03:00:00,28.0,78.0,1003.4,,26.2511,73.0489,218.5,INI0000VIJO,JODHPUR,1003.4,sea_level_pressure
2023-08-06 03:00:00,26.0,95.0,998.2,930.8,30.3167,78.0333,682.0,INM00042111,DEHRADUN,998.2,sea_level_pressure
2023-08-06 06:00:00,33.5,62.0,1000.2,,28.5845,77.2058,214.9,INI0000VIDD,SAFDARJUNG,1000.2,sea_level_pressure
2023-08-06 06:00:00,30.5,66.0,1002.6,978.2,26.2511,73.0489,218.5,INI0000VIJO,JODHPUR,1002.6,sea_level_pressure
2023-08-06 06:00:00,29.0,88.0,997.6,930.9,30.3167,78.0333,682.0,INM00042111,DEHRADUN,997.6,sea_level_pressure
2023-08-06 09:00:00,34.6,59.0,997.3,,28.5845,77.2058,214.9,INI0000VIDD,SAFDARJUNG,997.3,sea_level_pressure
2023-08-06 09:00:00,31.6,66.0,1000.3,,26.2511,73.0489,218.5,INI0000VIJO,JODHPUR,1000.3,sea_level_pressure
2023-08-06 09:00:00,28.8,84.0,995.7,929.1,30.3167,78.0333,682.0,INM00042111,DEHRADUN,995.7,sea_level_pressure
2023-08-06 12:00:00,34.2,62.0,995.7,,28.5845,77.2058,214.9,INI0000VIDD,SAFDARJUNG,995.7,sea_level_pressure
2023-08-06 12:00:00,32.2,63.0,998.5,,26.2511,73.0489,218.5,INI0000VIJO,JODHPUR,998.5,sea_level_pressure
2023-08-06 12:00:00,28.7,81.0,994.6,928.1,30.3167,78.0333,682.0,INM00042111,DEHRADUN,994.6,sea_level_pressure
2023-08-06 15:00:00,31.4,61.0,997.3,,28.5845,77.2058,214.9,INI0000VIDD,SAFDARJUNG,997.3,sea_level_pressure
2023-08-06 15:00:00,30.2,69.0,999.6,,26.2511,73.0489,218.5,INI0000VIJO,JODHPUR,999.6,sea_level_pressure
2023-08-06 15:00:00,27.0,97.0,995.1,928.0,30.3167,78.0333,682.0,INM00042111,DEHRADUN,995.1,sea_level_pressure
2023-08-06 18:00:00,30.0,72.0,997.6,,28.5845,77.2058,214.9,INI0000VIDD,SAFDARJUNG,997.6,sea_level_pressure
2023-08-06 18:00:00,28.7,77.0,1000.0,,26.2511,73.0489,218.5,INI0000VIJO,JODHPUR,1000.0,sea_level_pressure
2023-08-06 18:00:00,25.5,99.0,995.4,928.0,30.3167,78.0333,682.0,INM00042111,DEHRADUN,995.4,sea_level_pressure
2023-08-06 21:00:00,28.8,75.0,996.0,,28.5845,77.2058,214.9,INI0000VIDD,SAFDARJUNG,996.0,sea_level_pressure
2023-08-06 21:00:00,28.0,78.0,1000.1,,26.2511,73.0489,218.5,INI0000VIJO,JODHPUR,1000.1,sea_level_pressure
2023-08-06 21:00:00,,,,,,,,INM00042111,DEHRADUN,,sea_level_pressure
2023-08-07 00:00:00,28.0,78.0,996.1,,28.5845,77.2058,214.9,INI0000VIDD,SAFDARJUNG,996.1,sea_level_pressure
2023-08-07 00:00:00,27.5,74.0,998.4,,26.2511,73.0489,218.5,INI0000VIJO,JODHPUR,998.4,sea_level_pressure
2023-08-07 00:00:00,25.0,100.0,994.3,926.9,30.3167,78.0333,682.0,INM00042111,DEHRADUN,994.3,sea_level_pressure
2023-08-07 03:00:00,29.4,74.0,998.1,,28.5845,77.2058,214.9,INI0000VIDD,SAFDARJUNG,998.1,sea_level_pressure
2023-08-07 03:00:00,27.5,78.0,1000.0,,26.2511,73.0489,218.5,INI0000VIJO,JODHPUR,1000.0,sea_level_pressure
2023-08-07 03:00:00,26.0,95.0,995.7,928.5,30.3167,78.0333,682.0,INM00042111,DEHRADUN,995.7,sea_level_pressure
2023-08-07 06:00:00,32.7,62.0,997.5,,28.5845,77.2058,214.9,INI0000VIDD,SAFDARJUNG,997.5,sea_level_pressure
2023-08-07 06:00:00,30.0,67.0,999.7,,26.2511,73.0489,218.5,INI0000VIJO,JODHPUR,999.7,sea_level_pressure
2023-08-07 06:00:00,29.2,80.0,994.7,928.4,30.3167,78.0333,682.0,INM00042111,DEHRADUN,994.7,sea_level_pressure
2023-08-07 09:00:00,33.2,63.0,995.3,,28.5845,77.2058,214.9,INI0000VIDD,SAFDARJUNG,995.3,sea_level_pressure
2023-08-07 09:00:00,32.0,59.0,997.6,,26.2511,73.0489,218.5,INI0000VIJO,JODHPUR,997.6,sea_level_pressure
2023-08-07 09:00:00,31.8,71.0,992.7,926.9,30.3167,78.0333,682.0,INM00042111,DEHRADUN,992.7,sea_level_pressure
2023-08-07 12:00:00,32.6,62.0,994.3,,28.5845,77.2058,214.9,INI0000VIDD,SAFDARJUNG,994.3,sea_level_pressure
2023-08-07 12:00:00,31.6,62.0,997.6,,26.2511,73.0489,218.5,INI0000VIJO,JODHPUR,997.6,sea_level_pressure
2023-08-07 12:00:00,30.0,79.0,991.9,925.7,30.3167,78.0333,682.0,INM00042111,DEHRADUN,991.9,sea_level_pressure
2023-08-07 15:00:00,,,,,,,,INI0000VIDD,SAFDARJUNG,,sea_level_pressure
2023-08-07 15:00:00,,,,,,,,INI0000VIJO,JODHPUR,,sea_level_pressure
2023-08-07 15:00:00,,,,,,,,INM00042111,DEHRADUN,,sea_level_pressure
2023-08-07 18:00:00,29.2,74.0,996.6,,28.5845,77.2058,214.9,INI0000VIDD,SAFDARJUNG,996.6,sea_level_pressure
2023-08-07 18:00:00,28.2,74.0,999.5,,26.2511,73.0489,218.5,INI0000VIJO,JODHPUR,999.5,sea_level_pressure
2023-08-07 18:00:00,25.6,90.0,994.4,927.2,30.3167,78.0333,682.0,INM00042111,DEHRADUN,994.4,sea_level_pressure
2023-08-07 21:00:00,28.4,78.0,995.7,,28.5845,77.2058,214.9,INI0000VIDD,SAFDARJUNG,995.7,sea_level_pressure
2023-08-07 21:00:00,26.5,81.0,999.2,,26.2511,73.0489,218.5,INI0000VIJO,JODHPUR,999.2,sea_level_pressure
2023-08-07 21:00:00,26.2,92.0,993.0,926.1,30.3167,78.0333,682.0,INM00042111,DEHRADUN,993.0,sea_level_pressure
2023-08-08 00:00:00,27.7,80.0,996.6,,28.5845,77.2058,214.9,INI0000VIDD,SAFDARJUNG,996.6,sea_level_pressure
2023-08-08 00:00:00,26.7,82.0,999.3,,26.2511,73.0489,218.5,INI0000VIJO,JODHPUR,999.3,sea_level_pressure
2023-08-08 00:00:00,25.7,91.0,993.3,926.2,30.3167,78.0333,682.0,INM00042111,DEHRADUN,993.3,sea_level_pressure
2023-08-08 03:00:00,29.2,74.0,998.5,,28.5845,77.2058,214.9,INI0000VIDD,SAFDARJUNG,998.5,sea_level_pressure
2023-08-08 03:00:00,27.6,78.0,1000.9,,26.2511,73.0489,218.5,INI0000VIJO,JODHPUR,1000.9,sea_level_pressure
2023-08-08 03:00:00,26.8,92.0,995.0,928.0,30.3167,78.0333,682.0,INM00042111,DEHRADUN,995.0,sea_level_pressure
2023-08-08 06:00:00,31.7,64.0,998.2,,28.5845,77.2058,214.9,INI0000VIDD,SAFDARJUNG,998.2,sea_level_pressure
2023-08-08 06:00:00,30.4,67.0,1000.7,,26.2511,73.0489,218.5,INI0000VIJO,JODHPUR,1000.7,sea_level_pressure
2023-08-08 06:00:00,30.0,76.0,995.0,928.7,30.3167,78.0333,682.0,INM00042111,DEHRADUN,995.0,sea_level_pressure
2023-08-08 09:00:00,33.4,61.0,997.6,,28.5845,77.2058,214.9,INI0000VIDD,SAFDARJUNG,997.6,sea_level_pressure
2023-08-08 09:00:00,31.2,62.0,999.8,,26.2511,73.0489,218.5,INI0000VIJO,JODHPUR,999.8,sea_level_pressure
2023-08-08 09:00:00,30.6,75.0,992.4,928.2,30.3167,78.0333,682.0,INM00042111,DEHRADUN,992.4,sea_level_pressure
2023-08-08 12:00:00,32.7,67.0,997.1,,28.5845,77.2058,214.9,INI0000VIDD,SAFDARJUNG,997.1,sea_level_pressure
2023-08-08 12:00:00,31.5,67.0,999.8,,26.2511,73.0489,218.5,INI0000VIJO,JODHPUR,999.8,sea_level_pressure
2023-08-08 12:00:00,29.5,85.0,994.5,928.0,30.3167,78.0333,682.0,INM00042111,DEHRADUN,994.5,sea_level_pressure
2023-08-08 15:00:00,31.4,67.0,998.4,,28.5845,77.2058,214.9,INI0000VIDD,SAFDARJUNG,998.4,sea_level_pressure
2023-08-08 15:00:00,29.5,71.0,1001.3,,26.2511,73.0489,218.5,INI0000VIJO,JODHPUR,1001.3,sea_level_pressure
2023-08-08 15:00:00,25.8,94.0,995.9,928.7,30.3167,78.0333,682.0,INM00042111,DEHRADUN,995.9,sea_level_pressure
2023-08-08 18:00:00,30.2,73.0,1000.0,,28.5845,77.2058,214.9,INI0000VIDD,SAFDARJUNG,1000.0,sea_level_pressure
2023-08-08 18:00:00,28.0,78.0,1002.7,,26.2511,73.0489,218.5,INI0000VIJO,JODHPUR,1002.7,sea_level_pressure
2023-08-08 18:00:00,25.7,94.0,997.6,930.2,30.3167,78.0333,682.0,INM00042111,DEHRADUN,997.6,sea_level_pressure
2023-08-08 21:00:00,29.0,78.0,998.8,,28.5845,77.2058,214.9,INI0000VIDD,SAFDARJUNG,998.8,sea_level_pressure
2023-08-08 21:00:00,27.0,81.0,1001.8,,26.2511,73.0489,218.5,INI0000VIJO,JODHPUR,1001.8,sea_level_pressure
2023-08-08 21:00:00,25.8,95.0,997.2,929.8,30.3167,78.0333,682.0,INM00042111,DEHRADUN,997.2,sea_level_pressure
2023-08-09 00:00:00,28.2,78.0,1000.2,,28.5845,77.2058,214.9,INI0000VIDD,SAFDARJUNG,1000.2,sea_level_pressure
2023-08-09 00:00:00,27.0,80.0,1002.4,,26.2511,73.0489,218.5,INI0000VIJO,JODHPUR,1002.4,sea_level_pressure
2023-08-09 00:00:00,25.6,97.0,997.9,930.5,30.3167,78.0333,682.0,INM00042111,DEHRADUN,997.9,sea_level_pressure
2023-08-09 03:00:00,29.4,74.0,1002.4,,28.5845,77.2058,214.9,INI0000VIDD,SAFDARJUNG,1002.4,sea_level_pressure
2023-08-09 03:00:00,27.5,81.0,1004.8,,26.2511,73.0489,218.5,INI0000VIJO,JODHPUR,1004.8,sea_level_pressure
2023-08-09 03:00:00,28.0,86.0,999.7,932.6,30.3167,78.0333,682.0,INM00042111,DEHRADUN,999.7,sea_level_pressure
2023-08-09 06:00:00,31.5,69.0,1003.1,,28.5845,77.2058,214.9,INI0000VIDD,SAFDARJUNG,1003.1,sea_level_pressure
2023-08-09 06:00:00,31.0,64.0,1004.6,,26.2511,73.0489,218.5,INI0000VIJO,JODHPUR,1004.6,sea_level_pressure
2023-08-09 06:00:00,29.5,82.0,1000.1,933.4,30.3167,78.0333,682.0,INM00042111,DEHRADUN,1000.1,sea_level_pressure
2023-08-09 09:00:00,33.6,61.0,1001.7,,28.5845,77.2058,214.9,INI0000VIDD,SAFDARJUNG,1001.7,sea_level_pressure
2023-08-09 09:00:00,32.5,65.0,1003.1,,26.2511,73.0489,218.5,INI0000VIJO,JODHPUR,1003.1,sea_level_pressure
2023-08-09 09:00:00,30.4,77.0,998.9,932.5,30.3167,78.0333,682.0,INM00042111,DEHRADUN,998.9,sea_level_pressure
2023-08-09 12:00:00,33.5,66.0,1000.6,,28.5845,77.2058,214.9,INI0000VIDD,SAFDARJUNG,1000.6,sea_level_pressure
2023-08-09 12:00:00,32.0,63.0,1002.7,,26.2511,73.0489,218.5,INI0000VIJO,JODHPUR,1002.7,sea_level_pressure
2023-08-09 12:00:00,28.7,81.0,998.9,932.1,30.3167,78.0333,682.0,INM00042111,DEHRADUN,998.9,sea_level_pressure
2023-08-09 15:00:00,31.8,71.0,1001.6,,28.5845,77.2058,214.9,INI0000VIDD,SAFDARJUNG,1001.6,sea_level_pressure
2023-08-09 15:00:00,29.5,69.0,1004.0,,26.2511,73.0489,218.5,INI0000VIJO,JODHPUR,1004.0,sea_level_pressure
2023-08-09 15:00:00,26.8,90.0,1000.1,932.8,30.3167,78.0333,682.0,INM00042111,DEHRADUN,1000.1,sea_level_pressure
2023-08-09 18:00:00,31.2,73.0,1002.5,,28.5845,77.2058,214.9,INI0000VIDD,SAFDARJUNG,1002.5,sea_level_pressure
2023-08-09 18:00:00,28.0,80.0,1004.8,,26.2511,73.0489,218.5,INI0000VIJO,JODHPUR,1004.8,sea_level_pressure
2023-08-09 18:00:00,25.6,100.0,1001.1,933.6,30.3167,78.0333,682.0,INM00042111,DEHRADUN,1001.1,sea_level_pressure
2023-08-09 21:00:00,30.5,75.0,1001.6,,28.5845,77.2058,214.9,INI0000VIDD,SAFDARJUNG,1001.6,sea_level_pressure
2023-08-09 21:00:00,27.2,80.0,1003.8,,26.2511,73.0489,218.5,INI0000VIJO,JODHPUR,1003.8,sea_level_pressure
2023-08-09 21:00:00,,,,,,,,INM00042111,DEHRADUN,,sea_level_pressure
2023-08-10 00:00:00,29.2,80.0,1001.9,,28.5845,77.2058,214.9,INI0000VIDD,SAFDARJUNG,1001.9,sea_level_pressure
2023-08-10 00:00:00,26.6,86.0,1004.3,,26.2511,73.0489,218.5,INI0000VIJO,JODHPUR,1004.3,sea_level_pressure
2023-08-10 00:00:00,24.7,100.0,1000.8,,30.3167,78.0333,682.0,INM00042111,DEHRADUN,1000.8,sea_level_pressure
2023-08-10 03:00:00,29.8,74.0,1004.1,,28.5845,77.2058,214.9,INI0000VIDD,SAFDARJUNG,1004.1,sea_level_pressure
2023-08-10 03:00:00,27.7,82.0,1005.8,,26.2511,73.0489,218.5,INI0000VIJO,JODHPUR,1005.8,sea_level_pressure
2023-08-10 03:00:00,25.2,94.0,1002.5,934.8,30.3167,78.0333,682.0,INM00042111,DEHRADUN,1002.5,sea_level_pressure
2023-08-10 06:00:00,32.5,63.0,1004.5,,28.5845,77.2058,214.9,INI0000VIDD,SAFDARJUNG,1004.5,sea_level_pressure
2023-08-10 06:00:00,31.0,66.0,1006.2,,26.2511,73.0489,218.5,INI0000VIJO,JODHPUR,1006.2,sea_level_pressure
2023-08-10 06:00:00,26.7,89.0,1003.3,935.7,30.3167,78.0333,682.0,INM00042111,DEHRADUN,1003.3,sea_level_pressure
2023-08-10 09:00:00,34.4,61.0,1002.6,,28.5845,77.2058,214.9,INI0000VIDD,SAFDARJUNG,1002.6,sea_level_pressure
2023-08-10 09:00:00,33.0,57.0,1004.2,,26.2511,73.0489,218.5,INI0000VIJO,JODHPUR,1004.2,sea_level_pressure
2023-08-10 09:00:00,28.8,84.0,1001.6,934.6,30.3167,78.0333,682.0,INM00042111,DEHRADUN,1001.6,sea_level_pressure
2023-08-10 12:00:00,34.0,66.0,1001.5,,28.5845,77.2058,214.9,INI0000VIDD,SAFDARJUNG,1001.5,sea_level_pressure
2023-08-10 12:00:00,32.2,58.0,1003.6,,26.2511,73.0489,218.5,INI0000VIJO,JODHPUR,1003.6,sea_level_pressure
2023-08-10 12:00:00,29.0,82.0,1000.8,933.8,30.3167,78.0333,682.0,INM00042111,DEHRADUN,1000.8,sea_level_pressure
2023-08-10 15:00:00,30.0,86.0,1002.9,,28.5845,77.2058,214.9,INI0000VIDD,SAFDARJUNG,1002.9,sea_level_pressure
2023-08-10 15:00:00,30.5,66.0,1004.2,,26.2511,73.0489,218.5,INI0000VIJO,JODHPUR,1004.2,sea_level_pressure
2023-08-10 15:00:00,26.0,94.0,1002.6,934.9,30.3167,78.0333,682.0,INM00042111,DEHRADUN,1002.6,sea_level_pressure
2023-08-10 18:00:00,29.0,75.0,1003.8,,28.5845,77.2058,214.9,INI0000VIDD,SAFDARJUNG,1003.8,sea_level_pressure
2023-08-10 18:00:00,28.5,77.0,1005.5,,26.2511,73.0489,218.5,INI0000VIJO,JODHPUR,1005.5,sea_level_pressure
2023-08-10 18:00:00,25.5,93.0,1003.6,935.8,30.3167,78.0333,682.0,INM00042111,DEHRADUN,1003.6,sea_level_pressure
2023-08-10 21:00:00,28.2,76.0,1003.0,,28.5845,77.2058,214.9,INI0000VIDD,SAFDARJUNG,1003.0,sea_level_pressure
2023-08-10 21:00:00,27.6,80.0,1004.9,,26.2511,73.0489,218.5,INI0000VIJO,JODHPUR,1004.9,sea_level_pressure
2023-08-10 21:00:00,24.4,96.0,1002.6,934.7,30.3167,78.0333,682.0,INM00042111,DEHRADUN,1002.6,sea_level_pressure
2023-08-11 00:00:00,28.5,76.0,1003.4,,28.5845,77.2058,214.9,INI0000VIDD,SAFDARJUNG,1003.4,sea_level_pressure
2023-08-11 00:00:00,26.5,84.0,1005.2,,26.2511,73.0489,218.5,INI0000VIJO,JODHPUR,1005.2,sea_level_pressure
2023-08-11 00:00:00,24.6,98.0,1002.1,934.2,30.3167,78.0333,682.0,INM00042111,DEHRADUN,1002.1,sea_level_pressure
2023-08-11 03:00:00,29.4,73.0,1004.6,,28.5845,77.2058,214.9,INI0000VIDD,SAFDARJUNG,1004.6,sea_level_pressure
2023-08-11 03:00:00,27.2,80.0,1006.2,,26.2511,73.0489,218.5,INI0000VIJO,JODHPUR,1006.2,sea_level_pressure
2023-08-11 03:00:00,24.8,96.0,1003.8,935.6,30.3167,78.0333,682.0,INM00042111,DEHRADUN,1003.8,sea_level_pressure
2023-08-11 06:00:00,33.5,60.0,1003.7,,28.5845,77.2058,214.9,INI0000VIDD,SAFDARJUNG,1003.7,sea_level_pressure
2023-08-11 06:00:00,29.2,67.0,1006.4,,26.2511,73.0489,218.5,INI0000VIJO,JODHPUR,1006.4,sea_level_pressure
2023-08-11 06:00:00,26.6,90.0,1002.3,934.9,30.3167,78.0333,682.0,INM00042111,DEHRADUN,1002.3,sea_level_pressure
2023-08-11 09:00:00,34.6,55.0,1002.2,,28.5845,77.2058,214.9,INI0000VIDD,SAFDARJUNG,1002.2,sea_level_pressure
2023-08-11 09:00:00,32.2,57.0,1004.4,,26.2511,73.0489,218.5,INI0000VIJO,JODHPUR,1004.4,sea_level_pressure
2023-08-11 09:00:00,29.8,77.0,1000.7,934.0,30.3167,78.0333,682.0,INM00042111,DEHRADUN,1000.7,sea_level_pressure
2023-08-11 12:00:00,34.2,57.0,1000.6,,28.5845,77.2058,214.9,INI0000VIDD,SAFDARJUNG,1000.6,sea_level_pressure
2023-08-11 12:00:00,32.6,55.0,1003.1,,26.2511,73.0489,218.5,INI0000VIJO,JODHPUR,1003.1,sea_level_pressure
2023-08-11 12:00:00,30.5,76.0,998.4,932.0,30.3167,78.0333,682.0,INM00042111,DEHRADUN,998.4,sea_level_pressure
2023-08-11 15:00:00,31.6,71.0,1001.8,,28.5845,77.2058,214.9,INI0000VIDD,SAFDARJUNG,1001.8,sea_level_pressure
2023-08-11 15:00:00,30.2,65.0,1004.0,,26.2511,73.0489,218.5,INI0000VIJO,JODHPUR,1004.0,sea_level_pressure
2023-08-11 15:00:00,27.0,92.0,999.4,932.1,30.3167,78.0333,682.0,INM00042111,DEHRADUN,999.4,sea_level_pressure
2023-08-11 18:00:00,31.0,68.0,1002.1,,28.5845,77.2058,214.9,INI0000VIDD,SAFDARJUNG,1002.1,sea_level_pressure
2023-08-11 18:00:00,28.2,76.0,1004.6,,26.2511,73.0489,218.5,INI0000VIJO,JODHPUR,1004.6,sea_level_pressure
2023-08-11 18:00:00,26.5,93.0,999.7,932.4,30.3167,78.0333,682.0,INM00042111,DEHRADUN,999.7,sea_level_pressure
2023-08-11 21:00:00,29.8,77.0,1001.2,,28.5845,77.2058,214.9,INI0000VIDD,SAFDARJUNG,1001.2,sea_level_pressure
2023-08-11 21:00:00,27.2,84.0,1003.3,,26.2511,73.0489,218.5,INI0000VIJO,JODHPUR,1003.3,sea_level_pressure
2023-08-11 21:00:00,26.4,94.0,998.6,931.3,30.3167,78.0333,682.0,INM00042111,DEHRADUN,998.6,sea_level_pressure
2023-08-12 00:00:00,28.7,70.0,1001.8,,28.5845,77.2058,214.9,INI0000VIDD,SAFDARJUNG,1001.8,sea_level_pressure
2023-08-12 00:00:00,26.2,87.0,1004.1,,26.2511,73.0489,218.5,INI0000VIJO,JODHPUR,1004.1,sea_level_pressure
2023-08-12 00:00:00,26.2,94.0,998.7,931.4,30.3167,78.0333,682.0,INM00042111,DEHRADUN,998.7,sea_level_pressure
2023-08-12 03:00:00,29.2,69.0,1002.6,,28.5845,77.2058,214.9,INI0000VIDD,SAFDARJUNG,1002.6,sea_level_pressure
2023-08-12 03:00:00,26.7,85.0,1005.4,,26.2511,73.0489,218.5,INI0000VIJO,JODHPUR,1005.4,sea_level_pressure
2023-08-12 03:00:00,26.8,88.0,1000.1,932.8,30.3167,78.0333,682.0,INM00042111,DEHRADUN,1000.1,sea_level_pressure
2023-08-12 06:00:00,33.5,61.0,1002.0,,28.5845,77.2058,214.9,INI0000VIDD,SAFDARJUNG,1002.0,sea_level_pressure
2023-08-12 06:00:00,30.5,66.0,1005.0,,26.2511,73.0489,218.5,INI0000VIJO,JODHPUR,1005.0,sea_level_pressure
2023-08-12 06:00:00,27.5,84.0,1000.4,933.2,30.3167,78.0333,682.0,INM00042111,DEHRADUN,1000.4,sea_level_pressure
2023-08-12 09:00:00,35.0,53.0,1000.4,,28.5845,77.2058,214.9,INI0000VIDD,SAFDARJUNG,1000.4,sea_level_pressure
2023-08-12 09:00:00,31.7,60.0,1002.8,,26.2511,73.0489,218.5,INI0000VIJO,JODHPUR,1002.8,sea_level_pressure
2023-08-12 09:00:00,27.0,90.0,999.0,931.7,30.3167,78.0333,682.0,INM00042111,DEHRADUN,999.0,sea_level_pressure
2023-08-12 12:00:00,34.5,54.0,997.9,,28.5845,77.2058,214.9,INI0000VIDD,SAFDARJUNG,997.9,sea_level_pressure
2023-08-12 12:00:00,31.5,60.0,1001.2,,26.2511,73.0489,218.5,INI0000VIJO,JODHPUR,1001.2,sea_level_pressure
2023-08-12 12:00:00,26.6,95.0,996.7,929.6,30.3167,78.0333,682.0,INM00042111,DEHRADUN,996.7,sea_level_pressure
2023-08-12 15:00:00,32.6,57.0,998.7,,28.5845,77.2058,214.9,INI0000VIDD,SAFDARJUNG,998.7,sea_level_pressure
2023-08-12 15:00:00,29.7,66.0,1002.0,,26.2511,73.0489,218.5,INI0000VIJO,JODHPUR,1002.0,sea_level_pressure
2023-08-12 15:00:00,27.0,97.0,996.4,929.2,30.3167,78.0333,682.0,INM00042111,DEHRADUN,996.4,sea_level_pressure
2023-08-12 18:00:00,31.0,61.0,999.8,,28.5845,77.2058,214.9,INI0000VIDD,SAFDARJUNG,999.8,sea_level_pressure
2023-08-12 18:00:00,28.0,78.0,1002.6,,26.2511,73.0489,218.5,INI0000VIJO,JODHPUR,1002.6,sea_level_pressure
2023-08-12 18:00:00,26.0,100.0,997.2,930.2,30.3167,78.0333,682.0,INM00042111,DEHRADUN,997.2,sea_level_pressure
2023-08-12 21:00:00,29.6,66.0,999.0,,28.5845,77.2058,214.9,INI0000VIDD,SAFDARJUNG,999.0,sea_level_pressure
2023-08-12 21:00:00,26.7,85.0,1001.4,,26.2511,73.0489,218.5,INI0000VIJO,JODHPUR,1001.4,sea_level_pressure
2023-08-12 21:00:00,25.6,100.0,996.6,929.2,30.3167,78.0333,682.0,INM00042111,DEHRADUN,996.6,sea_level_pressure
2023-08-13 00:00:00,28.0,73.0,998.3,,28.5845,77.2058,214.9,INI0000VIDD,SAFDARJUNG,998.3,sea_level_pressure
2023-08-13 00:00:00,26.6,81.0,1000.6,,26.2511,73.0489,218.5,INI0000VIJO,JODHPUR,1000.6,sea_level_pressure
2023-08-13 00:00:00,25.5,98.0,995.7,928.5,30.3167,78.0333,682.0,INM00042111,DEHRADUN,995.7,sea_level_pressure
2023-08-13 03:00:00,28.4,74.0,999.1,,28.5845,77.2058,214.9,INI0000VIDD,SAFDARJUNG,999.1,sea_level_pressure
2023-08-13 03:00:00,26.7,82.0,1001.7,,26.2511,73.0489,218.5,INI0000VIJO,JODHPUR,1001.7,sea_level_pressure
2023-08-13 03:00:00,25.6,97.0,996.9,929.5,30.3167,78.0333,682.0,INM00042111,DEHRADUN,996.9,sea_level_pressure
2023-08-13 06:00:00,32.6,63.0,999.8,,28.5845,77.2058,214.9,INI0000VIDD,SAFDARJUNG,999.8,sea_level_pressure
2023-08-13 06:00:00,28.5,74.0,1001.8,,26.2511,73.0489,218.5,INI0000VIJO,JODHPUR,1001.8,sea_level_pressure
2023-08-13 06:00:00,25.5,98.0,998.3,930.9,30.3167,78.0333,682.0,INM00042111,DEHRADUN,998.3,sea_level_pressure
2023-08-13 09:00:00,34.2,59.0,998.1,,28.5845,77.2058,214.9,INI0000VIDD,SAFDARJUNG,998.1,sea_level_pressure
2023-08-13 09:00:00,30.7,65.0,1000.1,,26.2511,73.0489,218.5,INI0000VIJO,JODHPUR,1000.1,sea_level_pressure
2023-08-13 09:00:00,25.0,98.0,997.7,930.1,30.3167,78.0333,682.0,INM00042111,DEHRADUN,997.7,sea_level_pressure
2023-08-13 12:00:00,32.7,64.0,997.5,,28.5845,77.2058,214.9,INI0000VIDD,SAFDARJUNG,997.5,sea_level_pressure
2023-08-13 12:00:00,31.2,62.0,999.3,,26.2511,73.0489,218.5,INI0000VIJO,JODHPUR,999.3,sea_level_pressure
2023-08-13 12:00:00,25.0,100.0,996.8,929.2,30.3167,78.0333,682.0,INM00042111,DEHRADUN,996.8,sea_level_pressure
2023-08-13 15:00:00,31.8,65.0,999.1,,28.5845,77.2058,214.9,INI0000VIDD,SAFDARJUNG,999.1,sea_level_pressure
2023-08-13 15:00:00,29.5,69.0,1000.5,,26.2511,73.0489,218.5,INI0000VIJO,JODHPUR,1000.5,sea_level_pressure
2023-08-13 15:00:00,,,,,,,,INM00042111,DEHRADUN,,sea_level_pressure
2023-08-13 18:00:00,31.5,64.0,1000.0,,28.5845,77.2058,214.9,INI0000VIDD,SAFDARJUNG,1000.0,sea_level_pressure
2023-08-13 18:00:00,28.2,78.0,1001.0,,26.2511,73.0489,218.5,INI0000VIJO,JODHPUR,1001.0,sea_level_pressure
2023-08-13 18:00:00,24.7,100.0,1000.0,932.2,30.3167,78.0333,682.0,INM00042111,DEHRADUN,1000.0,sea_level_pressure
2023-08-13 21:00:00,30.6,68.0,998.9,,28.5845,77.2058,214.9,INI0000VIDD,SAFDARJUNG,998.9,sea_level_pressure
2023-08-13 21:00:00,27.6,83.0,1000.4,,26.2511,73.0489,218.5,INI0000VIJO,JODHPUR,1000.4,sea_level_pressure
2023-08-13 21:00:00,24.0,100.0,1000.9,932.9,30.3167,78.0333,682.0,INM00042111,DEHRADUN,1000.9,sea_level_pressure
2023-08-14 00:00:00,28.7,77.0,1001.9,,28.5845,77.2058,214.9,INI0000VIDD,SAFDARJUNG,1001.9,sea_level_pressure
2023-08-14 00:00:00,27.2,81.0,1001.1,,26.2511,73.0489,218.5,INI0000VIJO,JODHPUR,1001.1,sea_level_pressure
2023-08-14 00:00:00,23.2,100.0,1002.3,934.2,30.3167,78.0333,682.0,INM00042111,DEHRADUN,1002.3,sea_level_pressure
2023-08-14 03:00:00,29.2,75.0,1003.5,,28.5845,77.2058,214.9,INI0000VIDD,SAFDARJUNG,1003.5,sea_level_pressure
2023-08-14 03:00:00,27.5,79.0,1003.3,,26.2511,73.0489,218.5,INI0000VIJO,JODHPUR,1003.3,sea_level_pressure
2023-08-14 03:00:00,23.6,98.0,1004.0,935.7,30.3167,78.0333,682.0,INM00042111,DEHRADUN,1004.0,sea_level_pressure
2023-08-14 06:00:00,32.0,64.0,1004.1,,28.5845,77.2058,214.9,INI0000VIDD,SAFDARJUNG,1004.1,sea_level_pressure
2023-08-14 06:00:00,29.6,67.0,1003.9,,26.2511,73.0489,218.5,INI0000VIJO,JODHPUR,1003.9,sea_level_pressure
2023-08-14 06:00:00,25.2,94.0,1004.0,936.2,30.3167,78.0333,682.0,INM00042111,DEHRADUN,1004.0,sea_level_pressure
2023-08-14 09:00:00,34.4,58.0,1002.3,,28.5845,77.2058,214.9,INI0000VIDD,SAFDARJUNG,1002.3,sea_level_pressure
2023-08-14 09:00:00,31.6,60.0,1002.1,,26.2511,73.0489,218.5,INI0000VIJO,JODHPUR,1002.1,sea_level_pressure
2023-08-14 09:00:00,28.0,81.0,1002.2,935.0,30.3167,78.0333,682.0,INM00042111,DEHRADUN,1002.2,sea_level_pressure
2023-08-14 12:00:00,33.6,61.0,1000.9,,28.5845,77.2058,214.9,INI0000VIDD,SAFDARJUNG,1000.9,sea_level_pressure
2023-08-14 12:00:00,32.5,58.0,1001.3,,26.2511,73.0489,218.5,INI0000VIJO,JODHPUR,1001.3,sea_level_pressure
2023-08-14 12:00:00,27.5,86.0,1001.2,934.0,30.3167,78.0333,682.0,INM00042111,DEHRADUN,1001.2,sea_level_pressure
2023-08-14 15:00:00,30.4,73.0,1002.9,,28.5845,77.2058,214.9,INI0000VIDD,SAFDARJUNG,1002.9,sea_level_pressure
2023-08-14 15:00:00,30.5,66.0,1002.5,,26.2511,73.0489,218.5,INI0000VIJO,JODHPUR,1002.5,sea_level_pressure
2023-08-14 15:00:00,26.0,92.0,1002.9,935.1,30.3167,78.0333,682.0,INM00042111,DEHRADUN,1002.9,sea_level_pressure
2023-08-14 18:00:00,29.0,83.0,1004.0,,28.5845,77.2058,214.9,INI0000VIDD,SAFDARJUNG,1004.0,sea_level_pressure
2023-08-14 18:00:00,28.7,77.0,1004.0,,26.2511,73.0489,218.5,INI0000VIJO,JODHPUR,1004.0,sea_level_pressure
2023-08-14 18:00:00,25.5,93.0,1003.9,936.1,30.3167,78.0333,682.0,INM00042111,DEHRADUN,1003.9,sea_level_pressure
2023-08-14 21:00:00,28.0,86.0,1003.5,,28.5845,77.2058,214.9,INI0000VIDD,SAFDARJUNG,1003.5,sea_level_pressure
2023-08-14 21:00:00,27.6,81.0,1002.6,,26.2511,73.0489,218.5,INI0000VIJO,JODHPUR,1002.6,sea_level_pressure
2023-08-14 21:00:00,25.2,95.0,1003.0,935.2,30.3167,78.0333,682.0,INM00042111,DEHRADUN,1003.0,sea_level_pressure
2023-08-15 00:00:00,28.0,86.0,1003.1,,28.5845,77.2058,214.9,INI0000VIDD,SAFDARJUNG,1003.1,sea_level_pressure
2023-08-15 00:00:00,27.2,84.0,1003.5,,26.2511,73.0489,218.5,INI0000VIJO,JODHPUR,1003.5,sea_level_pressure
2023-08-15 00:00:00,24.7,95.0,1002.6,934.7,30.3167,78.0333,682.0,INM00042111,DEHRADUN,1002.6,sea_level_pressure
2023-08-15 03:00:00,29.0,85.0,1003.9,,28.5845,77.2058,214.9,INI0000VIDD,SAFDARJUNG,1003.9,sea_level_pressure
2023-08-15 03:00:00,27.6,83.0,1005.5,,26.2511,73.0489,218.5,INI0000VIJO,JODHPUR,1005.5,sea_level_pressure
2023-08-15 03:00:00,25.4,92.0,1003.6,935.8,30.3167,78.0333,682.0,INM00042111,DEHRADUN,1003.6,sea_level_pressure
2023-08-15 06:00:00,33.2,67.0,1003.7,,28.5845,77.2058,214.9,INI0000VIDD,SAFDARJUNG,1003.7,sea_level_pressure
2023-08-15 06:00:00,31.5,62.0,1005.5,,26.2511,73.0489,218.5,INI0000VIJO,JODHPUR,1005.5,sea_level_pressure
2023-08-15 06:00:00,28.6,77.0,1003.4,936.3,30.3167,78.0333,682.0,INM00042111,DEHRADUN,1003.4,sea_level_pressure
2023-08-15 09:00:00,28.6,83.0,1003.4,,28.5845,77.2058,214.9,INI0000VIDD,SAFDARJUNG,1003.4,sea_level_pressure
2023-08-15 09:00:00,33.0,55.0,1004.4,,26.2511,73.0489,218.5,INI0000VIJO,JODHPUR,1004.4,sea_level_pressure
2023-08-15 09:00:00,31.0,68.0,1001.3,934.7,30.3167,78.0333,682.0,INM00042111,DEHRADUN,1001.3,sea_level_pressure
2023-08-15 12:00:00,32.5,67.0,1001.5,,28.5845,77.2058,214.9,INI0000VIDD,SAFDARJUNG,1001.5,sea_level_pressure
2023-08-15 12:00:00,32.7,57.0,1003.3,,26.2511,73.0489,218.5,INI0000VIJO,JODHPUR,1003.3,sea_level_pressure
2023-08-15 12:00:00,30.5,73.0,999.9,933.4,30.3167,78.0333,682.0,INM00042111,DEHRADUN,999.9,sea_level_pressure
2023-08-15 15:00:00,30.8,78.0,1002.7,,28.5845,77.2058,214.9,INI0000VIDD,SAFDARJUNG,1002.7,sea_level_pressure
2023-08-15 15:00:00,30.5,65.0,1004.2,,26.2511,73.0489,218.5,INI0000VIJO,JODHPUR,1004.2,sea_level_pressure
2023-08-15 15:00:00,26.2,100.0,1000.3,933.0,30.3167,78.0333,682.0,INM00042111,DEHRADUN,1000.3,sea_level_pressure
2023-08-15 18:00:00,29.2,85.0,1004.1,,28.5845,77.2058,214.9,INI0000VIDD,SAFDARJUNG,1004.1,sea_level_pressure
2023-08-15 18:00:00,29.0,74.0,1005.4,,26.2511,73.0489,218.5,INI0000VIJO,JODHPUR,1005.4,sea_level_pressure
2023-08-15 18:00:00,26.2,100.0,1000.3,933.0,30.3167,78.0333,682.0,INM00042111,DEHRADUN,1000.3,sea_level_pressure
2023-08-15 21:00:00,28.2,89.0,1003.7,,28.5845,77.2058,214.9,INI0000VIDD,SAFDARJUNG,1003.7,sea_level_pressure
2023-08-15 21:00:00,27.6,80.0,1004.8,,26.2511,73.0489,218.5,INI0000VIJO,JODHPUR,1004.8,sea_level_pressure
2023-08-15 21:00:00,24.7,94.0,1000.2,932.8,30.3167,78.0333,682.0,INM00042111,DEHRADUN,1000.2,sea_level_pressure
2023-08-16 00:00:00,27.8,90.0,1003.0,,28.5845,77.2058,214.9,INI0000VIDD,SAFDARJUNG,1003.0,sea_level_pressure
2023-08-16 00:00:00,26.0,92.0,1005.5,,26.2511,73.0489,218.5,INI0000VIJO,JODHPUR,1005.5,sea_level_pressure
2023-08-16 00:00:00,24.6,95.0,1002.1,934.2,30.3167,78.0333,682.0,INM00042111,DEHRADUN,1002.1,sea_level_pressure
2023-08-16 03:00:00,30.2,80.0,1004.1,,28.5845,77.2058,214.9,INI0000VIDD,SAFDARJUNG,1004.1,sea_level_pressure
2023-08-16 03:00:00,28.5,80.0,1006.9,,26.2511,73.0489,218.5,INI0000VIJO,JODHPUR,1006.9,sea_level_pressure
2023-08-16 03:00:00,27.4,80.0,1002.0,934.8,30.3167,78.0333,682.0,INM00042111,DEHRADUN,1002.0,sea_level_pressure
2023-08-16 06:00:00,33.5,68.0,1003.9,,28.5845,77.2058,214.9,INI0000VIDD,SAFDARJUNG,1003.9,sea_level_pressure
2023-08-16 06:00:00,31.7,64.0,1007.0,,26.2511,73.0489,218.5,INI0000VIJO,JODHPUR,1007.0,sea_level_pressure
2023-08-16 06:00:00,30.6,72.0,1002.0,935.3,30.3167,78.0333,682.0,INM00042111,DEHRADUN,1002.0,sea_level_pressure
2023-08-16 09:00:00,35.0,60.0,1001.6,,28.5845,77.2058,214.9,INI0000VIDD,SAFDARJUNG,1001.6,sea_level_pressure
2023-08-16 09:00:00,33.5,50.0,1004.8,,26.2511,73.0489,218.5,INI0000VIJO,JODHPUR,1004.8,sea_level_pressure
2023-08-16 09:00:00,33.4,68.0,998.9,933.1,30.3167,78.0333,682.0,INM00042111,DEHRADUN,998.9,sea_level_pressure
2023-08-16 12:00:00,34.5,58.0,1001.6,,28.5845,77.2058,214.9,INI0000VIDD,SAFDARJUNG,1001.6,sea_level_pressure
2023-08-16 12:00:00,32.7,55.0,1003.2,,26.2511,73.0489,218.5,INI0000VIJO,JODHPUR,1003.2,sea_level_pressure
2023-08-16 12:00:00,32.0,71.0,997.5,931.3,30.3167,78.0333,682.0,INM00042111,DEHRADUN,997.5,sea_level_pressure
2023-08-16 15:00:00,32.8,67.0,1000.9,,28.5845,77.2058,214.9,INI0000VIDD,SAFDARJUNG,1000.9,sea_level_pressure
2023-08-16 15:00:00,30.7,61.0,1004.2,,26.2511,73.0489,218.5,INI0000VIJO,JODHPUR,1004.2,sea_level_pressure
2023-08-16 15:00:00,28.8,82.0,999.2,932.4,30.3167,78.0333,682.0,INM00042111,DEHRADUN,999.2,sea_level_pressure
2023-08-16 18:00:00,31.0,80.0,1002.2,,28.5845,77.2058,214.9,INI0000VIDD,SAFDARJUNG,1002.2,sea_level_pressure
2023-08-16 18:00:00,29.2,67.0,1005.1,,26.2511,73.0489,218.5,INI0000VIJO,JODHPUR,1005.1,sea_level_pressure
2023-08-16 18:00:00,27.5,83.0,1000.2,933.0,30.3167,78.0333,682.0,INM00042111,DEHRADUN,1000.2,sea_level_pressure
2023-08-16 21:00:00,29.6,85.0,1001.6,,28.5845,77.2058,214.9,INI0000VIDD,SAFDARJUNG,1001.6,sea_level_pressure
2023-08-16 21:00:00,28.0,72.0,1005.0,,26.2511,73.0489,218.5,INI0000VIJO,JODHPUR,1005.0,sea_level_pressure
2023-08-16 21:00:00,26.8,88.0,999.8,932.5,30.3167,78.0333,682.0,INM00042111,DEHRADUN,999.8,sea_level_pressure
2023-08-17 00:00:00,29.0,79.0,1002.1,,28.5845,77.2058,214.9,INI0000VIDD,SAFDARJUNG,1002.1,sea_level_pressure
2023-08-17 00:00:00,27.0,80.0,1004.4,,26.2511,73.0489,218.5,INI0000VIJO,JODHPUR,1004.4,sea_level_pressure
2023-08-17 00:00:00,26.7,91.0,999.5,932.2,30.3167,78.0333,682.0,INM00042111,DEHRADUN,999.5,sea_level_pressure
2023-08-17 03:00:00,30.8,67.0,1004.1,,28.5845,77.2058,214.9,INI0000VIDD,SAFDARJUNG,1004.1,sea_level_pressure
2023-08-17 03:00:00,27.6,77.0,1006.4,,26.2511,73.0489,218.5,INI0000VIJO,JODHPUR,1006.4,sea_level_pressure
2023-08-17 03:00:00,27.2,89.0,1001.0,933.8,30.3167,78.0333,682.0,INM00042111,DEHRADUN,1001.0,sea_level_pressure
2023-08-17 06:00:00,34.2,55.0,1003.7,,28.5845,77.2058,214.9,INI0000VIDD,SAFDARJUNG,1003.7,sea_level_pressure
2023-08-17 06:00:00,30.7,62.0,1006.1,,26.2511,73.0489,218.5,INI0000VIJO,JODHPUR,1006.1,sea_level_pressure
2023-08-17 06:00:00,31.5,66.0,1000.5,934.2,30.3167,78.0333,682.0,INM00042111,DEHRADUN,1000.5,sea_level_pressure
2023-08-17 09:00:00,36.2,52.0,1001.8,,28.5845,77.2058,214.9,INI0000VIDD,SAFDARJUNG,1001.8,sea_level_pressure
2023-08-17 09:00:00,32.0,60.0,1004.3,,26.2511,73.0489,218.5,INI0000VIJO,JODHPUR,1004.3,sea_level_pressure
2023-08-17 09:00:00,31.6,75.0,999.7,933.5,30.3167,78.0333,682.0,INM00042111,DEHRADUN,999.7,sea_level_pressure
2023-08-17 12:00:00,35.5,53.0,1000.2,,28.5845,77.2058,214.9,INI0000VIDD,SAFDARJUNG,1000.2,sea_level_pressure
2023-08-17 12:00:00,32.2,59.0,1002.6,,26.2511,73.0489,218.5,INI0000VIJO,JODHPUR,1002.6,sea_level_pressure
2023-08-17 12:00:00,28.6,81.0,998.1,931.4,30.3167,78.0333,682.0,INM00042111,DEHRADUN,998.1,sea_level_pressure
2023-08-17 15:00:00,,,,,,,,INI0000VIDD,SAFDARJUNG,,sea_level_pressure
2023-08-17 15:00:00,29.6,66.0,1004.2,,26.2511,73.0489,218.5,INI0000VIJO,JODHPUR,1004.2,sea_level_pressure
2023-08-17 15:00:00,,,,,,,,INM00042111,DEHRADUN,,sea_level_pressure
2023-08-17 18:00:00,32.2,65.0,1001.9,,28.5845,77.2058,214.9,INI0000VIDD,SAFDARJUNG,1001.9,sea_level_pressure
2023-08-17 18:00:00,28.5,70.0,1005.2,,26.2511,73.0489,218.5,INI0000VIJO,JODHPUR,1005.2,sea_level_pressure
2023-08-17 18:00:00,25.5,96.0,1001.5,933.8,30.3167,78.0333,682.0,INM00042111,DEHRADUN,1001.5,sea_level_pressure
2023-08-17 21:00:00,30.5,72.0,1001.1,,28.5845,77.2058,214.9,INI0000VIDD,SAFDARJUNG,1001.1,sea_level_pressure
2023-08-17 21:00:00,27.6,74.0,1004.2,,26.2511,73.0489,218.5,INI0000VIJO,JODHPUR,1004.2,sea_level_pressure
2023-08-17 21:00:00,23.6,100.0,1002.2,934.1,30.3167,78.0333,682.0,INM00042111,DEHRADUN,1002.2,sea_level_pressure
2023-08-18 00:00:00,29.6,77.0,1001.8,,28.5845,77.2058,214.9,INI0000VIDD,SAFDARJUNG,1001.8,sea_level_pressure
2023-08-18 00:00:00,26.0,81.0,1004.2,,26.2511,73.0489,218.5,INI0000VIJO,JODHPUR,1004.2,sea_level_pressure
2023-08-18 00:00:00,23.6,100.0,1002.0,933.9,30.3167,78.0333,682.0,INM00042111,DEHRADUN,1002.0,sea_level_pressure
2023-08-18 03:00:00,30.4,69.0,1003.6,,28.5845,77.2058,214.9,INI0000VIDD,SAFDARJUNG,1003.6,sea_level_pressure
2023-08-18 03:00:00,26.7,75.0,1005.6,,26.2511,73.0489,218.5,INI0000VIJO,JODHPUR,1005.6,sea_level_pressure
2023-08-18 03:00:00,25.4,98.0,1002.5,934.8,30.3167,78.0333,682.0,INM00042111,DEHRADUN,1002.5,sea_level_pressure
2023-08-18 06:00:00,34.5,57.0,1003.5,,28.5845,77.2058,214.9,INI0000VIDD,SAFDARJUNG,1003.5,sea_level_pressure
2023-08-18 06:00:00,30.2,61.0,1005.5,,26.2511,73.0489,218.5,INI0000VIJO,JODHPUR,1005.5,sea_level_pressure
2023-08-18 06:00:00,29.6,82.0,1002.2,935.3,30.3167,78.0333,682.0,INM00042111,DEHRADUN,1002.2,sea_level_pressure
2023-08-18 09:00:00,36.4,53.0,1001.1,,28.5845,77.2058,214.9,INI0000VIDD,SAFDARJUNG,1001.1,sea_level_pressure
2023-08-18 09:00:00,32.7,53.0,1003.5,,26.2511,73.0489,218.5,INI0000VIJO,JODHPUR,1003.5,sea_level_pressure
2023-08-18 09:00:00,33.4,69.0,999.5,933.7,30.3167,78.0333,682.0,INM00042111,DEHRADUN,999.5,sea_level_pressure
2023-08-18 12:00:00,35.6,55.0,999.8,,28.5845,77.2058,214.9,INI0000VIDD,SAFDARJUNG,999.8,sea_level_pressure
2023-08-18 12:00:00,32.7,51.0,1002.0,,26.2511,73.0489,218.5,INI0000VIJO,JODHPUR,1002.0,sea_level_pressure
2023-08-18 12:00:00,30.5,72.0,999.4,933.0,30.3167,78.0333,682.0,INM00042111,DEHRADUN,999.4,sea_level_pressure
2023-08-18 15:00:00,33.2,70.0,1001.2,,28.5845,77.2058,214.9,INI0000VIDD,SAFDARJUNG,1001.2,sea_level_pressure
2023-08-18 15:00:00,30.6,59.0,1003.1,,26.2511,73.0489,218.5,INI0000VIJO,JODHPUR,1003.1,sea_level_pressure
2023-08-18 15:00:00,27.2,80.0,1000.1,933.0,30.3167,78.0333,682.0,INM00042111,DEHRADUN,1000.1,sea_level_pressure
2023-08-18 18:00:00,32.5,71.0,1002.0,,28.5845,77.2058,214.9,INI0000VIDD,SAFDARJUNG,1002.0,sea_level_pressure
2023-08-18 18:00:00,28.6,69.0,1004.8,,26.2511,73.0489,218.5,INI0000VIJO,JODHPUR,1004.8,sea_level_pressure
2023-08-18 18:00:00,26.7,82.0,1000.2,933.5,30.3167,78.0333,682.0,INM00042111,DEHRADUN,1000.2,sea_level_pressure
2023-08-18 21:00:00,31.0,77.0,1001.3,,28.5845,77.2058,214.9,INI0000VIDD,SAFDARJUNG,1001.3,sea_level_pressure
2023-08-18 21:00:00,27.6,74.0,1003.3,,26.2511,73.0489,218.5,INI0000VIJO,JODHPUR,1003.3,sea_level_pressure
2023-08-18 21:00:00,25.2,89.0,1001.7,934.0,30.3167,78.0333,682.0,INM00042111,DEHRADUN,1001.7,sea_level_pressure
2023-08-19 00:00:00,27.0,100.0,1002.8,,28.5845,77.2058,214.9,INI0000VIDD,SAFDARJUNG,1002.8,sea_level_pressure
2023-08-19 00:00:00,26.0,83.0,1003.5,,26.2511,73.0489,218.5,INI0000VIJO,JODHPUR,1003.5,sea_level_pressure
2023-08-19 00:00:00,25.0,89.0,1002.1,934.2,30.3167,78.0333,682.0,INM00042111,DEHRADUN,1002.1,sea_level_pressure
2023-08-19 03:00:00,27.6,97.0,1003.3,,28.5845,77.2058,214.9,INI0000VIDD,SAFDARJUNG,1003.3,sea_level_pressure
2023-08-19 03:00:00,27.6,80.0,1004.8,,26.2511,73.0489,218.5,INI0000VIJO,JODHPUR,1004.8,sea_level_pressure
2023-08-19 03:00:00,27.2,80.0,1003.3,936.0,30.3167,78.0333,682.0,INM00042111,DEHRADUN,1003.3,sea_level_pressure
2023-08-19 06:00:00,29.2,92.0,1004.2,,28.5845,77.2058,214.9,INI0000VIDD,SAFDARJUNG,1004.2,sea_level_pressure
2023-08-19 06:00:00,31.7,65.0,1004.7,,26.2511,73.0489,218.5,INI0000VIJO,JODHPUR,1004.7,sea_level_pressure
2023-08-19 06:00:00,32.2,59.0,1002.3,936.1,30.3167,78.0333,682.0,INM00042111,DEHRADUN,1002.3,sea_level_pressure
2023-08-19 09:00:00,34.2,66.0,1001.6,,28.5845,77.2058,214.9,INI0000VIDD,SAFDARJUNG,1001.6,sea_level_pressure
2023-08-19 09:00:00,34.7,53.0,1002.7,,26.2511,73.0489,218.5,INI0000VIJO,JODHPUR,1002.7,sea_level_pressure
2023-08-19 09:00:00,33.4,68.0,1002.3,936.3,30.3167,78.0333,682.0,INM00042111,DEHRADUN,1002.3,sea_level_pressure
2023-08-19 12:00:00,34.0,65.0,999.6,,28.5845,77.2058,214.9,INI0000VIDD,SAFDARJUNG,999.6,sea_level_pressure
2023-08-19 12:00:00,34.6,53.0,1000.9,,26.2511,73.0489,218.5,INI0000VIJO,JODHPUR,1000.9,sea_level_pressure
2023-08-19 12:00:00,32.6,70.0,1001.3,935.1,30.3167,78.0333,682.0,INM00042111,DEHRADUN,1001.3,sea_level_pressure
2023-08-19 15:00:00,31.6,80.0,1001.7,,28.5845,77.2058,214.9,INI0000VIDD,SAFDARJUNG,1001.7,sea_level_pressure
2023-08-19 15:00:00,32.5,63.0,1002.1,,26.2511,73.0489,218.5,INI0000VIJO,JODHPUR,1002.1,sea_level_pressure
2023-08-19 15:00:00,25.6,95.0,1003.0,935.2,30.3167,78.0333,682.0,INM00042111,DEHRADUN,1003.0,sea_level_pressure
2023-08-19 18:00:00,30.7,85.0,1003.1,,28.5845,77.2058,214.9,INI0000VIDD,SAFDARJUNG,1003.1,sea_level_pressure
2023-08-19 18:00:00,31.5,64.0,1003.5,,26.2511,73.0489,218.5,INI0000VIJO,JODHPUR,1003.5,sea_level_pressure
2023-08-19 18:00:00,25.6,94.0,1003.1,935.3,30.3167,78.0333,682.0,INM00042111,DEHRADUN,1003.1,sea_level_pressure
2023-08-19 21:00:00,29.6,88.0,1002.6,,28.5845,77.2058,214.9,INI0000VIDD,SAFDARJUNG,1002.6,sea_level_pressure
2023-08-19 21:00:00,30.6,67.0,1002.4,,26.2511,73.0489,218.5,INI0000VIJO,JODHPUR,1002.4,sea_level_pressure
2023-08-19 21:00:00,25.8,94.0,1003.1,935.3,30.3167,78.0333,682.0,INM00042111,DEHRADUN,1003.1,sea_level_pressure
2023-08-20 00:00:00,29.5,92.0,1003.2,,28.5845,77.2058,214.9,INI0000VIDD,SAFDARJUNG,1003.2,sea_level_pressure
2023-08-20 00:00:00,28.6,71.0,1002.8,,26.2511,73.0489,218.5,INI0000VIJO,JODHPUR,1002.8,sea_level_pressure
2023-08-20 00:00:00,25.5,91.0,1003.0,935.2,30.3167,78.0333,682.0,INM00042111,DEHRADUN,1003.0,sea_level_pressure
2023-08-20 03:00:00,31.4,79.0,1004.4,,28.5845,77.2058,214.9,INI0000VIDD,SAFDARJUNG,1004.4,sea_level_pressure
2023-08-20 03:00:00,29.0,75.0,1004.5,,26.2511,73.0489,218.5,INI0000VIJO,JODHPUR,1004.5,sea_level_pressure
2023-08-20 03:00:00,27.6,89.0,1003.5,936.3,30.3167,78.0333,682.0,INM00042111,DEHRADUN,1003.5,sea_level_pressure
2023-08-20 06:00:00,34.0,67.0,1004.1,,28.5845,77.2058,214.9,INI0000VIDD,SAFDARJUNG,1004.1,sea_level_pressure
2023-08-20 06:00:00,31.0,69.0,1004.8,,26.2511,73.0489,218.5,INI0000VIJO,JODHPUR,1004.8,sea_level_pressure
2023-08-20 06:00:00,29.7,79.0,1003.5,936.6,30.3167,78.0333,682.0,INM00042111,DEHRADUN,1003.5,sea_level_pressure
2023-08-20 09:00:00,36.0,58.0,1002.6,,28.5845,77.2058,214.9,INI0000VIDD,SAFDARJUNG,1002.6,sea_level_pressure
2023-08-20 09:00:00,34.5,56.0,1002.8,,26.2511,73.0489,218.5,INI0000VIJO,JODHPUR,1002.8,sea_level_pressure
2023-08-20 09:00:00,30.2,76.0,1002.5,935.8,30.3167,78.0333,682.0,INM00042111,DEHRADUN,1002.5,sea_level_pressure
2023-08-20 12:00:00,36.0,54.0,1000.7,,28.5845,77.2058,214.9,INI0000VIDD,SAFDARJUNG,1000.7,sea_level_pressure
2023-08-20 12:00:00,34.2,58.0,1000.7,,26.2511,73.0489,218.5,INI0000VIJO,JODHPUR,1000.7,sea_level_pressure
2023-08-20 12:00:00,28.0,85.0,1001.7,934.5,30.3167,78.0333,682.0,INM00042111,DEHRADUN,1001.7,sea_level_pressure
2023-08-20 15:00:00,32.0,75.0,1002.3,,28.5845,77.2058,214.9,INI0000VIDD,SAFDARJUNG,1002.3,sea_level_pressure
2023-08-20 15:00:00,28.0,94.0,1002.4,,26.2511,73.0489,218.5,INI0000VIJO,JODHPUR,1002.4,sea_level_pressure
2023-08-20 15:00:00,27.0,88.0,1003.0,935.4,30.3167,78.0333,682.0,INM00042111,DEHRADUN,1003.0,sea_level_pressure
2023-08-20 18:00:00,31.6,79.0,1002.5,,28.5845,77.2058,214.9,INI0000VIDD,SAFDARJUNG,1002.5,sea_level_pressure
2023-08-20 18:00:00,27.5,93.0,1003.2,,26.2511,73.0489,218.5,INI0000VIJO,JODHPUR,1003.2,sea_level_pressure
2023-08-20 18:00:00,25.5,96.0,1003.9,936.1,30.3167,78.0333,682.0,INM00042111,DEHRADUN,1003.9,sea_level_pressure
2023-08-20 21:00:00,30.6,83.0,1002.1,,28.5845,77.2058,214.9,INI0000VIDD,SAFDARJUNG,1002.1,sea_level_pressure
2023-08-20 21:00:00,27.0,94.0,1002.3,,26.2511,73.0489,218.5,INI0000VIJO,JODHPUR,1002.3,sea_level_pressure
2023-08-20 21:00:00,25.2,98.0,1003.0,935.2,30.3167,78.0333,682.0,INM00042111,DEHRADUN,1003.0,sea_level_pressure
2023-08-21 00:00:00,29.7,89.0,1001.8,,28.5845,77.2058,214.9,INI0000VIDD,SAFDARJUNG,1001.8,sea_level_pressure
2023-08-21 00:00:00,26.0,95.0,1003.1,,26.2511,73.0489,218.5,INI0000VIJO,JODHPUR,1003.1,sea_level_pressure
2023-08-21 00:00:00,24.6,100.0,1003.4,935.4,30.3167,78.0333,682.0,INM00042111,DEHRADUN,1003.4,sea_level_pressure
2023-08-21 03:00:00,31.4,77.0,1003.5,,28.5845,77.2058,214.9,INI0000VIDD,SAFDARJUNG,1003.5,sea_level_pressure
2023-08-21 03:00:00,28.0,85.0,1004.6,,26.2511,73.0489,218.5,INI0000VIJO,JODHPUR,1004.6,sea_level_pressure
2023-08-21 03:00:00,25.0,96.0,1003.1,935.1,30.3167,78.0333,682.0,INM00042111,DEHRADUN,1003.1,sea_level_pressure
2023-08-21 06:00:00,35.0,63.0,1002.4,,28.5845,77.2058,214.9,INI0000VIDD,SAFDARJUNG,1002.4,sea_level_pressure
2023-08-21 06:00:00,32.5,70.0,1003.7,,26.2511,73.0489,218.5,INI0000VIJO,JODHPUR,1003.7,sea_level_pressure
2023-08-21 06:00:00,25.5,95.0,1003.0,935.2,30.3167,78.0333,682.0,INM00042111,DEHRADUN,1003.0,sea_level_pressure
2023-08-21 09:00:00,37.2,52.0,1000.1,,28.5845,77.2058,214.9,INI0000VIDD,SAFDARJUNG,1000.1,sea_level_pressure
2023-08-21 09:00:00,34.2,59.0,1002.0,,26.2511,73.0489,218.5,INI0000VIJO,JODHPUR,1002.0,sea_level_pressure
2023-08-21 09:00:00,29.2,81.0,1000.3,933.6,30.3167,78.0333,682.0,INM00042111,DEHRADUN,1000.3,sea_level_pressure
2023-08-21 12:00:00,36.5,54.0,998.9,,28.5845,77.2058,214.9,INI0000VIDD,SAFDARJUNG,998.9,sea_level_pressure
2023-08-21 12:00:00,32.5,67.0,1001.3,,26.2511,73.0489,218.5,INI0000VIJO,JODHPUR,1001.3,sea_level_pressure
2023-08-21 12:00:00,28.0,89.0,999.5,932.4,30.3167,78.0333,682.0,INM00042111,DEHRADUN,999.5,sea_level_pressure
2023-08-21 15:00:00,34.2,62.0,1000.4,,28.5845,77.2058,214.9,INI0000VIDD,SAFDARJUNG,1000.4,sea_level_pressure
2023-08-21 15:00:00,31.0,75.0,1002.3,,26.2511,73.0489,218.5,INI0000VIJO,JODHPUR,1002.3,sea_level_pressure
2023-08-21 15:00:00,26.4,92.0,1000.6,933.2,30.3167,78.0333,682.0,INM00042111,DEHRADUN,1000.6,sea_level_pressure
2023-08-21 18:00:00,32.6,70.0,1001.5,,28.5845,77.2058,214.9,INI0000VIDD,SAFDARJUNG,1001.5,sea_level_pressure
2023-08-21 18:00:00,29.6,77.0,1003.2,,26.2511,73.0489,218.5,INI0000VIJO,JODHPUR,1003.2,sea_level_pressure
2023-08-21 18:00:00,24.5,99.0,1002.2,934.3,30.3167,78.0333,682.0,INM00042111,DEHRADUN,1002.2,sea_level_pressure
2023-08-21 21:00:00,31.0,76.0,1000.5,,28.5845,77.2058,214.9,INI0000VIDD,SAFDARJUNG,1000.5,sea_level_pressure
2023-08-21 21:00:00,29.0,75.0,1001.9,,26.2511,73.0489,218.5,INI0000VIJO,JODHPUR,1001.9,sea_level_pressure
2023-08-21 21:00:00,24.8,100.0,1000.4,932.6,30.3167,78.0333,682.0,INM00042111,DEHRADUN,1000.4,sea_level_pressure
2023-08-22 00:00:00,30.2,80.0,999.2,,28.5845,77.2058,214.9,INI0000VIDD,SAFDARJUNG,999.2,sea_level_pressure
2023-08-22 00:00:00,27.5,87.0,1002.5,,26.2511,73.0489,218.5,INI0000VIJO,JODHPUR,1002.5,sea_level_pressure
2023-08-22 00:00:00,25.2,96.0,998.8,931.3,30.3167,78.0333,682.0,INM00042111,DEHRADUN,998.8,sea_level_pressure
2023-08-22 03:00:00,31.2,76.0,1000.2,,28.5845,77.2058,214.9,INI0000VIDD,SAFDARJUNG,1000.2,sea_level_pressure
2023-08-22 03:00:00,28.6,79.0,1003.9,,26.2511,73.0489,218.5,INI0000VIJO,JODHPUR,1003.9,sea_level_pressure
2023-08-22 03:00:00,25.6,98.0,999.5,932.0,30.3167,78.0333,682.0,INM00042111,DEHRADUN,999.5,sea_level_pressure
2023-08-22 06:00:00,33.7,68.0,1000.1,,28.5845,77.2058,214.9,INI0000VIDD,SAFDARJUNG,1000.1,sea_level_pressure
2023-08-22 06:00:00,31.6,65.0,1003.3,,26.2511,73.0489,218.5,INI0000VIJO,JODHPUR,1003.3,sea_level_pressure
2023-08-22 06:00:00,25.6,97.0,1000.3,932.8,30.3167,78.0333,682.0,INM00042111,DEHRADUN,1000.3,sea_level_pressure
2023-08-22 09:00:00,35.4,63.0,997.7,,28.5845,77.2058,214.9,INI0000VIDD,SAFDARJUNG,997.7,sea_level_pressure
2023-08-22 09:00:00,34.0,60.0,1001.7,,26.2511,73.0489,218.5,INI0000VIJO,JODHPUR,1001.7,sea_level_pressure
2023-08-22 09:00:00,27.4,97.0,998.3,931.2,30.3167,78.0333,682.0,INM00042111,DEHRADUN,998.3,sea_level_pressure
2023-08-22 12:00:00,32.5,75.0,997.4,,28.5845,77.2058,214.9,INI0000VIDD,SAFDARJUNG,997.4,sea_level_pressure
2023-08-22 12:00:00,34.6,59.0,1000.3,,26.2511,73.0489,218.5,INI0000VIJO,JODHPUR,1000.3,sea_level_pressure
2023-08-22 12:00:00,26.0,97.0,997.4,930.0,30.3167,78.0333,682.0,INM00042111,DEHRADUN,997.4,sea_level_pressure
2023-08-22 15:00:00,29.0,88.0,999.7,,28.5845,77.2058,214.9,INI0000VIDD,SAFDARJUNG,999.7,sea_level_pressure
2023-08-22 15:00:00,31.5,63.0,1001.6,,26.2511,73.0489,218.5,INI0000VIJO,JODHPUR,1001.6,sea_level_pressure
2023-08-22 15:00:00,25.0,98.0,999.6,931.8,30.3167,78.0333,682.0,INM00042111,DEHRADUN,999.6,sea_level_pressure
2023-08-22 18:00:00,28.2,94.0,1000.3,,28.5845,77.2058,214.9,INI0000VIDD,SAFDARJUNG,1000.3,sea_level_pressure
2023-08-22 18:00:00,29.5,65.0,1002.2,,26.2511,73.0489,218.5,INI0000VIJO,JODHPUR,1002.2,sea_level_pressure
2023-08-22 18:00:00,24.7,99.0,1000.0,932.2,30.3167,78.0333,682.0,INM00042111,DEHRADUN,1000.0,sea_level_pressure
2023-08-22 21:00:00,27.7,93.0,998.6,,28.5845,77.2058,214.9,INI0000VIDD,SAFDARJUNG,998.6,sea_level_pressure
2023-08-22 21:00:00,28.2,69.0,1001.1,,26.2511,73.0489,218.5,INI0000VIJO,JODHPUR,1001.1,sea_level_pressure
2023-08-22 21:00:00,24.8,98.0,998.3,930.6,30.3167,78.0333,682.0,INM00042111,DEHRADUN,998.3,sea_level_pressure
2023-08-23 00:00:00,29.0,86.0,997.7,,28.5845,77.2058,214.9,INI0000VIDD,SAFDARJUNG,997.7,sea_level_pressure
2023-08-23 00:00:00,27.5,84.0,1000.9,,26.2511,73.0489,218.5,INI0000VIJO,JODHPUR,1000.9,sea_level_pressure
2023-08-23 00:00:00,24.6,98.0,998.1,930.5,30.3167,78.0333,682.0,INM00042111,DEHRADUN,998.1,sea_level_pressure
2023-08-23 03:00:00,28.7,88.0,1000.2,,28.5845,77.2058,214.9,INI0000VIDD,SAFDARJUNG,1000.2,sea_level_pressure
2023-08-23 03:00:00,27.0,97.0,1002.6,,26.2511,73.0489,218.5,INI0000VIJO,JODHPUR,1002.6,sea_level_pressure
2023-08-23 03:00:00,24.6,96.0,999.3,931.5,30.3167,78.0333,682.0,INM00042111,DEHRADUN,999.3,sea_level_pressure
2023-08-23 06:00:00,27.6,95.0,1000.4,,28.5845,77.2058,214.9,INI0000VIDD,SAFDARJUNG,1000.4,sea_level_pressure
2023-08-23 06:00:00,29.6,66.0,1001.7,,26.2511,73.0489,218.5,INI0000VIJO,JODHPUR,1001.7,sea_level_pressure
2023-08-23 06:00:00,24.6,98.0,999.9,932.1,30.3167,78.0333,682.0,INM00042111,DEHRADUN,999.9,sea_level_pressure
2023-08-23 09:00:00,27.2,95.0,999.3,,28.5845,77.2058,214.9,INI0000VIDD,SAFDARJUNG,999.3,sea_level_pressure
2023-08-23 09:00:00,31.0,59.0,1000.1,,26.2511,73.0489,218.5,INI0000VIJO,JODHPUR,1000.1,sea_level_pressure
2023-08-23 09:00:00,24.8,100.0,999.2,931.4,30.3167,78.0333,682.0,INM00042111,DEHRADUN,999.2,sea_level_pressure
2023-08-23 12:00:00,27.5,98.0,998.7,,28.5845,77.2058,214.9,INI0000VIDD,SAFDARJUNG,998.7,sea_level_pressure
2023-08-23 12:00:00,31.2,58.0,999.6,,26.2511,73.0489,218.5,INI0000VIJO,JODHPUR,999.6,sea_level_pressure
2023-08-23 12:00:00,25.5,96.0,997.2,929.8,30.3167,78.0333,682.0,INM00042111,DEHRADUN,997.2,sea_level_pressure
2023-08-23 15:00:00,27.2,95.0,999.2,,28.5845,77.2058,214.9,INI0000VIDD,SAFDARJUNG,999.2,sea_level_pressure
2023-08-23 15:00:00,29.2,67.0,1000.1,,26.2511,73.0489,218.5,INI0000VIJO,JODHPUR,1000.1,sea_level_pressure
2023-08-23 15:00:00,24.8,96.0,998.2,930.6,30.3167,78.0333,682.0,INM00042111,DEHRADUN,998.2,sea_level_pressure
2023-08-23 18:00:00,27.0,97.0,999.5,,28.5845,77.2058,214.9,INI0000VIDD,SAFDARJUNG,999.5,sea_level_pressure
2023-08-23 18:00:00,27.7,73.0,1000.5,,26.2511,73.0489,218.5,INI0000VIJO,JODHPUR,1000.5,sea_level_pressure
2023-08-23 18:00:00,24.5,96.0,999.0,931.2,30.3167,78.0333,682.0,INM00042111,DEHRADUN,999.0,sea_level_pressure
2023-08-23 21:00:00,26.8,95.0,998.2,,28.5845,77.2058,214.9,INI0000VIDD,SAFDARJUNG,998.2,sea_level_pressure
2023-08-23 21:00:00,27.0,77.0,1000.6,,26.2511,73.0489,218.5,INI0000VIJO,JODHPUR,1000.6,sea_level_pressure
2023-08-23 21:00:00,24.0,100.0,998.0,930.2,30.3167,78.0333,682.0,INM00042111,DEHRADUN,998.0,sea_level_pressure
2023-08-24 00:00:00,26.2,87.0,998.5,,28.5845,77.2058,214.9,INI0000VIDD,SAFDARJUNG,998.5,sea_level_pressure
2023-08-24 00:00:00,26.5,77.0,999.9,,26.2511,73.0489,218.5,INI0000VIJO,JODHPUR,999.9,sea_level_pressure
2023-08-24 00:00:00,24.0,100.0,997.6,929.8,30.3167,78.0333,682.0,INM00042111,DEHRADUN,997.6,sea_level_pressure
2023-08-24 03:00:00,27.6,81.0,999.6,,28.5845,77.2058,214.9,INI0000VIDD,SAFDARJUNG,999.6,sea_level_pressure
2023-08-24 03:00:00,26.6,80.0,1001.2,,26.2511,73.0489,218.5,INI0000VIJO,JODHPUR,1001.2,sea_level_pressure
2023-08-24 03:00:00,24.8,96.0,998.5,930.9,30.3167,78.0333,682.0,INM00042111,DEHRADUN,998.5,sea_level_pressure
2023-08-24 06:00:00,30.0,73.0,999.5,,28.5845,77.2058,214.9,INI0000VIDD,SAFDARJUNG,999.5,sea_level_pressure
2023-08-24 06:00:00,30.5,62.0,1000.5,,26.2511,73.0489,218.5,INI0000VIJO,JODHPUR,1000.5,sea_level_pressure
2023-08-24 06:00:00,27.5,86.0,997.5,930.6,30.3167,78.0333,682.0,INM00042111,DEHRADUN,997.5,sea_level_pressure
2023-08-24 09:00:00,32.0,64.0,997.8,,28.5845,77.2058,214.9,INI0000VIDD,SAFDARJUNG,997.8,sea_level_pressure
2023-08-24 09:00:00,31.7,59.0,1000.1,,26.2511,73.0489,218.5,INI0000VIJO,JODHPUR,1000.1,sea_level_pressure
2023-08-24 09:00:00,28.6,82.0,995.9,929.3,30.3167,78.0333,682.0,INM00042111,DEHRADUN,995.9,sea_level_pressure
2023-08-24 12:00:00,31.6,67.0,997.2,,28.5845,77.2058,214.9,INI0000VIDD,SAFDARJUNG,997.2,sea_level_pressure
2023-08-24 12:00:00,31.5,58.0,998.5,,26.2511,73.0489,218.5,INI0000VIJO,JODHPUR,998.5,sea_level_pressure
2023-08-24 12:00:00,27.2,91.0,995.6,928.9,30.3167,78.0333,682.0,INM00042111,DEHRADUN,995.6,sea_level_pressure
2023-08-24 15:00:00,,,,,,,,INI0000VIDD,SAFDARJUNG,,sea_level_pressure
2023-08-24 15:00:00,29.2,66.0,999.3,,26.2511,73.0489,218.5,INI0000VIJO,JODHPUR,999.3,sea_level_pressure
2023-08-24 15:00:00,,,,,,,,INM00042111,DEHRADUN,,sea_level_pressure
2023-08-24 18:00:00,28.6,75.0,998.5,,28.5845,77.2058,214.9,INI0000VIDD,SAFDARJUNG,998.5,sea_level_pressure
2023-08-24 18:00:00,28.2,69.0,999.9,,26.2511,73.0489,218.5,INI0000VIJO,JODHPUR,999.9,sea_level_pressure
2023-08-24 18:00:00,25.5,98.0,996.2,929.0,30.3167,78.0333,682.0,INM00042111,DEHRADUN,996.2,sea_level_pressure
2023-08-24 21:00:00,27.0,78.0,997.8,,28.5845,77.2058,214.9,INI0000VIDD,SAFDARJUNG,997.8,sea_level_pressure
2023-08-24 21:00:00,27.5,71.0,1000.3,,26.2511,73.0489,218.5,INI0000VIJO,JODHPUR,1000.3,sea_level_pressure
2023-08-24 21:00:00,25.5,98.0,995.2,928.0,30.3167,78.0333,682.0,INM00042111,DEHRADUN,995.2,sea_level_pressure
2023-08-25 00:00:00,26.6,81.0,997.7,,28.5845,77.2058,214.9,INI0000VIDD,SAFDARJUNG,997.7,sea_level_pressure
2023-08-25 00:00:00,26.6,78.0,999.4,,26.2511,73.0489,218.5,INI0000VIJO,JODHPUR,999.4,sea_level_pressure
2023-08-25 00:00:00,25.2,98.0,995.2,928.2,30.3167,78.0333,682.0,INM00042111,DEHRADUN,995.2,sea_level_pressure
2023-08-25 03:00:00,28.8,75.0,999.9,,28.5845,77.2058,214.9,INI0000VIDD,SAFDARJUNG,999.9,sea_level_pressure
2023-08-25 03:00:00,27.0,77.0,1001.2,,26.2511,73.0489,218.5,INI0000VIJO,JODHPUR,1001.2,sea_level_pressure
2023-08-25 03:00:00,27.2,85.0,996.6,929.7,30.3167,78.0333,682.0,INM00042111,DEHRADUN,996.6,sea_level_pressure
2023-08-25 06:00:00,32.5,60.0,999.2,,28.5845,77.2058,214.9,INI0000VIDD,SAFDARJUNG,999.2,sea_level_pressure
2023-08-25 06:00:00,29.0,64.0,1001.2,,26.2511,73.0489,218.5,INI0000VIJO,JODHPUR,1001.2,sea_level_pressure
2023-08-25 06:00:00,29.6,71.0,996.8,930.3,30.3167,78.0333,682.0,INM00042111,DEHRADUN,996.8,sea_level_pressure
2023-08-25 09:00:00,34.6,55.0,997.9,,28.5845,77.2058,214.9,INI0000VIDD,SAFDARJUNG,997.9,sea_level_pressure
2023-08-25 09:00:00,31.0,59.0,1000.4,,26.2511,73.0489,218.5,INI0000VIJO,JODHPUR,1000.4,sea_level_pressure
2023-08-25 09:00:00,31.8,71.0,996.4,930.2,30.3167,78.0333,682.0,INM00042111,DEHRADUN,996.4,sea_level_pressure
2023-08-25 12:00:00,33.6,60.0,997.8,,28.5845,77.2058,214.9,INI0000VIDD,SAFDARJUNG,997.8,sea_level_pressure
2023-08-25 12:00:00,31.6,54.0,999.6,,26.2511,73.0489,218.5,INI0000VIJO,JODHPUR,999.6,sea_level_pressure
2023-08-25 12:00:00,30.7,72.0,996.6,930.4,30.3167,78.0333,682.0,INM00042111,DEHRADUN,996.6,sea_level_pressure
2023-08-25 15:00:00,32.4,65.0,998.8,,28.5845,77.2058,214.9,INI0000VIDD,SAFDARJUNG,998.8,sea_level_pressure
2023-08-25 15:00:00,29.5,63.0,1000.6,,26.2511,73.0489,218.5,INI0000VIJO,JODHPUR,1000.6,sea_level_pressure
2023-08-25 15:00:00,27.6,85.0,997.7,930.7,30.3167,78.0333,682.0,INM00042111,DEHRADUN,997.7,sea_level_pressure
2023-08-25 18:00:00,30.7,68.0,1000.2,,28.5845,77.2058,214.9,INI0000VIDD,SAFDARJUNG,1000.2,sea_level_pressure
2023-08-25 18:00:00,28.7,67.0,1001.8,,26.2511,73.0489,218.5,INI0000VIJO,JODHPUR,1001.8,sea_level_pressure
2023-08-25 18:00:00,22.6,90.0,1000.4,932.2,30.3167,78.0333,682.0,INM00042111,DEHRADUN,1000.4,sea_level_pressure
2023-08-25 21:00:00,29.6,74.0,999.2,,28.5845,77.2058,214.9,INI0000VIDD,SAFDARJUNG,999.2,sea_level_pressure
2023-08-25 21:00:00,27.2,76.0,1001.3,,26.2511,73.0489,218.5,INI0000VIJO,JODHPUR,1001.3,sea_level_pressure
2023-08-25 21:00:00,23.0,96.0,999.3,931.1,30.3167,78.0333,682.0,INM00042111,DEHRADUN,999.3,sea_level_pressure
2023-08-26 00:00:00,28.5,83.0,999.7,,28.5845,77.2058,214.9,INI0000VIDD,SAFDARJUNG,999.7,sea_level_pressure
2023-08-26 00:00:00,27.0,77.0,1002.0,,26.2511,73.0489,218.5,INI0000VIJO,JODHPUR,1002.0,sea_level_pressure
2023-08-26 00:00:00,23.5,91.0,999.2,931.3,30.3167,78.0333,682.0,INM00042111,DEHRADUN,999.2,sea_level_pressure
2023-08-26 03:00:00,29.0,70.0,1001.3,,28.5845,77.2058,214.9,INI0000VIDD,SAFDARJUNG,1001.3,sea_level_pressure
2023-08-26 03:00:00,27.2,80.0,1003.8,,26.2511,73.0489,218.5,INI0000VIJO,JODHPUR,1003.8,sea_level_pressure
2023-08-26 03:00:00,26.4,85.0,998.9,931.6,30.3167,78.0333,682.0,INM00042111,DEHRADUN,998.9,sea_level_pressure
2023-08-26 06:00:00,32.7,57.0,1001.4,,28.5845,77.2058,214.9,INI0000VIDD,SAFDARJUNG,1001.4,sea_level_pressure
2023-08-26 06:00:00,29.7,66.0,1004.0,,26.2511,73.0489,218.5,INI0000VIJO,JODHPUR,1004.0,sea_level_pressure
2023-08-26 06:00:00,30.7,67.0,998.7,932.3,30.3167,78.0333,682.0,INM00042111,DEHRADUN,998.7,sea_level_pressure
2023-08-26 09:00:00,34.8,50.0,999.6,,28.5845,77.2058,214.9,INI0000VIDD,SAFDARJUNG,999.6,sea_level_pressure
2023-08-26 09:00:00,32.7,51.0,1001.6,,26.2511,73.0489,218.5,INI0000VIJO,JODHPUR,1001.6,sea_level_pressure
2023-08-26 09:00:00,32.6,62.0,996.8,931.0,30.3167,78.0333,682.0,INM00042111,DEHRADUN,996.8,sea_level_pressure
2023-08-26 12:00:00,34.2,53.0,998.6,,28.5845,77.2058,214.9,INI0000VIDD,SAFDARJUNG,998.6,sea_level_pressure
2023-08-26 12:00:00,32.5,50.0,1001.0,,26.2511,73.0489,218.5,INI0000VIJO,JODHPUR,1001.0,sea_level_pressure
2023-08-26 12:00:00,30.6,69.0,996.2,930.0,30.3167,78.0333,682.0,INM00042111,DEHRADUN,996.2,sea_level_pressure
2023-08-26 15:00:00,32.0,60.0,999.9,,28.5845,77.2058,214.9,INI0000VIDD,SAFDARJUNG,999.9,sea_level_pressure
2023-08-26 15:00:00,30.5,56.0,1002.6,,26.2511,73.0489,218.5,INI0000VIJO,JODHPUR,1002.6,sea_level_pressure
2023-08-26 15:00:00,27.6,83.0,998.5,931.4,30.3167,78.0333,682.0,INM00042111,DEHRADUN,998.5,sea_level_pressure
2023-08-26 18:00:00,30.0,70.0,1001.3,,28.5845,77.2058,214.9,INI0000VIDD,SAFDARJUNG,1001.3,sea_level_pressure
2023-08-26 18:00:00,28.6,64.0,1004.2,,26.2511,73.0489,218.5,INI0000VIJO,JODHPUR,1004.2,sea_level_pressure
2023-08-26 18:00:00,26.2,90.0,999.3,932.0,30.3167,78.0333,682.0,INM00042111,DEHRADUN,999.3,sea_level_pressure
2023-08-26 21:00:00,29.0,71.0,1000.7,,28.5845,77.2058,214.9,INI0000VIDD,SAFDARJUNG,1000.7,sea_level_pressure
2023-08-26 21:00:00,27.5,68.0,1003.4,,26.2511,73.0489,218.5,INI0000VIJO,JODHPUR,1003.4,sea_level_pressure
2023-08-26 21:00:00,25.6,94.0,998.7,931.2,30.3167,78.0333,682.0,INM00042111,DEHRADUN,998.7,sea_level_pressure
2023-08-27 00:00:00,27.7,71.0,1000.6,,28.5845,77.2058,214.9,INI0000VIDD,SAFDARJUNG,1000.6,sea_level_pressure
2023-08-27 00:00:00,26.7,74.0,1003.7,,26.2511,73.0489,218.5,INI0000VIJO,JODHPUR,1003.7,sea_level_pressure
2023-08-27 00:00:00,24.0,90.0,999.1,931.1,30.3167,78.0333,682.0,INM00042111,DEHRADUN,999.1,sea_level_pressure
2023-08-27 03:00:00,29.0,67.0,1001.8,,28.5845,77.2058,214.9,INI0000VIDD,SAFDARJUNG,1001.8,sea_level_pressure
2023-08-27 03:00:00,27.2,76.0,1005.0,,26.2511,73.0489,218.5,INI0000VIJO,JODHPUR,1005.0,sea_level_pressure
2023-08-27 03:00:00,26.6,80.0,999.3,932.0,30.3167,78.0333,682.0,INM00042111,DEHRADUN,999.3,sea_level_pressure
2023-08-27 06:00:00,33.5,54.0,1000.9,,28.5845,77.2058,214.9,INI0000VIDD,SAFDARJUNG,1000.9,sea_level_pressure
2023-08-27 06:00:00,29.6,62.0,1004.8,,26.2511,73.0489,218.5,INI0000VIJO,JODHPUR,1004.8,sea_level_pressure
2023-08-27 06:00:00,30.7,58.0,998.1,931.7,30.3167,78.0333,682.0,INM00042111,DEHRADUN,998.1,sea_level_pressure
2023-08-27 09:00:00,34.8,51.0,998.9,,28.5845,77.2058,214.9,INI0000VIDD,SAFDARJUNG,998.9,sea_level_pressure
2023-08-27 09:00:00,32.2,52.0,1002.6,,26.2511,73.0489,218.5,INI0000VIJO,JODHPUR,1002.6,sea_level_pressure
2023-08-27 09:00:00,32.0,60.0,996.9,930.8,30.3167,78.0333,682.0,INM00042111,DEHRADUN,996.9,sea_level_pressure
2023-08-27 12:00:00,34.2,53.0,997.4,,28.5845,77.2058,214.9,INI0000VIDD,SAFDARJUNG,997.4,sea_level_pressure
2023-08-27 12:00:00,32.2,50.0,1001.3,,26.2511,73.0489,218.5,INI0000VIJO,JODHPUR,1001.3,sea_level_pressure
2023-08-27 12:00:00,28.7,70.0,996.6,929.9,30.3167,78.0333,682.0,INM00042111,DEHRADUN,996.6,sea_level_pressure
2023-08-27 15:00:00,31.2,60.0,999.8,,28.5845,77.2058,214.9,INI0000VIDD,SAFDARJUNG,999.8,sea_level_pressure
2023-08-27 15:00:00,29.7,63.0,1002.2,,26.2511,73.0489,218.5,INI0000VIJO,JODHPUR,1002.2,sea_level_pressure
2023-08-27 15:00:00,27.2,83.0,997.1,930.2,30.3167,78.0333,682.0,INM00042111,DEHRADUN,997.1,sea_level_pressure
2023-08-27 18:00:00,29.2,66.0,1000.5,,28.5845,77.2058,214.9,INI0000VIDD,SAFDARJUNG,1000.5,sea_level_pressure
2023-08-27 18:00:00,28.6,68.0,1003.0,,26.2511,73.0489,218.5,INI0000VIJO,JODHPUR,1003.0,sea_level_pressure
2023-08-27 18:00:00,26.5,86.0,997.6,930.5,30.3167,78.0333,682.0,INM00042111,DEHRADUN,997.6,sea_level_pressure
2023-08-27 21:00:00,,,,,,,,INI0000VIDD,SAFDARJUNG,,sea_level_pressure
2023-08-27 21:00:00,,,,,,,,INI0000VIJO,JODHPUR,,sea_level_pressure
2023-08-27 21:00:00,24.7,93.0,997.9,930.3,30.3167,78.0333,682.0,INM00042111,DEHRADUN,997.9,sea_level_pressure
2023-08-28 00:00:00,27.6,73.0,999.5,,28.5845,77.2058,214.9,INI0000VIDD,SAFDARJUNG,999.5,sea_level_pressure
2023-08-28 00:00:00,26.2,75.0,1002.4,,26.2511,73.0489,218.5,INI0000VIJO,JODHPUR,1002.4,sea_level_pressure
2023-08-28 00:00:00,24.6,92.0,998.0,930.4,30.3167,78.0333,682.0,INM00042111,DEHRADUN,998.0,sea_level_pressure
2023-08-28 03:00:00,29.2,67.0,1000.9,,28.5845,77.2058,214.9,INI0000VIDD,SAFDARJUNG,1000.9,sea_level_pressure
2023-08-28 03:00:00,27.2,74.0,1004.0,,26.2511,73.0489,218.5,INI0000VIJO,JODHPUR,1004.0,sea_level_pressure
2023-08-28 03:00:00,26.6,85.0,998.4,931.1,30.3167,78.0333,682.0,INM00042111,DEHRADUN,998.4,sea_level_pressure
2023-08-28 06:00:00,32.0,60.0,1002.2,,28.5845,77.2058,214.9,INI0000VIDD,SAFDARJUNG,1002.2,sea_level_pressure
2023-08-28 06:00:00,30.2,59.0,1004.0,,26.2511,73.0489,218.5,INI0000VIJO,JODHPUR,1004.0,sea_level_pressure
2023-08-28 06:00:00,29.7,70.0,999.0,932.4,30.3167,78.0333,682.0,INM00042111,DEHRADUN,999.0,sea_level_pressure
2023-08-28 09:00:00,35.2,53.0,999.4,,28.5845,77.2058,214.9,INI0000VIDD,SAFDARJUNG,999.4,sea_level_pressure
2023-08-28 09:00:00,32.7,53.0,1001.9,,26.2511,73.0489,218.5,INI0000VIJO,JODHPUR,1001.9,sea_level_pressure
2023-08-28 09:00:00,30.8,66.0,996.5,930.3,30.3167,78.0333,682.0,INM00042111,DEHRADUN,996.5,sea_level_pressure
2023-08-28 12:00:00,34.5,55.0,998.3,,28.5845,77.2058,214.9,INI0000VIDD,SAFDARJUNG,998.3,sea_level_pressure
2023-08-28 12:00:00,32.2,52.0,1000.9,,26.2511,73.0489,218.5,INI0000VIJO,JODHPUR,1000.9,sea_level_pressure
2023-08-28 12:00:00,31.0,64.0,995.9,929.7,30.3167,78.0333,682.0,INM00042111,DEHRADUN,995.9,sea_level_pressure
2023-08-28 15:00:00,31.8,71.0,1000.0,,28.5845,77.2058,214.9,INI0000VIDD,SAFDARJUNG,1000.0,sea_level_pressure
2023-08-28 15:00:00,29.6,62.0,1002.4,,26.2511,73.0489,218.5,INI0000VIJO,JODHPUR,1002.4,sea_level_pressure
2023-08-28 15:00:00,25.4,84.0,999.7,932.2,30.3167,78.0333,682.0,INM00042111,DEHRADUN,999.7,sea_level_pressure
2023-08-28 18:00:00,30.6,77.0,1001.0,,28.5845,77.2058,214.9,INI0000VIDD,SAFDARJUNG,1001.0,sea_level_pressure
2023-08-28 18:00:00,28.2,70.0,1003.3,,26.2511,73.0489,218.5,INI0000VIJO,JODHPUR,1003.3,sea_level_pressure
2023-08-28 18:00:00,24.2,90.0,1000.9,933.0,30.3167,78.0333,682.0,INM00042111,DEHRADUN,1000.9,sea_level_pressure
2023-08-28 21:00:00,29.2,80.0,1000.4,,28.5845,77.2058,214.9,INI0000VIDD,SAFDARJUNG,1000.4,sea_level_pressure
2023-08-28 21:00:00,27.7,72.0,1002.3,,26.2511,73.0489,218.5,INI0000VIJO,JODHPUR,1002.3,sea_level_pressure
2023-08-28 21:00:00,23.0,93.0,1001.0,932.7,30.3167,78.0333,682.0,INM00042111,DEHRADUN,1001.0,sea_level_pressure
2023-08-29 00:00:00,28.2,70.0,1002.6,,28.5845,77.2058,214.9,INI0000VIDD,SAFDARJUNG,1002.6,sea_level_pressure
2023-08-29 00:00:00,26.2,79.0,1004.4,,26.2511,73.0489,218.5,INI0000VIJO,JODHPUR,1004.4,sea_level_pressure
2023-08-29 00:00:00,22.7,95.0,1001.0,932.7,30.3167,78.0333,682.0,INM00042111,DEHRADUN,1001.0,sea_level_pressure
2023-08-29 03:00:00,29.6,64.0,1004.0,,28.5845,77.2058,214.9,INI0000VIDD,SAFDARJUNG,1004.0,sea_level_pressure
2023-08-29 03:00:00,26.6,78.0,1006.0,,26.2511,73.0489,218.5,INI0000VIJO,JODHPUR,1006.0,sea_level_pressure
2023-08-29 03:00:00,26.4,77.0,1001.7,934.3,30.3167,78.0333,682.0,INM00042111,DEHRADUN,1001.7,sea_level_pressure
2023-08-29 06:00:00,33.7,54.0,1003.7,,28.5845,77.2058,214.9,INI0000VIDD,SAFDARJUNG,1003.7,sea_level_pressure
2023-08-29 06:00:00,30.0,61.0,1006.5,,26.2511,73.0489,218.5,INI0000VIJO,JODHPUR,1006.5,sea_level_pressure
2023-08-29 06:00:00,30.5,53.0,1000.7,934.2,30.3167,78.0333,682.0,INM00042111,DEHRADUN,1000.7,sea_level_pressure
2023-08-29 09:00:00,35.2,52.0,1001.3,,28.5845,77.2058,214.9,INI0000VIDD,SAFDARJUNG,1001.3,sea_level_pressure
2023-08-29 09:00:00,32.7,51.0,1003.5,,26.2511,73.0489,218.5,INI0000VIJO,JODHPUR,1003.5,sea_level_pressure
2023-08-29 09:00:00,32.0,61.0,999.2,933.0,30.3167,78.0333,682.0,INM00042111,DEHRADUN,999.2,sea_level_pressure
2023-08-29 12:00:00,35.0,52.0,1000.9,,28.5845,77.2058,214.9,INI0000VIDD,SAFDARJUNG,1000.9,sea_level_pressure
2023-08-29 12:00:00,32.2,54.0,1003.1,,26.2511,73.0489,218.5,INI0000VIJO,JODHPUR,1003.1,sea_level_pressure
2023-08-29 12:00:00,31.6,64.0,998.2,932.0,30.3167,78.0333,682.0,INM00042111,DEHRADUN,998.2,sea_level_pressure
2023-08-29 15:00:00,32.6,64.0,1002.8,,28.5845,77.2058,214.9,INI0000VIDD,SAFDARJUNG,1002.8,sea_level_pressure
2023-08-29 15:00:00,30.5,60.0,1004.8,,26.2511,73.0489,218.5,INI0000VIJO,JODHPUR,1004.8,sea_level_pressure
2023-08-29 15:00:00,28.0,77.0,1001.4,934.2,30.3167,78.0333,682.0,INM00042111,DEHRADUN,1001.4,sea_level_pressure
2023-08-29 18:00:00,31.4,68.0,1003.5,,28.5845,77.2058,214.9,INI0000VIDD,SAFDARJUNG,1003.5,sea_level_pressure
2023-08-29 18:00:00,28.8,69.0,1006.0,,26.2511,73.0489,218.5,INI0000VIJO,JODHPUR,1006.0,sea_level_pressure
2023-08-29 18:00:00,26.2,86.0,1002.7,935.1,30.3167,78.0333,682.0,INM00042111,DEHRADUN,1002.7,sea_level_pressure
2023-08-29 21:00:00,30.5,72.0,1002.6,,28.5845,77.2058,214.9,INI0000VIDD,SAFDARJUNG,1002.6,sea_level_pressure
2023-08-29 21:00:00,27.6,74.0,1005.8,,26.2511,73.0489,218.5,INI0000VIJO,JODHPUR,1005.8,sea_level_pressure
2023-08-29 21:00:00,25.0,87.0,1001.9,934.0,30.3167,78.0333,682.0,INM00042111,DEHRADUN,1001.9,sea_level_pressure
2023-08-30 00:00:00,29.2,78.0,1003.8,,28.5845,77.2058,214.9,INI0000VIDD,SAFDARJUNG,1003.8,sea_level_pressure
2023-08-30 00:00:00,26.6,78.0,1006.1,,26.2511,73.0489,218.5,INI0000VIJO,JODHPUR,1006.1,sea_level_pressure
2023-08-30 00:00:00,24.6,92.0,1001.9,934.0,30.3167,78.0333,682.0,INM00042111,DEHRADUN,1001.9,sea_level_pressure
2023-08-30 03:00:00,30.0,81.0,1005.6,,28.5845,77.2058,214.9,INI0000VIDD,SAFDARJUNG,1005.6,sea_level_pressure
2023-08-30 03:00:00,28.2,73.0,1007.8,,26.2511,73.0489,218.5,INI0000VIJO,JODHPUR,1007.8,sea_level_pressure
2023-08-30 03:00:00,27.6,77.0,1003.3,936.0,30.3167,78.0333,682.0,INM00042111,DEHRADUN,1003.3,sea_level_pressure
2023-08-30 06:00:00,33.7,60.0,1005.8,,28.5845,77.2058,214.9,INI0000VIDD,SAFDARJUNG,1005.8,sea_level_pressure
2023-08-30 06:00:00,32.0,58.0,1007.9,,26.2511,73.0489,218.5,INI0000VIJO,JODHPUR,1007.9,sea_level_pressure
2023-08-30 06:00:00,30.2,63.0,1003.0,936.3,30.3167,78.0333,682.0,INM00042111,DEHRADUN,1003.0,sea_level_pressure
2023-08-30 09:00:00,35.8,49.0,1003.7,,28.5845,77.2058,214.9,INI0000VIDD,SAFDARJUNG,1003.7,sea_level_pressure
2023-08-30 09:00:00,34.2,46.0,1006.0,,26.2511,73.0489,218.5,INI0000VIJO,JODHPUR,1006.0,sea_level_pressure
2023-08-30 09:00:00,33.6,62.0,1001.2,935.3,30.3167,78.0333,682.0,INM00042111,DEHRADUN,1001.2,sea_level_pressure
2023-08-30 12:00:00,34.7,51.0,1002.5,,28.5845,77.2058,214.9,INI0000VIDD,SAFDARJUNG,1002.5,sea_level_pressure
2023-08-30 12:00:00,33.7,46.0,1004.9,,26.2511,73.0489,218.5,INI0000VIJO,JODHPUR,1004.9,sea_level_pressure
2023-08-30 12:00:00,31.6,67.0,1000.7,934.4,30.3167,78.0333,682.0,INM00042111,DEHRADUN,1000.7,sea_level_pressure
2023-08-30 15:00:00,32.2,60.0,1004.0,,28.5845,77.2058,214.9,INI0000VIDD,SAFDARJUNG,1004.0,sea_level_pressure
2023-08-30 15:00:00,30.6,60.0,1005.9,,26.2511,73.0489,218.5,INI0000VIJO,JODHPUR,1005.9,sea_level_pressure
2023-08-30 15:00:00,28.2,84.0,1001.9,934.3,30.3167,78.0333,682.0,INM00042111,DEHRADUN,1001.9,sea_level_pressure
2023-08-30 18:00:00,30.2,70.0,1004.4,,28.5845,77.2058,214.9,INI0000VIDD,SAFDARJUNG,1004.4,sea_level_pressure
2023-08-30 18:00:00,29.2,61.0,1006.7,,26.2511,73.0489,218.5,INI0000VIJO,JODHPUR,1006.7,sea_level_pressure
2023-08-30 18:00:00,26.5,87.0,1002.7,935.2,30.3167,78.0333,682.0,INM00042111,DEHRADUN,1002.7,sea_level_pressure
2023-08-30 21:00:00,29.0,76.0,1003.9,,28.5845,77.2058,214.9,INI0000VIDD,SAFDARJUNG,1003.9,sea_level_pressure
2023-08-30 21:00:00,27.6,67.0,1006.5,,26.2511,73.0489,218.5,INI0000VIJO,JODHPUR,1006.5,sea_level_pressure
2023-08-30 21:00:00,25.2,89.0,1003.3,935.6,30.3167,78.0333,682.0,INM00042111,DEHRADUN,1003.3,sea_level_pressure
2023-08-31 00:00:00,27.0,87.0,1004.8,,28.5845,77.2058,214.9,INI0000VIDD,SAFDARJUNG,1004.8,sea_level_pressure
2023-08-31 00:00:00,26.2,75.0,1007.0,,26.2511,73.0489,218.5,INI0000VIJO,JODHPUR,1007.0,sea_level_pressure
2023-08-31 00:00:00,24.5,93.0,1003.3,935.4,30.3167,78.0333,682.0,INM00042111,DEHRADUN,1003.3,sea_level_pressure
2023-08-31 03:00:00,30.0,73.0,1006.4,,28.5845,77.2058,214.9,INI0000VIDD,SAFDARJUNG,1006.4,sea_level_pressure
2023-08-31 03:00:00,28.0,73.0,1008.7,,26.2511,73.0489,218.5,INI0000VIJO,JODHPUR,1008.7,sea_level_pressure
2023-08-31 03:00:00,27.4,82.0,1004.0,936.7,30.3167,78.0333,682.0,INM00042111,DEHRADUN,1004.0,sea_level_pressure
2023-08-31 06:00:00,34.0,55.0,1006.3,,28.5845,77.2058,214.9,INI0000VIDD,SAFDARJUNG,1006.3,sea_level_pressure
2023-08-31 06:00:00,32.2,57.0,1008.5,,26.2511,73.0489,218.5,INI0000VIJO,JODHPUR,1008.5,sea_level_pressure
2023-08-31 06:00:00,31.5,64.0,1003.9,937.3,30.3167,78.0333,682.0,INM00042111,DEHRADUN,1003.9,sea_level_pressure
2023-08-31 09:00:00,35.6,52.0,1004.6,,28.5845,77.2058,214.9,INI0000VIDD,SAFDARJUNG,1004.6,sea_level_pressure
2023-08-31 09:00:00,34.6,46.0,1006.3,,26.2511,73.0489,218.5,INI0000VIJO,JODHPUR,1006.3,sea_level_pressure
2023-08-31 09:00:00,34.0,63.0,1002.1,936.1,30.3167,78.0333,682.0,INM00042111,DEHRADUN,1002.1,sea_level_pressure
2023-08-31 12:00:00,35.8,51.0,1003.5,,28.5845,77.2058,214.9,INI0000VIDD,SAFDARJUNG,1003.5,sea_level_pressure
2023-08-31 12:00:00,35.0,43.0,1005.4,,26.2511,73.0489,218.5,INI0000VIJO,JODHPUR,1005.4,sea_level_pressure
2023-08-31 12:00:00,32.0,73.0,1001.5,935.1,30.3167,78.0333,682.0,INM00042111,DEHRADUN,1001.5,sea_level_pressure
2023-08-31 15:00:00,31.8,67.0,1004.5,,28.5845,77.2058,214.9,INI0000VIDD,SAFDARJUNG,1004.5,sea_level_pressure
2023-08-31 15:00:00,31.6,57.0,1006.2,,26.2511,73.0489,218.5,INI0000VIJO,JODHPUR,1006.2,sea_level_pressure
2023-08-31 15:00:00,29.0,82.0,1003.3,936.2,30.3167,78.0333,682.0,INM00042111,DEHRADUN,1003.3,sea_level_pressure
2023-08-31 18:00:00,30.0,77.0,1004.8,,28.5845,77.2058,214.9,INI0000VIDD,SAFDARJUNG,1004.8,sea_level_pressure
2023-08-31 18:00:00,30.2,54.0,1006.9,,26.2511,73.0489,218.5,INI0000VIJO,JODHPUR,1006.9,sea_level_pressure
2023-08-31 18:00:00,28.0,88.0,1003.3,936.0,30.3167,78.0333,682.0,INM00042111,DEHRADUN,1003.3,sea_level_pressure
2023-08-31 21:00:00,28.8,82.0,1004.1,,28.5845,77.2058,214.9,INI0000VIDD,SAFDARJUNG,1004.1,sea_level_pressure
2023-08-31 21:00:00,29.6,61.0,1006.4,,26.2511,73.0489,218.5,INI0000VIJO,JODHPUR,1006.4,sea_level_pressure
2023-08-31 21:00:00,26.4,86.0,1002.7,935.2,30.3167,78.0333,682.0,INM00042111,DEHRADUN,1002.7,sea_level_pressure
2023-09-01 00:00:00,28.5,83.0,1004.2,,28.5845,77.2058,214.9,INI0000VIDD,SAFDARJUNG,1004.2,sea_level_pressure
2023-09-01 00:00:00,28.0,73.0,1006.9,,26.2511,73.0489,218.5,INI0000VIJO,JODHPUR,1006.9,sea_level_pressure
2023-09-01 00:00:00,26.0,92.0,1003.2,935.4,30.3167,78.0333,682.0,INM00042111,DEHRADUN,1003.2,sea_level_pressure
2023-09-01 03:00:00,30.0,75.0,1006.4,,28.5845,77.2058,214.9,INI0000VIDD,SAFDARJUNG,1006.4,sea_level_pressure
2023-09-01 03:00:00,28.7,62.0,1009.0,,26.2511,73.0489,218.5,INI0000VIJO,JODHPUR,1009.0,sea_level_pressure
2023-09-01 03:00:00,28.4,75.0,1004.0,936.8,30.3167,78.0333,682.0,INM00042111,DEHRADUN,1004.0,sea_level_pressure
2023-09-01 06:00:00,35.2,52.0,1006.1,,28.5845,77.2058,214.9,INI0000VIDD,SAFDARJUNG,1006.1,sea_level_pressure
2023-09-01 06:00:00,32.5,53.0,1009.0,,26.2511,73.0489,218.5,INI0000VIJO,JODHPUR,1009.0,sea_level_pressure
2023-09-01 06:00:00,32.7,63.0,1003.4,937.1,30.3167,78.0333,682.0,INM00042111,DEHRADUN,1003.4,sea_level_pressure
2023-09-01 09:00:00,36.0,44.0,1004.2,,28.5845,77.2058,214.9,INI0000VIDD,SAFDARJUNG,1004.2,sea_level_pressure
2023-09-01 09:00:00,35.2,43.0,1006.3,,26.2511,73.0489,218.5,INI0000VIJO,JODHPUR,1006.3,sea_level_pressure
2023-09-01 09:00:00,34.2,62.0,1002.0,936.2,30.3167,78.0333,682.0,INM00042111,DEHRADUN,1002.0,sea_level_pressure
2023-09-01 12:00:00,35.2,45.0,1003.1,,28.5845,77.2058,214.9,INI0000VIDD,SAFDARJUNG,1003.1,sea_level_pressure
2023-09-01 12:00:00,35.0,42.0,1005.1,,26.2511,73.0489,218.5,INI0000VIJO,JODHPUR,1005.1,sea_level_pressure
2023-09-01 12:00:00,31.6,69.0,1001.3,935.0,30.3167,78.0333,682.0,INM00042111,DEHRADUN,1001.3,sea_level_pressure
2023-09-01 15:00:00,32.2,62.0,1004.0,,28.5845,77.2058,214.9,INI0000VIDD,SAFDARJUNG,1004.0,sea_level_pressure
2023-09-01 15:00:00,31.7,52.0,1006.0,,26.2511,73.0489,218.5,INI0000VIJO,JODHPUR,1006.0,sea_level_pressure
2023-09-01 15:00:00,29.4,73.0,1002.0,935.1,30.3167,78.0333,682.0,INM00042111,DEHRADUN,1002.0,sea_level_pressure
2023-09-01 18:00:00,30.0,74.0,1004.0,,28.5845,77.2058,214.9,INI0000VIDD,SAFDARJUNG,1004.0,sea_level_pressure
2023-09-01 18:00:00,30.0,56.0,1006.5,,26.2511,73.0489,218.5,INI0000VIJO,JODHPUR,1006.5,sea_level_pressure
2023-09-01 18:00:00,27.6,85.0,1002.6,935.3,30.3167,78.0333,682.0,INM00042111,DEHRADUN,1002.6,sea_level_pressure
2023-09-01 21:00:00,28.7,79.0,1003.2,,28.5845,77.2058,214.9,INI0000VIDD,SAFDARJUNG,1003.2,sea_level_pressure
2023-09-01 21:00:00,28.5,63.0,1005.9,,26.2511,73.0489,218.5,INI0000VIJO,JODHPUR,1005.9,sea_level_pressure
2023-09-01 21:00:00,26.0,89.0,1002.0,934.3,30.3167,78.0333,682.0,INM00042111,DEHRADUN,1002.0,sea_level_pressure
2023-09-02 00:00:00,28.6,79.0,1004.0,,28.5845,77.2058,214.9,INI0000VIDD,SAFDARJUNG,1004.0,sea_level_pressure
2023-09-02 00:00:00,26.6,71.0,1006.7,,26.2511,73.0489,218.5,INI0000VIJO,JODHPUR,1006.7,sea_level_pressure
2023-09-02 00:00:00,25.6,87.0,1001.3,933.6,30.3167,78.0333,682.0,INM00042111,DEHRADUN,1001.3,sea_level_pressure
2023-09-02 03:00:00,30.5,69.0,1005.7,,28.5845,77.2058,214.9,INI0000VIDD,SAFDARJUNG,1005.7,sea_level_pressure
2023-09-02 03:00:00,28.5,65.0,1008.1,,26.2511,73.0489,218.5,INI0000VIJO,JODHPUR,1008.1,sea_level_pressure
2023-09-02 03:00:00,28.2,75.0,1003.9,935.8,30.3167,78.0333,682.0,INM00042111,DEHRADUN,1003.9,sea_level_pressure
2023-09-02 06:00:00,34.7,43.0,1005.2,,28.5845,77.2058,214.9,INI0000VIDD,SAFDARJUNG,1005.2,sea_level_pressure
2023-09-02 06:00:00,32.2,46.0,1008.1,,26.2511,73.0489,218.5,INI0000VIJO,JODHPUR,1008.1,sea_level_pressure
2023-09-02 06:00:00,31.7,66.0,1002.2,935.8,30.3167,78.0333,682.0,INM00042111,DEHRADUN,1002.2,sea_level_pressure
2023-09-02 09:00:00,36.6,39.0,1003.3,,28.5845,77.2058,214.9,INI0000VIDD,SAFDARJUNG,1003.3,sea_level_pressure
2023-09-02 09:00:00,35.0,42.0,1005.2,,26.2511,73.0489,218.5,INI0000VIJO,JODHPUR,1005.2,sea_level_pressure
2023-09-02 09:00:00,33.7,64.0,1001.0,935.1,30.3167,78.0333,682.0,INM00042111,DEHRADUN,1001.0,sea_level_pressure
2023-09-02 12:00:00,35.6,44.0,1001.2,,28.5845,77.2058,214.9,INI0000VIDD,SAFDARJUNG,1001.2,sea_level_pressure
2023-09-02 12:00:00,35.7,36.0,1003.3,,26.2511,73.0489,218.5,INI0000VIJO,JODHPUR,1003.3,sea_level_pressure
2023-09-02 12:00:00,30.7,68.0,999.3,932.9,30.3167,78.0333,682.0,INM00042111,DEHRADUN,999.3,sea_level_pressure
2023-09-02 15:00:00,33.4,50.0,1001.9,,28.5845,77.2058,214.9,INI0000VIDD,SAFDARJUNG,1001.9,sea_level_pressure
2023-09-02 15:00:00,32.0,48.0,1004.4,,26.2511,73.0489,218.5,INI0000VIJO,JODHPUR,1004.4,sea_level_pressure
2023-09-02 15:00:00,28.4,79.0,999.8,933.1,30.3167,78.0333,682.0,INM00042111,DEHRADUN,999.8,sea_level_pressure
2023-09-02 18:00:00,32.6,52.0,1003.2,,28.5845,77.2058,214.9,INI0000VIDD,SAFDARJUNG,1003.2,sea_level_pressure
2023-09-02 18:00:00,29.2,63.0,1005.4,,26.2511,73.0489,218.5,INI0000VIJO,JODHPUR,1005.4,sea_level_pressure
2023-09-02 18:00:00,27.0,88.0,1001.5,934.0,30.3167,78.0333,682.0,INM00042111,DEHRADUN,1001.5,sea_level_pressure
2023-09-02 21:00:00,,,,,,,,INI0000VIDD,SAFDARJUNG,,sea_level_pressure
2023-09-02 21:00:00,,,,,,,,INI0000VIJO,JODHPUR,,sea_level_pressure
2023-09-02 21:00:00,,,,,,,,INM00042111,DEHRADUN,,sea_level_pressure
2023-09-03 00:00:00,29.6,64.0,1002.4,,28.5845,77.2058,214.9,INI0000VIDD,SAFDARJUNG,1002.4,sea_level_pressure
2023-09-03 00:00:00,26.6,75.0,1005.4,,26.2511,73.0489,218.5,INI0000VIJO,JODHPUR,1005.4,sea_level_pressure
2023-09-03 00:00:00,25.7,89.0,1000.9,933.4,30.3167,78.0333,682.0,INM00042111,DEHRADUN,1000.9,sea_level_pressure
2023-09-03 03:00:00,29.2,71.0,1003.7,,28.5845,77.2058,214.9,INI0000VIDD,SAFDARJUNG,1003.7,sea_level_pressure
2023-09-03 03:00:00,28.2,66.0,1006.8,,26.2511,73.0489,218.5,INI0000VIJO,JODHPUR,1006.8,sea_level_pressure
2023-09-03 03:00:00,28.2,82.0,1000.8,933.8,30.3167,78.0333,682.0,INM00042111,DEHRADUN,1000.8,sea_level_pressure
2023-09-03 06:00:00,33.5,49.0,1003.9,,28.5845,77.2058,214.9,INI0000VIDD,SAFDARJUNG,1003.9,sea_level_pressure
2023-09-03 06:00:00,32.2,50.0,1006.5,,26.2511,73.0489,218.5,INI0000VIJO,JODHPUR,1006.5,sea_level_pressure
2023-09-03 06:00:00,32.7,62.0,1000.5,934.4,30.3167,78.0333,682.0,INM00042111,DEHRADUN,1000.5,sea_level_pressure
2023-09-03 09:00:00,36.2,40.0,1001.4,,28.5845,77.2058,214.9,INI0000VIDD,SAFDARJUNG,1001.4,sea_level_pressure
2023-09-03 09:00:00,34.7,43.0,1004.1,,26.2511,73.0489,218.5,INI0000VIJO,JODHPUR,1004.1,sea_level_pressure
2023-09-03 09:00:00,34.0,66.0,998.3,932.6,30.3167,78.0333,682.0,INM00042111,DEHRADUN,998.3,sea_level_pressure
2023-09-03 12:00:00,35.5,42.0,999.7,,28.5845,77.2058,214.9,INI0000VIDD,SAFDARJUNG,999.7,sea_level_pressure
2023-09-03 12:00:00,35.4,41.0,1002.4,,26.2511,73.0489,218.5,INI0000VIJO,JODHPUR,1002.4,sea_level_pressure
2023-09-03 12:00:00,32.0,69.0,997.3,931.1,30.3167,78.0333,682.0,INM00042111,DEHRADUN,997.3,sea_level_pressure
2023-09-03 15:00:00,31.7,62.0,1001.0,,28.5845,77.2058,214.9,INI0000VIDD,SAFDARJUNG,1001.0,sea_level_pressure
2023-09-03 15:00:00,32.2,49.0,1003.3,,26.2511,73.0489,218.5,INI0000VIJO,JODHPUR,1003.3,sea_level_pressure
2023-09-03 15:00:00,28.0,81.0,1000.3,933.1,30.3167,78.0333,682.0,INM00042111,DEHRADUN,1000.3,sea_level_pressure
2023-09-03 18:00:00,30.6,68.0,1001.9,,28.5845,77.2058,214.9,INI0000VIDD,SAFDARJUNG,1001.9,sea_level_pressure
2023-09-03 18:00:00,29.7,58.0,1004.5,,26.2511,73.0489,218.5,INI0000VIJO,JODHPUR,1004.5,sea_level_pressure
2023-09-03 18:00:00,26.6,86.0,1000.8,933.4,30.3167,78.0333,682.0,INM00042111,DEHRADUN,1000.8,sea_level_pressure
2023-09-03 21:00:00,29.2,74.0,1001.4,,28.5845,77.2058,214.9,INI0000VIDD,SAFDARJUNG,1001.4,sea_level_pressure
2023-09-03 21:00:00,28.2,64.0,1004.3,,26.2511,73.0489,218.5,INI0000VIJO,JODHPUR,1004.3,sea_level_pressure
2023-09-03 21:00:00,25.6,90.0,1000.3,932.7,30.3167,78.0333,682.0,INM00042111,DEHRADUN,1000.3,sea_level_pressure
2023-09-04 00:00:00,27.2,86.0,1001.7,,28.5845,77.2058,214.9,INI0000VIDD,SAFDARJUNG,1001.7,sea_level_pressure
2023-09-04 00:00:00,26.7,67.0,1004.0,,26.2511,73.0489,218.5,INI0000VIJO,JODHPUR,1004.0,sea_level_pressure
2023-09-04 00:00:00,25.2,87.0,999.5,932.0,30.3167,78.0333,682.0,INM00042111,DEHRADUN,999.5,sea_level_pressure
2023-09-04 03:00:00,30.2,70.0,1003.2,,28.5845,77.2058,214.9,INI0000VIDD,SAFDARJUNG,1003.2,sea_level_pressure
2023-09-04 03:00:00,28.2,67.0,1006.0,,26.2511,73.0489,218.5,INI0000VIJO,JODHPUR,1006.0,sea_level_pressure
2023-09-04 03:00:00,28.2,75.0,1001.3,934.3,30.3167,78.0333,682.0,INM00042111,DEHRADUN,1001.3,sea_level_pressure
2023-09-04 06:00:00,34.5,44.0,1002.8,,28.5845,77.2058,214.9,INI0000VIDD,SAFDARJUNG,1002.8,sea_level_pressure
2023-09-04 06:00:00,31.7,54.0,1005.6,,26.2511,73.0489,218.5,INI0000VIJO,JODHPUR,1005.6,sea_level_pressure
2023-09-04 06:00:00,32.7,64.0,1001.0,934.9,30.3167,78.0333,682.0,INM00042111,DEHRADUN,1001.0,sea_level_pressure
2023-09-04 09:00:00,36.2,39.0,1000.7,,28.5845,77.2058,214.9,INI0000VIDD,SAFDARJUNG,1000.7,sea_level_pressure
2023-09-04 09:00:00,35.5,42.0,1003.0,,26.2511,73.0489,218.5,INI0000VIJO,JODHPUR,1003.0,sea_level_pressure
2023-09-04 09:00:00,34.8,59.0,998.8,933.3,30.3167,78.0333,682.0,INM00042111,DEHRADUN,998.8,sea_level_pressure
2023-09-04 12:00:00,36.0,40.0,999.1,,28.5845,77.2058,214.9,INI0000VIDD,SAFDARJUNG,999.1,sea_level_pressure
2023-09-04 12:00:00,34.0,45.0,1001.9,,26.2511,73.0489,218.5,INI0000VIJO,JODHPUR,1001.9,sea_level_pressure
2023-09-04 12:00:00,30.6,75.0,998.4,932.0,30.3167,78.0333,682.0,INM00042111,DEHRADUN,998.4,sea_level_pressure
2023-09-04 15:00:00,31.6,62.0,1002.1,,28.5845,77.2058,214.9,INI0000VIDD,SAFDARJUNG,1002.1,sea_level_pressure
2023-09-04 15:00:00,31.2,50.0,1003.0,,26.2511,73.0489,218.5,INI0000VIJO,JODHPUR,1003.0,sea_level_pressure
2023-09-04 15:00:00,26.6,76.0,1000.5,933.1,30.3167,78.0333,682.0,INM00042111,DEHRADUN,1000.5,sea_level_pressure
2023-09-04 18:00:00,30.0,70.0,1002.5,,28.5845,77.2058,214.9,INI0000VIDD,SAFDARJUNG,1002.5,sea_level_pressure
2023-09-04 18:00:00,29.2,54.0,1004.1,,26.2511,73.0489,218.5,INI0000VIJO,JODHPUR,1004.1,sea_level_pressure
2023-09-04 18:00:00,27.0,83.0,1001.9,934.3,30.3167,78.0333,682.0,INM00042111,DEHRADUN,1001.9,sea_level_pressure
2023-09-04 21:00:00,28.8,75.0,1002.0,,28.5845,77.2058,214.9,INI0000VIDD,SAFDARJUNG,1002.0,sea_level_pressure
2023-09-04 21:00:00,27.2,64.0,1004.2,,26.2511,73.0489,218.5,INI0000VIJO,JODHPUR,1004.2,sea_level_pressure
2023-09-04 21:00:00,24.0,76.0,1004.5,936.2,30.3167,78.0333,682.0,INM00042111,DEHRADUN,1004.5,sea_level_pressure
2023-09-05 00:00:00,27.7,76.0,1003.2,,28.5845,77.2058,214.9,INI0000VIDD,SAFDARJUNG,1003.2,sea_level_pressure
2023-09-05 00:00:00,26.2,65.0,1004.7,,26.2511,73.0489,218.5,INI0000VIJO,JODHPUR,1004.7,sea_level_pressure
2023-09-05 00:00:00,22.6,83.0,1003.3,934.9,30.3167,78.0333,682.0,INM00042111,DEHRADUN,1003.3,sea_level_pressure
2023-09-05 03:00:00,29.0,74.0,1004.2,,28.5845,77.2058,214.9,INI0000VIDD,SAFDARJUNG,1004.2,sea_level_pressure
2023-09-05 03:00:00,28.6,63.0,1005.8,,26.2511,73.0489,218.5,INI0000VIJO,JODHPUR,1005.8,sea_level_pressure
2023-09-05 03:00:00,27.4,69.0,1003.4,936.1,30.3167,78.0333,682.0,INM00042111,DEHRADUN,1003.4,sea_level_pressure
2023-09-05 06:00:00,34.7,57.0,1003.5,,28.5845,77.2058,214.9,INI0000VIDD,SAFDARJUNG,1003.5,sea_level_pressure
2023-09-05 06:00:00,32.7,51.0,1005.5,,26.2511,73.0489,218.5,INI0000VIJO,JODHPUR,1005.5,sea_level_pressure
2023-09-05 06:00:00,32.6,51.0,1002.3,936.1,30.3167,78.0333,682.0,INM00042111,DEHRADUN,1002.3,sea_level_pressure
2023-09-05 09:00:00,37.2,49.0,1001.1,,28.5845,77.2058,214.9,INI0000VIDD,SAFDARJUNG,1001.1,sea_level_pressure
2023-09-05 09:00:00,35.7,43.0,1003.0,,26.2511,73.0489,218.5,INI0000VIJO,JODHPUR,1003.0,sea_level_pressure
2023-09-05 09:00:00,34.0,49.0,1000.2,934.4,30.3167,78.0333,682.0,INM00042111,DEHRADUN,1000.2,sea_level_pressure
2023-09-05 12:00:00,36.0,56.0,1000.4,,28.5845,77.2058,214.9,INI0000VIDD,SAFDARJUNG,1000.4,sea_level_pressure
2023-09-05 12:00:00,36.2,40.0,1001.4,,26.2511,73.0489,218.5,INI0000VIJO,JODHPUR,1001.4,sea_level_pressure
2023-09-05 12:00:00,32.7,58.0,999.1,933.1,30.3167,78.0333,682.0,INM00042111,DEHRADUN,999.1,sea_level_pressure
2023-09-05 15:00:00,32.8,65.0,1002.7,,28.5845,77.2058,214.9,INI0000VIDD,SAFDARJUNG,1002.7,sea_level_pressure
2023-09-05 15:00:00,33.0,50.0,1003.0,,26.2511,73.0489,218.5,INI0000VIJO,JODHPUR,1003.0,sea_level_pressure
2023-09-05 15:00:00,29.2,79.0,999.7,933.0,30.3167,78.0333,682.0,INM00042111,DEHRADUN,999.7,sea_level_pressure
2023-09-05 18:00:00,30.6,70.0,1003.6,,28.5845,77.2058,214.9,INI0000VIDD,SAFDARJUNG,1003.6,sea_level_pressure
2023-09-05 18:00:00,31.6,51.0,1003.8,,26.2511,73.0489,218.5,INI0000VIJO,JODHPUR,1003.8,sea_level_pressure
2023-09-05 18:00:00,27.2,83.0,1001.4,934.2,30.3167,78.0333,682.0,INM00042111,DEHRADUN,1001.4,sea_level_pressure
2023-09-05 21:00:00,29.5,75.0,1002.8,,28.5845,77.2058,214.9,INI0000VIDD,SAFDARJUNG,1002.8,sea_level_pressure
2023-09-05 21:00:00,30.0,57.0,1003.8,,26.2511,73.0489,218.5,INI0000VIJO,JODHPUR,1003.8,sea_level_pressure
2023-09-05 21:00:00,26.2,90.0,1000.9,933.6,30.3167,78.0333,682.0,INM00042111,DEHRADUN,1000.9,sea_level_pressure
2023-09-06 00:00:00,28.7,85.0,1004.3,,28.5845,77.2058,214.9,INI0000VIDD,SAFDARJUNG,1004.3,sea_level_pressure
2023-09-06 00:00:00,28.7,60.0,1003.9,,26.2511,73.0489,218.5,INI0000VIJO,JODHPUR,1003.9,sea_level_pressure
2023-09-06 00:00:00,25.6,92.0,1001.7,934.0,30.3167,78.0333,682.0,INM00042111,DEHRADUN,1001.7,sea_level_pressure
2023-09-06 03:00:00,28.8,75.0,1006.0,,28.5845,77.2058,214.9,INI0000VIDD,SAFDARJUNG,1006.0,sea_level_pressure
2023-09-06 03:00:00,31.0,52.0,1004.8,,26.2511,73.0489,218.5,INI0000VIJO,JODHPUR,1004.8,sea_level_pressure
2023-09-06 03:00:00,28.2,75.0,1004.4,937.1,30.3167,78.0333,682.0,INM00042111,DEHRADUN,1004.4,sea_level_pressure
2023-09-06 06:00:00,32.6,61.0,1004.8,,28.5845,77.2058,214.9,INI0000VIDD,SAFDARJUNG,1004.8,sea_level_pressure
2023-09-06 06:00:00,36.7,45.0,1004.4,,26.2511,73.0489,218.5,INI0000VIJO,JODHPUR,1004.4,sea_level_pressure
2023-09-06 06:00:00,33.6,56.0,1002.8,936.8,30.3167,78.0333,682.0,INM00042111,DEHRADUN,1002.8,sea_level_pressure
2023-09-06 09:00:00,36.2,46.0,1002.5,,28.5845,77.2058,214.9,INI0000VIDD,SAFDARJUNG,1002.5,sea_level_pressure
2023-09-06 09:00:00,38.7,35.0,1001.9,,26.2511,73.0489,218.5,INI0000VIJO,JODHPUR,1001.9,sea_level_pressure
2023-09-06 09:00:00,35.0,56.0,1001.0,935.2,30.3167,78.0333,682.0,INM00042111,DEHRADUN,1001.0,sea_level_pressure
2023-09-06 12:00:00,36.0,44.0,1001.1,,28.5845,77.2058,214.9,INI0000VIDD,SAFDARJUNG,1001.1,sea_level_pressure
2023-09-06 12:00:00,38.6,35.0,999.6,,26.2511,73.0489,218.5,INI0000VIJO,JODHPUR,999.6,sea_level_pressure
2023-09-06 12:00:00,33.6,57.0,1000.0,934.2,30.3167,78.0333,682.0,INM00042111,DEHRADUN,1000.0,sea_level_pressure
2023-09-06 15:00:00,33.2,55.0,1002.8,,28.5845,77.2058,214.9,INI0000VIDD,SAFDARJUNG,1002.8,sea_level_pressure
2023-09-06 15:00:00,34.7,44.0,1001.6,,26.2511,73.0489,218.5,INI0000VIJO,JODHPUR,1001.6,sea_level_pressure
2023-09-06 15:00:00,29.0,76.0,1002.6,935.5,30.3167,78.0333,682.0,INM00042111,DEHRADUN,1002.6,sea_level_pressure
2023-09-06 18:00:00,32.2,58.0,1003.5,,28.5845,77.2058,214.9,INI0000VIDD,SAFDARJUNG,1003.5,sea_level_pressure
2023-09-06 18:00:00,31.0,66.0,1003.2,,26.2511,73.0489,218.5,INI0000VIJO,JODHPUR,1003.2,sea_level_pressure
2023-09-06 18:00:00,26.6,85.0,1002.9,935.4,30.3167,78.0333,682.0,INM00042111,DEHRADUN,1002.9,sea_level_pressure
2023-09-06 21:00:00,30.6,65.0,1002.7,,28.5845,77.2058,214.9,INI0000VIDD,SAFDARJUNG,1002.7,sea_level_pressure
2023-09-06 21:00:00,29.5,76.0,1003.2,,26.2511,73.0489,218.5,INI0000VIJO,JODHPUR,1003.2,sea_level_pressure
2023-09-06 21:00:00,25.6,80.0,1003.3,935.7,30.3167,78.0333,682.0,INM00042111,DEHRADUN,1003.3,sea_level_pressure
2023-09-07 00:00:00,29.7,68.0,1003.9,,28.5845,77.2058,214.9,INI0000VIDD,SAFDARJUNG,1003.9,sea_level_pressure
2023-09-07 00:00:00,27.7,76.0,1003.9,,26.2511,73.0489,218.5,INI0000VIJO,JODHPUR,1003.9,sea_level_pressure
2023-09-07 00:00:00,25.6,83.0,1003.7,935.9,30.3167,78.0333,682.0,INM00042111,DEHRADUN,1003.7,sea_level_pressure
2023-09-07 03:00:00,29.6,72.0,1005.3,,28.5845,77.2058,214.9,INI0000VIDD,SAFDARJUNG,1005.3,sea_level_pressure
2023-09-07 03:00:00,30.7,63.0,1004.2,,26.2511,73.0489,218.5,INI0000VIJO,JODHPUR,1004.2,sea_level_pressure
2023-09-07 03:00:00,28.8,77.0,1004.0,936.9,30.3167,78.0333,682.0,INM00042111,DEHRADUN,1004.0,sea_level_pressure
2023-09-07 06:00:00,34.2,58.0,1003.8,,28.5845,77.2058,214.9,INI0000VIDD,SAFDARJUNG,1003.8,sea_level_pressure
2023-09-07 06:00:00,35.0,47.0,1004.0,,26.2511,73.0489,218.5,INI0000VIJO,JODHPUR,1004.0,sea_level_pressure
2023-09-07 06:00:00,33.7,56.0,1002.2,936.2,30.3167,78.0333,682.0,INM00042111,DEHRADUN,1002.2,sea_level_pressure
2023-09-07 09:00:00,37.0,50.0,1001.4,,28.5845,77.2058,214.9,INI0000VIDD,SAFDARJUNG,1001.4,sea_level_pressure
2023-09-07 09:00:00,38.5,34.0,1001.3,,26.2511,73.0489,218.5,INI0000VIJO,JODHPUR,1001.3,sea_level_pressure
2023-09-07 09:00:00,34.2,53.0,999.8,934.2,30.3167,78.0333,682.0,INM00042111,DEHRADUN,999.8,sea_level_pressure
2023-09-07 12:00:00,30.4,70.0,1000.8,,28.5845,77.2058,214.9,INI0000VIDD,SAFDARJUNG,1000.8,sea_level_pressure
2023-09-07 12:00:00,38.5,34.0,999.1,,26.2511,73.0489,218.5,INI0000VIJO,JODHPUR,999.1,sea_level_pressure
2023-09-07 12:00:00,33.7,57.0,998.3,932.6,30.3167,78.0333,682.0,INM00042111,DEHRADUN,998.3,sea_level_pressure
2023-09-07 15:00:00,29.0,75.0,1002.5,,28.5845,77.2058,214.9,INI0000VIDD,SAFDARJUNG,1002.5,sea_level_pressure
2023-09-07 15:00:00,33.6,58.0,1001.4,,26.2511,73.0489,218.5,INI0000VIJO,JODHPUR,1001.4,sea_level_pressure
2023-09-07 15:00:00,29.4,73.0,1000.3,933.6,30.3167,78.0333,682.0,INM00042111,DEHRADUN,1000.3,sea_level_pressure
2023-09-07 18:00:00,29.0,75.0,1003.1,,28.5845,77.2058,214.9,INI0000VIDD,SAFDARJUNG,1003.1,sea_level_pressure
2023-09-07 18:00:00,29.0,85.0,1002.5,,26.2511,73.0489,218.5,INI0000VIJO,JODHPUR,1002.5,sea_level_pressure
2023-09-07 18:00:00,28.0,78.0,1002.9,935.6,30.3167,78.0333,682.0,INM00042111,DEHRADUN,1002.9,sea_level_pressure
2023-09-07 21:00:00,28.6,75.0,1002.6,,28.5845,77.2058,214.9,INI0000VIDD,SAFDARJUNG,1002.6,sea_level_pressure
2023-09-07 21:00:00,28.8,80.0,1002.1,,26.2511,73.0489,218.5,INI0000VIJO,JODHPUR,1002.1,sea_level_pressure
2023-09-07 21:00:00,27.6,80.0,1003.2,935.2,30.3167,78.0333,682.0,INM00042111,DEHRADUN,1003.2,sea_level_pressure
2023-09-08 00:00:00,28.0,76.0,1003.7,,28.5845,77.2058,214.9,INI0000VIDD,SAFDARJUNG,1003.7,sea_level_pressure
2023-09-08 00:00:00,27.4,84.0,1002.7,,26.2511,73.0489,218.5,INI0000VIJO,JODHPUR,1002.7,sea_level_pressure
2023-09-08 00:00:00,24.6,84.0,1004.0,936.0,30.3167,78.0333,682.0,INM00042111,DEHRADUN,1004.0,sea_level_pressure
2023-09-08 03:00:00,28.6,76.0,1004.7,,28.5845,77.2058,214.9,INI0000VIDD,SAFDARJUNG,1004.7,sea_level_pressure
2023-09-08 03:00:00,31.0,68.0,1004.0,,26.2511,73.0489,218.5,INI0000VIJO,JODHPUR,1004.0,sea_level_pressure
2023-09-08 03:00:00,26.2,82.0,1003.8,936.2,30.3167,78.0333,682.0,INM00042111,DEHRADUN,1003.8,sea_level_pressure
2023-09-08 06:00:00,35.0,49.0,1004.4,,28.5845,77.2058,214.9,INI0000VIDD,SAFDARJUNG,1004.4,sea_level_pressure
2023-09-08 06:00:00,35.0,52.0,1003.7,,26.2511,73.0489,218.5,INI0000VIJO,JODHPUR,1003.7,sea_level_pressure
2023-09-08 06:00:00,30.5,66.0,1003.2,936.5,30.3167,78.0333,682.0,INM00042111,DEHRADUN,1003.2,sea_level_pressure
2023-09-08 09:00:00,35.6,52.0,1001.6,,28.5845,77.2058,214.9,INI0000VIDD,SAFDARJUNG,1001.6,sea_level_pressure
2023-09-08 09:00:00,38.7,38.0,999.9,,26.2511,73.0489,218.5,INI0000VIJO,JODHPUR,999.9,sea_level_pressure
2023-09-08 09:00:00,33.0,56.0,1001.5,935.3,30.3167,78.0333,682.0,INM00042111,DEHRADUN,1001.5,sea_level_pressure
2023-09-08 12:00:00,36.0,52.0,1000.4,,28.5845,77.2058,214.9,INI0000VIDD,SAFDARJUNG,1000.4,sea_level_pressure
2023-09-08 12:00:00,37.2,41.0,998.8,,26.2511,73.0489,218.5,INI0000VIJO,JODHPUR,998.8,sea_level_pressure
2023-09-08 12:00:00,31.0,70.0,999.8,933.3,30.3167,78.0333,682.0,INM00042111,DEHRADUN,999.8,sea_level_pressure
2023-09-08 15:00:00,29.4,72.0,1003.4,,28.5845,77.2058,214.9,INI0000VIDD,SAFDARJUNG,1003.4,sea_level_pressure
2023-09-08 15:00:00,32.0,60.0,1000.8,,26.2511,73.0489,218.5,INI0000VIJO,JODHPUR,1000.8,sea_level_pressure
2023-09-08 15:00:00,27.8,82.0,1002.4,935.1,30.3167,78.0333,682.0,INM00042111,DEHRADUN,1002.4,sea_level_pressure
2023-09-08 18:00:00,29.2,76.0,1003.7,,28.5845,77.2058,214.9,INI0000VIDD,SAFDARJUNG,1003.7,sea_level_pressure
2023-09-08 18:00:00,30.5,69.0,1002.3,,26.2511,73.0489,218.5,INI0000VIJO,JODHPUR,1002.3,sea_level_pressure
2023-09-08 18:00:00,26.6,86.0,1001.9,934.5,30.3167,78.0333,682.0,INM00042111,DEHRADUN,1001.9,sea_level_pressure
2023-09-08 21:00:00,28.2,80.0,1003.3,,28.5845,77.2058,214.9,INI0000VIDD,SAFDARJUNG,1003.3,sea_level_pressure
2023-09-08 21:00:00,29.2,74.0,1001.1,,26.2511,73.0489,218.5,INI0000VIJO,JODHPUR,1001.1,sea_level_pressure
2023-09-08 21:00:00,,,,,,,,INM00042111,DEHRADUN,,sea_level_pressure
2023-09-09 00:00:00,25.5,98.0,1003.7,,28.5845,77.2058,214.9,INI0000VIDD,SAFDARJUNG,1003.7,sea_level_pressure
2023-09-09 00:00:00,27.7,82.0,1001.8,,26.2511,73.0489,218.5,INI0000VIJO,JODHPUR,1001.8,sea_level_pressure
2023-09-09 00:00:00,25.6,92.0,1002.2,934.5,30.3167,78.0333,682.0,INM00042111,DEHRADUN,1002.2,sea_level_pressure
2023-09-09 03:00:00,26.4,98.0,1004.3,,28.5845,77.2058,214.9,INI0000VIDD,SAFDARJUNG,1004.3,sea_level_pressure
2023-09-09 03:00:00,29.5,73.0,1003.7,,26.2511,73.0489,218.5,INI0000VIJO,JODHPUR,1003.7,sea_level_pressure
2023-09-09 03:00:00,25.5,85.0,1004.0,936.2,30.3167,78.0333,682.0,INM00042111,DEHRADUN,1004.0,sea_level_pressure
2023-09-09 06:00:00,28.7,91.0,1004.1,,28.5845,77.2058,214.9,INI0000VIDD,SAFDARJUNG,1004.1,sea_level_pressure
2023-09-09 06:00:00,34.2,54.0,1002.8,,26.2511,73.0489,218.5,INI0000VIJO,JODHPUR,1002.8,sea_level_pressure
2023-09-09 06:00:00,28.5,80.0,1002.7,935.6,30.3167,78.0333,682.0,INM00042111,DEHRADUN,1002.7,sea_level_pressure
2023-09-09 09:00:00,30.4,77.0,1001.8,,28.5845,77.2058,214.9,INI0000VIDD,SAFDARJUNG,1001.8,sea_level_pressure
2023-09-09 09:00:00,37.5,39.0,999.6,,26.2511,73.0489,218.5,INI0000VIJO,JODHPUR,999.6,sea_level_pressure
2023-09-09 09:00:00,28.4,86.0,1001.2,934.2,30.3167,78.0333,682.0,INM00042111,DEHRADUN,1001.2,sea_level_pressure
2023-09-09 12:00:00,27.5,87.0,1001.1,,28.5845,77.2058,214.9,INI0000VIDD,SAFDARJUNG,1001.1,sea_level_pressure
2023-09-09 12:00:00,39.5,33.0,997.9,,26.2511,73.0489,218.5,INI0000VIJO,JODHPUR,997.9,sea_level_pressure
2023-09-09 12:00:00,27.0,88.0,1000.6,933.2,30.3167,78.0333,682.0,INM00042111,DEHRADUN,1000.6,sea_level_pressure
2023-09-09 15:00:00,26.4,86.0,1002.7,,28.5845,77.2058,214.9,INI0000VIDD,SAFDARJUNG,1002.7,sea_level_pressure
2023-09-09 15:00:00,32.7,50.0,999.6,,26.2511,73.0489,218.5,INI0000VIJO,JODHPUR,999.6,sea_level_pressure
2023-09-09 15:00:00,25.0,96.0,1002.7,934.8,30.3167,78.0333,682.0,INM00042111,DEHRADUN,1002.7,sea_level_pressure
2023-09-09 18:00:00,25.2,100.0,1002.4,,28.5845,77.2058,214.9,INI0000VIDD,SAFDARJUNG,1002.4,sea_level_pressure
2023-09-09 18:00:00,29.6,66.0,1000.8,,26.2511,73.0489,218.5,INI0000VIJO,JODHPUR,1000.8,sea_level_pressure
2023-09-09 18:00:00,23.0,96.0,1003.7,935.2,30.3167,78.0333,682.0,INM00042111,DEHRADUN,1003.7,sea_level_pressure
2023-09-09 21:00:00,25.0,100.0,1000.5,,28.5845,77.2058,214.9,INI0000VIDD,SAFDARJUNG,1000.5,sea_level_pressure
2023-09-09 21:00:00,28.2,73.0,1000.3,,26.2511,73.0489,218.5,INI0000VIJO,JODHPUR,1000.3,sea_level_pressure
2023-09-09 21:00:00,22.0,100.0,1002.1,933.5,30.3167,78.0333,682.0,INM00042111,DEHRADUN,1002.1,sea_level_pressure
2023-09-10 00:00:00,24.7,100.0,1000.8,,28.5845,77.2058,214.9,INI0000VIDD,SAFDARJUNG,1000.8,sea_level_pressure
2023-09-10 00:00:00,27.6,77.0,1000.4,,26.2511,73.0489,218.5,INI0000VIJO,JODHPUR,1000.4,sea_level_pressure
2023-09-10 00:00:00,22.6,93.0,1000.3,932.1,30.3167,78.0333,682.0,INM00042111,DEHRADUN,1000.3,sea_level_pressure
2023-09-10 03:00:00,25.4,100.0,1001.7,,28.5845,77.2058,214.9,INI0000VIDD,SAFDARJUNG,1001.7,sea_level_pressure
2023-09-10 03:00:00,29.6,71.0,1001.5,,26.2511,73.0489,218.5,INI0000VIJO,JODHPUR,1001.5,sea_level_pressure
2023-09-10 03:00:00,23.4,91.0,1001.7,933.6,30.3167,78.0333,682.0,INM00042111,DEHRADUN,1001.7,sea_level_pressure
2023-09-10 06:00:00,26.5,99.0,1001.6,,28.5845,77.2058,214.9,INI0000VIDD,SAFDARJUNG,1001.6,sea_level_pressure
2023-09-10 06:00:00,33.5,59.0,1000.7,,26.2511,73.0489,218.5,INI0000VIJO,JODHPUR,1000.7,sea_level_pressure
2023-09-10 06:00:00,25.2,86.0,1001.6,933.9,30.3167,78.0333,682.0,INM00042111,DEHRADUN,1001.6,sea_level_pressure
2023-09-10 09:00:00,27.6,90.0,999.8,,28.5845,77.2058,214.9,INI0000VIDD,SAFDARJUNG,999.8,sea_level_pressure
2023-09-10 09:00:00,36.7,47.0,998.5,,26.2511,73.0489,218.5,INI0000VIJO,JODHPUR,998.5,sea_level_pressure
2023-09-10 09:00:00,30.0,66.0,998.8,932.2,30.3167,78.0333,682.0,INM00042111,DEHRADUN,998.8,sea_level_pressure
2023-09-10 12:00:00,27.2,92.0,999.4,,28.5845,77.2058,214.9,INI0000VIDD,SAFDARJUNG,999.4,sea_level_pressure
2023-09-10 12:00:00,37.2,38.0,997.3,,26.2511,73.0489,218.5,INI0000VIJO,JODHPUR,997.3,sea_level_pressure
2023-09-10 12:00:00,28.7,77.0,998.8,932.0,30.3167,78.0333,682.0,INM00042111,DEHRADUN,998.8,sea_level_pressure
2023-09-10 15:00:00,26.8,92.0,1001.1,,28.5845,77.2058,214.9,INI0000VIDD,SAFDARJUNG,1001.1,sea_level_pressure
2023-09-10 15:00:00,34.2,53.0,999.1,,26.2511,73.0489,218.5,INI0000VIJO,JODHPUR,999.1,sea_level_pressure
2023-09-10 15:00:00,26.5,87.0,1000.8,933.4,30.3167,78.0333,682.0,INM00042111,DEHRADUN,1000.8,sea_level_pressure
2023-09-10 18:00:00,26.2,97.0,1002.1,,28.5845,77.2058,214.9,INI0000VIDD,SAFDARJUNG,1002.1,sea_level_pressure
2023-09-10 18:00:00,31.6,59.0,1000.4,,26.2511,73.0489,218.5,INI0000VIJO,JODHPUR,1000.4,sea_level_pressure
2023-09-10 18:00:00,24.7,94.0,1002.1,934.2,30.3167,78.0333,682.0,INM00042111,DEHRADUN,1002.1,sea_level_pressure
2023-09-10 21:00:00,26.2,93.0,1001.5,,28.5845,77.2058,214.9,INI0000VIDD,SAFDARJUNG,1001.5,sea_level_pressure
2023-09-10 21:00:00,29.7,64.0,1000.5,,26.2511,73.0489,218.5,INI0000VIJO,JODHPUR,1000.5,sea_level_pressure
2023-09-10 21:00:00,23.7,94.0,1001.8,933.7,30.3167,78.0333,682.0,INM00042111,DEHRADUN,1001.8,sea_level_pressure
2023-09-11 00:00:00,25.2,95.0,1000.6,,28.5845,77.2058,214.9,INI0000VIDD,SAFDARJUNG,1000.6,sea_level_pressure
2023-09-11 00:00:00,29.2,71.0,1001.0,,26.2511,73.0489,218.5,INI0000VIJO,JODHPUR,1001.0,sea_level_pressure
2023-09-11 00:00:00,23.6,93.0,1000.5,932.5,30.3167,78.0333,682.0,INM00042111,DEHRADUN,1000.5,sea_level_pressure
2023-09-11 03:00:00,26.4,90.0,1002.4,,28.5845,77.2058,214.9,INI0000VIDD,SAFDARJUNG,1002.4,sea_level_pressure
2023-09-11 03:00:00,27.7,79.0,1003.3,,26.2511,73.0489,218.5,INI0000VIJO,JODHPUR,1003.3,sea_level_pressure
2023-09-11 03:00:00,25.2,89.0,1001.8,934.1,30.3167,78.0333,682.0,INM00042111,DEHRADUN,1001.8,sea_level_pressure
2023-09-11 06:00:00,28.6,83.0,1000.9,,28.5845,77.2058,214.9,INI0000VIDD,SAFDARJUNG,1000.9,sea_level_pressure
2023-09-11 06:00:00,31.6,60.0,1002.7,,26.2511,73.0489,218.5,INI0000VIJO,JODHPUR,1002.7,sea_level_pressure
2023-09-11 06:00:00,30.7,64.0,1000.5,934.0,30.3167,78.0333,682.0,INM00042111,DEHRADUN,1000.5,sea_level_pressure
2023-09-11 09:00:00,31.2,80.0,1000.7,,28.5845,77.2058,214.9,INI0000VIDD,SAFDARJUNG,1000.7,sea_level_pressure
2023-09-11 09:00:00,35.2,49.0,1000.2,,26.2511,73.0489,218.5,INI0000VIJO,JODHPUR,1000.2,sea_level_pressure
2023-09-11 09:00:00,32.8,59.0,998.6,932.6,30.3167,78.0333,682.0,INM00042111,DEHRADUN,998.6,sea_level_pressure
2023-09-11 12:00:00,32.5,67.0,999.6,,28.5845,77.2058,214.9,INI0000VIDD,SAFDARJUNG,999.6,sea_level_pressure
2023-09-11 12:00:00,35.8,44.0,999.1,,26.2511,73.0489,218.5,INI0000VIJO,JODHPUR,999.1,sea_level_pressure
2023-09-11 12:00:00,30.0,72.0,998.6,932.0,30.3167,78.0333,682.0,INM00042111,DEHRADUN,998.6,sea_level_pressure
2023-09-11 15:00:00,28.8,82.0,1001.2,,28.5845,77.2058,214.9,INI0000VIDD,SAFDARJUNG,1001.2,sea_level_pressure
2023-09-11 15:00:00,33.0,53.0,1000.6,,26.2511,73.0489,218.5,INI0000VIJO,JODHPUR,1000.6,sea_level_pressure
2023-09-11 15:00:00,25.0,98.0,1000.8,933.0,30.3167,78.0333,682.0,INM00042111,DEHRADUN,1000.8,sea_level_pressure
2023-09-11 18:00:00,28.0,87.0,1002.2,,28.5845,77.2058,214.9,INI0000VIDD,SAFDARJUNG,1002.2,sea_level_pressure
2023-09-11 18:00:00,30.6,65.0,1001.4,,26.2511,73.0489,218.5,INI0000VIJO,JODHPUR,1001.4,sea_level_pressure
2023-09-11 18:00:00,24.7,99.0,1000.3,933.5,30.3167,78.0333,682.0,INM00042111,DEHRADUN,1000.3,sea_level_pressure
2023-09-11 21:00:00,27.0,92.0,1001.7,,28.5845,77.2058,214.9,INI0000VIDD,SAFDARJUNG,1001.7,sea_level_pressure
2023-09-11 21:00:00,29.5,69.0,1001.1,,26.2511,73.0489,218.5,INI0000VIJO,JODHPUR,1001.1,sea_level_pressure
2023-09-11 21:00:00,25.5,93.0,1000.8,933.2,30.3167,78.0333,682.0,INM00042111,DEHRADUN,1000.8,sea_level_pressure
2023-09-12 00:00:00,25.7,94.0,1001.4,,28.5845,77.2058,214.9,INI0000VIDD,SAFDARJUNG,1001.4,sea_level_pressure
2023-09-12 00:00:00,28.2,72.0,1001.8,,26.2511,73.0489,218.5,INI0000VIJO,JODHPUR,1001.8,sea_level_pressure
2023-09-12 00:00:00,25.2,94.0,1000.1,932.6,30.3167,78.0333,682.0,INM00042111,DEHRADUN,1000.1,sea_level_pressure
2023-09-12 03:00:00,27.0,87.0,1003.4,,28.5845,77.2058,214.9,INI0000VIDD,SAFDARJUNG,1003.4,sea_level_pressure
2023-09-12 03:00:00,27.5,77.0,1004.0,,26.2511,73.0489,218.5,INI0000VIJO,JODHPUR,1004.0,sea_level_pressure
2023-09-12 03:00:00,26.8,88.0,1001.8,934.4,30.3167,78.0333,682.0,INM00042111,DEHRADUN,1001.8,sea_level_pressure
2023-09-12 06:00:00,31.7,70.0,1002.8,,28.5845,77.2058,214.9,INI0000VIDD,SAFDARJUNG,1002.8,sea_level_pressure
2023-09-12 06:00:00,31.5,57.0,1003.8,,26.2511,73.0489,218.5,INI0000VIJO,JODHPUR,1003.8,sea_level_pressure
2023-09-12 06:00:00,31.2,73.0,1000.5,934.2,30.3167,78.0333,682.0,INM00042111,DEHRADUN,1000.5,sea_level_pressure
2023-09-12 09:00:00,33.2,63.0,1000.6,,28.5845,77.2058,214.9,INI0000VIDD,SAFDARJUNG,1000.6,sea_level_pressure
2023-09-12 09:00:00,34.7,46.0,1001.5,,26.2511,73.0489,218.5,INI0000VIJO,JODHPUR,1001.5,sea_level_pressure
2023-09-12 09:00:00,31.8,71.0,999.6,933.3,30.3167,78.0333,682.0,INM00042111,DEHRADUN,999.6,sea_level_pressure
2023-09-12 12:00:00,32.2,73.0,999.8,,28.5845,77.2058,214.9,INI0000VIDD,SAFDARJUNG,999.8,sea_level_pressure
2023-09-12 12:00:00,35.2,48.0,1000.3,,26.2511,73.0489,218.5,INI0000VIJO,JODHPUR,1000.3,sea_level_pressure
2023-09-12 12:00:00,32.0,71.0,998.3,932.1,30.3167,78.0333,682.0,INM00042111,DEHRADUN,998.3,sea_level_pressure
2023-09-12 15:00:00,29.6,83.0,1001.6,,28.5845,77.2058,214.9,INI0000VIDD,SAFDARJUNG,1001.6,sea_level_pressure
2023-09-12 15:00:00,32.7,53.0,1001.5,,26.2511,73.0489,218.5,INI0000VIJO,JODHPUR,1001.5,sea_level_pressure
2023-09-12 15:00:00,28.4,84.0,1000.4,933.5,30.3167,78.0333,682.0,INM00042111,DEHRADUN,1000.4,sea_level_pressure
2023-09-12 18:00:00,28.7,90.0,1002.0,,28.5845,77.2058,214.9,INI0000VIDD,SAFDARJUNG,1002.0,sea_level_pressure
2023-09-12 18:00:00,30.5,62.0,1002.3,,26.2511,73.0489,218.5,INI0000VIJO,JODHPUR,1002.3,sea_level_pressure
2023-09-12 18:00:00,27.0,89.0,1001.2,933.8,30.3167,78.0333,682.0,INM00042111,DEHRADUN,1001.2,sea_level_pressure
2023-09-12 21:00:00,27.8,92.0,1001.9,,28.5845,77.2058,214.9,INI0000VIDD,SAFDARJUNG,1001.9,sea_level_pressure
2023-09-12 21:00:00,28.6,72.0,1002.2,,26.2511,73.0489,218.5,INI0000VIJO,JODHPUR,1002.2,sea_level_pressure
2023-09-12 21:00:00,26.8,90.0,1001.2,933.8,30.3167,78.0333,682.0,INM00042111,DEHRADUN,1001.2,sea_level_pressure
2023-09-13 00:00:00,27.0,94.0,1002.1,,28.5845,77.2058,214.9,INI0000VIDD,SAFDARJUNG,1002.1,sea_level_pressure
2023-09-13 00:00:00,29.0,66.0,1002.8,,26.2511,73.0489,218.5,INI0000VIJO,JODHPUR,1002.8,sea_level_pressure
2023-09-13 00:00:00,26.7,91.0,1001.1,933.7,30.3167,78.0333,682.0,INM00042111,DEHRADUN,1001.1,sea_level_pressure
2023-09-13 03:00:00,28.4,91.0,1003.6,,28.5845,77.2058,214.9,INI0000VIDD,SAFDARJUNG,1003.6,sea_level_pressure
2023-09-13 03:00:00,27.5,75.0,1004.9,,26.2511,73.0489,218.5,INI0000VIJO,JODHPUR,1004.9,sea_level_pressure
2023-09-13 03:00:00,25.2,96.0,1002.9,935.1,30.3167,78.0333,682.0,INM00042111,DEHRADUN,1002.9,sea_level_pressure
2023-09-13 06:00:00,33.2,68.0,1002.7,,28.5845,77.2058,214.9,INI0000VIDD,SAFDARJUNG,1002.7,sea_level_pressure
2023-09-13 06:00:00,30.5,58.0,1004.6,,26.2511,73.0489,218.5,INI0000VIJO,JODHPUR,1004.6,sea_level_pressure
2023-09-13 06:00:00,28.5,84.0,1002.3,935.2,30.3167,78.0333,682.0,INM00042111,DEHRADUN,1002.3,sea_level_pressure
2023-09-13 09:00:00,34.8,63.0,1000.7,,28.5845,77.2058,214.9,INI0000VIDD,SAFDARJUNG,1000.7,sea_level_pressure
2023-09-13 09:00:00,34.2,47.0,1001.8,,26.2511,73.0489,218.5,INI0000VIJO,JODHPUR,1001.8,sea_level_pressure
2023-09-13 09:00:00,30.8,77.0,999.6,933.1,30.3167,78.0333,682.0,INM00042111,DEHRADUN,999.6,sea_level_pressure
2023-09-13 12:00:00,35.0,67.0,999.4,,28.5845,77.2058,214.9,INI0000VIDD,SAFDARJUNG,999.4,sea_level_pressure
2023-09-13 12:00:00,34.7,44.0,1000.7,,26.2511,73.0489,218.5,INI0000VIJO,JODHPUR,1000.7,sea_level_pressure
2023-09-13 12:00:00,28.6,88.0,999.3,932.5,30.3167,78.0333,682.0,INM00042111,DEHRADUN,999.3,sea_level_pressure
2023-09-13 15:00:00,31.0,80.0,1001.0,,28.5845,77.2058,214.9,INI0000VIDD,SAFDARJUNG,1001.0,sea_level_pressure
2023-09-13 15:00:00,31.5,55.0,1002.5,,26.2511,73.0489,218.5,INI0000VIJO,JODHPUR,1002.5,sea_level_pressure
2023-09-13 15:00:00,27.0,95.0,1000.1,932.8,30.3167,78.0333,682.0,INM00042111,DEHRADUN,1000.1,sea_level_pressure
2023-09-13 18:00:00,30.2,84.0,1002.1,,28.5845,77.2058,214.9,INI0000VIDD,SAFDARJUNG,1002.1,sea_level_pressure
2023-09-13 18:00:00,29.6,61.0,1003.5,,26.2511,73.0489,218.5,INI0000VIJO,JODHPUR,1003.5,sea_level_pressure
2023-09-13 18:00:00,26.7,96.0,1001.7,934.3,30.3167,78.0333,682.0,INM00042111,DEHRADUN,1001.7,sea_level_pressure
2023-09-13 21:00:00,29.0,90.0,1001.9,,28.5845,77.2058,214.9,INI0000VIDD,SAFDARJUNG,1001.9,sea_level_pressure
2023-09-13 21:00:00,28.6,65.0,1003.1,,26.2511,73.0489,218.5,INI0000VIJO,JODHPUR,1003.1,sea_level_pressure
2023-09-13 21:00:00,26.4,97.0,1001.6,934.2,30.3167,78.0333,682.0,INM00042111,DEHRADUN,1001.6,sea_level_pressure
2023-09-14 00:00:00,28.6,91.0,1003.2,,28.5845,77.2058,214.9,INI0000VIDD,SAFDARJUNG,1003.2,sea_level_pressure
2023-09-14 00:00:00,28.6,68.0,1003.7,,26.2511,73.0489,218.5,INI0000VIJO,JODHPUR,1003.7,sea_level_pressure
2023-09-14 00:00:00,26.0,98.0,1002.2,934.5,30.3167,78.0333,682.0,INM00042111,DEHRADUN,1002.2,sea_level_pressure
2023-09-14 03:00:00,29.6,86.0,1004.4,,28.5845,77.2058,214.9,INI0000VIDD,SAFDARJUNG,1004.4,sea_level_pressure
2023-09-14 03:00:00,27.7,77.0,1005.8,,26.2511,73.0489,218.5,INI0000VIJO,JODHPUR,1005.8,sea_level_pressure
2023-09-14 03:00:00,25.8,97.0,1004.6,936.8,30.3167,78.0333,682.0,INM00042111,DEHRADUN,1004.6,sea_level_pressure
2023-09-14 06:00:00,34.2,63.0,1004.0,,28.5845,77.2058,214.9,INI0000VIDD,SAFDARJUNG,1004.0,sea_level_pressure
2023-09-14 06:00:00,28.0,82.0,1006.4,,26.2511,73.0489,218.5,INI0000VIJO,JODHPUR,1006.4,sea_level_pressure
2023-09-14 06:00:00,29.7,83.0,1003.5,936.6,30.3167,78.0333,682.0,INM00042111,DEHRADUN,1003.5,sea_level_pressure
2023-09-14 09:00:00,36.8,55.0,1001.3,,28.5845,77.2058,214.9,INI0000VIDD,SAFDARJUNG,1001.3,sea_level_pressure
2023-09-14 09:00:00,28.4,78.0,1003.9,,26.2511,73.0489,218.5,INI0000VIJO,JODHPUR,1003.9,sea_level_pressure
2023-09-14 09:00:00,30.8,77.0,1000.9,934.4,30.3167,78.0333,682.0,INM00042111,DEHRADUN,1000.9,sea_level_pressure
2023-09-14 12:00:00,35.2,64.0,1000.5,,28.5845,77.2058,214.9,INI0000VIDD,SAFDARJUNG,1000.5,sea_level_pressure
2023-09-14 12:00:00,30.0,72.0,1002.1,,26.2511,73.0489,218.5,INI0000VIJO,JODHPUR,1002.1,sea_level_pressure
2023-09-14 12:00:00,29.2,87.0,1000.3,933.6,30.3167,78.0333,682.0,INM00042111,DEHRADUN,1000.3,sea_level_pressure
2023-09-14 15:00:00,32.6,72.0,1001.9,,28.5845,77.2058,214.9,INI0000VIDD,SAFDARJUNG,1001.9,sea_level_pressure
2023-09-14 15:00:00,28.0,80.0,1004.3,,26.2511,73.0489,218.5,INI0000VIJO,JODHPUR,1004.3,sea_level_pressure
2023-09-14 15:00:00,27.6,92.0,1001.2,934.0,30.3167,78.0333,682.0,INM00042111,DEHRADUN,1001.2,sea_level_pressure
2023-09-14 18:00:00,31.7,73.0,1003.6,,28.5845,77.2058,214.9,INI0000VIDD,SAFDARJUNG,1003.6,sea_level_pressure
2023-09-14 18:00:00,27.6,81.0,1004.3,,26.2511,73.0489,218.5,INI0000VIJO,JODHPUR,1004.3,sea_level_pressure
2023-09-14 18:00:00,26.2,94.0,1003.1,935.6,30.3167,78.0333,682.0,INM00042111,DEHRADUN,1003.1,sea_level_pressure
2023-09-14 21:00:00,30.6,78.0,1002.8,,28.5845,77.2058,214.9,INI0000VIDD,SAFDARJUNG,1002.8,sea_level_pressure
2023-09-14 21:00:00,27.5,82.0,1003.5,,26.2511,73.0489,218.5,INI0000VIJO,JODHPUR,1003.5,sea_level_pressure
2023-09-14 21:00:00,25.6,95.0,1002.9,935.2,30.3167,78.0333,682.0,INM00042111,DEHRADUN,1002.9,sea_level_pressure
2023-09-15 00:00:00,29.5,80.0,1002.9,,28.5845,77.2058,214.9,INI0000VIDD,SAFDARJUNG,1002.9,sea_level_pressure
2023-09-15 00:00:00,27.2,83.0,1003.3,,26.2511,73.0489,218.5,INI0000VIJO,JODHPUR,1003.3,sea_level_pressure
2023-09-15 00:00:00,22.6,100.0,1004.5,936.0,30.3167,78.0333,682.0,INM00042111,DEHRADUN,1004.5,sea_level_pressure
2023-09-15 03:00:00,24.8,100.0,1006.8,,28.5845,77.2058,214.9,INI0000VIDD,SAFDARJUNG,1006.8,sea_level_pressure
2023-09-15 03:00:00,27.0,84.0,1005.8,,26.2511,73.0489,218.5,INI0000VIJO,JODHPUR,1005.8,sea_level_pressure
2023-09-15 03:00:00,23.4,96.0,1005.7,937.3,30.3167,78.0333,682.0,INM00042111,DEHRADUN,1005.7,sea_level_pressure
2023-09-15 06:00:00,29.7,80.0,1007.3,,28.5845,77.2058,214.9,INI0000VIDD,SAFDARJUNG,1007.3,sea_level_pressure
2023-09-15 06:00:00,31.5,68.0,1006.2,,26.2511,73.0489,218.5,INI0000VIJO,JODHPUR,1006.2,sea_level_pressure
2023-09-15 06:00:00,25.2,94.0,1006.8,938.8,30.3167,78.0333,682.0,INM00042111,DEHRADUN,1006.8,sea_level_pressure
2023-09-15 09:00:00,32.4,69.0,1003.9,,28.5845,77.2058,214.9,INI0000VIDD,SAFDARJUNG,1003.9,sea_level_pressure
2023-09-15 09:00:00,34.0,60.0,1003.2,,26.2511,73.0489,218.5,INI0000VIJO,JODHPUR,1003.2,sea_level_pressure
2023-09-15 09:00:00,28.2,82.0,1002.9,935.8,30.3167,78.0333,682.0,INM00042111,DEHRADUN,1002.9,sea_level_pressure
2023-09-15 12:00:00,33.0,69.0,1001.5,,28.5845,77.2058,214.9,INI0000VIDD,SAFDARJUNG,1001.5,sea_level_pressure
2023-09-15 12:00:00,31.6,67.0,1001.4,,26.2511,73.0489,218.5,INI0000VIJO,JODHPUR,1001.4,sea_level_pressure
2023-09-15 12:00:00,29.0,76.0,1000.9,933.9,30.3167,78.0333,682.0,INM00042111,DEHRADUN,1000.9,sea_level_pressure
2023-09-15 15:00:00,30.2,84.0,1003.6,,28.5845,77.2058,214.9,INI0000VIDD,SAFDARJUNG,1003.6,sea_level_pressure
2023-09-15 15:00:00,30.5,66.0,1003.2,,26.2511,73.0489,218.5,INI0000VIJO,JODHPUR,1003.2,sea_level_pressure
2023-09-15 15:00:00,26.0,92.0,1002.9,935.1,30.3167,78.0333,682.0,INM00042111,DEHRADUN,1002.9,sea_level_pressure
2023-09-15 18:00:00,29.0,88.0,1004.0,,28.5845,77.2058,214.9,INI0000VIDD,SAFDARJUNG,1004.0,sea_level_pressure
2023-09-15 18:00:00,26.0,97.0,1005.6,,26.2511,73.0489,218.5,INI0000VIJO,JODHPUR,1005.6,sea_level_pressure
2023-09-15 18:00:00,25.0,92.0,1004.9,936.9,30.3167,78.0333,682.0,INM00042111,DEHRADUN,1004.9,sea_level_pressure
2023-09-15 21:00:00,28.2,91.0,1003.8,,28.5845,77.2058,214.9,INI0000VIDD,SAFDARJUNG,1003.8,sea_level_pressure
2023-09-15 21:00:00,26.0,98.0,1003.7,,26.2511,73.0489,218.5,INI0000VIJO,JODHPUR,1003.7,sea_level_pressure
2023-09-15 21:00:00,24.0,93.0,1004.7,936.4,30.3167,78.0333,682.0,INM00042111,DEHRADUN,1004.7,sea_level_pressure
2023-09-16 00:00:00,28.0,91.0,1003.3,,28.5845,77.2058,214.9,INI0000VIDD,SAFDARJUNG,1003.3,sea_level_pressure
2023-09-16 00:00:00,26.0,98.0,1002.7,,26.2511,73.0489,218.5,INI0000VIJO,JODHPUR,1002.7,sea_level_pressure
2023-09-16 00:00:00,23.7,94.0,1003.5,935.2,30.3167,78.0333,682.0,INM00042111,DEHRADUN,1003.5,sea_level_pressure
2023-09-16 03:00:00,29.4,85.0,1004.6,,28.5845,77.2058,214.9,INI0000VIDD,SAFDARJUNG,1004.6,sea_level_pressure
2023-09-16 03:00:00,27.2,89.0,1004.7,,26.2511,73.0489,218.5,INI0000VIJO,JODHPUR,1004.7,sea_level_pressure
2023-09-16 03:00:00,26.4,85.0,1004.8,937.1,30.3167,78.0333,682.0,INM00042111,DEHRADUN,1004.8,sea_level_pressure
2023-09-16 06:00:00,33.6,67.0,1004.3,,28.5845,77.2058,214.9,INI0000VIDD,SAFDARJUNG,1004.3,sea_level_pressure
2023-09-16 06:00:00,30.6,73.0,1004.1,,26.2511,73.0489,218.5,INI0000VIJO,JODHPUR,1004.1,sea_level_pressure
2023-09-16 06:00:00,28.7,76.0,1006.0,938.7,30.3167,78.0333,682.0,INM00042111,DEHRADUN,1006.0,sea_level_pressure
2023-09-16 09:00:00,33.0,72.0,1001.5,,28.5845,77.2058,214.9,INI0000VIDD,SAFDARJUNG,1001.5,sea_level_pressure
2023-09-16 09:00:00,35.0,53.0,999.4,,26.2511,73.0489,218.5,INI0000VIJO,JODHPUR,999.4,sea_level_pressure
2023-09-16 09:00:00,29.8,77.0,1000.7,934.0,30.3167,78.0333,682.0,INM00042111,DEHRADUN,1000.7,sea_level_pressure
2023-09-16 12:00:00,27.2,97.0,1001.8,,28.5845,77.2058,214.9,INI0000VIDD,SAFDARJUNG,1001.8,sea_level_pressure
2023-09-16 12:00:00,27.2,92.0,1000.3,,26.2511,73.0489,218.5,INI0000VIJO,JODHPUR,1000.3,sea_level_pressure
2023-09-16 12:00:00,28.5,82.0,1000.1,933.0,30.3167,78.0333,682.0,INM00042111,DEHRADUN,1000.1,sea_level_pressure
2023-09-16 15:00:00,25.4,100.0,1003.5,,28.5845,77.2058,214.9,INI0000VIDD,SAFDARJUNG,1003.5,sea_level_pressure
2023-09-16 15:00:00,25.5,93.0,1001.3,,26.2511,73.0489,218.5,INI0000VIJO,JODHPUR,1001.3,sea_level_pressure
2023-09-16 15:00:00,26.2,90.0,1002.9,935.3,30.3167,78.0333,682.0,INM00042111,DEHRADUN,1002.9,sea_level_pressure
2023-09-16 18:00:00,25.7,99.0,1002.8,,28.5845,77.2058,214.9,INI0000VIDD,SAFDARJUNG,1002.8,sea_level_pressure
2023-09-16 18:00:00,25.6,91.0,1001.5,,26.2511,73.0489,218.5,INI0000VIJO,JODHPUR,1001.5,sea_level_pressure
2023-09-16 18:00:00,26.0,92.0,1002.9,935.1,30.3167,78.0333,682.0,INM00042111,DEHRADUN,1002.9,sea_level_pressure
2023-09-16 21:00:00,25.2,96.0,1001.3,,28.5845,77.2058,214.9,INI0000VIDD,SAFDARJUNG,1001.3,sea_level_pressure
2023-09-16 21:00:00,25.2,93.0,1000.5,,26.2511,73.0489,218.5,INI0000VIJO,JODHPUR,1000.5,sea_level_pressure
2023-09-16 21:00:00,25.6,94.0,1001.9,934.2,30.3167,78.0333,682.0,INM00042111,DEHRADUN,1001.9,sea_level_pressure
2023-09-17 00:00:00,26.7,97.0,1001.2,,28.5845,77.2058,214.9,INI0000VIDD,SAFDARJUNG,1001.2,sea_level_pressure
2023-09-17 00:00:00,26.0,95.0,999.8,,26.2511,73.0489,218.5,INI0000VIJO,JODHPUR,999.8,sea_level_pressure
2023-09-17 00:00:00,25.0,96.0,1002.2,934.3,30.3167,78.0333,682.0,INM00042111,DEHRADUN,1002.2,sea_level_pressure
2023-09-17 03:00:00,27.8,90.0,1003.1,,28.5845,77.2058,214.9,INI0000VIDD,SAFDARJUNG,1003.1,sea_level_pressure
2023-09-17 03:00:00,28.0,89.0,1000.1,,26.2511,73.0489,218.5,INI0000VIJO,JODHPUR,1000.1,sea_level_pressure
2023-09-17 03:00:00,26.2,87.0,1003.0,935.4,30.3167,78.0333,682.0,INM00042111,DEHRADUN,1003.0,sea_level_pressure
2023-09-17 06:00:00,29.5,83.0,1002.9,,28.5845,77.2058,214.9,INI0000VIDD,SAFDARJUNG,1002.9,sea_level_pressure
2023-09-17 06:00:00,30.7,77.0,999.6,,26.2511,73.0489,218.5,INI0000VIJO,JODHPUR,999.6,sea_level_pressure
2023-09-17 06:00:00,28.7,77.0,1003.5,936.4,30.3167,78.0333,682.0,INM00042111,DEHRADUN,1003.5,sea_level_pressure
2023-09-17 09:00:00,32.0,71.0,1000.2,,28.5845,77.2058,214.9,INI0000VIDD,SAFDARJUNG,1000.2,sea_level_pressure
2023-09-17 09:00:00,33.0,62.0,996.7,,26.2511,73.0489,218.5,INI0000VIJO,JODHPUR,996.7,sea_level_pressure
2023-09-17 09:00:00,29.2,76.0,1000.2,933.5,30.3167,78.0333,682.0,INM00042111,DEHRADUN,1000.2,sea_level_pressure
2023-09-17 12:00:00,31.5,69.0,999.7,,28.5845,77.2058,214.9,INI0000VIDD,SAFDARJUNG,999.7,sea_level_pressure
2023-09-17 12:00:00,28.0,89.0,997.3,,26.2511,73.0489,218.5,INI0000VIJO,JODHPUR,997.3,sea_level_pressure
2023-09-17 12:00:00,30.2,76.0,999.3,932.9,30.3167,78.0333,682.0,INM00042111,DEHRADUN,999.3,sea_level_pressure
2023-09-17 15:00:00,28.6,83.0,1001.0,,28.5845,77.2058,214.9,INI0000VIDD,SAFDARJUNG,1001.0,sea_level_pressure
2023-09-17 15:00:00,26.6,92.0,998.4,,26.2511,73.0489,218.5,INI0000VIJO,JODHPUR,998.4,sea_level_pressure
2023-09-17 15:00:00,26.8,89.0,1000.5,933.2,30.3167,78.0333,682.0,INM00042111,DEHRADUN,1000.5,sea_level_pressure
2023-09-17 18:00:00,28.0,87.0,1001.7,,28.5845,77.2058,214.9,INI0000VIDD,SAFDARJUNG,1001.7,sea_level_pressure
2023-09-17 18:00:00,26.7,93.0,999.4,,26.2511,73.0489,218.5,INI0000VIJO,JODHPUR,999.4,sea_level_pressure
2023-09-17 18:00:00,25.7,93.0,1002.0,934.3,30.3167,78.0333,682.0,INM00042111,DEHRADUN,1002.0,sea_level_pressure
2023-09-17 21:00:00,27.4,89.0,1000.8,,28.5845,77.2058,214.9,INI0000VIDD,SAFDARJUNG,1000.8,sea_level_pressure
2023-09-17 21:00:00,26.7,93.0,998.8,,26.2511,73.0489,218.5,INI0000VIJO,JODHPUR,998.8,sea_level_pressure
2023-09-17 21:00:00,25.2,96.0,1002.7,935.0,30.3167,78.0333,682.0,INM00042111,DEHRADUN,1002.7,sea_level_pressure
2023-09-18 00:00:00,26.5,90.0,1001.6,,28.5845,77.2058,214.9,INI0000VIDD,SAFDARJUNG,1001.6,sea_level_pressure
2023-09-18 00:00:00,26.7,91.0,997.9,,26.2511,73.0489,218.5,INI0000VIJO,JODHPUR,997.9,sea_level_pressure
2023-09-18 00:00:00,24.7,99.0,1002.9,935.2,30.3167,78.0333,682.0,INM00042111,DEHRADUN,1002.9,sea_level_pressure
2023-09-18 03:00:00,28.6,78.0,1003.4,,28.5845,77.2058,214.9,INI0000VIDD,SAFDARJUNG,1003.4,sea_level_pressure
2023-09-18 03:00:00,25.7,97.0,999.1,,26.2511,73.0489,218.5,INI0000VIJO,JODHPUR,999.1,sea_level_pressure
2023-09-18 03:00:00,26.6,83.0,1003.1,935.5,30.3167,78.0333,682.0,INM00042111,DEHRADUN,1003.1,sea_level_pressure
2023-09-18 06:00:00,31.5,64.0,1003.4,,28.5845,77.2058,214.9,INI0000VIDD,SAFDARJUNG,1003.4,sea_level_pressure
2023-09-18 06:00:00,27.7,83.0,999.7,,26.2511,73.0489,218.5,INI0000VIJO,JODHPUR,999.7,sea_level_pressure
2023-09-18 06:00:00,29.7,71.0,1003.1,936.2,30.3167,78.0333,682.0,INM00042111,DEHRADUN,1003.1,sea_level_pressure
2023-09-18 09:00:00,33.0,63.0,1001.8,,28.5845,77.2058,214.9,INI0000VIDD,SAFDARJUNG,1001.8,sea_level_pressure
2023-09-18 09:00:00,29.5,76.0,998.1,,26.2511,73.0489,218.5,INI0000VIJO,JODHPUR,998.1,sea_level_pressure
2023-09-18 09:00:00,32.6,65.0,1000.1,934.0,30.3167,78.0333,682.0,INM00042111,DEHRADUN,1000.1,sea_level_pressure
2023-09-18 12:00:00,33.2,62.0,1001.1,,28.5845,77.2058,214.9,INI0000VIDD,SAFDARJUNG,1001.1,sea_level_pressure
2023-09-18 12:00:00,29.0,79.0,998.1,,26.2511,73.0489,218.5,INI0000VIJO,JODHPUR,998.1,sea_level_pressure
2023-09-18 12:00:00,30.2,71.0,999.8,933.3,30.3167,78.0333,682.0,INM00042111,DEHRADUN,999.8,sea_level_pressure
2023-09-18 15:00:00,30.6,72.0,1003.2,,28.5845,77.2058,214.9,INI0000VIDD,SAFDARJUNG,1003.2,sea_level_pressure
2023-09-18 15:00:00,27.2,92.0,999.8,,26.2511,73.0489,218.5,INI0000VIJO,JODHPUR,999.8,sea_level_pressure
2023-09-18 15:00:00,26.0,80.0,1004.0,936.2,30.3167,78.0333,682.0,INM00042111,DEHRADUN,1004.0,sea_level_pressure
2023-09-18 18:00:00,29.7,75.0,1004.6,,28.5845,77.2058,214.9,INI0000VIDD,SAFDARJUNG,1004.6,sea_level_pressure
2023-09-18 18:00:00,26.6,97.0,1001.5,,26.2511,73.0489,218.5,INI0000VIJO,JODHPUR,1001.5,sea_level_pressure
2023-09-18 18:00:00,25.2,87.0,1004.9,937.0,30.3167,78.0333,682.0,INM00042111,DEHRADUN,1004.9,sea_level_pressure
2023-09-18 21:00:00,28.6,78.0,1004.0,,28.5845,77.2058,214.9,INI0000VIDD,SAFDARJUNG,1004.0,sea_level_pressure
2023-09-18 21:00:00,26.5,94.0,1001.1,,26.2511,73.0489,218.5,INI0000VIJO,JODHPUR,1001.1,sea_level_pressure
2023-09-18 21:00:00,24.6,89.0,1005.2,937.1,30.3167,78.0333,682.0,INM00042111,DEHRADUN,1005.2,sea_level_pressure
2023-09-19 00:00:00,27.7,86.0,1004.5,,28.5845,77.2058,214.9,INI0000VIDD,SAFDARJUNG,1004.5,sea_level_pressure
2023-09-19 00:00:00,26.2,95.0,1001.0,,26.2511,73.0489,218.5,INI0000VIJO,JODHPUR,1001.0,sea_level_pressure
2023-09-19 00:00:00,24.2,92.0,1004.7,936.6,30.3167,78.0333,682.0,INM00042111,DEHRADUN,1004.7,sea_level_pressure
2023-09-19 03:00:00,29.0,82.0,1006.0,,28.5845,77.2058,214.9,INI0000VIDD,SAFDARJUNG,1006.0,sea_level_pressure
2023-09-19 03:00:00,27.0,89.0,1002.5,,26.2511,73.0489,218.5,INI0000VIJO,JODHPUR,1002.5,sea_level_pressure
2023-09-19 03:00:00,,,,,,,,INM00042111,DEHRADUN,,sea_level_pressure
2023-09-19 06:00:00,33.6,61.0,1005.8,,28.5845,77.2058,214.9,INI0000VIDD,SAFDARJUNG,1005.8,sea_level_pressure
2023-09-19 06:00:00,29.6,77.0,1003.2,,26.2511,73.0489,218.5,INI0000VIJO,JODHPUR,1003.2,sea_level_pressure
2023-09-19 06:00:00,32.0,73.0,1004.6,938.0,30.3167,78.0333,682.0,INM00042111,DEHRADUN,1004.6,sea_level_pressure
2023-09-19 09:00:00,35.2,53.0,1003.9,,28.5845,77.2058,214.9,INI0000VIDD,SAFDARJUNG,1003.9,sea_level_pressure
2023-09-19 09:00:00,30.5,78.0,1001.9,,26.2511,73.0489,218.5,INI0000VIJO,JODHPUR,1001.9,sea_level_pressure
2023-09-19 09:00:00,33.4,61.0,1001.9,935.9,30.3167,78.0333,682.0,INM00042111,DEHRADUN,1001.9,sea_level_pressure
2023-09-19 12:00:00,33.7,61.0,1003.0,,28.5845,77.2058,214.9,INI0000VIDD,SAFDARJUNG,1003.0,sea_level_pressure
2023-09-19 12:00:00,27.5,93.0,1001.4,,26.2511,73.0489,218.5,INI0000VIJO,JODHPUR,1001.4,sea_level_pressure
2023-09-19 12:00:00,28.5,73.0,1002.2,935.2,30.3167,78.0333,682.0,INM00042111,DEHRADUN,1002.2,sea_level_pressure
2023-09-19 15:00:00,,,,,,,,INI0000VIDD,SAFDARJUNG,,sea_level_pressure
2023-09-19 15:00:00,,,,,,,,INI0000VIJO,JODHPUR,,sea_level_pressure
2023-09-19 15:00:00,,,,,,,,INM00042111,DEHRADUN,,sea_level_pressure
2023-09-19 18:00:00,,,,,,,,INI0000VIDD,SAFDARJUNG,,sea_level_pressure
2023-09-19 18:00:00,,,,,,,,INI0000VIJO,JODHPUR,,sea_level_pressure
2023-09-19 18:00:00,,,,,,,,INM00042111,DEHRADUN,,sea_level_pressure
2023-09-19 21:00:00,,,,,,,,INI0000VIDD,SAFDARJUNG,,sea_level_pressure
2023-09-19 21:00:00,,,,,,,,INI0000VIJO,JODHPUR,,sea_level_pressure
2023-09-19 21:00:00,,,,,,,,INM00042111,DEHRADUN,,sea_level_pressure
2023-09-20 00:00:00,27.6,90.0,1005.9,,28.5845,77.2058,214.9,INI0000VIDD,SAFDARJUNG,1005.9,sea_level_pressure
2023-09-20 00:00:00,25.4,96.0,1004.6,,26.2511,73.0489,218.5,INI0000VIJO,JODHPUR,1004.6,sea_level_pressure
2023-09-20 00:00:00,25.0,89.0,1005.4,937.2,30.3167,78.0333,682.0,INM00042111,DEHRADUN,1005.4,sea_level_pressure
2023-09-20 03:00:00,29.6,80.0,1007.3,,28.5845,77.2058,214.9,INI0000VIDD,SAFDARJUNG,1007.3,sea_level_pressure
2023-09-20 03:00:00,27.7,85.0,1006.3,,26.2511,73.0489,218.5,INI0000VIJO,JODHPUR,1006.3,sea_level_pressure
2023-09-20 03:00:00,26.2,83.0,1005.4,938.7,30.3167,78.0333,682.0,INM00042111,DEHRADUN,1005.4,sea_level_pressure
2023-09-20 06:00:00,33.5,58.0,1006.6,,28.5845,77.2058,214.9,INI0000VIDD,SAFDARJUNG,1006.6,sea_level_pressure
2023-09-20 06:00:00,31.7,65.0,1006.0,,26.2511,73.0489,218.5,INI0000VIJO,JODHPUR,1006.0,sea_level_pressure
2023-09-20 06:00:00,31.7,60.0,1005.0,938.4,30.3167,78.0333,682.0,INM00042111,DEHRADUN,1005.0,sea_level_pressure
2023-09-20 09:00:00,35.8,49.0,1003.3,,28.5845,77.2058,214.9,INI0000VIDD,SAFDARJUNG,1003.3,sea_level_pressure
2023-09-20 09:00:00,32.7,62.0,1004.0,,26.2511,73.0489,218.5,INI0000VIJO,JODHPUR,1004.0,sea_level_pressure
2023-09-20 09:00:00,31.8,65.0,1002.0,935.6,30.3167,78.0333,682.0,INM00042111,DEHRADUN,1002.0,sea_level_pressure
2023-09-20 12:00:00,36.0,50.0,1001.3,,28.5845,77.2058,214.9,INI0000VIDD,SAFDARJUNG,1001.3,sea_level_pressure
2023-09-20 12:00:00,33.0,61.0,1002.9,,26.2511,73.0489,218.5,INI0000VIJO,JODHPUR,1002.9,sea_level_pressure
2023-09-20 12:00:00,29.7,74.0,1001.2,934.5,30.3167,78.0333,682.0,INM00042111,DEHRADUN,1001.2,sea_level_pressure
2023-09-20 15:00:00,31.4,72.0,1004.1,,28.5845,77.2058,214.9,INI0000VIDD,SAFDARJUNG,1004.1,sea_level_pressure
2023-09-20 15:00:00,29.6,75.0,1004.6,,26.2511,73.0489,218.5,INI0000VIJO,JODHPUR,1004.6,sea_level_pressure
2023-09-20 15:00:00,27.0,89.0,1001.4,934.0,30.3167,78.0333,682.0,INM00042111,DEHRADUN,1001.4,sea_level_pressure
2023-09-20 18:00:00,30.2,80.0,1005.2,,28.5845,77.2058,214.9,INI0000VIDD,SAFDARJUNG,1005.2,sea_level_pressure
2023-09-20 18:00:00,28.2,83.0,1005.6,,26.2511,73.0489,218.5,INI0000VIJO,JODHPUR,1005.6,sea_level_pressure
2023-09-20 18:00:00,25.2,92.0,1004.4,936.6,30.3167,78.0333,682.0,INM00042111,DEHRADUN,1004.4,sea_level_pressure
2023-09-20 21:00:00,28.8,86.0,1005.0,,28.5845,77.2058,214.9,INI0000VIDD,SAFDARJUNG,1005.0,sea_level_pressure
2023-09-20 21:00:00,27.6,84.0,1005.2,,26.2511,73.0489,218.5,INI0000VIJO,JODHPUR,1005.2,sea_level_pressure
2023-09-20 21:00:00,24.7,94.0,1004.2,936.2,30.3167,78.0333,682.0,INM00042111,DEHRADUN,1004.2,sea_level_pressure
2023-09-21 00:00:00,28.5,86.0,1005.1,,28.5845,77.2058,214.9,INI0000VIDD,SAFDARJUNG,1005.1,sea_level_pressure
2023-09-21 00:00:00,26.6,87.0,1005.6,,26.2511,73.0489,218.5,INI0000VIJO,JODHPUR,1005.6,sea_level_pressure
2023-09-21 00:00:00,24.0,95.0,1004.3,936.0,30.3167,78.0333,682.0,INM00042111,DEHRADUN,1004.3,sea_level_pressure
2023-09-21 03:00:00,30.0,80.0,1006.1,,28.5845,77.2058,214.9,INI0000VIDD,SAFDARJUNG,1006.1,sea_level_pressure
2023-09-21 03:00:00,28.7,84.0,1007.4,,26.2511,73.0489,218.5,INI0000VIJO,JODHPUR,1007.4,sea_level_pressure
2023-09-21 03:00:00,26.2,80.0,1005.5,937.8,30.3167,78.0333,682.0,INM00042111,DEHRADUN,1005.5,sea_level_pressure
2023-09-21 06:00:00,34.5,61.0,1005.1,,28.5845,77.2058,214.9,INI0000VIDD,SAFDARJUNG,1005.1,sea_level_pressure
2023-09-21 06:00:00,32.7,62.0,1007.1,,26.2511,73.0489,218.5,INI0000VIJO,JODHPUR,1007.1,sea_level_pressure
2023-09-21 06:00:00,30.6,71.0,1004.3,937.6,30.3167,78.0333,682.0,INM00042111,DEHRADUN,1004.3,sea_level_pressure
2023-09-21 09:00:00,36.5,52.0,1001.4,,28.5845,77.2058,214.9,INI0000VIDD,SAFDARJUNG,1001.4,sea_level_pressure
2023-09-21 09:00:00,34.5,56.0,1004.1,,26.2511,73.0489,218.5,INI0000VIJO,JODHPUR,1004.1,sea_level_pressure
2023-09-21 09:00:00,31.8,66.0,1000.8,934.5,30.3167,78.0333,682.0,INM00042111,DEHRADUN,1000.8,sea_level_pressure
2023-09-21 12:00:00,33.6,61.0,1002.2,,28.5845,77.2058,214.9,INI0000VIDD,SAFDARJUNG,1002.2,sea_level_pressure
2023-09-21 12:00:00,33.7,56.0,1003.1,,26.2511,73.0489,218.5,INI0000VIJO,JODHPUR,1003.1,sea_level_pressure
2023-09-21 12:00:00,31.2,68.0,999.9,933.6,30.3167,78.0333,682.0,INM00042111,DEHRADUN,999.9,sea_level_pressure
2023-09-21 15:00:00,28.4,89.0,1003.6,,28.5845,77.2058,214.9,INI0000VIDD,SAFDARJUNG,1003.6,sea_level_pressure
2023-09-21 15:00:00,31.0,67.0,1005.3,,26.2511,73.0489,218.5,INI0000VIJO,JODHPUR,1005.3,sea_level_pressure
2023-09-21 15:00:00,27.6,83.0,1003.0,935.7,30.3167,78.0333,682.0,INM00042111,DEHRADUN,1003.0,sea_level_pressure
2023-09-21 18:00:00,27.7,93.0,1004.6,,28.5845,77.2058,214.9,INI0000VIDD,SAFDARJUNG,1004.6,sea_level_pressure
2023-09-21 18:00:00,29.2,74.0,1005.8,,26.2511,73.0489,218.5,INI0000VIJO,JODHPUR,1005.8,sea_level_pressure
2023-09-21 18:00:00,26.0,87.0,1004.1,936.3,30.3167,78.0333,682.0,INM00042111,DEHRADUN,1004.1,sea_level_pressure
2023-09-21 21:00:00,27.2,94.0,1003.9,,28.5845,77.2058,214.9,INI0000VIDD,SAFDARJUNG,1003.9,sea_level_pressure
2023-09-21 21:00:00,28.5,77.0,1005.8,,26.2511,73.0489,218.5,INI0000VIJO,JODHPUR,1005.8,sea_level_pressure
2023-09-21 21:00:00,25.5,85.0,1003.9,936.1,30.3167,78.0333,682.0,INM00042111,DEHRADUN,1003.9,sea_level_pressure
2023-09-22 00:00:00,27.0,94.0,1004.4,,28.5845,77.2058,214.9,INI0000VIDD,SAFDARJUNG,1004.4,sea_level_pressure
2023-09-22 00:00:00,27.0,84.0,1006.1,,26.2511,73.0489,218.5,INI0000VIJO,JODHPUR,1006.1,sea_level_pressure
2023-09-22 00:00:00,24.2,90.0,1004.3,936.3,30.3167,78.0333,682.0,INM00042111,DEHRADUN,1004.3,sea_level_pressure
2023-09-22 03:00:00,29.0,86.0,1006.7,,28.5845,77.2058,214.9,INI0000VIDD,SAFDARJUNG,1006.7,sea_level_pressure
2023-09-22 03:00:00,28.7,77.0,1007.5,,26.2511,73.0489,218.5,INI0000VIJO,JODHPUR,1007.5,sea_level_pressure
2023-09-22 03:00:00,26.6,79.0,1005.3,937.6,30.3167,78.0333,682.0,INM00042111,DEHRADUN,1005.3,sea_level_pressure
2023-09-22 06:00:00,33.5,64.0,1005.6,,28.5845,77.2058,214.9,INI0000VIDD,SAFDARJUNG,1005.6,sea_level_pressure
2023-09-22 06:00:00,32.5,60.0,1007.4,,26.2511,73.0489,218.5,INI0000VIJO,JODHPUR,1007.4,sea_level_pressure
2023-09-22 06:00:00,30.5,75.0,1004.7,937.9,30.3167,78.0333,682.0,INM00042111,DEHRADUN,1004.7,sea_level_pressure
2023-09-22 09:00:00,35.8,53.0,1002.7,,28.5845,77.2058,214.9,INI0000VIDD,SAFDARJUNG,1002.7,sea_level_pressure
2023-09-22 09:00:00,34.7,49.0,1004.5,,26.2511,73.0489,218.5,INI0000VIJO,JODHPUR,1004.5,sea_level_pressure
2023-09-22 09:00:00,29.8,72.0,1002.7,935.8,30.3167,78.0333,682.0,INM00042111,DEHRADUN,1002.7,sea_level_pressure
2023-09-22 12:00:00,34.2,59.0,1002.6,,28.5845,77.2058,214.9,INI0000VIDD,SAFDARJUNG,1002.6,sea_level_pressure
2023-09-22 12:00:00,35.2,49.0,1003.3,,26.2511,73.0489,218.5,INI0000VIJO,JODHPUR,1003.3,sea_level_pressure
2023-09-22 12:00:00,27.7,78.0,1002.0,934.8,30.3167,78.0333,682.0,INM00042111,DEHRADUN,1002.0,sea_level_pressure
2023-09-22 15:00:00,32.0,69.0,1003.8,,28.5845,77.2058,214.9,INI0000VIDD,SAFDARJUNG,1003.8,sea_level_pressure
2023-09-22 15:00:00,31.5,68.0,1005.0,,26.2511,73.0489,218.5,INI0000VIJO,JODHPUR,1005.0,sea_level_pressure
2023-09-22 15:00:00,24.0,95.0,1003.9,935.6,30.3167,78.0333,682.0,INM00042111,DEHRADUN,1003.9,sea_level_pressure
2023-09-22 18:00:00,30.6,74.0,1005.0,,28.5845,77.2058,214.9,INI0000VIDD,SAFDARJUNG,1005.0,sea_level_pressure
2023-09-22 18:00:00,30.2,74.0,1005.6,,26.2511,73.0489,218.5,INI0000VIJO,JODHPUR,1005.6,sea_level_pressure
2023-09-22 18:00:00,24.5,93.0,1004.3,936.3,30.3167,78.0333,682.0,INM00042111,DEHRADUN,1004.3,sea_level_pressure
2023-09-22 21:00:00,29.4,81.0,1004.3,,28.5845,77.2058,214.9,INI0000VIDD,SAFDARJUNG,1004.3,sea_level_pressure
2023-09-22 21:00:00,28.7,77.0,1004.9,,26.2511,73.0489,218.5,INI0000VIJO,JODHPUR,1004.9,sea_level_pressure
2023-09-22 21:00:00,24.4,95.0,1004.2,936.2,30.3167,78.0333,682.0,INM00042111,DEHRADUN,1004.2,sea_level_pressure
2023-09-23 00:00:00,28.6,82.0,1004.5,,28.5845,77.2058,214.9,INI0000VIDD,SAFDARJUNG,1004.5,sea_level_pressure
2023-09-23 00:00:00,27.5,84.0,1005.7,,26.2511,73.0489,218.5,INI0000VIJO,JODHPUR,1005.7,sea_level_pressure
2023-09-23 00:00:00,24.2,93.0,1004.3,936.3,30.3167,78.0333,682.0,INM00042111,DEHRADUN,1004.3,sea_level_pressure
2023-09-23 03:00:00,29.5,80.0,1007.1,,28.5845,77.2058,214.9,INI0000VIDD,SAFDARJUNG,1007.1,sea_level_pressure
2023-09-23 03:00:00,28.7,81.0,1008.1,,26.2511,73.0489,218.5,INI0000VIJO,JODHPUR,1008.1,sea_level_pressure
2023-09-23 03:00:00,26.0,90.0,1006.4,938.4,30.3167,78.0333,682.0,INM00042111,DEHRADUN,1006.4,sea_level_pressure
2023-09-23 06:00:00,33.2,68.0,1006.9,,28.5845,77.2058,214.9,INI0000VIDD,SAFDARJUNG,1006.9,sea_level_pressure
2023-09-23 06:00:00,32.7,61.0,1008.1,,26.2511,73.0489,218.5,INI0000VIJO,JODHPUR,1008.1,sea_level_pressure
2023-09-23 06:00:00,29.6,76.0,1006.6,939.4,30.3167,78.0333,682.0,INM00042111,DEHRADUN,1006.6,sea_level_pressure
2023-09-23 09:00:00,24.4,100.0,1007.2,,28.5845,77.2058,214.9,INI0000VIDD,SAFDARJUNG,1007.2,sea_level_pressure
2023-09-23 09:00:00,34.7,52.0,1005.5,,26.2511,73.0489,218.5,INI0000VIJO,JODHPUR,1005.5,sea_level_pressure
2023-09-23 09:00:00,30.2,67.0,1003.3,936.6,30.3167,78.0333,682.0,INM00042111,DEHRADUN,1003.3,sea_level_pressure
2023-09-23 12:00:00,29.0,78.0,1004.1,,28.5845,77.2058,214.9,INI0000VIDD,SAFDARJUNG,1004.1,sea_level_pressure
2023-09-23 12:00:00,34.7,53.0,1004.1,,26.2511,73.0489,218.5,INI0000VIJO,JODHPUR,1004.1,sea_level_pressure
2023-09-23 12:00:00,29.6,72.0,1002.6,935.7,30.3167,78.0333,682.0,INM00042111,DEHRADUN,1002.6,sea_level_pressure
2023-09-23 15:00:00,27.2,92.0,1005.4,,28.5845,77.2058,214.9,INI0000VIDD,SAFDARJUNG,1005.4,sea_level_pressure
2023-09-23 15:00:00,31.5,72.0,1005.6,,26.2511,73.0489,218.5,INI0000VIJO,JODHPUR,1005.6,sea_level_pressure
2023-09-23 15:00:00,26.0,92.0,1004.3,936.5,30.3167,78.0333,682.0,INM00042111,DEHRADUN,1004.3,sea_level_pressure
2023-09-23 18:00:00,26.7,94.0,1005.8,,28.5845,77.2058,214.9,INI0000VIDD,SAFDARJUNG,1005.8,sea_level_pressure
2023-09-23 18:00:00,30.4,70.0,1006.0,,26.2511,73.0489,218.5,INI0000VIJO,JODHPUR,1006.0,sea_level_pressure
2023-09-23 18:00:00,24.7,94.0,1003.1,,30.3167,78.0333,682.0,INM00042111,DEHRADUN,1003.1,sea_level_pressure
2023-09-23 21:00:00,26.5,94.0,1005.5,,28.5845,77.2058,214.9,INI0000VIDD,SAFDARJUNG,1005.5,sea_level_pressure
2023-09-23 21:00:00,29.2,76.0,1006.0,,26.2511,73.0489,218.5,INI0000VIJO,JODHPUR,1006.0,sea_level_pressure
2023-09-23 21:00:00,23.7,96.0,1004.3,936.0,30.3167,78.0333,682.0,INM00042111,DEHRADUN,1004.3,sea_level_pressure
2023-09-24 00:00:00,25.5,98.0,1005.8,,28.5845,77.2058,214.9,INI0000VIDD,SAFDARJUNG,1005.8,sea_level_pressure
2023-09-24 00:00:00,28.5,79.0,1006.3,,26.2511,73.0489,218.5,INI0000VIJO,JODHPUR,1006.3,sea_level_pressure
2023-09-24 00:00:00,23.0,91.0,1003.4,935.0,30.3167,78.0333,682.0,INM00042111,DEHRADUN,1003.4,sea_level_pressure
2023-09-24 03:00:00,27.6,90.0,1007.0,,28.5845,77.2058,214.9,INI0000VIDD,SAFDARJUNG,1007.0,sea_level_pressure
2023-09-24 03:00:00,29.6,80.0,1007.9,,26.2511,73.0489,218.5,INI0000VIJO,JODHPUR,1007.9,sea_level_pressure
2023-09-24 03:00:00,24.8,73.0,1006.1,937.9,30.3167,78.0333,682.0,INM00042111,DEHRADUN,1006.1,sea_level_pressure
2023-09-24 06:00:00,31.0,77.0,1006.8,,28.5845,77.2058,214.9,INI0000VIDD,SAFDARJUNG,1006.8,sea_level_pressure
2023-09-24 06:00:00,32.4,64.0,1007.2,,26.2511,73.0489,218.5,INI0000VIJO,JODHPUR,1007.2,sea_level_pressure
2023-09-24 06:00:00,29.5,63.0,1005.1,938.1,30.3167,78.0333,682.0,INM00042111,DEHRADUN,1005.1,sea_level_pressure
2023-09-24 09:00:00,33.6,56.0,1004.0,,28.5845,77.2058,214.9,INI0000VIDD,SAFDARJUNG,1004.0,sea_level_pressure
2023-09-24 09:00:00,34.2,55.0,1004.2,,26.2511,73.0489,218.5,INI0000VIJO,JODHPUR,1004.2,sea_level_pressure
2023-09-24 09:00:00,30.4,69.0,1002.2,935.5,30.3167,78.0333,682.0,INM00042111,DEHRADUN,1002.2,sea_level_pressure
2023-09-24 12:00:00,29.7,68.0,1003.1,,28.5845,77.2058,214.9,INI0000VIDD,SAFDARJUNG,1003.1,sea_level_pressure
2023-09-24 12:00:00,34.5,53.0,1002.9,,26.2511,73.0489,218.5,INI0000VIJO,JODHPUR,1002.9,sea_level_pressure
2023-09-24 12:00:00,28.5,72.0,1000.7,933.7,30.3167,78.0333,682.0,INM00042111,DEHRADUN,1000.7,sea_level_pressure
2023-09-24 15:00:00,27.4,81.0,1004.8,,28.5845,77.2058,214.9,INI0000VIDD,SAFDARJUNG,1004.8,sea_level_pressure
2023-09-24 15:00:00,31.2,68.0,1004.4,,26.2511,73.0489,218.5,INI0000VIJO,JODHPUR,1004.4,sea_level_pressure
2023-09-24 15:00:00,25.0,84.0,1003.5,935.5,30.3167,78.0333,682.0,INM00042111,DEHRADUN,1003.5,sea_level_pressure
2023-09-24 18:00:00,26.2,87.0,1005.2,,28.5845,77.2058,214.9,INI0000VIDD,SAFDARJUNG,1005.2,sea_level_pressure
2023-09-24 18:00:00,30.2,73.0,1005.0,,26.2511,73.0489,218.5,INI0000VIJO,JODHPUR,1005.0,sea_level_pressure
2023-09-24 18:00:00,23.5,91.0,1005.2,936.9,30.3167,78.0333,682.0,INM00042111,DEHRADUN,1005.2,sea_level_pressure
2023-09-24 21:00:00,25.8,90.0,1005.1,,28.5845,77.2058,214.9,INI0000VIDD,SAFDARJUNG,1005.1,sea_level_pressure
2023-09-24 21:00:00,29.5,79.0,1004.5,,26.2511,73.0489,218.5,INI0000VIJO,JODHPUR,1004.5,sea_level_pressure
2023-09-24 21:00:00,22.4,91.0,1005.4,936.8,30.3167,78.0333,682.0,INM00042111,DEHRADUN,1005.4,sea_level_pressure
2023-09-25 00:00:00,25.0,93.0,1005.3,,28.5845,77.2058,214.9,INI0000VIDD,SAFDARJUNG,1005.3,sea_level_pressure
2023-09-25 00:00:00,27.6,87.0,1005.5,,26.2511,73.0489,218.5,INI0000VIJO,JODHPUR,1005.5,sea_level_pressure
2023-09-25 00:00:00,21.7,92.0,1005.3,936.5,30.3167,78.0333,682.0,INM00042111,DEHRADUN,1005.3,sea_level_pressure
2023-09-25 03:00:00,26.6,89.0,1007.1,,28.5845,77.2058,214.9,INI0000VIDD,SAFDARJUNG,1007.1,sea_level_pressure
2023-09-25 03:00:00,28.7,84.0,1006.9,,26.2511,73.0489,218.5,INI0000VIJO,JODHPUR,1006.9,sea_level_pressure
2023-09-25 03:00:00,25.2,80.0,1006.3,938.3,30.3167,78.0333,682.0,INM00042111,DEHRADUN,1006.3,sea_level_pressure
2023-09-25 06:00:00,31.6,65.0,1006.8,,28.5845,77.2058,214.9,INI0000VIDD,SAFDARJUNG,1006.8,sea_level_pressure
2023-09-25 06:00:00,32.7,62.0,1007.0,,26.2511,73.0489,218.5,INI0000VIJO,JODHPUR,1007.0,sea_level_pressure
2023-09-25 06:00:00,29.7,63.0,1005.7,938.7,30.3167,78.0333,682.0,INM00042111,DEHRADUN,1005.7,sea_level_pressure
2023-09-25 09:00:00,34.6,55.0,1004.2,,28.5845,77.2058,214.9,INI0000VIDD,SAFDARJUNG,1004.2,sea_level_pressure
2023-09-25 09:00:00,34.2,53.0,1004.4,,26.2511,73.0489,218.5,INI0000VIJO,JODHPUR,1004.4,sea_level_pressure
2023-09-25 09:00:00,31.4,62.0,1004.0,937.4,30.3167,78.0333,682.0,INM00042111,DEHRADUN,1004.0,sea_level_pressure
2023-09-25 12:00:00,33.6,64.0,1003.6,,28.5845,77.2058,214.9,INI0000VIDD,SAFDARJUNG,1003.6,sea_level_pressure
2023-09-25 12:00:00,34.2,50.0,1003.4,,26.2511,73.0489,218.5,INI0000VIJO,JODHPUR,1003.4,sea_level_pressure
2023-09-25 12:00:00,29.7,67.0,1003.8,936.9,30.3167,78.0333,682.0,INM00042111,DEHRADUN,1003.8,sea_level_pressure
2023-09-25 15:00:00,29.6,77.0,1005.3,,28.5845,77.2058,214.9,INI0000VIDD,SAFDARJUNG,1005.3,sea_level_pressure
2023-09-25 15:00:00,31.5,61.0,1005.5,,26.2511,73.0489,218.5,INI0000VIJO,JODHPUR,1005.5,sea_level_pressure
2023-09-25 15:00:00,26.2,83.0,1004.7,937.1,30.3167,78.0333,682.0,INM00042111,DEHRADUN,1004.7,sea_level_pressure
2023-09-25 18:00:00,28.2,80.0,1006.4,,28.5845,77.2058,214.9,INI0000VIDD,SAFDARJUNG,1006.4,sea_level_pressure
2023-09-25 18:00:00,30.5,65.0,1006.0,,26.2511,73.0489,218.5,INI0000VIJO,JODHPUR,1006.0,sea_level_pressure
2023-09-25 18:00:00,24.5,93.0,1006.5,938.3,30.3167,78.0333,682.0,INM00042111,DEHRADUN,1006.5,sea_level_pressure
2023-09-25 21:00:00,27.0,86.0,1006.0,,28.5845,77.2058,214.9,INI0000VIDD,SAFDARJUNG,1006.0,sea_level_pressure
2023-09-25 21:00:00,29.0,74.0,1005.7,,26.2511,73.0489,218.5,INI0000VIJO,JODHPUR,1005.7,sea_level_pressure
2023-09-25 21:00:00,23.2,95.0,1006.5,938.1,30.3167,78.0333,682.0,INM00042111,DEHRADUN,1006.5,sea_level_pressure
2023-09-26 00:00:00,26.0,92.0,1006.5,,28.5845,77.2058,214.9,INI0000VIDD,SAFDARJUNG,1006.5,sea_level_pressure
2023-09-26 00:00:00,27.7,77.0,1006.3,,26.2511,73.0489,218.5,INI0000VIJO,JODHPUR,1006.3,sea_level_pressure
2023-09-26 00:00:00,22.5,91.0,1006.3,937.8,30.3167,78.0333,682.0,INM00042111,DEHRADUN,1006.3,sea_level_pressure
2023-09-26 03:00:00,28.0,83.0,1008.5,,28.5845,77.2058,214.9,INI0000VIDD,SAFDARJUNG,1008.5,sea_level_pressure
2023-09-26 03:00:00,29.0,72.0,1008.2,,26.2511,73.0489,218.5,INI0000VIJO,JODHPUR,1008.2,sea_level_pressure
2023-09-26 03:00:00,24.8,87.0,1008.0,939.7,30.3167,78.0333,682.0,INM00042111,DEHRADUN,1008.0,sea_level_pressure
2023-09-26 06:00:00,33.5,61.0,1007.9,,28.5845,77.2058,214.9,INI0000VIDD,SAFDARJUNG,1007.9,sea_level_pressure
2023-09-26 06:00:00,34.2,45.0,1007.2,,26.2511,73.0489,218.5,INI0000VIJO,JODHPUR,1007.2,sea_level_pressure
2023-09-26 06:00:00,29.7,65.0,1006.6,939.4,30.3167,78.0333,682.0,INM00042111,DEHRADUN,1006.6,sea_level_pressure
2023-09-26 09:00:00,34.6,50.0,1005.6,,28.5845,77.2058,214.9,INI0000VIDD,SAFDARJUNG,1005.6,sea_level_pressure
2023-09-26 09:00:00,36.6,40.0,1005.0,,26.2511,73.0489,218.5,INI0000VIJO,JODHPUR,1005.0,sea_level_pressure
2023-09-26 09:00:00,31.4,62.0,1004.1,937.5,30.3167,78.0333,682.0,INM00042111,DEHRADUN,1004.1,sea_level_pressure
2023-09-26 12:00:00,33.2,56.0,1004.6,,28.5845,77.2058,214.9,INI0000VIDD,SAFDARJUNG,1004.6,sea_level_pressure
2023-09-26 12:00:00,36.2,44.0,1003.9,,26.2511,73.0489,218.5,INI0000VIJO,JODHPUR,1003.9,sea_level_pressure
2023-09-26 12:00:00,29.0,69.0,1004.8,937.5,30.3167,78.0333,682.0,INM00042111,DEHRADUN,1004.8,sea_level_pressure
2023-09-26 15:00:00,30.4,69.0,1006.3,,28.5845,77.2058,214.9,INI0000VIDD,SAFDARJUNG,1006.3,sea_level_pressure
2023-09-26 15:00:00,26.0,84.0,1007.4,,26.2511,73.0489,218.5,INI0000VIJO,JODHPUR,1007.4,sea_level_pressure
2023-09-26 15:00:00,26.0,86.0,1004.8,937.0,30.3167,78.0333,682.0,INM00042111,DEHRADUN,1004.8,sea_level_pressure
2023-09-26 18:00:00,29.2,74.0,1007.2,,28.5845,77.2058,214.9,INI0000VIDD,SAFDARJUNG,1007.2,sea_level_pressure
2023-09-26 18:00:00,27.0,87.0,1007.6,,26.2511,73.0489,218.5,INI0000VIJO,JODHPUR,1007.6,sea_level_pressure
2023-09-26 18:00:00,24.6,90.0,1005.6,937.5,30.3167,78.0333,682.0,INM00042111,DEHRADUN,1005.6,sea_level_pressure
2023-09-26 21:00:00,27.6,80.0,1006.4,,28.5845,77.2058,214.9,INI0000VIDD,SAFDARJUNG,1006.4,sea_level_pressure
2023-09-26 21:00:00,25.7,91.0,1007.1,,26.2511,73.0489,218.5,INI0000VIJO,JODHPUR,1007.1,sea_level_pressure
2023-09-26 21:00:00,22.6,95.0,1006.0,937.5,30.3167,78.0333,682.0,INM00042111,DEHRADUN,1006.0,sea_level_pressure
2023-09-27 00:00:00,26.5,90.0,1007.4,,28.5845,77.2058,214.9,INI0000VIDD,SAFDARJUNG,1007.4,sea_level_pressure
2023-09-27 00:00:00,26.2,89.0,1007.0,,26.2511,73.0489,218.5,INI0000VIJO,JODHPUR,1007.0,sea_level_pressure
2023-09-27 00:00:00,22.2,95.0,1006.0,937.5,30.3167,78.0333,682.0,INM00042111,DEHRADUN,1006.0,sea_level_pressure
2023-09-27 03:00:00,27.6,81.0,1008.6,,28.5845,77.2058,214.9,INI0000VIDD,SAFDARJUNG,1008.6,sea_level_pressure
2023-09-27 03:00:00,28.5,79.0,1008.4,,26.2511,73.0489,218.5,INI0000VIJO,JODHPUR,1008.4,sea_level_pressure
2023-09-27 03:00:00,24.0,85.0,1007.4,939.0,30.3167,78.0333,682.0,INM00042111,DEHRADUN,1007.4,sea_level_pressure
2023-09-27 06:00:00,32.7,57.0,1007.7,,28.5845,77.2058,214.9,INI0000VIDD,SAFDARJUNG,1007.7,sea_level_pressure
2023-09-27 06:00:00,34.0,58.0,1007.8,,26.2511,73.0489,218.5,INI0000VIJO,JODHPUR,1007.8,sea_level_pressure
2023-09-27 06:00:00,30.2,63.0,1005.3,938.5,30.3167,78.0333,682.0,INM00042111,DEHRADUN,1005.3,sea_level_pressure
2023-09-27 09:00:00,34.0,49.0,1005.3,,28.5845,77.2058,214.9,INI0000VIDD,SAFDARJUNG,1005.3,sea_level_pressure
2023-09-27 09:00:00,36.2,46.0,1005.0,,26.2511,73.0489,218.5,INI0000VIJO,JODHPUR,1005.0,sea_level_pressure
2023-09-27 09:00:00,31.2,69.0,1003.0,936.6,30.3167,78.0333,682.0,INM00042111,DEHRADUN,1003.0,sea_level_pressure
2023-09-27 12:00:00,32.0,47.0,1004.2,,28.5845,77.2058,214.9,INI0000VIDD,SAFDARJUNG,1004.2,sea_level_pressure
2023-09-27 12:00:00,34.0,53.0,1004.1,,26.2511,73.0489,218.5,INI0000VIJO,JODHPUR,1004.1,sea_level_pressure
2023-09-27 12:00:00,30.5,68.0,1002.3,935.6,30.3167,78.0333,682.0,INM00042111,DEHRADUN,1002.3,sea_level_pressure
2023-09-27 15:00:00,30.2,54.0,1005.3,,28.5845,77.2058,214.9,INI0000VIDD,SAFDARJUNG,1005.3,sea_level_pressure
2023-09-27 15:00:00,30.2,68.0,1006.2,,26.2511,73.0489,218.5,INI0000VIJO,JODHPUR,1006.2,sea_level_pressure
2023-09-27 15:00:00,26.4,83.0,1003.8,936.2,30.3167,78.0333,682.0,INM00042111,DEHRADUN,1003.8,sea_level_pressure
2023-09-27 18:00:00,27.5,77.0,1006.1,,28.5845,77.2058,214.9,INI0000VIDD,SAFDARJUNG,1006.1,sea_level_pressure
2023-09-27 18:00:00,28.2,78.0,1006.8,,26.2511,73.0489,218.5,INI0000VIJO,JODHPUR,1006.8,sea_level_pressure
2023-09-27 18:00:00,24.0,87.0,1005.1,936.8,30.3167,78.0333,682.0,INM00042111,DEHRADUN,1005.1,sea_level_pressure
2023-09-27 21:00:00,25.6,85.0,1005.9,,28.5845,77.2058,214.9,INI0000VIDD,SAFDARJUNG,1005.9,sea_level_pressure
2023-09-27 21:00:00,27.5,81.0,1006.1,,26.2511,73.0489,218.5,INI0000VIJO,JODHPUR,1006.1,sea_level_pressure
2023-09-27 21:00:00,22.4,91.0,1004.8,936.3,30.3167,78.0333,682.0,INM00042111,DEHRADUN,1004.8,sea_level_pressure
2023-09-28 00:00:00,23.5,92.0,1006.6,,28.5845,77.2058,214.9,INI0000VIDD,SAFDARJUNG,1006.6,sea_level_pressure
2023-09-28 00:00:00,26.2,87.0,1006.1,,26.2511,73.0489,218.5,INI0000VIJO,JODHPUR,1006.1,sea_level_pressure
2023-09-28 00:00:00,21.6,93.0,1005.3,936.5,30.3167,78.0333,682.0,INM00042111,DEHRADUN,1005.3,sea_level_pressure
2023-09-28 03:00:00,25.8,87.0,1008.2,,28.5845,77.2058,214.9,INI0000VIDD,SAFDARJUNG,1008.2,sea_level_pressure
2023-09-28 03:00:00,28.5,77.0,1008.2,,26.2511,73.0489,218.5,INI0000VIJO,JODHPUR,1008.2,sea_level_pressure
2023-09-28 03:00:00,24.6,84.0,1006.4,938.2,30.3167,78.0333,682.0,INM00042111,DEHRADUN,1006.4,sea_level_pressure
2023-09-28 06:00:00,31.7,48.0,1008.1,,28.5845,77.2058,214.9,INI0000VIDD,SAFDARJUNG,1008.1,sea_level_pressure
2023-09-28 06:00:00,33.7,54.0,1007.8,,26.2511,73.0489,218.5,INI0000VIJO,JODHPUR,1007.8,sea_level_pressure
2023-09-28 06:00:00,30.0,63.0,1006.0,939.0,30.3167,78.0333,682.0,INM00042111,DEHRADUN,1006.0,sea_level_pressure
2023-09-28 09:00:00,,,,,,,,INI0000VIDD,SAFDARJUNG,,sea_level_pressure
2023-09-28 09:00:00,36.2,38.0,1004.9,,26.2511,73.0489,218.5,INI0000VIJO,JODHPUR,1004.9,sea_level_pressure
2023-09-28 09:00:00,32.0,46.0,1003.7,937.0,30.3167,78.0333,682.0,INM00042111,DEHRADUN,1003.7,sea_level_pressure
2023-09-28 12:00:00,,,,,,,,INI0000VIDD,SAFDARJUNG,,sea_level_pressure
2023-09-28 12:00:00,,,,,,,,INI0000VIJO,JODHPUR,,sea_level_pressure
2023-09-28 12:00:00,,,,,,,,INM00042111,DEHRADUN,,sea_level_pressure
2023-09-28 15:00:00,,,,,,,,INI0000VIDD,SAFDARJUNG,,sea_level_pressure
2023-09-28 15:00:00,,,,,,,,INI0000VIJO,JODHPUR,,sea_level_pressure
2023-09-28 15:00:00,,,,,,,,INM00042111,DEHRADUN,,sea_level_pressure
2023-09-28 18:00:00,26.2,76.0,1005.8,,28.5845,77.2058,214.9,INI0000VIDD,SAFDARJUNG,1005.8,sea_level_pressure
2023-09-28 18:00:00,29.5,67.0,1006.1,,26.2511,73.0489,218.5,INI0000VIJO,JODHPUR,1006.1,sea_level_pressure
2023-09-28 18:00:00,22.7,85.0,1005.5,936.9,30.3167,78.0333,682.0,INM00042111,DEHRADUN,1005.5,sea_level_pressure
2023-09-28 21:00:00,24.8,83.0,1005.4,,28.5845,77.2058,214.9,INI0000VIDD,SAFDARJUNG,1005.4,sea_level_pressure
2023-09-28 21:00:00,28.6,69.0,1005.6,,26.2511,73.0489,218.5,INI0000VIJO,JODHPUR,1005.6,sea_level_pressure
2023-09-28 21:00:00,21.4,88.0,1005.4,936.6,30.3167,78.0333,682.0,INM00042111,DEHRADUN,1005.4,sea_level_pressure
2023-09-29 00:00:00,23.5,91.0,1006.3,,28.5845,77.2058,214.9,INI0000VIDD,SAFDARJUNG,1006.3,sea_level_pressure
2023-09-29 00:00:00,26.2,84.0,1005.2,,26.2511,73.0489,218.5,INI0000VIJO,JODHPUR,1005.2,sea_level_pressure
2023-09-29 00:00:00,21.2,80.0,1005.2,936.4,30.3167,78.0333,682.0,INM00042111,DEHRADUN,1005.2,sea_level_pressure
2023-09-29 03:00:00,26.0,84.0,1008.0,,28.5845,77.2058,214.9,INI0000VIDD,SAFDARJUNG,1008.0,sea_level_pressure
2023-09-29 03:00:00,27.7,77.0,1008.7,,26.2511,73.0489,218.5,INI0000VIJO,JODHPUR,1008.7,sea_level_pressure
2023-09-29 03:00:00,24.6,76.0,1006.7,938.4,30.3167,78.0333,682.0,INM00042111,DEHRADUN,1006.7,sea_level_pressure
2023-09-29 06:00:00,31.5,55.0,1007.5,,28.5845,77.2058,214.9,INI0000VIDD,SAFDARJUNG,1007.5,sea_level_pressure
2023-09-29 06:00:00,33.2,58.0,1007.9,,26.2511,73.0489,218.5,INI0000VIJO,JODHPUR,1007.9,sea_level_pressure
2023-09-29 06:00:00,31.6,59.0,1005.2,938.6,30.3167,78.0333,682.0,INM00042111,DEHRADUN,1005.2,sea_level_pressure
2023-09-29 09:00:00,,,,,,,,INI0000VIDD,SAFDARJUNG,,sea_level_pressure
2023-09-29 09:00:00,35.7,38.0,1004.3,,26.2511,73.0489,218.5,INI0000VIJO,JODHPUR,1004.3,sea_level_pressure
2023-09-29 09:00:00,33.2,56.0,1002.3,936.3,30.3167,78.0333,682.0,INM00042111,DEHRADUN,1002.3,sea_level_pressure
2023-09-29 12:00:00,33.0,47.0,1003.4,,28.5845,77.2058,214.9,INI0000VIDD,SAFDARJUNG,1003.4,sea_level_pressure
2023-09-29 12:00:00,29.0,90.0,1003.7,,26.2511,73.0489,218.5,INI0000VIJO,JODHPUR,1003.7,sea_level_pressure
2023-09-29 12:00:00,30.6,66.0,1002.3,,30.3167,78.0333,682.0,INM00042111,DEHRADUN,1002.3,sea_level_pressure
2023-09-29 15:00:00,28.2,72.0,1005.3,,28.5845,77.2058,214.9,INI0000VIDD,SAFDARJUNG,1005.3,sea_level_pressure
2023-09-29 15:00:00,26.5,92.0,1005.8,,26.2511,73.0489,218.5,INI0000VIJO,JODHPUR,1005.8,sea_level_pressure
2023-09-29 15:00:00,26.4,86.0,1003.6,936.0,30.3167,78.0333,682.0,INM00042111,DEHRADUN,1003.6,sea_level_pressure
2023-09-29 18:00:00,,,,,,,,INI0000VIDD,SAFDARJUNG,,sea_level_pressure
2023-09-29 18:00:00,,,,,,,,INI0000VIJO,JODHPUR,,sea_level_pressure
2023-09-29 18:00:00,,,,,,,,INM00042111,DEHRADUN,,sea_level_pressure
2023-09-29 21:00:00,25.0,87.0,1006.6,,28.5845,77.2058,214.9,INI0000VIDD,SAFDARJUNG,1006.6,sea_level_pressure
2023-09-29 21:00:00,25.5,85.0,1006.2,,26.2511,73.0489,218.5,INI0000VIJO,JODHPUR,1006.2,sea_level_pressure
2023-09-29 21:00:00,23.5,91.0,1005.8,937.5,30.3167,78.0333,682.0,INM00042111,DEHRADUN,1005.8,sea_level_pressure
2023-09-30 00:00:00,24.2,91.0,1005.9,,28.5845,77.2058,214.9,INI0000VIDD,SAFDARJUNG,1005.9,sea_level_pressure
2023-09-30 00:00:00,24.7,89.0,1006.3,,26.2511,73.0489,218.5,INI0000VIJO,JODHPUR,1006.3,sea_level_pressure
2023-09-30 00:00:00,23.0,91.0,1005.0,936.5,30.3167,78.0333,682.0,INM00042111,DEHRADUN,1005.0,sea_level_pressure
2023-09-30 03:00:00,26.4,81.0,1007.4,,28.5845,77.2058,214.9,INI0000VIDD,SAFDARJUNG,1007.4,sea_level_pressure
2023-09-30 03:00:00,29.2,70.0,1007.2,,26.2511,73.0489,218.5,INI0000VIJO,JODHPUR,1007.2,sea_level_pressure
2023-09-30 03:00:00,25.6,84.0,1005.8,937.8,30.3167,78.0333,682.0,INM00042111,DEHRADUN,1005.8,sea_level_pressure
2023-09-30 06:00:00,32.6,54.0,1007.3,,28.5845,77.2058,214.9,INI0000VIDD,SAFDARJUNG,1007.3,sea_level_pressure
2023-09-30 06:00:00,34.0,51.0,1007.7,,26.2511,73.0489,218.5,INI0000VIJO,JODHPUR,1007.7,sea_level_pressure
2023-09-30 06:00:00,32.0,58.0,1004.8,938.2,30.3167,78.0333,682.0,INM00042111,DEHRADUN,1004.8,sea_level_pressure
2023-09-30 09:00:00,35.2,39.0,1003.8,,28.5845,77.2058,214.9,INI0000VIDD,SAFDARJUNG,1003.8,sea_level_pressure
2023-09-30 09:00:00,36.7,34.0,1004.9,,26.2511,73.0489,218.5,INI0000VIJO,JODHPUR,1004.9,sea_level_pressure
2023-09-30 09:00:00,34.4,50.0,1002.0,936.2,30.3167,78.0333,682.0,INM00042111,DEHRADUN,1002.0,sea_level_pressure
2023-09-30 12:00:00,33.2,45.0,1003.3,,28.5845,77.2058,214.9,INI0000VIDD,SAFDARJUNG,1003.3,sea_level_pressure
2023-09-30 12:00:00,33.7,62.0,1003.9,,26.2511,73.0489,218.5,INI0000VIJO,JODHPUR,1003.9,sea_level_pressure
2023-09-30 12:00:00,30.7,56.0,1001.5,934.9,30.3167,78.0333,682.0,INM00042111,DEHRADUN,1001.5,sea_level_pressure
2023-09-30 15:00:00,29.8,66.0,1005.1,,28.5845,77.2058,214.9,INI0000VIDD,SAFDARJUNG,1005.1,sea_level_pressure
2023-09-30 15:00:00,27.2,71.0,1005.3,,26.2511,73.0489,218.5,INI0000VIJO,JODHPUR,1005.3,sea_level_pressure
2023-09-30 15:00:00,,,,,,,,INM00042111,DEHRADUN,,sea_level_pressure
2023-09-30 18:00:00,27.6,76.0,1006.0,,28.5845,77.2058,214.9,INI0000VIDD,SAFDARJUNG,1006.0,sea_level_pressure
2023-09-30 18:00:00,25.0,64.0,1006.5,,26.2511,73.0489,218.5,INI0000VIJO,JODHPUR,1006.5,sea_level_pressure
2023-09-30 18:00:00,24.5,83.0,1004.4,936.4,30.3167,78.0333,682.0,INM00042111,DEHRADUN,1004.4,sea_level_pressure
2023-09-30 21:00:00,26.4,80.0,1004.9,,28.5845,77.2058,214.9,INI0000VIDD,SAFDARJUNG,1004.9,sea_level_pressure
2023-09-30 21:00:00,24.0,63.0,1006.1,,26.2511,73.0489,218.5,INI0000VIJO,JODHPUR,1006.1,sea_level_pressure
2023-09-30 21:00:00,22.7,89.0,1004.6,936.1,30.3167,78.0333,682.0,INM00042111,DEHRADUN,1004.6,sea_level_pressure
2023-10-01 00:00:00,24.5,84.0,1005.5,,28.5845,77.2058,214.9,INI0000VIDD,SAFDARJUNG,1005.5,sea_level_pressure
2023-10-01 00:00:00,23.0,59.0,1005.8,,26.2511,73.0489,218.5,INI0000VIJO,JODHPUR,1005.8,sea_level_pressure
2023-10-01 00:00:00,22.5,87.0,1005.0,936.5,30.3167,78.0333,682.0,INM00042111,DEHRADUN,1005.0,sea_level_pressure
2023-10-01 03:00:00,26.4,78.0,1007.4,,28.5845,77.2058,214.9,INI0000VIDD,SAFDARJUNG,1007.4,sea_level_pressure
2023-10-01 03:00:00,26.2,58.0,1006.7,,26.2511,73.0489,218.5,INI0000VIJO,JODHPUR,1006.7,sea_level_pressure
2023-10-01 03:00:00,25.2,81.0,1006.0,938.0,30.3167,78.0333,682.0,INM00042111,DEHRADUN,1006.0,sea_level_pressure
2023-10-01 06:00:00,31.7,49.0,1006.5,,28.5845,77.2058,214.9,INI0000VIDD,SAFDARJUNG,1006.5,sea_level_pressure
2023-10-01 06:00:00,34.2,42.0,1006.1,,26.2511,73.0489,218.5,INI0000VIJO,JODHPUR,1006.1,sea_level_pressure
2023-10-01 06:00:00,30.6,62.0,1004.8,938.0,30.3167,78.0333,682.0,INM00042111,DEHRADUN,1004.8,sea_level_pressure
2023-10-01 09:00:00,35.0,28.0,1003.8,,28.5845,77.2058,214.9,INI0000VIDD,SAFDARJUNG,1003.8,sea_level_pressure
2023-10-01 09:00:00,37.6,28.0,1003.6,,26.2511,73.0489,218.5,INI0000VIJO,JODHPUR,1003.6,sea_level_pressure
2023-10-01 09:00:00,32.0,61.0,1002.2,936.0,30.3167,78.0333,682.0,INM00042111,DEHRADUN,1002.2,sea_level_pressure
2023-10-01 12:00:00,33.0,38.0,1003.0,,28.5845,77.2058,214.9,INI0000VIDD,SAFDARJUNG,1003.0,sea_level_pressure
2023-10-01 12:00:00,36.0,52.0,1002.6,,26.2511,73.0489,218.5,INI0000VIJO,JODHPUR,1002.6,sea_level_pressure
2023-10-01 12:00:00,30.6,66.0,1002.1,935.5,30.3167,78.0333,682.0,INM00042111,DEHRADUN,1002.1,sea_level_pressure
2023-10-01 15:00:00,27.0,70.0,1004.7,,28.5845,77.2058,214.9,INI0000VIDD,SAFDARJUNG,1004.7,sea_level_pressure
2023-10-01 15:00:00,27.7,68.0,1004.4,,26.2511,73.0489,218.5,INI0000VIJO,JODHPUR,1004.4,sea_level_pressure
2023-10-01 15:00:00,26.4,79.0,1002.9,935.4,30.3167,78.0333,682.0,INM00042111,DEHRADUN,1002.9,sea_level_pressure
2023-10-01 18:00:00,26.2,72.0,1006.2,,28.5845,77.2058,214.9,INI0000VIDD,SAFDARJUNG,1006.2,sea_level_pressure
2023-10-01 18:00:00,27.0,52.0,1005.5,,26.2511,73.0489,218.5,INI0000VIJO,JODHPUR,1005.5,sea_level_pressure
2023-10-01 18:00:00,24.7,86.0,1004.3,936.3,30.3167,78.0333,682.0,INM00042111,DEHRADUN,1004.3,sea_level_pressure
2023-10-01 21:00:00,,,,,,,,INI0000VIDD,SAFDARJUNG,,sea_level_pressure
2023-10-01 21:00:00,26.5,51.0,1005.2,,26.2511,73.0489,218.5,INI0000VIJO,JODHPUR,1005.2,sea_level_pressure
2023-10-01 21:00:00,24.0,89.0,1004.3,936.0,30.3167,78.0333,682.0,INM00042111,DEHRADUN,1004.3,sea_level_pressure
2023-10-02 00:00:00,21.6,89.0,1005.4,,28.5845,77.2058,214.9,INI0000VIDD,SAFDARJUNG,1005.4,sea_level_pressure
2023-10-02 00:00:00,22.0,72.0,1006.0,,26.2511,73.0489,218.5,INI0000VIJO,JODHPUR,1006.0,sea_level_pressure
2023-10-02 00:00:00,23.5,91.0,1004.4,936.1,30.3167,78.0333,682.0,INM00042111,DEHRADUN,1004.4,sea_level_pressure
2023-10-02 03:00:00,23.8,76.0,1007.6,,28.5845,77.2058,214.9,INI0000VIDD,SAFDARJUNG,1007.6,sea_level_pressure
2023-10-02 03:00:00,28.2,51.0,1007.6,,26.2511,73.0489,218.5,INI0000VIJO,JODHPUR,1007.6,sea_level_pressure
2023-10-02 03:00:00,26.0,85.0,1005.7,937.7,30.3167,78.0333,682.0,INM00042111,DEHRADUN,1005.7,sea_level_pressure
2023-10-02 06:00:00,31.6,45.0,1007.7,,28.5845,77.2058,214.9,INI0000VIDD,SAFDARJUNG,1007.7,sea_level_pressure
2023-10-02 06:00:00,34.5,32.0,1007.4,,26.2511,73.0489,218.5,INI0000VIJO,JODHPUR,1007.4,sea_level_pressure
2023-10-02 06:00:00,31.0,55.0,1005.6,938.3,30.3167,78.0333,682.0,INM00042111,DEHRADUN,1005.6,sea_level_pressure
2023-10-02 09:00:00,34.2,35.0,1005.0,,28.5845,77.2058,214.9,INI0000VIDD,SAFDARJUNG,1005.0,sea_level_pressure
2023-10-02 09:00:00,37.5,26.0,1004.6,,26.2511,73.0489,218.5,INI0000VIJO,JODHPUR,1004.6,sea_level_pressure
2023-10-02 09:00:00,32.4,60.0,1002.7,936.5,30.3167,78.0333,682.0,INM00042111,DEHRADUN,1002.7,sea_level_pressure
2023-10-02 12:00:00,33.2,35.0,1004.8,,28.5845,77.2058,214.9,INI0000VIDD,SAFDARJUNG,1004.8,sea_level_pressure
2023-10-02 12:00:00,35.2,32.0,1004.7,,26.2511,73.0489,218.5,INI0000VIJO,JODHPUR,1004.7,sea_level_pressure
2023-10-02 12:00:00,29.2,63.0,1003.3,936.4,30.3167,78.0333,682.0,INM00042111,DEHRADUN,1003.3,sea_level_pressure
2023-10-02 15:00:00,26.2,63.0,1006.6,,28.5845,77.2058,214.9,INI0000VIDD,SAFDARJUNG,1006.6,sea_level_pressure
2023-10-02 15:00:00,26.4,54.0,1007.0,,26.2511,73.0489,218.5,INI0000VIJO,JODHPUR,1007.0,sea_level_pressure
2023-10-02 15:00:00,26.8,76.0,1005.8,937.2,30.3167,78.0333,682.0,INM00042111,DEHRADUN,1005.8,sea_level_pressure
2023-10-02 18:00:00,22.5,72.0,1007.1,,28.5845,77.2058,214.9,INI0000VIDD,SAFDARJUNG,1007.1,sea_level_pressure
2023-10-02 18:00:00,24.5,66.0,1007.7,,26.2511,73.0489,218.5,INI0000VIJO,JODHPUR,1007.7,sea_level_pressure
2023-10-02 18:00:00,25.2,87.0,1006.0,938.0,30.3167,78.0333,682.0,INM00042111,DEHRADUN,1006.0,sea_level_pressure
2023-10-02 21:00:00,20.6,80.0,1006.4,,28.5845,77.2058,214.9,INI0000VIDD,SAFDARJUNG,1006.4,sea_level_pressure
2023-10-02 21:00:00,23.8,61.0,1007.6,,26.2511,73.0489,218.5,INI0000VIJO,JODHPUR,1007.6,sea_level_pressure
2023-10-02 21:00:00,21.2,91.0,1006.9,938.0,30.3167,78.0333,682.0,INM00042111,DEHRADUN,1006.9,sea_level_pressure
2023-10-03 00:00:00,19.7,87.0,1007.1,,28.5845,77.2058,214.9,INI0000VIDD,SAFDARJUNG,1007.1,sea_level_pressure
2023-10-03 00:00:00,21.6,69.0,1008.2,,26.2511,73.0489,218.5,INI0000VIJO,JODHPUR,1008.2,sea_level_pressure
2023-10-03 00:00:00,19.5,92.0,1006.6,937.5,30.3167,78.0333,682.0,INM00042111,DEHRADUN,1006.6,sea_level_pressure
2023-10-03 03:00:00,23.6,67.0,1009.1,,28.5845,77.2058,214.9,INI0000VIDD,SAFDARJUNG,1009.1,sea_level_pressure
2023-10-03 03:00:00,25.4,61.0,1009.7,,26.2511,73.0489,218.5,INI0000VIJO,JODHPUR,1009.7,sea_level_pressure
2023-10-03 03:00:00,21.6,75.0,1006.8,937.9,30.3167,78.0333,682.0,INM00042111,DEHRADUN,1006.8,sea_level_pressure
2023-10-03 06:00:00,30.7,41.0,1008.5,,28.5845,77.2058,214.9,INI0000VIDD,SAFDARJUNG,1008.5,sea_level_pressure
2023-10-03 06:00:00,33.7,35.0,1009.2,,26.2511,73.0489,218.5,INI0000VIJO,JODHPUR,1009.2,sea_level_pressure
2023-10-03 06:00:00,30.5,43.0,1005.0,938.2,30.3167,78.0333,682.0,INM00042111,DEHRADUN,1005.0,sea_level_pressure
2023-10-03 09:00:00,34.2,27.0,1005.0,,28.5845,77.2058,214.9,INI0000VIDD,SAFDARJUNG,1005.0,sea_level_pressure
2023-10-03 09:00:00,37.4,20.0,1006.2,,26.2511,73.0489,218.5,INI0000VIJO,JODHPUR,1006.2,sea_level_pressure
2023-10-03 09:00:00,32.8,47.0,1002.1,935.7,30.3167,78.0333,682.0,INM00042111,DEHRADUN,1002.1,sea_level_pressure
2023-10-03 12:00:00,32.0,50.0,1005.0,,28.5845,77.2058,214.9,INI0000VIDD,SAFDARJUNG,1005.0,sea_level_pressure
2023-10-03 12:00:00,35.6,23.0,1005.7,,26.2511,73.0489,218.5,INI0000VIJO,JODHPUR,1005.7,sea_level_pressure
2023-10-03 12:00:00,29.6,60.0,1002.3,935.4,30.3167,78.0333,682.0,INM00042111,DEHRADUN,1002.3,sea_level_pressure
2023-10-03 15:00:00,25.0,74.0,1007.3,,28.5845,77.2058,214.9,INI0000VIDD,SAFDARJUNG,1007.3,sea_level_pressure
2023-10-03 15:00:00,26.2,51.0,1007.8,,26.2511,73.0489,218.5,INI0000VIJO,JODHPUR,1007.8,sea_level_pressure
2023-10-03 15:00:00,24.6,78.0,1005.1,937.0,30.3167,78.0333,682.0,INM00042111,DEHRADUN,1005.1,sea_level_pressure
2023-10-03 18:00:00,22.6,83.0,1008.1,,28.5845,77.2058,214.9,INI0000VIDD,SAFDARJUNG,1008.1,sea_level_pressure
2023-10-03 18:00:00,29.5,38.0,1008.4,,26.2511,73.0489,218.5,INI0000VIJO,JODHPUR,1008.4,sea_level_pressure
2023-10-03 18:00:00,22.6,82.0,1007.0,938.3,30.3167,78.0333,682.0,INM00042111,DEHRADUN,1007.0,sea_level_pressure
2023-10-03 21:00:00,21.0,89.0,1007.7,,28.5845,77.2058,214.9,INI0000VIDD,SAFDARJUNG,1007.7,sea_level_pressure
2023-10-03 21:00:00,25.7,53.0,1008.4,,26.2511,73.0489,218.5,INI0000VIJO,JODHPUR,1008.4,sea_level_pressure
2023-10-03 21:00:00,21.0,90.0,1006.9,937.8,30.3167,78.0333,682.0,INM00042111,DEHRADUN,1006.9,sea_level_pressure
2023-10-04 00:00:00,20.2,95.0,1007.4,,28.5845,77.2058,214.9,INI0000VIDD,SAFDARJUNG,1007.4,sea_level_pressure
2023-10-04 00:00:00,24.0,56.0,1008.9,,26.2511,73.0489,218.5,INI0000VIJO,JODHPUR,1008.9,sea_level_pressure
2023-10-04 00:00:00,20.2,93.0,1006.3,937.2,30.3167,78.0333,682.0,INM00042111,DEHRADUN,1006.3,sea_level_pressure
2023-10-04 03:00:00,23.6,75.0,1009.1,,28.5845,77.2058,214.9,INI0000VIDD,SAFDARJUNG,1009.1,sea_level_pressure
2023-10-04 03:00:00,26.5,65.0,1010.4,,26.2511,73.0489,218.5,INI0000VIJO,JODHPUR,1010.4,sea_level_pressure
2023-10-04 03:00:00,23.0,82.0,1007.1,938.4,30.3167,78.0333,682.0,INM00042111,DEHRADUN,1007.1,sea_level_pressure
2023-10-04 06:00:00,31.0,56.0,1008.1,,28.5845,77.2058,214.9,INI0000VIDD,SAFDARJUNG,1008.1,sea_level_pressure
2023-10-04 06:00:00,32.5,48.0,1009.9,,26.2511,73.0489,218.5,INI0000VIJO,JODHPUR,1009.9,sea_level_pressure
2023-10-04 06:00:00,29.7,53.0,1005.6,938.6,30.3167,78.0333,682.0,INM00042111,DEHRADUN,1005.6,sea_level_pressure
2023-10-04 09:00:00,34.0,47.0,1005.2,,28.5845,77.2058,214.9,INI0000VIDD,SAFDARJUNG,1005.2,sea_level_pressure
2023-10-04 09:00:00,36.6,27.0,1006.9,,26.2511,73.0489,218.5,INI0000VIJO,JODHPUR,1006.9,sea_level_pressure
2023-10-04 09:00:00,31.6,50.0,1003.1,936.7,30.3167,78.0333,682.0,INM00042111,DEHRADUN,1003.1,sea_level_pressure
2023-10-04 12:00:00,32.7,49.0,1004.8,,28.5845,77.2058,214.9,INI0000VIDD,SAFDARJUNG,1004.8,sea_level_pressure
2023-10-04 12:00:00,35.6,28.0,1006.6,,26.2511,73.0489,218.5,INI0000VIJO,JODHPUR,1006.6,sea_level_pressure
2023-10-04 12:00:00,29.6,60.0,1002.8,935.9,30.3167,78.0333,682.0,INM00042111,DEHRADUN,1002.8,sea_level_pressure
2023-10-04 15:00:00,30.2,53.0,1007.0,,28.5845,77.2058,214.9,INI0000VIDD,SAFDARJUNG,1007.0,sea_level_pressure
2023-10-04 15:00:00,29.5,43.0,1008.0,,26.2511,73.0489,218.5,INI0000VIJO,JODHPUR,1008.0,sea_level_pressure
2023-10-04 15:00:00,25.0,80.0,1005.9,937.7,30.3167,78.0333,682.0,INM00042111,DEHRADUN,1005.9,sea_level_pressure
2023-10-04 18:00:00,26.7,62.0,1007.8,,28.5845,77.2058,214.9,INI0000VIDD,SAFDARJUNG,1007.8,sea_level_pressure
2023-10-04 18:00:00,26.6,52.0,1009.1,,26.2511,73.0489,218.5,INI0000VIJO,JODHPUR,1009.1,sea_level_pressure
2023-10-04 18:00:00,23.0,83.0,1006.7,938.0,30.3167,78.0333,682.0,INM00042111,DEHRADUN,1006.7,sea_level_pressure
2023-10-04 21:00:00,23.4,78.0,1007.4,,28.5845,77.2058,214.9,INI0000VIDD,SAFDARJUNG,1007.4,sea_level_pressure
2023-10-04 21:00:00,26.6,52.0,1008.3,,26.2511,73.0489,218.5,INI0000VIJO,JODHPUR,1008.3,sea_level_pressure
2023-10-04 21:00:00,21.4,88.0,1007.5,,30.3167,78.0333,682.0,INM00042111,DEHRADUN,1007.5,sea_level_pressure
2023-10-05 00:00:00,21.0,93.0,1006.9,,28.5845,77.2058,214.9,INI0000VIDD,SAFDARJUNG,1006.9,sea_level_pressure
2023-10-05 00:00:00,24.2,62.0,1008.6,,26.2511,73.0489,218.5,INI0000VIJO,JODHPUR,1008.6,sea_level_pressure
2023-10-05 00:00:00,20.6,91.0,1007.1,938.0,30.3167,78.0333,682.0,INM00042111,DEHRADUN,1007.1,sea_level_pressure
2023-10-05 03:00:00,24.6,66.0,1008.7,,28.5845,77.2058,214.9,INI0000VIDD,SAFDARJUNG,1008.7,sea_level_pressure
2023-10-05 03:00:00,26.0,65.0,1010.8,,26.2511,73.0489,218.5,INI0000VIJO,JODHPUR,1010.8,sea_level_pressure
2023-10-05 03:00:00,23.0,83.0,1007.3,938.6,30.3167,78.0333,682.0,INM00042111,DEHRADUN,1007.3,sea_level_pressure
2023-10-05 06:00:00,32.0,51.0,1007.9,,28.5845,77.2058,214.9,INI0000VIDD,SAFDARJUNG,1007.9,sea_level_pressure
2023-10-05 06:00:00,31.7,47.0,1010.3,,26.2511,73.0489,218.5,INI0000VIJO,JODHPUR,1010.3,sea_level_pressure
2023-10-05 06:00:00,30.7,53.0,1005.1,938.3,30.3167,78.0333,682.0,INM00042111,DEHRADUN,1005.1,sea_level_pressure
2023-10-05 09:00:00,34.6,40.0,1004.5,,28.5845,77.2058,214.9,INI0000VIDD,SAFDARJUNG,1004.5,sea_level_pressure
2023-10-05 09:00:00,34.2,32.0,1007.2,,26.2511,73.0489,218.5,INI0000VIJO,JODHPUR,1007.2,sea_level_pressure
2023-10-05 09:00:00,32.2,53.0,1002.1,935.9,30.3167,78.0333,682.0,INM00042111,DEHRADUN,1002.1,sea_level_pressure
2023-10-05 12:00:00,,,,,,,,INI0000VIDD,SAFDARJUNG,,sea_level_pressure
2023-10-05 12:00:00,34.2,34.0,1006.3,,26.2511,73.0489,218.5,INI0000VIJO,JODHPUR,1006.3,sea_level_pressure
2023-10-05 12:00:00,29.6,63.0,1002.3,935.4,30.3167,78.0333,682.0,INM00042111,DEHRADUN,1002.3,sea_level_pressure
2023-10-05 15:00:00,26.8,72.0,1005.7,,28.5845,77.2058,214.9,INI0000VIDD,SAFDARJUNG,1005.7,sea_level_pressure
2023-10-05 15:00:00,30.2,50.0,1007.4,,26.2511,73.0489,218.5,INI0000VIJO,JODHPUR,1007.4,sea_level_pressure
2023-10-05 15:00:00,25.2,81.0,1003.1,926.3,30.3167,78.0333,682.0,INM00042111,DEHRADUN,1003.1,sea_level_pressure
2023-10-05 18:00:00,23.2,81.0,1006.0,,28.5845,77.2058,214.9,INI0000VIDD,SAFDARJUNG,1006.0,sea_level_pressure
2023-10-05 18:00:00,,,,,,,,INI0000VIJO,JODHPUR,,sea_level_pressure
2023-10-05 18:00:00,,,,,,,,INM00042111,DEHRADUN,,sea_level_pressure
2023-10-05 21:00:00,,,,,,,,INI0000VIDD,SAFDARJUNG,,sea_level_pressure
2023-10-05 21:00:00,,,,,,,,INI0000VIJO,JODHPUR,,sea_level_pressure
2023-10-05 21:00:00,21.7,90.0,1004.8,936.0,30.3167,78.0333,682.0,INM00042111,DEHRADUN,1004.8,sea_level_pressure
2023-10-06 00:00:00,20.2,91.0,1005.8,,28.5845,77.2058,214.9,INI0000VIDD,SAFDARJUNG,1005.8,sea_level_pressure
2023-10-06 00:00:00,23.7,71.0,1007.6,,26.2511,73.0489,218.5,INI0000VIJO,JODHPUR,1007.6,sea_level_pressure
2023-10-06 00:00:00,21.5,91.0,1004.3,935.5,30.3167,78.0333,682.0,INM00042111,DEHRADUN,1004.3,sea_level_pressure
2023-10-06 03:00:00,22.6,78.0,1007.4,,28.5845,77.2058,214.9,INI0000VIDD,SAFDARJUNG,1007.4,sea_level_pressure
2023-10-06 03:00:00,25.6,76.0,1009.7,,26.2511,73.0489,218.5,INI0000VIJO,JODHPUR,1009.7,sea_level_pressure
2023-10-06 03:00:00,23.2,82.0,1005.4,937.1,30.3167,78.0333,682.0,INM00042111,DEHRADUN,1005.4,sea_level_pressure
2023-10-06 06:00:00,32.2,46.0,1006.5,,28.5845,77.2058,214.9,INI0000VIDD,SAFDARJUNG,1006.5,sea_level_pressure
2023-10-06 06:00:00,31.2,53.0,1009.0,,26.2511,73.0489,218.5,INI0000VIJO,JODHPUR,1009.0,sea_level_pressure
2023-10-06 06:00:00,30.5,58.0,1004.1,937.3,30.3167,78.0333,682.0,INM00042111,DEHRADUN,1004.1,sea_level_pressure
2023-10-06 09:00:00,34.7,43.0,1003.3,,28.5845,77.2058,214.9,INI0000VIDD,SAFDARJUNG,1003.3,sea_level_pressure
2023-10-06 09:00:00,34.7,39.0,1005.3,,26.2511,73.0489,218.5,INI0000VIJO,JODHPUR,1005.3,sea_level_pressure
2023-10-06 09:00:00,31.4,61.0,1001.7,935.3,30.3167,78.0333,682.0,INM00042111,DEHRADUN,1001.7,sea_level_pressure
2023-10-06 12:00:00,34.5,45.0,1003.4,,28.5845,77.2058,214.9,INI0000VIDD,SAFDARJUNG,1003.4,sea_level_pressure
2023-10-06 12:00:00,33.6,37.0,1006.0,,26.2511,73.0489,218.5,INI0000VIJO,JODHPUR,1006.0,sea_level_pressure
2023-10-06 12:00:00,29.5,65.0,1002.2,935.3,30.3167,78.0333,682.0,INM00042111,DEHRADUN,1002.2,sea_level_pressure
2023-10-06 15:00:00,25.8,73.0,1005.6,,28.5845,77.2058,214.9,INI0000VIDD,SAFDARJUNG,1005.6,sea_level_pressure
2023-10-06 15:00:00,28.7,52.0,1007.3,,26.2511,73.0489,218.5,INI0000VIJO,JODHPUR,1007.3,sea_level_pressure
2023-10-06 15:00:00,25.4,81.0,1004.9,937.0,30.3167,78.0333,682.0,INM00042111,DEHRADUN,1004.9,sea_level_pressure
2023-10-06 18:00:00,24.5,83.0,1006.0,,28.5845,77.2058,214.9,INI0000VIDD,SAFDARJUNG,1006.0,sea_level_pressure
2023-10-06 18:00:00,27.5,53.0,1007.7,,26.2511,73.0489,218.5,INI0000VIJO,JODHPUR,1007.7,sea_level_pressure
2023-10-06 18:00:00,23.5,88.0,1005.7,937.3,30.3167,78.0333,682.0,INM00042111,DEHRADUN,1005.7,sea_level_pressure
2023-10-06 21:00:00,22.8,88.0,1005.9,,28.5845,77.2058,214.9,INI0000VIDD,SAFDARJUNG,1005.9,sea_level_pressure
2023-10-06 21:00:00,26.2,57.0,1006.8,,26.2511,73.0489,218.5,INI0000VIJO,JODHPUR,1006.8,sea_level_pressure
2023-10-06 21:00:00,22.2,93.0,1005.0,936.5,30.3167,78.0333,682.0,INM00042111,DEHRADUN,1005.0,sea_level_pressure
2023-10-07 00:00:00,22.2,91.0,1006.6,,28.5845,77.2058,214.9,INI0000VIDD,SAFDARJUNG,1006.6,sea_level_pressure
2023-10-07 00:00:00,23.7,72.0,1008.0,,26.2511,73.0489,218.5,INI0000VIJO,JODHPUR,1008.0,sea_level_pressure
2023-10-07 00:00:00,22.2,90.0,1005.0,936.5,30.3167,78.0333,682.0,INM00042111,DEHRADUN,1005.0,sea_level_pressure
2023-10-07 03:00:00,26.2,62.0,1008.5,,28.5845,77.2058,214.9,INI0000VIDD,SAFDARJUNG,1008.5,sea_level_pressure
2023-10-07 03:00:00,25.7,75.0,1010.2,,26.2511,73.0489,218.5,INI0000VIJO,JODHPUR,1010.2,sea_level_pressure
2023-10-07 03:00:00,24.2,85.0,1006.8,938.6,30.3167,78.0333,682.0,INM00042111,DEHRADUN,1006.8,sea_level_pressure
2023-10-07 06:00:00,32.2,46.0,1007.6,,28.5845,77.2058,214.9,INI0000VIDD,SAFDARJUNG,1007.6,sea_level_pressure
2023-10-07 06:00:00,30.6,58.0,1009.7,,26.2511,73.0489,218.5,INI0000VIJO,JODHPUR,1009.7,sea_level_pressure
2023-10-07 06:00:00,29.5,61.0,1005.7,938.7,30.3167,78.0333,682.0,INM00042111,DEHRADUN,1005.7,sea_level_pressure
2023-10-07 09:00:00,35.0,45.0,1005.1,,28.5845,77.2058,214.9,INI0000VIDD,SAFDARJUNG,1005.1,sea_level_pressure
2023-10-07 09:00:00,34.0,39.0,1007.2,,26.2511,73.0489,218.5,INI0000VIJO,JODHPUR,1007.2,sea_level_pressure
2023-10-07 09:00:00,31.4,57.0,1003.2,936.8,30.3167,78.0333,682.0,INM00042111,DEHRADUN,1003.2,sea_level_pressure
2023-10-07 12:00:00,33.6,50.0,1005.4,,28.5845,77.2058,214.9,INI0000VIDD,SAFDARJUNG,1005.4,sea_level_pressure
2023-10-07 12:00:00,33.6,40.0,1006.6,,26.2511,73.0489,218.5,INI0000VIJO,JODHPUR,1006.6,sea_level_pressure
2023-10-07 12:00:00,29.2,58.0,1003.1,936.2,30.3167,78.0333,682.0,INM00042111,DEHRADUN,1003.1,sea_level_pressure
2023-10-07 15:00:00,28.4,79.0,1007.2,,28.5845,77.2058,214.9,INI0000VIDD,SAFDARJUNG,1007.2,sea_level_pressure
2023-10-07 15:00:00,29.6,54.0,1009.4,,26.2511,73.0489,218.5,INI0000VIJO,JODHPUR,1009.4,sea_level_pressure
2023-10-07 15:00:00,24.8,81.0,1005.8,937.6,30.3167,78.0333,682.0,INM00042111,DEHRADUN,1005.8,sea_level_pressure
2023-10-07 18:00:00,26.6,86.0,1007.6,,28.5845,77.2058,214.9,INI0000VIDD,SAFDARJUNG,1007.6,sea_level_pressure
2023-10-07 18:00:00,26.7,64.0,1009.8,,26.2511,73.0489,218.5,INI0000VIJO,JODHPUR,1009.8,sea_level_pressure
2023-10-07 18:00:00,22.7,85.0,1006.9,938.2,30.3167,78.0333,682.0,INM00042111,DEHRADUN,1006.9,sea_level_pressure
2023-10-07 21:00:00,25.5,90.0,1007.0,,28.5845,77.2058,214.9,INI0000VIDD,SAFDARJUNG,1007.0,sea_level_pressure
2023-10-07 21:00:00,25.5,67.0,1008.8,,26.2511,73.0489,218.5,INI0000VIJO,JODHPUR,1008.8,sea_level_pressure
2023-10-07 21:00:00,21.6,90.0,1006.0,937.1,30.3167,78.0333,682.0,INM00042111,DEHRADUN,1006.0,sea_level_pressure
2023-10-08 00:00:00,25.2,90.0,1007.0,,28.5845,77.2058,214.9,INI0000VIDD,SAFDARJUNG,1007.0,sea_level_pressure
2023-10-08 00:00:00,24.5,72.0,1009.3,,26.2511,73.0489,218.5,INI0000VIJO,JODHPUR,1009.3,sea_level_pressure
2023-10-08 00:00:00,20.5,92.0,1006.2,937.1,30.3167,78.0333,682.0,INM00042111,DEHRADUN,1006.2,sea_level_pressure
2023-10-08 03:00:00,27.8,60.0,1008.7,,28.5845,77.2058,214.9,INI0000VIDD,SAFDARJUNG,1008.7,sea_level_pressure
2023-10-08 03:00:00,25.7,78.0,1011.1,,26.2511,73.0489,218.5,INI0000VIJO,JODHPUR,1011.1,sea_level_pressure
2023-10-08 03:00:00,22.6,83.0,1007.9,939.2,30.3167,78.0333,682.0,INM00042111,DEHRADUN,1007.9,sea_level_pressure
2023-10-08 06:00:00,31.6,50.0,1008.2,,28.5845,77.2058,214.9,INI0000VIDD,SAFDARJUNG,1008.2,sea_level_pressure
2023-10-08 06:00:00,30.7,62.0,1010.9,,26.2511,73.0489,218.5,INI0000VIJO,JODHPUR,1010.9,sea_level_pressure
2023-10-08 06:00:00,30.0,60.0,1006.0,939.0,30.3167,78.0333,682.0,INM00042111,DEHRADUN,1006.0,sea_level_pressure
2023-10-08 09:00:00,36.2,44.0,1005.5,,28.5845,77.2058,214.9,INI0000VIDD,SAFDARJUNG,1005.5,sea_level_pressure
2023-10-08 09:00:00,34.6,43.0,1007.6,,26.2511,73.0489,218.5,INI0000VIJO,JODHPUR,1007.6,sea_level_pressure
2023-10-08 09:00:00,32.0,53.0,1003.9,937.4,30.3167,78.0333,682.0,INM00042111,DEHRADUN,1003.9,sea_level_pressure
2023-10-08 12:00:00,34.2,54.0,1005.3,,28.5845,77.2058,214.9,INI0000VIDD,SAFDARJUNG,1005.3,sea_level_pressure
2023-10-08 12:00:00,33.6,42.0,1007.7,,26.2511,73.0489,218.5,INI0000VIJO,JODHPUR,1007.7,sea_level_pressure
2023-10-08 12:00:00,28.7,63.0,1004.7,937.5,30.3167,78.0333,682.0,INM00042111,DEHRADUN,1004.7,sea_level_pressure
2023-10-08 15:00:00,29.6,78.0,1007.2,,28.5845,77.2058,214.9,INI0000VIDD,SAFDARJUNG,1007.2,sea_level_pressure
2023-10-08 15:00:00,30.5,54.0,1009.3,,26.2511,73.0489,218.5,INI0000VIJO,JODHPUR,1009.3,sea_level_pressure
2023-10-08 15:00:00,25.4,83.0,1005.3,937.5,30.3167,78.0333,682.0,INM00042111,DEHRADUN,1005.3,sea_level_pressure
2023-10-08 18:00:00,28.2,82.0,1007.9,,28.5845,77.2058,214.9,INI0000VIDD,SAFDARJUNG,1007.9,sea_level_pressure
2023-10-08 18:00:00,27.7,64.0,1009.7,,26.2511,73.0489,218.5,INI0000VIJO,JODHPUR,1009.7,sea_level_pressure
2023-10-08 18:00:00,24.6,87.0,1006.2,938.0,30.3167,78.0333,682.0,INM00042111,DEHRADUN,1006.2,sea_level_pressure
2023-10-08 21:00:00,27.0,87.0,1007.2,,28.5845,77.2058,214.9,INI0000VIDD,SAFDARJUNG,1007.2,sea_level_pressure
2023-10-08 21:00:00,26.6,69.0,1009.2,,26.2511,73.0489,218.5,INI0000VIJO,JODHPUR,1009.2,sea_level_pressure
2023-10-08 21:00:00,22.6,88.0,1006.1,937.5,30.3167,78.0333,682.0,INM00042111,DEHRADUN,1006.1,sea_level_pressure
2023-10-09 00:00:00,25.7,93.0,1007.6,,28.5845,77.2058,214.9,INI0000VIDD,SAFDARJUNG,1007.6,sea_level_pressure
2023-10-09 00:00:00,25.5,75.0,1010.4,,26.2511,73.0489,218.5,INI0000VIJO,JODHPUR,1010.4,sea_level_pressure
2023-10-09 00:00:00,21.2,90.0,1005.8,937.0,30.3167,78.0333,682.0,INM00042111,DEHRADUN,1005.8,sea_level_pressure
2023-10-09 03:00:00,27.8,63.0,1009.8,,28.5845,77.2058,214.9,INI0000VIDD,SAFDARJUNG,1009.8,sea_level_pressure
2023-10-09 03:00:00,26.7,79.0,1012.4,,26.2511,73.0489,218.5,INI0000VIJO,JODHPUR,1012.4,sea_level_pressure
2023-10-09 03:00:00,22.0,86.0,1008.9,939.8,30.3167,78.0333,682.0,INM00042111,DEHRADUN,1008.9,sea_level_pressure
2023-10-09 06:00:00,33.2,49.0,1009.5,,28.5845,77.2058,214.9,INI0000VIDD,SAFDARJUNG,1009.5,sea_level_pressure
2023-10-09 06:00:00,32.0,50.0,1011.7,,26.2511,73.0489,218.5,INI0000VIJO,JODHPUR,1011.7,sea_level_pressure
2023-10-09 06:00:00,31.0,49.0,1007.6,940.7,30.3167,78.0333,682.0,INM00042111,DEHRADUN,1007.6,sea_level_pressure
2023-10-09 09:00:00,36.0,39.0,1006.5,,28.5845,77.2058,214.9,INI0000VIDD,SAFDARJUNG,1006.5,sea_level_pressure
2023-10-09 09:00:00,35.5,31.0,1008.2,,26.2511,73.0489,218.5,INI0000VIJO,JODHPUR,1008.2,sea_level_pressure
2023-10-09 09:00:00,32.6,46.0,1004.1,937.7,30.3167,78.0333,682.0,INM00042111,DEHRADUN,1004.1,sea_level_pressure
2023-10-09 12:00:00,34.5,55.0,1005.5,,28.5845,77.2058,214.9,INI0000VIDD,SAFDARJUNG,1005.5,sea_level_pressure
2023-10-09 12:00:00,33.7,42.0,1007.7,,26.2511,73.0489,218.5,INI0000VIJO,JODHPUR,1007.7,sea_level_pressure
2023-10-09 12:00:00,30.0,60.0,1004.6,937.6,30.3167,78.0333,682.0,INM00042111,DEHRADUN,1004.6,sea_level_pressure
2023-10-09 15:00:00,29.4,72.0,1007.3,,28.5845,77.2058,214.9,INI0000VIDD,SAFDARJUNG,1007.3,sea_level_pressure
2023-10-09 15:00:00,29.7,50.0,1008.9,,26.2511,73.0489,218.5,INI0000VIJO,JODHPUR,1008.9,sea_level_pressure
2023-10-09 15:00:00,24.4,76.0,1007.5,939.2,30.3167,78.0333,682.0,INM00042111,DEHRADUN,1007.5,sea_level_pressure
2023-10-09 18:00:00,28.0,78.0,1008.4,,28.5845,77.2058,214.9,INI0000VIDD,SAFDARJUNG,1008.4,sea_level_pressure
2023-10-09 18:00:00,28.2,56.0,1009.2,,26.2511,73.0489,218.5,INI0000VIJO,JODHPUR,1009.2,sea_level_pressure
2023-10-09 18:00:00,21.7,79.0,1008.7,939.6,30.3167,78.0333,682.0,INM00042111,DEHRADUN,1008.7,sea_level_pressure
2023-10-09 21:00:00,27.0,84.0,1007.9,,28.5845,77.2058,214.9,INI0000VIDD,SAFDARJUNG,1007.9,sea_level_pressure
2023-10-09 21:00:00,27.0,60.0,1008.9,,26.2511,73.0489,218.5,INI0000VIJO,JODHPUR,1008.9,sea_level_pressure
2023-10-09 21:00:00,20.8,84.0,1007.6,938.5,30.3167,78.0333,682.0,INM00042111,DEHRADUN,1007.6,sea_level_pressure
2023-10-10 00:00:00,24.0,86.0,1008.3,,28.5845,77.2058,214.9,INI0000VIDD,SAFDARJUNG,1008.3,sea_level_pressure
2023-10-10 00:00:00,25.5,77.0,1009.8,,26.2511,73.0489,218.5,INI0000VIJO,JODHPUR,1009.8,sea_level_pressure
2023-10-10 00:00:00,18.6,93.0,1008.1,938.5,30.3167,78.0333,682.0,INM00042111,DEHRADUN,1008.1,sea_level_pressure
2023-10-10 03:00:00,27.2,63.0,1010.4,,28.5845,77.2058,214.9,INI0000VIDD,SAFDARJUNG,1010.4,sea_level_pressure
2023-10-10 03:00:00,27.0,80.0,1012.6,,26.2511,73.0489,218.5,INI0000VIJO,JODHPUR,1012.6,sea_level_pressure
2023-10-10 03:00:00,22.8,77.0,1010.1,941.1,30.3167,78.0333,682.0,INM00042111,DEHRADUN,1010.1,sea_level_pressure
2023-10-10 06:00:00,32.7,47.0,1010.6,,28.5845,77.2058,214.9,INI0000VIDD,SAFDARJUNG,1010.6,sea_level_pressure
2023-10-10 06:00:00,31.2,58.0,1012.2,,26.2511,73.0489,218.5,INI0000VIJO,JODHPUR,1012.2,sea_level_pressure
2023-10-10 06:00:00,30.2,50.0,1008.8,941.7,30.3167,78.0333,682.0,INM00042111,DEHRADUN,1008.8,sea_level_pressure
2023-10-10 09:00:00,34.7,46.0,1008.1,,28.5845,77.2058,214.9,INI0000VIDD,SAFDARJUNG,1008.1,sea_level_pressure
2023-10-10 09:00:00,34.6,41.0,1009.1,,26.2511,73.0489,218.5,INI0000VIJO,JODHPUR,1009.1,sea_level_pressure
2023-10-10 09:00:00,,,,,,,,INM00042111,DEHRADUN,,sea_level_pressure
2023-10-10 12:00:00,33.6,46.0,1007.5,,28.5845,77.2058,214.9,INI0000VIDD,SAFDARJUNG,1007.5,sea_level_pressure
2023-10-10 12:00:00,34.4,41.0,1008.4,,26.2511,73.0489,218.5,INI0000VIJO,JODHPUR,1008.4,sea_level_pressure
2023-10-10 12:00:00,29.2,62.0,1005.2,938.2,30.3167,78.0333,682.0,INM00042111,DEHRADUN,1005.2,sea_level_pressure
2023-10-10 15:00:00,26.4,71.0,1008.2,,28.5845,77.2058,214.9,INI0000VIDD,SAFDARJUNG,1008.2,sea_level_pressure
2023-10-10 15:00:00,28.2,65.0,1010.3,,26.2511,73.0489,218.5,INI0000VIJO,JODHPUR,1010.3,sea_level_pressure
2023-10-10 15:00:00,24.4,78.0,1008.0,939.7,30.3167,78.0333,682.0,INM00042111,DEHRADUN,1008.0,sea_level_pressure
2023-10-10 18:00:00,25.0,80.0,1009.2,,28.5845,77.2058,214.9,INI0000VIDD,SAFDARJUNG,1009.2,sea_level_pressure
2023-10-10 18:00:00,28.5,66.0,1011.1,,26.2511,73.0489,218.5,INI0000VIJO,JODHPUR,1011.1,sea_level_pressure
2023-10-10 18:00:00,21.7,85.0,1008.9,939.8,30.3167,78.0333,682.0,INM00042111,DEHRADUN,1008.9,sea_level_pressure
2023-10-10 21:00:00,,,,,,,,INI0000VIDD,SAFDARJUNG,,sea_level_pressure
2023-10-10 21:00:00,26.7,74.0,1010.3,,26.2511,73.0489,218.5,INI0000VIJO,JODHPUR,1010.3,sea_level_pressure
2023-10-10 21:00:00,,,,,,,,INM00042111,DEHRADUN,,sea_level_pressure
2023-10-11 00:00:00,21.7,92.0,1009.6,,28.5845,77.2058,214.9,INI0000VIDD,SAFDARJUNG,1009.6,sea_level_pressure
2023-10-11 00:00:00,25.5,80.0,1010.9,,26.2511,73.0489,218.5,INI0000VIJO,JODHPUR,1010.9,sea_level_pressure
2023-10-11 00:00:00,18.7,89.0,1008.3,938.7,30.3167,78.0333,682.0,INM00042111,DEHRADUN,1008.3,sea_level_pressure
2023-10-11 03:00:00,24.2,81.0,1011.7,,28.5845,77.2058,214.9,INI0000VIDD,SAFDARJUNG,1011.7,sea_level_pressure
2023-10-11 03:00:00,26.5,76.0,1013.0,,26.2511,73.0489,218.5,INI0000VIJO,JODHPUR,1013.0,sea_level_pressure
2023-10-11 03:00:00,20.0,82.0,1010.5,941.0,30.3167,78.0333,682.0,INM00042111,DEHRADUN,1010.5,sea_level_pressure
2023-10-11 06:00:00,31.5,47.0,1011.2,,28.5845,77.2058,214.9,INI0000VIDD,SAFDARJUNG,1011.2,sea_level_pressure
2023-10-11 06:00:00,32.5,59.0,1012.4,,26.2511,73.0489,218.5,INI0000VIJO,JODHPUR,1012.4,sea_level_pressure
2023-10-11 06:00:00,30.2,44.0,1008.3,941.4,30.3167,78.0333,682.0,INM00042111,DEHRADUN,1008.3,sea_level_pressure
2023-10-11 09:00:00,34.8,33.0,1008.5,,28.5845,77.2058,214.9,INI0000VIDD,SAFDARJUNG,1008.5,sea_level_pressure
2023-10-11 09:00:00,35.6,38.0,1009.2,,26.2511,73.0489,218.5,INI0000VIJO,JODHPUR,1009.2,sea_level_pressure
2023-10-11 09:00:00,31.6,49.0,1006.1,939.4,30.3167,78.0333,682.0,INM00042111,DEHRADUN,1006.1,sea_level_pressure
2023-10-11 12:00:00,32.2,40.0,1008.5,,28.5845,77.2058,214.9,INI0000VIDD,SAFDARJUNG,1008.5,sea_level_pressure
2023-10-11 12:00:00,34.5,40.0,1008.8,,26.2511,73.0489,218.5,INI0000VIJO,JODHPUR,1008.8,sea_level_pressure
2023-10-11 12:00:00,28.2,55.0,1006.6,939.2,30.3167,78.0333,682.0,INM00042111,DEHRADUN,1006.6,sea_level_pressure
2023-10-11 15:00:00,24.4,69.0,1010.7,,28.5845,77.2058,214.9,INI0000VIDD,SAFDARJUNG,1010.7,sea_level_pressure
2023-10-11 15:00:00,28.7,57.0,1011.0,,26.2511,73.0489,218.5,INI0000VIJO,JODHPUR,1011.0,sea_level_pressure
2023-10-11 15:00:00,,,,,,,,INM00042111,DEHRADUN,,sea_level_pressure
2023-10-11 18:00:00,22.2,77.0,1011.0,,28.5845,77.2058,214.9,INI0000VIDD,SAFDARJUNG,1011.0,sea_level_pressure
2023-10-11 18:00:00,28.6,54.0,1011.1,,26.2511,73.0489,218.5,INI0000VIJO,JODHPUR,1011.1,sea_level_pressure
2023-10-11 18:00:00,,,,,,,,INM00042111,DEHRADUN,,sea_level_pressure
2023-10-11 21:00:00,21.0,84.0,1010.5,,28.5845,77.2058,214.9,INI0000VIDD,SAFDARJUNG,1010.5,sea_level_pressure
2023-10-11 21:00:00,26.7,66.0,1010.5,,26.2511,73.0489,218.5,INI0000VIJO,JODHPUR,1010.5,sea_level_pressure
2023-10-11 21:00:00,19.0,89.0,1008.9,939.5,30.3167,78.0333,682.0,INM00042111,DEHRADUN,1008.9,sea_level_pressure
2023-10-12 00:00:00,19.0,94.0,1011.2,,28.5845,77.2058,214.9,INI0000VIDD,SAFDARJUNG,1011.2,sea_level_pressure
2023-10-12 00:00:00,26.0,72.0,1011.6,,26.2511,73.0489,218.5,INI0000VIJO,JODHPUR,1011.6,sea_level_pressure
2023-10-12 00:00:00,18.2,89.0,1008.6,939.0,30.3167,78.0333,682.0,INM00042111,DEHRADUN,1008.6,sea_level_pressure
2023-10-12 03:00:00,23.0,74.0,1012.8,,28.5845,77.2058,214.9,INI0000VIDD,SAFDARJUNG,1012.8,sea_level_pressure
2023-10-12 03:00:00,28.0,70.0,1013.0,,26.2511,73.0489,218.5,INI0000VIJO,JODHPUR,1013.0,sea_level_pressure
2023-10-12 03:00:00,20.2,80.0,1011.1,941.7,30.3167,78.0333,682.0,INM00042111,DEHRADUN,1011.1,sea_level_pressure
2023-10-12 06:00:00,32.0,45.0,1012.5,,28.5845,77.2058,214.9,INI0000VIDD,SAFDARJUNG,1012.5,sea_level_pressure
2023-10-12 06:00:00,33.0,47.0,1013.3,,26.2511,73.0489,218.5,INI0000VIJO,JODHPUR,1013.3,sea_level_pressure
2023-10-12 06:00:00,29.2,45.0,1010.1,942.8,30.3167,78.0333,682.0,INM00042111,DEHRADUN,1010.1,sea_level_pressure
2023-10-12 09:00:00,34.2,42.0,1010.4,,28.5845,77.2058,214.9,INI0000VIDD,SAFDARJUNG,1010.4,sea_level_pressure
2023-10-12 09:00:00,35.6,35.0,1010.6,,26.2511,73.0489,218.5,INI0000VIJO,JODHPUR,1010.6,sea_level_pressure
2023-10-12 09:00:00,31.4,49.0,1008.1,941.2,30.3167,78.0333,682.0,INM00042111,DEHRADUN,1008.1,sea_level_pressure
2023-10-12 12:00:00,32.0,50.0,1010.2,,28.5845,77.2058,214.9,INI0000VIDD,SAFDARJUNG,1010.2,sea_level_pressure
2023-10-12 12:00:00,34.7,42.0,1010.5,,26.2511,73.0489,218.5,INI0000VIJO,JODHPUR,1010.5,sea_level_pressure
2023-10-12 12:00:00,28.5,58.0,1008.7,941.2,30.3167,78.0333,682.0,INM00042111,DEHRADUN,1008.7,sea_level_pressure
2023-10-12 15:00:00,26.8,67.0,1011.8,,28.5845,77.2058,214.9,INI0000VIDD,SAFDARJUNG,1011.8,sea_level_pressure
2023-10-12 15:00:00,28.5,60.0,1012.0,,26.2511,73.0489,218.5,INI0000VIJO,JODHPUR,1012.0,sea_level_pressure
2023-10-12 15:00:00,22.0,83.0,1011.7,942.5,30.3167,78.0333,682.0,INM00042111,DEHRADUN,1011.7,sea_level_pressure
2023-10-12 18:00:00,25.6,72.0,1012.4,,28.5845,77.2058,214.9,INI0000VIDD,SAFDARJUNG,1012.4,sea_level_pressure
2023-10-12 18:00:00,27.2,58.0,1012.1,,26.2511,73.0489,218.5,INI0000VIJO,JODHPUR,1012.1,sea_level_pressure
2023-10-12 18:00:00,,,,,,,,INM00042111,DEHRADUN,,sea_level_pressure
2023-10-12 21:00:00,23.4,84.0,1011.7,,28.5845,77.2058,214.9,INI0000VIDD,SAFDARJUNG,1011.7,sea_level_pressure
2023-10-12 21:00:00,25.7,62.0,1011.8,,26.2511,73.0489,218.5,INI0000VIJO,JODHPUR,1011.8,sea_level_pressure
2023-10-12 21:00:00,18.6,89.0,1011.6,941.7,30.3167,78.0333,682.0,INM00042111,DEHRADUN,1011.6,sea_level_pressure
2023-10-13 00:00:00,21.7,97.0,1012.2,,28.5845,77.2058,214.9,INI0000VIDD,SAFDARJUNG,1012.2,sea_level_pressure
2023-10-13 00:00:00,25.7,61.0,1012.1,,26.2511,73.0489,218.5,INI0000VIJO,JODHPUR,1012.1,sea_level_pressure
2023-10-13 00:00:00,17.6,92.0,1011.9,941.7,30.3167,78.0333,682.0,INM00042111,DEHRADUN,1011.9,sea_level_pressure
2023-10-13 03:00:00,24.2,80.0,1013.8,,28.5845,77.2058,214.9,INI0000VIDD,SAFDARJUNG,1013.8,sea_level_pressure
2023-10-13 03:00:00,27.0,59.0,1014.5,,26.2511,73.0489,218.5,INI0000VIJO,JODHPUR,1014.5,sea_level_pressure
2023-10-13 03:00:00,20.4,82.0,1013.2,943.6,30.3167,78.0333,682.0,INM00042111,DEHRADUN,1013.2,sea_level_pressure
2023-10-13 06:00:00,33.6,46.0,1013.0,,28.5845,77.2058,214.9,INI0000VIDD,SAFDARJUNG,1013.0,sea_level_pressure
2023-10-13 06:00:00,32.7,43.0,1014.5,,26.2511,73.0489,218.5,INI0000VIJO,JODHPUR,1014.5,sea_level_pressure
2023-10-13 06:00:00,28.7,51.0,1011.8,944.1,30.3167,78.0333,682.0,INM00042111,DEHRADUN,1011.8,sea_level_pressure
2023-10-13 09:00:00,35.5,43.0,1010.0,,28.5845,77.2058,214.9,INI0000VIDD,SAFDARJUNG,1010.0,sea_level_pressure
2023-10-13 09:00:00,35.5,36.0,1011.0,,26.2511,73.0489,218.5,INI0000VIJO,JODHPUR,1011.0,sea_level_pressure
2023-10-13 09:00:00,31.4,42.0,1008.8,941.9,30.3167,78.0333,682.0,INM00042111,DEHRADUN,1008.8,sea_level_pressure
2023-10-13 12:00:00,33.0,52.0,1009.3,,28.5845,77.2058,214.9,INI0000VIDD,SAFDARJUNG,1009.3,sea_level_pressure
2023-10-13 12:00:00,33.7,39.0,1010.0,,26.2511,73.0489,218.5,INI0000VIJO,JODHPUR,1010.0,sea_level_pressure
2023-10-13 12:00:00,27.6,63.0,1008.5,940.9,30.3167,78.0333,682.0,INM00042111,DEHRADUN,1008.5,sea_level_pressure
2023-10-13 15:00:00,26.2,75.0,1010.6,,28.5845,77.2058,214.9,INI0000VIDD,SAFDARJUNG,1010.6,sea_level_pressure
2023-10-13 15:00:00,27.6,59.0,1012.2,,26.2511,73.0489,218.5,INI0000VIJO,JODHPUR,1012.2,sea_level_pressure
2023-10-13 15:00:00,22.8,80.0,1011.0,942.0,30.3167,78.0333,682.0,INM00042111,DEHRADUN,1011.0,sea_level_pressure
2023-10-13 18:00:00,25.0,82.0,1012.2,,28.5845,77.2058,214.9,INI0000VIDD,SAFDARJUNG,1012.2,sea_level_pressure
2023-10-13 18:00:00,25.6,59.0,1012.4,,26.2511,73.0489,218.5,INI0000VIJO,JODHPUR,1012.4,sea_level_pressure
2023-10-13 18:00:00,20.6,89.0,1011.6,942.2,30.3167,78.0333,682.0,INM00042111,DEHRADUN,1011.6,sea_level_pressure
2023-10-13 21:00:00,24.0,86.0,1011.8,,28.5845,77.2058,214.9,INI0000VIDD,SAFDARJUNG,1011.8,sea_level_pressure
2023-10-13 21:00:00,24.6,61.0,1012.5,,26.2511,73.0489,218.5,INI0000VIJO,JODHPUR,1012.5,sea_level_pressure
2023-10-13 21:00:00,19.6,91.0,1010.9,941.2,30.3167,78.0333,682.0,INM00042111,DEHRADUN,1010.9,sea_level_pressure
2023-10-14 00:00:00,22.2,93.0,1011.7,,28.5845,77.2058,214.9,INI0000VIDD,SAFDARJUNG,1011.7,sea_level_pressure
2023-10-14 00:00:00,23.7,66.0,1011.9,,26.2511,73.0489,218.5,INI0000VIJO,JODHPUR,1011.9,sea_level_pressure
2023-10-14 00:00:00,18.5,92.0,1011.0,941.1,30.3167,78.0333,682.0,INM00042111,DEHRADUN,1011.0,sea_level_pressure
2023-10-14 03:00:00,24.6,83.0,1012.8,,28.5845,77.2058,214.9,INI0000VIDD,SAFDARJUNG,1012.8,sea_level_pressure
2023-10-14 03:00:00,27.2,56.0,1013.9,,26.2511,73.0489,218.5,INI0000VIJO,JODHPUR,1013.9,sea_level_pressure
2023-10-14 03:00:00,20.8,86.0,1012.6,943.2,30.3167,78.0333,682.0,INM00042111,DEHRADUN,1012.6,sea_level_pressure
2023-10-14 06:00:00,34.0,52.0,1012.1,,28.5845,77.2058,214.9,INI0000VIDD,SAFDARJUNG,1012.1,sea_level_pressure
2023-10-14 06:00:00,33.0,44.0,1013.6,,26.2511,73.0489,218.5,INI0000VIJO,JODHPUR,1013.6,sea_level_pressure
2023-10-14 06:00:00,28.5,55.0,1010.8,943.1,30.3167,78.0333,682.0,INM00042111,DEHRADUN,1010.8,sea_level_pressure
2023-10-14 09:00:00,36.0,43.0,1009.2,,28.5845,77.2058,214.9,INI0000VIDD,SAFDARJUNG,1009.2,sea_level_pressure
2023-10-14 09:00:00,34.7,37.0,1010.0,,26.2511,73.0489,218.5,INI0000VIJO,JODHPUR,1010.0,sea_level_pressure
2023-10-14 09:00:00,29.8,55.0,1008.2,941.0,30.3167,78.0333,682.0,INM00042111,DEHRADUN,1008.2,sea_level_pressure
2023-10-14 12:00:00,33.5,49.0,1008.8,,28.5845,77.2058,214.9,INI0000VIDD,SAFDARJUNG,1008.8,sea_level_pressure
2023-10-14 12:00:00,34.2,35.0,1009.3,,26.2511,73.0489,218.5,INI0000VIJO,JODHPUR,1009.3,sea_level_pressure
2023-10-14 12:00:00,27.6,58.0,1008.3,940.6,30.3167,78.0333,682.0,INM00042111,DEHRADUN,1008.3,sea_level_pressure
2023-10-14 15:00:00,26.4,74.0,1010.5,,28.5845,77.2058,214.9,INI0000VIDD,SAFDARJUNG,1010.5,sea_level_pressure
2023-10-14 15:00:00,28.2,57.0,1011.1,,26.2511,73.0489,218.5,INI0000VIJO,JODHPUR,1011.1,sea_level_pressure
2023-10-14 15:00:00,23.4,82.0,1008.6,940.0,30.3167,78.0333,682.0,INM00042111,DEHRADUN,1008.6,sea_level_pressure
2023-10-14 18:00:00,24.7,81.0,1010.9,,28.5845,77.2058,214.9,INI0000VIDD,SAFDARJUNG,1010.9,sea_level_pressure
2023-10-14 18:00:00,28.2,57.0,1011.2,,26.2511,73.0489,218.5,INI0000VIJO,JODHPUR,1011.2,sea_level_pressure
2023-10-14 18:00:00,21.7,87.0,1009.4,940.3,30.3167,78.0333,682.0,INM00042111,DEHRADUN,1009.4,sea_level_pressure
2023-10-14 21:00:00,23.6,88.0,1009.2,,28.5845,77.2058,214.9,INI0000VIDD,SAFDARJUNG,1009.2,sea_level_pressure
2023-10-14 21:00:00,27.7,71.0,1010.5,,26.2511,73.0489,218.5,INI0000VIJO,JODHPUR,1010.5,sea_level_pressure
2023-10-14 21:00:00,20.0,86.0,1007.9,938.8,30.3167,78.0333,682.0,INM00042111,DEHRADUN,1007.9,sea_level_pressure
2023-10-15 00:00:00,22.6,93.0,1009.0,,28.5845,77.2058,214.9,INI0000VIDD,SAFDARJUNG,1009.0,sea_level_pressure
2023-10-15 00:00:00,26.0,76.0,1010.3,,26.2511,73.0489,218.5,INI0000VIJO,JODHPUR,1010.3,sea_level_pressure
2023-10-15 00:00:00,19.5,90.0,1003.2,938.9,30.3167,78.0333,682.0,INM00042111,DEHRADUN,1003.2,sea_level_pressure
2023-10-15 03:00:00,26.0,75.0,1011.5,,28.5845,77.2058,214.9,INI0000VIDD,SAFDARJUNG,1011.5,sea_level_pressure
2023-10-15 03:00:00,26.5,70.0,1012.0,,26.2511,73.0489,218.5,INI0000VIJO,JODHPUR,1012.0,sea_level_pressure
2023-10-15 03:00:00,21.6,81.0,1010.3,941.2,30.3167,78.0333,682.0,INM00042111,DEHRADUN,1010.3,sea_level_pressure
2023-10-15 06:00:00,29.2,57.0,1011.0,,28.5845,77.2058,214.9,INI0000VIDD,SAFDARJUNG,1011.0,sea_level_pressure
2023-10-15 06:00:00,31.7,52.0,1011.3,,26.2511,73.0489,218.5,INI0000VIJO,JODHPUR,1011.3,sea_level_pressure
2023-10-15 06:00:00,27.5,55.0,1009.3,941.5,30.3167,78.0333,682.0,INM00042111,DEHRADUN,1009.3,sea_level_pressure
2023-10-15 09:00:00,33.6,50.0,1007.6,,28.5845,77.2058,214.9,INI0000VIDD,SAFDARJUNG,1007.6,sea_level_pressure
2023-10-15 09:00:00,34.7,29.0,1007.7,,26.2511,73.0489,218.5,INI0000VIJO,JODHPUR,1007.7,sea_level_pressure
2023-10-15 09:00:00,32.0,32.0,1005.1,938.5,30.3167,78.0333,682.0,INM00042111,DEHRADUN,1005.1,sea_level_pressure
2023-10-15 12:00:00,32.5,60.0,1006.9,,28.5845,77.2058,214.9,INI0000VIDD,SAFDARJUNG,1006.9,sea_level_pressure
2023-10-15 12:00:00,33.6,30.0,1007.1,,26.2511,73.0489,218.5,INI0000VIJO,JODHPUR,1007.1,sea_level_pressure
2023-10-15 12:00:00,28.0,52.0,1005.9,938.4,30.3167,78.0333,682.0,INM00042111,DEHRADUN,1005.9,sea_level_pressure
2023-10-15 15:00:00,26.2,79.0,1009.0,,28.5845,77.2058,214.9,INI0000VIDD,SAFDARJUNG,1009.0,sea_level_pressure
2023-10-15 15:00:00,29.6,41.0,1009.3,,26.2511,73.0489,218.5,INI0000VIJO,JODHPUR,1009.3,sea_level_pressure
2023-10-15 15:00:00,21.6,78.0,1009.4,940.3,30.3167,78.0333,682.0,INM00042111,DEHRADUN,1009.4,sea_level_pressure
2023-10-15 18:00:00,25.2,82.0,1009.4,,28.5845,77.2058,214.9,INI0000VIDD,SAFDARJUNG,1009.4,sea_level_pressure
2023-10-15 18:00:00,27.6,48.0,1009.9,,26.2511,73.0489,218.5,INI0000VIJO,JODHPUR,1009.9,sea_level_pressure
2023-10-15 18:00:00,20.0,84.0,1010.3,940.7,30.3167,78.0333,682.0,INM00042111,DEHRADUN,1010.3,sea_level_pressure
2023-10-15 21:00:00,24.0,87.0,1008.2,,28.5845,77.2058,214.9,INI0000VIDD,SAFDARJUNG,1008.2,sea_level_pressure
2023-10-15 21:00:00,26.5,53.0,1009.2,,26.2511,73.0489,218.5,INI0000VIJO,JODHPUR,1009.2,sea_level_pressure
2023-10-15 21:00:00,19.0,85.0,1009.7,939.9,30.3167,78.0333,682.0,INM00042111,DEHRADUN,1009.7,sea_level_pressure
2023-10-16 00:00:00,22.6,84.0,1009.7,,28.5845,77.2058,214.9,INI0000VIDD,SAFDARJUNG,1009.7,sea_level_pressure
2023-10-16 00:00:00,25.6,65.0,1010.1,,26.2511,73.0489,218.5,INI0000VIJO,JODHPUR,1010.1,sea_level_pressure
2023-10-16 00:00:00,18.0,89.0,1009.9,939.9,30.3167,78.0333,682.0,INM00042111,DEHRADUN,1009.9,sea_level_pressure
2023-10-16 03:00:00,26.2,68.0,1011.2,,28.5845,77.2058,214.9,INI0000VIDD,SAFDARJUNG,1011.2,sea_level_pressure
2023-10-16 03:00:00,22.6,90.0,1011.2,,26.2511,73.0489,218.5,INI0000VIJO,JODHPUR,1011.2,sea_level_pressure
2023-10-16 03:00:00,20.2,80.0,1011.2,941.8,30.3167,78.0333,682.0,INM00042111,DEHRADUN,1011.2,sea_level_pressure
2023-10-16 06:00:00,28.6,75.0,1011.2,,28.5845,77.2058,214.9,INI0000VIDD,SAFDARJUNG,1011.2,sea_level_pressure
2023-10-16 06:00:00,27.2,62.0,1011.7,,26.2511,73.0489,218.5,INI0000VIJO,JODHPUR,1011.7,sea_level_pressure
2023-10-16 06:00:00,17.0,96.0,1016.4,945.7,30.3167,78.0333,682.0,INM00042111,DEHRADUN,1016.4,sea_level_pressure
2023-10-16 09:00:00,29.4,62.0,1010.5,,28.5845,77.2058,214.9,INI0000VIDD,SAFDARJUNG,1010.5,sea_level_pressure
2023-10-16 09:00:00,31.6,44.0,1008.5,,26.2511,73.0489,218.5,INI0000VIJO,JODHPUR,1008.5,sea_level_pressure
2023-10-16 09:00:00,17.8,85.0,1014.3,944.0,30.3167,78.0333,682.0,INM00042111,DEHRADUN,1014.3,sea_level_pressure
2023-10-16 12:00:00,26.2,59.0,1009.6,,28.5845,77.2058,214.9,INI0000VIDD,SAFDARJUNG,1009.6,sea_level_pressure
2023-10-16 12:00:00,28.6,60.0,1009.4,,26.2511,73.0489,218.5,INI0000VIJO,JODHPUR,1009.4,sea_level_pressure
2023-10-16 12:00:00,18.5,83.0,1011.5,941.6,30.3167,78.0333,682.0,INM00042111,DEHRADUN,1011.5,sea_level_pressure
2023-10-16 15:00:00,24.2,56.0,1012.4,,28.5845,77.2058,214.9,INI0000VIDD,SAFDARJUNG,1012.4,sea_level_pressure
2023-10-16 15:00:00,20.7,91.0,1012.1,,26.2511,73.0489,218.5,INI0000VIJO,JODHPUR,1012.1,sea_level_pressure
2023-10-16 15:00:00,16.0,84.0,1013.3,942.6,30.3167,78.0333,682.0,INM00042111,DEHRADUN,1013.3,sea_level_pressure
2023-10-16 18:00:00,21.5,80.0,1016.7,,28.5845,77.2058,214.9,INI0000VIDD,SAFDARJUNG,1016.7,sea_level_pressure
2023-10-16 18:00:00,24.0,63.0,1011.2,,26.2511,73.0489,218.5,INI0000VIJO,JODHPUR,1011.2,sea_level_pressure
2023-10-16 18:00:00,15.7,86.0,1013.5,942.8,30.3167,78.0333,682.0,INM00042111,DEHRADUN,1013.5,sea_level_pressure
2023-10-16 21:00:00,18.8,94.0,1013.2,,28.5845,77.2058,214.9,INI0000VIDD,SAFDARJUNG,1013.2,sea_level_pressure
2023-10-16 21:00:00,22.2,68.0,1011.7,,26.2511,73.0489,218.5,INI0000VIJO,JODHPUR,1011.7,sea_level_pressure
2023-10-16 21:00:00,15.8,88.0,1015.1,944.3,30.3167,78.0333,682.0,INM00042111,DEHRADUN,1015.1,sea_level_pressure
2023-10-17 00:00:00,19.2,91.0,1014.0,,28.5845,77.2058,214.9,INI0000VIDD,SAFDARJUNG,1014.0,sea_level_pressure
2023-10-17 00:00:00,21.2,73.0,1013.2,,26.2511,73.0489,218.5,INI0000VIJO,JODHPUR,1013.2,sea_level_pressure
2023-10-17 00:00:00,15.6,91.0,1013.9,943.1,30.3167,78.0333,682.0,INM00042111,DEHRADUN,1013.9,sea_level_pressure
2023-10-17 03:00:00,21.6,81.0,1016.1,,28.5845,77.2058,214.9,INI0000VIDD,SAFDARJUNG,1016.1,sea_level_pressure
2023-10-17 03:00:00,21.6,77.0,1014.7,,26.2511,73.0489,218.5,INI0000VIJO,JODHPUR,1014.7,sea_level_pressure
2023-10-17 03:00:00,17.0,86.0,1016.9,946.2,30.3167,78.0333,682.0,INM00042111,DEHRADUN,1016.9,sea_level_pressure
2023-10-17 06:00:00,24.2,68.0,1018.9,,28.5845,77.2058,214.9,INI0000VIDD,SAFDARJUNG,1018.9,sea_level_pressure
2023-10-17 06:00:00,28.5,44.0,1014.7,,26.2511,73.0489,218.5,INI0000VIJO,JODHPUR,1014.7,sea_level_pressure
2023-10-17 06:00:00,25.5,57.0,1014.5,946.0,30.3167,78.0333,682.0,INM00042111,DEHRADUN,1014.5,sea_level_pressure
2023-10-17 09:00:00,25.6,60.0,1014.6,,28.5845,77.2058,214.9,INI0000VIDD,SAFDARJUNG,1014.6,sea_level_pressure
2023-10-17 09:00:00,32.0,37.0,1011.7,,26.2511,73.0489,218.5,INI0000VIJO,JODHPUR,1011.7,sea_level_pressure
2023-10-17 09:00:00,26.6,47.0,1012.1,943.9,30.3167,78.0333,682.0,INM00042111,DEHRADUN,1012.1,sea_level_pressure
2023-10-17 12:00:00,24.6,68.0,1014.3,,28.5845,77.2058,214.9,INI0000VIDD,SAFDARJUNG,1014.3,sea_level_pressure
2023-10-17 12:00:00,29.7,46.0,1012.0,,26.2511,73.0489,218.5,INI0000VIJO,JODHPUR,1012.0,sea_level_pressure
2023-10-17 12:00:00,25.2,64.0,1012.1,943.7,30.3167,78.0333,682.0,INM00042111,DEHRADUN,1012.1,sea_level_pressure
2023-10-17 15:00:00,22.4,81.0,1015.2,,28.5845,77.2058,214.9,INI0000VIDD,SAFDARJUNG,1015.2,sea_level_pressure
2023-10-17 15:00:00,26.6,57.0,1013.4,,26.2511,73.0489,218.5,INI0000VIJO,JODHPUR,1013.4,sea_level_pressure
2023-10-17 15:00:00,19.4,80.0,1013.8,944.0,30.3167,78.0333,682.0,INM00042111,DEHRADUN,1013.8,sea_level_pressure
2023-10-17 18:00:00,,,,,,,,INI0000VIDD,SAFDARJUNG,,sea_level_pressure
2023-10-17 18:00:00,25.0,58.0,1014.7,,26.2511,73.0489,218.5,INI0000VIJO,JODHPUR,1014.7,sea_level_pressure
2023-10-17 18:00:00,17.6,88.0,1014.8,944.5,30.3167,78.0333,682.0,INM00042111,DEHRADUN,1014.8,sea_level_pressure
2023-10-17 21:00:00,19.4,96.0,1014.5,,28.5845,77.2058,214.9,INI0000VIDD,SAFDARJUNG,1014.5,sea_level_pressure
2023-10-17 21:00:00,23.7,60.0,1014.3,,26.2511,73.0489,218.5,INI0000VIJO,JODHPUR,1014.3,sea_level_pressure
2023-10-17 21:00:00,15.6,91.0,1013.7,943.0,30.3167,78.0333,682.0,INM00042111,DEHRADUN,1013.7,sea_level_pressure
2023-10-18 00:00:00,18.5,96.0,1014.5,,28.5845,77.2058,214.9,INI0000VIDD,SAFDARJUNG,1014.5,sea_level_pressure
2023-10-18 00:00:00,22.7,70.0,1014.6,,26.2511,73.0489,218.5,INI0000VIJO,JODHPUR,1014.6,sea_level_pressure
2023-10-18 00:00:00,14.7,88.0,1013.7,942.8,30.3167,78.0333,682.0,INM00042111,DEHRADUN,1013.7,sea_level_pressure
2023-10-18 03:00:00,20.8,82.0,1016.4,,28.5845,77.2058,214.9,INI0000VIDD,SAFDARJUNG,1016.4,sea_level_pressure
2023-10-18 03:00:00,24.2,63.0,1016.8,,26.2511,73.0489,218.5,INI0000VIJO,JODHPUR,1016.8,sea_level_pressure
2023-10-18 03:00:00,16.4,82.0,1015.2,944.6,30.3167,78.0333,682.0,INM00042111,DEHRADUN,1015.2,sea_level_pressure
2023-10-18 06:00:00,28.6,38.0,1016.4,,28.5845,77.2058,214.9,INI0000VIDD,SAFDARJUNG,1016.4,sea_level_pressure
2023-10-18 06:00:00,30.0,44.0,1016.6,,26.2511,73.0489,218.5,INI0000VIJO,JODHPUR,1016.6,sea_level_pressure
2023-10-18 06:00:00,25.7,50.0,1013.9,945.4,30.3167,78.0333,682.0,INM00042111,DEHRADUN,1013.9,sea_level_pressure
2023-10-18 09:00:00,30.2,37.0,1013.2,,28.5845,77.2058,214.9,INI0000VIDD,SAFDARJUNG,1013.2,sea_level_pressure
2023-10-18 09:00:00,31.6,38.0,1013.6,,26.2511,73.0489,218.5,INI0000VIJO,JODHPUR,1013.6,sea_level_pressure
2023-10-18 09:00:00,28.0,43.0,1010.9,943.1,30.3167,78.0333,682.0,INM00042111,DEHRADUN,1010.9,sea_level_pressure
2023-10-18 12:00:00,,,,,,,,INI0000VIDD,SAFDARJUNG,,sea_level_pressure
2023-10-18 12:00:00,31.5,40.0,1013.0,,26.2511,73.0489,218.5,INI0000VIJO,JODHPUR,1013.0,sea_level_pressure
2023-10-18 12:00:00,24.7,50.0,1011.1,942.6,30.3167,78.0333,682.0,INM00042111,DEHRADUN,1011.1,sea_level_pressure
2023-10-18 15:00:00,22.2,74.0,1014.8,,28.5845,77.2058,214.9,INI0000VIDD,SAFDARJUNG,1014.8,sea_level_pressure
2023-10-18 15:00:00,27.2,51.0,1014.4,,26.2511,73.0489,218.5,INI0000VIJO,JODHPUR,1014.4,sea_level_pressure
2023-10-18 15:00:00,19.0,83.0,1014.2,944.1,30.3167,78.0333,682.0,INM00042111,DEHRADUN,1014.2,sea_level_pressure
2023-10-18 18:00:00,20.0,85.0,1014.8,,28.5845,77.2058,214.9,INI0000VIDD,SAFDARJUNG,1014.8,sea_level_pressure
2023-10-18 18:00:00,25.6,56.0,1014.6,,26.2511,73.0489,218.5,INI0000VIJO,JODHPUR,1014.6,sea_level_pressure
2023-10-18 18:00:00,16.6,88.0,1014.2,943.6,30.3167,78.0333,682.0,INM00042111,DEHRADUN,1014.2,sea_level_pressure
2023-10-18 21:00:00,18.8,92.0,1013.1,,28.5845,77.2058,214.9,INI0000VIDD,SAFDARJUNG,1013.1,sea_level_pressure
2023-10-18 21:00:00,24.2,60.0,1014.2,,26.2511,73.0489,218.5,INI0000VIJO,JODHPUR,1014.2,sea_level_pressure
2023-10-18 21:00:00,14.4,90.0,1013.0,942.1,30.3167,78.0333,682.0,INM00042111,DEHRADUN,1013.0,sea_level_pressure
2023-10-19 00:00:00,17.2,94.0,1014.5,,28.5845,77.2058,214.9,INI0000VIDD,SAFDARJUNG,1014.5,sea_level_pressure
2023-10-19 00:00:00,21.2,72.0,1014.8,,26.2511,73.0489,218.5,INI0000VIJO,JODHPUR,1014.8,sea_level_pressure
2023-10-19 00:00:00,14.0,94.0,1014.1,942.9,30.3167,78.0333,682.0,INM00042111,DEHRADUN,1014.1,sea_level_pressure
2023-10-19 03:00:00,20.6,80.0,1016.5,,28.5845,77.2058,214.9,INI0000VIDD,SAFDARJUNG,1016.5,sea_level_pressure
2023-10-19 03:00:00,23.6,63.0,1016.1,,26.2511,73.0489,218.5,INI0000VIJO,JODHPUR,1016.1,sea_level_pressure
2023-10-19 03:00:00,16.6,82.0,1015.3,944.7,30.3167,78.0333,682.0,INM00042111,DEHRADUN,1015.3,sea_level_pressure
2023-10-19 06:00:00,26.6,51.0,1016.1,,28.5845,77.2058,214.9,INI0000VIDD,SAFDARJUNG,1016.1,sea_level_pressure
2023-10-19 06:00:00,30.7,40.0,1015.8,,26.2511,73.0489,218.5,INI0000VIJO,JODHPUR,1015.8,sea_level_pressure
2023-10-19 06:00:00,24.6,54.0,1013.8,945.0,30.3167,78.0333,682.0,INM00042111,DEHRADUN,1013.8,sea_level_pressure
2023-10-19 09:00:00,29.4,35.0,1013.3,,28.5845,77.2058,214.9,INI0000VIDD,SAFDARJUNG,1013.3,sea_level_pressure
2023-10-19 09:00:00,32.5,30.0,1012.5,,26.2511,73.0489,218.5,INI0000VIJO,JODHPUR,1012.5,sea_level_pressure
2023-10-19 09:00:00,28.2,47.0,1010.5,943.0,30.3167,78.0333,682.0,INM00042111,DEHRADUN,1010.5,sea_level_pressure
2023-10-19 12:00:00,28.5,44.0,1012.5,,28.5845,77.2058,214.9,INI0000VIDD,SAFDARJUNG,1012.5,sea_level_pressure
2023-10-19 12:00:00,31.5,39.0,1011.9,,26.2511,73.0489,218.5,INI0000VIJO,JODHPUR,1011.9,sea_level_pressure
2023-10-19 12:00:00,25.0,62.0,1010.5,942.0,30.3167,78.0333,682.0,INM00042111,DEHRADUN,1010.5,sea_level_pressure
2023-10-19 15:00:00,21.8,72.0,1014.5,,28.5845,77.2058,214.9,INI0000VIDD,SAFDARJUNG,1014.5,sea_level_pressure
2023-10-19 15:00:00,25.0,64.0,1014.4,,26.2511,73.0489,218.5,INI0000VIJO,JODHPUR,1014.4,sea_level_pressure
2023-10-19 15:00:00,19.2,85.0,1013.0,943.3,30.3167,78.0333,682.0,INM00042111,DEHRADUN,1013.0,sea_level_pressure
2023-10-19 18:00:00,19.6,83.0,1015.1,,28.5845,77.2058,214.9,INI0000VIDD,SAFDARJUNG,1015.1,sea_level_pressure
2023-10-19 18:00:00,24.0,65.0,1014.5,,26.2511,73.0489,218.5,INI0000VIJO,JODHPUR,1014.5,sea_level_pressure
2023-10-19 18:00:00,17.0,90.0,1014.3,943.7,30.3167,78.0333,682.0,INM00042111,DEHRADUN,1014.3,sea_level_pressure
2023-10-19 21:00:00,18.2,92.0,1014.5,,28.5845,77.2058,214.9,INI0000VIDD,SAFDARJUNG,1014.5,sea_level_pressure
2023-10-19 21:00:00,22.7,70.0,1013.9,,26.2511,73.0489,218.5,INI0000VIJO,JODHPUR,1013.9,sea_level_pressure
2023-10-19 21:00:00,14.6,94.0,1014.6,943.5,30.3167,78.0333,682.0,INM00042111,DEHRADUN,1014.6,sea_level_pressure
2023-10-20 00:00:00,17.6,94.0,1015.4,,28.5845,77.2058,214.9,INI0000VIDD,SAFDARJUNG,1015.4,sea_level_pressure
2023-10-20 00:00:00,21.7,68.0,1014.7,,26.2511,73.0489,218.5,INI0000VIJO,JODHPUR,1014.7,sea_level_pressure
2023-10-20 00:00:00,14.7,94.0,1014.8,943.7,30.3167,78.0333,682.0,INM00042111,DEHRADUN,1014.8,sea_level_pressure
2023-10-20 03:00:00,20.2,89.0,1017.2,,28.5845,77.2058,214.9,INI0000VIDD,SAFDARJUNG,1017.2,sea_level_pressure
2023-10-20 03:00:00,24.5,56.0,1016.2,,26.2511,73.0489,218.5,INI0000VIJO,JODHPUR,1016.2,sea_level_pressure
2023-10-20 03:00:00,17.0,81.0,1016.5,945.8,30.3167,78.0333,682.0,INM00042111,DEHRADUN,1016.5,sea_level_pressure
2023-10-20 06:00:00,28.0,47.0,1016.0,,28.5845,77.2058,214.9,INI0000VIDD,SAFDARJUNG,1016.0,sea_level_pressure
2023-10-20 06:00:00,31.2,40.0,1015.5,,26.2511,73.0489,218.5,INI0000VIJO,JODHPUR,1015.5,sea_level_pressure
2023-10-20 06:00:00,26.6,48.0,1014.0,945.7,30.3167,78.0333,682.0,INM00042111,DEHRADUN,1014.0,sea_level_pressure
2023-10-20 09:00:00,30.6,38.0,1013.4,,28.5845,77.2058,214.9,INI0000VIDD,SAFDARJUNG,1013.4,sea_level_pressure
2023-10-20 09:00:00,33.5,34.0,1012.5,,26.2511,73.0489,218.5,INI0000VIJO,JODHPUR,1012.5,sea_level_pressure
2023-10-20 09:00:00,29.0,50.0,1011.0,943.5,30.3167,78.0333,682.0,INM00042111,DEHRADUN,1011.0,sea_level_pressure
2023-10-20 12:00:00,28.6,45.0,1014.6,,28.5845,77.2058,214.9,INI0000VIDD,SAFDARJUNG,1014.6,sea_level_pressure
2023-10-20 12:00:00,33.5,38.0,1011.7,,26.2511,73.0489,218.5,INI0000VIJO,JODHPUR,1011.7,sea_level_pressure
2023-10-20 12:00:00,25.0,62.0,1011.7,943.1,30.3167,78.0333,682.0,INM00042111,DEHRADUN,1011.7,sea_level_pressure
2023-10-20 15:00:00,21.4,75.0,1014.9,,28.5845,77.2058,214.9,INI0000VIDD,SAFDARJUNG,1014.9,sea_level_pressure
2023-10-20 15:00:00,25.5,67.0,1014.0,,26.2511,73.0489,218.5,INI0000VIJO,JODHPUR,1014.0,sea_level_pressure
2023-10-20 15:00:00,19.0,82.0,1014.4,944.3,30.3167,78.0333,682.0,INM00042111,DEHRADUN,1014.4,sea_level_pressure
2023-10-20 18:00:00,19.2,87.0,1015.1,,28.5845,77.2058,214.9,INI0000VIDD,SAFDARJUNG,1015.1,sea_level_pressure
2023-10-20 18:00:00,23.6,72.0,1014.4,,26.2511,73.0489,218.5,INI0000VIJO,JODHPUR,1014.4,sea_level_pressure
2023-10-20 18:00:00,17.0,90.0,1015.1,944.5,30.3167,78.0333,682.0,INM00042111,DEHRADUN,1015.1,sea_level_pressure
2023-10-20 21:00:00,17.8,92.0,1014.7,,28.5845,77.2058,214.9,INI0000VIDD,SAFDARJUNG,1014.7,sea_level_pressure
2023-10-20 21:00:00,22.6,71.0,1014.0,,26.2511,73.0489,218.5,INI0000VIJO,JODHPUR,1014.0,sea_level_pressure
2023-10-20 21:00:00,15.7,89.0,1014.7,943.9,30.3167,78.0333,682.0,INM00042111,DEHRADUN,1014.7,sea_level_pressure
2023-10-21 00:00:00,17.2,94.0,1015.5,,28.5845,77.2058,214.9,INI0000VIDD,SAFDARJUNG,1015.5,sea_level_pressure
2023-10-21 00:00:00,21.2,68.0,1014.2,,26.2511,73.0489,218.5,INI0000VIJO,JODHPUR,1014.2,sea_level_pressure
2023-10-21 00:00:00,14.7,90.0,1014.7,943.7,30.3167,78.0333,682.0,INM00042111,DEHRADUN,1014.7,sea_level_pressure
2023-10-21 03:00:00,20.6,84.0,1017.6,,28.5845,77.2058,214.9,INI0000VIDD,SAFDARJUNG,1017.6,sea_level_pressure
2023-10-21 03:00:00,24.2,56.0,1016.3,,26.2511,73.0489,218.5,INI0000VIJO,JODHPUR,1016.3,sea_level_pressure
2023-10-21 03:00:00,17.2,79.0,1016.8,946.3,30.3167,78.0333,682.0,INM00042111,DEHRADUN,1016.8,sea_level_pressure
2023-10-21 06:00:00,28.2,47.0,1016.9,,28.5845,77.2058,214.9,INI0000VIDD,SAFDARJUNG,1016.9,sea_level_pressure
2023-10-21 06:00:00,31.2,37.0,1015.8,,26.2511,73.0489,218.5,INI0000VIJO,JODHPUR,1015.8,sea_level_pressure
2023-10-21 06:00:00,26.2,54.0,1015.0,946.7,30.3167,78.0333,682.0,INM00042111,DEHRADUN,1015.0,sea_level_pressure
2023-10-21 09:00:00,31.0,36.0,1014.0,,28.5845,77.2058,214.9,INI0000VIDD,SAFDARJUNG,1014.0,sea_level_pressure
2023-10-21 09:00:00,34.7,30.0,1012.9,,26.2511,73.0489,218.5,INI0000VIJO,JODHPUR,1012.9,sea_level_pressure
2023-10-21 09:00:00,28.0,46.0,1012.6,944.7,30.3167,78.0333,682.0,INM00042111,DEHRADUN,1012.6,sea_level_pressure
2023-10-21 12:00:00,29.6,50.0,1013.5,,28.5845,77.2058,214.9,INI0000VIDD,SAFDARJUNG,1013.5,sea_level_pressure
2023-10-21 12:00:00,32.7,42.0,1012.4,,26.2511,73.0489,218.5,INI0000VIJO,JODHPUR,1012.4,sea_level_pressure
2023-10-21 12:00:00,25.5,67.0,1012.5,944.1,30.3167,78.0333,682.0,INM00042111,DEHRADUN,1012.5,sea_level_pressure
2023-10-21 15:00:00,22.2,76.0,1015.1,,28.5845,77.2058,214.9,INI0000VIDD,SAFDARJUNG,1015.1,sea_level_pressure
2023-10-21 15:00:00,25.7,62.0,1014.1,,26.2511,73.0489,218.5,INI0000VIJO,JODHPUR,1014.1,sea_level_pressure
2023-10-21 15:00:00,19.6,80.0,1015.3,945.4,30.3167,78.0333,682.0,INM00042111,DEHRADUN,1015.3,sea_level_pressure
2023-10-21 18:00:00,20.0,85.0,1015.8,,28.5845,77.2058,214.9,INI0000VIDD,SAFDARJUNG,1015.8,sea_level_pressure
2023-10-21 18:00:00,24.5,68.0,1014.6,,26.2511,73.0489,218.5,INI0000VIJO,JODHPUR,1014.6,sea_level_pressure
2023-10-21 18:00:00,17.0,90.0,1016.2,945.5,30.3167,78.0333,682.0,INM00042111,DEHRADUN,1016.2,sea_level_pressure
2023-10-21 21:00:00,19.0,91.0,1015.3,,28.5845,77.2058,214.9,INI0000VIDD,SAFDARJUNG,1015.3,sea_level_pressure
2023-10-21 21:00:00,23.2,73.0,1014.3,,26.2511,73.0489,218.5,INI0000VIJO,JODHPUR,1014.3,sea_level_pressure
2023-10-21 21:00:00,16.0,94.0,1015.7,944.8,30.3167,78.0333,682.0,INM00042111,DEHRADUN,1015.7,sea_level_pressure
2023-10-22 00:00:00,17.5,91.0,1016.5,,28.5845,77.2058,214.9,INI0000VIDD,SAFDARJUNG,1016.5,sea_level_pressure
2023-10-22 00:00:00,24.2,59.0,1014.1,,26.2511,73.0489,218.5,INI0000VIJO,JODHPUR,1014.1,sea_level_pressure
2023-10-22 00:00:00,15.0,91.0,1016.5,945.3,30.3167,78.0333,682.0,INM00042111,DEHRADUN,1016.5,sea_level_pressure
2023-10-22 03:00:00,20.2,84.0,1017.9,,28.5845,77.2058,214.9,INI0000VIDD,SAFDARJUNG,1017.9,sea_level_pressure
2023-10-22 03:00:00,25.2,52.0,1016.1,,26.2511,73.0489,218.5,INI0000VIJO,JODHPUR,1016.1,sea_level_pressure
2023-10-22 03:00:00,17.8,83.0,1017.7,947.2,30.3167,78.0333,682.0,INM00042111,DEHRADUN,1017.7,sea_level_pressure
2023-10-22 06:00:00,28.5,49.0,1017.0,,28.5845,77.2058,214.9,INI0000VIDD,SAFDARJUNG,1017.0,sea_level_pressure
2023-10-22 06:00:00,32.0,38.0,1015.8,,26.2511,73.0489,218.5,INI0000VIJO,JODHPUR,1015.8,sea_level_pressure
2023-10-22 06:00:00,,,,,,,,INM00042111,DEHRADUN,,sea_level_pressure
2023-10-22 09:00:00,30.8,37.0,1013.9,,28.5845,77.2058,214.9,INI0000VIDD,SAFDARJUNG,1013.9,sea_level_pressure
2023-10-22 09:00:00,34.7,31.0,1013.0,988.7,26.2511,73.0489,218.5,INI0000VIJO,JODHPUR,1013.0,sea_level_pressure
2023-10-22 09:00:00,27.8,56.0,1012.6,944.6,30.3167,78.0333,682.0,INM00042111,DEHRADUN,1012.6,sea_level_pressure
2023-10-22 12:00:00,27.7,50.0,1013.4,,28.5845,77.2058,214.9,INI0000VIDD,SAFDARJUNG,1013.4,sea_level_pressure
2023-10-22 12:00:00,33.0,33.0,1012.5,,26.2511,73.0489,218.5,INI0000VIJO,JODHPUR,1012.5,sea_level_pressure
2023-10-22 12:00:00,23.2,62.0,1013.0,944.1,30.3167,78.0333,682.0,INM00042111,DEHRADUN,1013.0,sea_level_pressure
2023-10-22 15:00:00,22.2,81.0,1015.5,,28.5845,77.2058,214.9,INI0000VIDD,SAFDARJUNG,1015.5,sea_level_pressure
2023-10-22 15:00:00,28.0,48.0,1014.4,,26.2511,73.0489,218.5,INI0000VIJO,JODHPUR,1014.4,sea_level_pressure
2023-10-22 15:00:00,20.4,82.0,1014.5,944.4,30.3167,78.0333,682.0,INM00042111,DEHRADUN,1014.5,sea_level_pressure
2023-10-22 18:00:00,20.5,88.0,1015.7,,28.5845,77.2058,214.9,INI0000VIDD,SAFDARJUNG,1015.7,sea_level_pressure
2023-10-22 18:00:00,27.2,49.0,1015.2,,26.2511,73.0489,218.5,INI0000VIJO,JODHPUR,1015.2,sea_level_pressure
2023-10-22 18:00:00,18.2,89.0,1014.7,944.6,30.3167,78.0333,682.0,INM00042111,DEHRADUN,1014.7,sea_level_pressure
2023-10-22 21:00:00,19.2,92.0,1015.0,,28.5845,77.2058,214.9,INI0000VIDD,SAFDARJUNG,1015.0,sea_level_pressure
2023-10-22 21:00:00,25.0,53.0,1014.4,,26.2511,73.0489,218.5,INI0000VIJO,JODHPUR,1014.4,sea_level_pressure
2023-10-22 21:00:00,17.6,92.0,1014.5,944.2,30.3167,78.0333,682.0,INM00042111,DEHRADUN,1014.5,sea_level_pressure
2023-10-23 00:00:00,18.5,93.0,1015.6,,28.5845,77.2058,214.9,INI0000VIDD,SAFDARJUNG,1015.6,sea_level_pressure
2023-10-23 00:00:00,23.5,57.0,1014.5,,26.2511,73.0489,218.5,INI0000VIJO,JODHPUR,1014.5,sea_level_pressure
2023-10-23 00:00:00,16.5,93.0,1014.8,944.2,30.3167,78.0333,682.0,INM00042111,DEHRADUN,1014.8,sea_level_pressure
2023-10-23 03:00:00,20.8,85.0,1016.9,,28.5845,77.2058,214.9,INI0000VIDD,SAFDARJUNG,1016.9,sea_level_pressure
2023-10-23 03:00:00,24.0,57.0,1016.4,,26.2511,73.0489,218.5,INI0000VIJO,JODHPUR,1016.4,sea_level_pressure
2023-10-23 03:00:00,19.0,82.0,1015.3,945.2,30.3167,78.0333,682.0,INM00042111,DEHRADUN,1015.3,sea_level_pressure
2023-10-23 06:00:00,27.5,51.0,1015.3,,28.5845,77.2058,214.9,INI0000VIDD,SAFDARJUNG,1015.3,sea_level_pressure
2023-10-23 06:00:00,29.5,43.0,1015.4,,26.2511,73.0489,218.5,INI0000VIJO,JODHPUR,1015.4,sea_level_pressure
2023-10-23 06:00:00,26.0,50.0,1013.5,945.7,30.3167,78.0333,682.0,INM00042111,DEHRADUN,1013.5,sea_level_pressure
2023-10-23 09:00:00,30.6,34.0,1012.0,,28.5845,77.2058,214.9,INI0000VIDD,SAFDARJUNG,1012.0,sea_level_pressure
2023-10-23 09:00:00,33.6,32.0,1012.1,,26.2511,73.0489,218.5,INI0000VIJO,JODHPUR,1012.1,sea_level_pressure
2023-10-23 09:00:00,28.8,41.0,1009.9,942.4,30.3167,78.0333,682.0,INM00042111,DEHRADUN,1009.9,sea_level_pressure
2023-10-23 12:00:00,28.5,44.0,1010.2,,28.5845,77.2058,214.9,INI0000VIDD,SAFDARJUNG,1010.2,sea_level_pressure
2023-10-23 12:00:00,31.7,41.0,1011.3,,26.2511,73.0489,218.5,INI0000VIJO,JODHPUR,1011.3,sea_level_pressure
2023-10-23 12:00:00,25.6,65.0,1010.3,942.1,30.3167,78.0333,682.0,INM00042111,DEHRADUN,1010.3,sea_level_pressure
2023-10-23 15:00:00,22.6,76.0,1013.6,,28.5845,77.2058,214.9,INI0000VIDD,SAFDARJUNG,1013.6,sea_level_pressure
2023-10-23 15:00:00,24.7,61.0,1013.6,,26.2511,73.0489,218.5,INI0000VIJO,JODHPUR,1013.6,sea_level_pressure
2023-10-23 15:00:00,20.8,76.0,1012.5,943.0,30.3167,78.0333,682.0,INM00042111,DEHRADUN,1012.5,sea_level_pressure
2023-10-23 18:00:00,20.5,85.0,1014.1,,28.5845,77.2058,214.9,INI0000VIDD,SAFDARJUNG,1014.1,sea_level_pressure
2023-10-23 18:00:00,23.2,58.0,1013.8,,26.2511,73.0489,218.5,INI0000VIJO,JODHPUR,1013.8,sea_level_pressure
2023-10-23 18:00:00,18.6,87.0,1013.5,943.5,30.3167,78.0333,682.0,INM00042111,DEHRADUN,1013.5,sea_level_pressure
2023-10-23 21:00:00,19.0,92.0,1014.0,,28.5845,77.2058,214.9,INI0000VIDD,SAFDARJUNG,1014.0,sea_level_pressure
2023-10-23 21:00:00,22.2,65.0,1013.1,,26.2511,73.0489,218.5,INI0000VIJO,JODHPUR,1013.1,sea_level_pressure
2023-10-23 21:00:00,16.5,87.0,1012.7,942.3,30.3167,78.0333,682.0,INM00042111,DEHRADUN,1012.7,sea_level_pressure
2023-10-24 00:00:00,17.8,94.0,1013.4,,28.5845,77.2058,214.9,INI0000VIDD,SAFDARJUNG,1013.4,sea_level_pressure
2023-10-24 00:00:00,21.7,63.0,1013.3,,26.2511,73.0489,218.5,INI0000VIJO,JODHPUR,1013.3,sea_level_pressure
2023-10-24 00:00:00,15.5,95.0,1012.7,942.0,30.3167,78.0333,682.0,INM00042111,DEHRADUN,1012.7,sea_level_pressure
2023-10-24 03:00:00,20.6,82.0,1015.3,,28.5845,77.2058,214.9,INI0000VIDD,SAFDARJUNG,1015.3,sea_level_pressure
2023-10-24 03:00:00,23.7,52.0,1014.8,,26.2511,73.0489,218.5,INI0000VIJO,JODHPUR,1014.8,sea_level_pressure
2023-10-24 03:00:00,16.8,75.0,1014.6,944.0,30.3167,78.0333,682.0,INM00042111,DEHRADUN,1014.6,sea_level_pressure
2023-10-24 06:00:00,29.0,46.0,1014.3,,28.5845,77.2058,214.9,INI0000VIDD,SAFDARJUNG,1014.3,sea_level_pressure
2023-10-24 06:00:00,31.7,34.0,1014.1,,26.2511,73.0489,218.5,INI0000VIJO,JODHPUR,1014.1,sea_level_pressure
2023-10-24 06:00:00,27.0,45.0,1012.6,944.4,30.3167,78.0333,682.0,INM00042111,DEHRADUN,1012.6,sea_level_pressure
2023-10-24 09:00:00,30.8,33.0,1012.2,,28.5845,77.2058,214.9,INI0000VIDD,SAFDARJUNG,1012.2,sea_level_pressure
2023-10-24 09:00:00,33.6,25.0,1011.7,,26.2511,73.0489,218.5,INI0000VIJO,JODHPUR,1011.7,sea_level_pressure
2023-10-24 09:00:00,29.0,44.0,1010.2,942.7,30.3167,78.0333,682.0,INM00042111,DEHRADUN,1010.2,sea_level_pressure
2023-10-24 12:00:00,28.6,44.0,1011.0,,28.5845,77.2058,214.9,INI0000VIDD,SAFDARJUNG,1011.0,sea_level_pressure
2023-10-24 12:00:00,33.2,29.0,1010.9,,26.2511,73.0489,218.5,INI0000VIJO,JODHPUR,1010.9,sea_level_pressure
2023-10-24 12:00:00,25.7,62.0,1010.8,942.6,30.3167,78.0333,682.0,INM00042111,DEHRADUN,1010.8,sea_level_pressure
2023-10-24 15:00:00,21.2,77.0,1013.6,,28.5845,77.2058,214.9,INI0000VIDD,SAFDARJUNG,1013.6,sea_level_pressure
2023-10-24 15:00:00,25.0,55.0,1013.3,,26.2511,73.0489,218.5,INI0000VIJO,JODHPUR,1013.3,sea_level_pressure
2023-10-24 15:00:00,19.8,84.0,1012.7,943.0,30.3167,78.0333,682.0,INM00042111,DEHRADUN,1012.7,sea_level_pressure
2023-10-24 18:00:00,19.7,83.0,1013.8,,28.5845,77.2058,214.9,INI0000VIDD,SAFDARJUNG,1013.8,sea_level_pressure
2023-10-24 18:00:00,23.0,58.0,1013.7,,26.2511,73.0489,218.5,INI0000VIJO,JODHPUR,1013.7,sea_level_pressure
2023-10-24 18:00:00,17.6,90.0,1013.6,943.3,30.3167,78.0333,682.0,INM00042111,DEHRADUN,1013.6,sea_level_pressure
2023-10-24 21:00:00,18.6,90.0,1013.2,,28.5845,77.2058,214.9,INI0000VIDD,SAFDARJUNG,1013.2,sea_level_pressure
2023-10-24 21:00:00,22.0,57.0,1013.5,,26.2511,73.0489,218.5,INI0000VIJO,JODHPUR,1013.5,sea_level_pressure
2023-10-24 21:00:00,,,,,,,,INM00042111,DEHRADUN,,sea_level_pressure
2023-10-25 00:00:00,17.2,92.0,1014.2,,28.5845,77.2058,214.9,INI0000VIDD,SAFDARJUNG,1014.2,sea_level_pressure
2023-10-25 00:00:00,21.2,53.0,1014.1,,26.2511,73.0489,218.5,INI0000VIJO,JODHPUR,1014.1,sea_level_pressure
2023-10-25 00:00:00,14.5,91.0,1013.7,942.8,30.3167,78.0333,682.0,INM00042111,DEHRADUN,1013.7,sea_level_pressure
2023-10-25 03:00:00,20.4,80.0,1016.0,,28.5845,77.2058,214.9,INI0000VIDD,SAFDARJUNG,1016.0,sea_level_pressure
2023-10-25 03:00:00,23.7,49.0,1015.9,,26.2511,73.0489,218.5,INI0000VIJO,JODHPUR,1015.9,sea_level_pressure
2023-10-25 03:00:00,17.4,72.0,1015.3,945.0,30.3167,78.0333,682.0,INM00042111,DEHRADUN,1015.3,sea_level_pressure
2023-10-25 06:00:00,27.7,47.0,1015.9,,28.5845,77.2058,214.9,INI0000VIDD,SAFDARJUNG,1015.9,sea_level_pressure
2023-10-25 06:00:00,32.2,31.0,1015.3,,26.2511,73.0489,218.5,INI0000VIJO,JODHPUR,1015.3,sea_level_pressure
2023-10-25 06:00:00,27.0,40.0,1013.6,945.4,30.3167,78.0333,682.0,INM00042111,DEHRADUN,1013.6,sea_level_pressure
2023-10-25 09:00:00,30.2,38.0,1012.9,,28.5845,77.2058,214.9,INI0000VIDD,SAFDARJUNG,1012.9,sea_level_pressure
2023-10-25 09:00:00,34.5,25.0,1013.0,,26.2511,73.0489,218.5,INI0000VIJO,JODHPUR,1013.0,sea_level_pressure
2023-10-25 09:00:00,30.2,45.0,1010.2,942.1,30.3167,78.0333,682.0,INM00042111,DEHRADUN,1010.2,sea_level_pressure
2023-10-25 12:00:00,28.5,49.0,1012.6,,28.5845,77.2058,214.9,INI0000VIDD,SAFDARJUNG,1012.6,sea_level_pressure
2023-10-25 12:00:00,31.0,41.0,1013.0,,26.2511,73.0489,218.5,INI0000VIJO,JODHPUR,1013.0,sea_level_pressure
2023-10-25 12:00:00,,,,,,,,INM00042111,DEHRADUN,,sea_level_pressure
2023-10-25 15:00:00,22.4,76.0,1014.1,,28.5845,77.2058,214.9,INI0000VIDD,SAFDARJUNG,1014.1,sea_level_pressure
2023-10-25 15:00:00,24.2,59.0,1014.5,,26.2511,73.0489,218.5,INI0000VIJO,JODHPUR,1014.5,sea_level_pressure
2023-10-25 15:00:00,20.0,82.0,1012.9,943.1,30.3167,78.0333,682.0,INM00042111,DEHRADUN,1012.9,sea_level_pressure
2023-10-25 18:00:00,20.5,83.0,1014.7,,28.5845,77.2058,214.9,INI0000VIDD,SAFDARJUNG,1014.7,sea_level_pressure
2023-10-25 18:00:00,22.0,57.0,1015.1,,26.2511,73.0489,218.5,INI0000VIJO,JODHPUR,1015.1,sea_level_pressure
2023-10-25 18:00:00,17.6,88.0,1013.9,943.6,30.3167,78.0333,682.0,INM00042111,DEHRADUN,1013.9,sea_level_pressure
2023-10-25 21:00:00,19.2,91.0,1014.5,,28.5845,77.2058,214.9,INI0000VIDD,SAFDARJUNG,1014.5,sea_level_pressure
2023-10-25 21:00:00,20.6,56.0,1014.9,,26.2511,73.0489,218.5,INI0000VIJO,JODHPUR,1014.9,sea_level_pressure
2023-10-25 21:00:00,15.6,90.0,1014.0,943.2,30.3167,78.0333,682.0,INM00042111,DEHRADUN,1014.0,sea_level_pressure
2023-10-26 00:00:00,17.5,91.0,1013.7,,28.5845,77.2058,214.9,INI0000VIDD,SAFDARJUNG,1013.7,sea_level_pressure
2023-10-26 00:00:00,19.2,65.0,1014.4,,26.2511,73.0489,218.5,INI0000VIJO,JODHPUR,1014.4,sea_level_pressure
2023-10-26 00:00:00,15.0,87.0,1013.1,942.2,30.3167,78.0333,682.0,INM00042111,DEHRADUN,1013.1,sea_level_pressure
2023-10-26 03:00:00,21.4,69.0,1015.7,,28.5845,77.2058,214.9,INI0000VIDD,SAFDARJUNG,1015.7,sea_level_pressure
2023-10-26 03:00:00,23.5,50.0,1016.5,,26.2511,73.0489,218.5,INI0000VIJO,JODHPUR,1016.5,sea_level_pressure
2023-10-26 03:00:00,17.0,72.0,1014.4,943.8,30.3167,78.0333,682.0,INM00042111,DEHRADUN,1014.4,sea_level_pressure
2023-10-26 06:00:00,28.6,44.0,1015.3,,28.5845,77.2058,214.9,INI0000VIDD,SAFDARJUNG,1015.3,sea_level_pressure
2023-10-26 06:00:00,32.0,33.0,1015.9,,26.2511,73.0489,218.5,INI0000VIJO,JODHPUR,1015.9,sea_level_pressure
2023-10-26 06:00:00,28.0,43.0,1012.5,944.6,30.3167,78.0333,682.0,INM00042111,DEHRADUN,1012.5,sea_level_pressure
2023-10-26 09:00:00,31.2,31.0,1012.4,,28.5845,77.2058,214.9,INI0000VIDD,SAFDARJUNG,1012.4,sea_level_pressure
2023-10-26 09:00:00,34.5,17.0,1012.7,,26.2511,73.0489,218.5,INI0000VIJO,JODHPUR,1012.7,sea_level_pressure
2023-10-26 09:00:00,29.4,45.0,1009.7,942.4,30.3167,78.0333,682.0,INM00042111,DEHRADUN,1009.7,sea_level_pressure
2023-10-26 12:00:00,29.2,43.0,1011.9,,28.5845,77.2058,214.9,INI0000VIDD,SAFDARJUNG,1011.9,sea_level_pressure
2023-10-26 12:00:00,32.0,36.0,1012.3,,26.2511,73.0489,218.5,INI0000VIJO,JODHPUR,1012.3,sea_level_pressure
2023-10-26 12:00:00,25.6,63.0,1010.6,942.4,30.3167,78.0333,682.0,INM00042111,DEHRADUN,1010.6,sea_level_pressure
2023-10-26 15:00:00,21.4,75.0,1013.6,,28.5845,77.2058,214.9,INI0000VIDD,SAFDARJUNG,1013.6,sea_level_pressure
2023-10-26 15:00:00,23.8,57.0,1013.8,,26.2511,73.0489,218.5,INI0000VIJO,JODHPUR,1013.8,sea_level_pressure
2023-10-26 15:00:00,19.0,85.0,1013.5,943.5,30.3167,78.0333,682.0,INM00042111,DEHRADUN,1013.5,sea_level_pressure
2023-10-26 18:00:00,19.7,82.0,1014.1,,28.5845,77.2058,214.9,INI0000VIDD,SAFDARJUNG,1014.1,sea_level_pressure
2023-10-26 18:00:00,21.7,61.0,1014.4,,26.2511,73.0489,218.5,INI0000VIJO,JODHPUR,1014.4,sea_level_pressure
2023-10-26 18:00:00,17.5,88.0,1014.9,943.7,30.3167,78.0333,682.0,INM00042111,DEHRADUN,1014.9,sea_level_pressure
2023-10-26 21:00:00,18.6,88.0,1013.0,,28.5845,77.2058,214.9,INI0000VIDD,SAFDARJUNG,1013.0,sea_level_pressure
2023-10-26 21:00:00,20.7,65.0,1013.0,,26.2511,73.0489,218.5,INI0000VIJO,JODHPUR,1013.0,sea_level_pressure
2023-10-26 21:00:00,15.7,89.0,1012.1,941.5,30.3167,78.0333,682.0,INM00042111,DEHRADUN,1012.1,sea_level_pressure
2023-10-27 00:00:00,16.5,91.0,1013.4,,28.5845,77.2058,214.9,INI0000VIDD,SAFDARJUNG,1013.4,sea_level_pressure
2023-10-27 00:00:00,18.5,69.0,1013.2,,26.2511,73.0489,218.5,INI0000VIJO,JODHPUR,1013.2,sea_level_pressure
2023-10-27 00:00:00,15.5,87.0,1012.8,941.2,30.3167,78.0333,682.0,INM00042111,DEHRADUN,1012.8,sea_level_pressure
2023-10-27 03:00:00,21.0,67.0,1014.6,,28.5845,77.2058,214.9,INI0000VIDD,SAFDARJUNG,1014.6,sea_level_pressure
2023-10-27 03:00:00,23.0,50.0,1015.1,,26.2511,73.0489,218.5,INI0000VIJO,JODHPUR,1015.1,sea_level_pressure
2023-10-27 03:00:00,17.0,75.0,1013.5,943.1,30.3167,78.0333,682.0,INM00042111,DEHRADUN,1013.5,sea_level_pressure
2023-10-27 06:00:00,28.2,45.0,1014.1,,28.5845,77.2058,214.9,INI0000VIDD,SAFDARJUNG,1014.1,sea_level_pressure
2023-10-27 06:00:00,33.2,24.0,1014.3,,26.2511,73.0489,218.5,INI0000VIJO,JODHPUR,1014.3,sea_level_pressure
2023-10-27 06:00:00,26.6,47.0,1012.4,944.2,30.3167,78.0333,682.0,INM00042111,DEHRADUN,1012.4,sea_level_pressure
2023-10-27 09:00:00,31.2,27.0,1011.6,,28.5845,77.2058,214.9,INI0000VIDD,SAFDARJUNG,1011.6,sea_level_pressure
2023-10-27 09:00:00,35.2,19.0,1010.9,,26.2511,73.0489,218.5,INI0000VIJO,JODHPUR,1010.9,sea_level_pressure
2023-10-27 09:00:00,29.0,42.0,1009.6,942.1,30.3167,78.0333,682.0,INM00042111,DEHRADUN,1009.6,sea_level_pressure
2023-10-27 12:00:00,29.0,30.0,1011.0,,28.5845,77.2058,214.9,INI0000VIDD,SAFDARJUNG,1011.0,sea_level_pressure
2023-10-27 12:00:00,32.0,39.0,1010.3,,26.2511,73.0489,218.5,INI0000VIJO,JODHPUR,1010.3,sea_level_pressure
2023-10-27 12:00:00,25.0,62.0,1010.0,941.5,30.3167,78.0333,682.0,INM00042111,DEHRADUN,1010.0,sea_level_pressure
2023-10-27 15:00:00,21.2,73.0,1013.2,,28.5845,77.2058,214.9,INI0000VIDD,SAFDARJUNG,1013.2,sea_level_pressure
2023-10-27 15:00:00,24.0,57.0,1012.3,,26.2511,73.0489,218.5,INI0000VIJO,JODHPUR,1012.3,sea_level_pressure
2023-10-27 15:00:00,18.6,83.0,1013.1,943.1,30.3167,78.0333,682.0,INM00042111,DEHRADUN,1013.1,sea_level_pressure
2023-10-27 18:00:00,18.7,85.0,1013.8,,28.5845,77.2058,214.9,INI0000VIDD,SAFDARJUNG,1013.8,sea_level_pressure
2023-10-27 18:00:00,22.4,66.0,1012.9,,26.2511,73.0489,218.5,INI0000VIJO,JODHPUR,1012.9,sea_level_pressure
2023-10-27 18:00:00,17.0,86.0,1013.8,943.3,30.3167,78.0333,682.0,INM00042111,DEHRADUN,1013.8,sea_level_pressure
2023-10-27 21:00:00,17.0,90.0,1012.8,,28.5845,77.2058,214.9,INI0000VIDD,SAFDARJUNG,1012.8,sea_level_pressure
2023-10-27 21:00:00,23.0,61.0,1012.0,,26.2511,73.0489,218.5,INI0000VIJO,JODHPUR,1012.0,sea_level_pressure
2023-10-27 21:00:00,15.6,90.0,1013.1,942.4,30.3167,78.0333,682.0,INM00042111,DEHRADUN,1013.1,sea_level_pressure
2023-10-28 00:00:00,16.5,91.0,1013.3,,28.5845,77.2058,214.9,INI0000VIDD,SAFDARJUNG,1013.3,sea_level_pressure
2023-10-28 00:00:00,21.0,59.0,1012.6,,26.2511,73.0489,218.5,INI0000VIJO,JODHPUR,1012.6,sea_level_pressure
2023-10-28 00:00:00,14.5,91.0,1013.1,942.2,30.3167,78.0333,682.0,INM00042111,DEHRADUN,1013.1,sea_level_pressure
2023-10-28 03:00:00,18.2,87.0,1015.2,,28.5845,77.2058,214.9,INI0000VIDD,SAFDARJUNG,1015.2,sea_level_pressure
2023-10-28 03:00:00,21.7,69.0,1014.5,,26.2511,73.0489,218.5,INI0000VIJO,JODHPUR,1014.5,sea_level_pressure
2023-10-28 03:00:00,17.4,79.0,1014.5,944.2,30.3167,78.0333,682.0,INM00042111,DEHRADUN,1014.5,sea_level_pressure
2023-10-28 06:00:00,29.7,39.0,1014.6,,28.5845,77.2058,214.9,INI0000VIDD,SAFDARJUNG,1014.6,sea_level_pressure
2023-10-28 06:00:00,30.6,36.0,1014.6,,26.2511,73.0489,218.5,INI0000VIJO,JODHPUR,1014.6,sea_level_pressure
2023-10-28 06:00:00,26.7,49.0,1013.2,945.0,30.3167,78.0333,682.0,INM00042111,DEHRADUN,1013.2,sea_level_pressure
2023-10-28 09:00:00,31.8,30.0,1012.0,,28.5845,77.2058,214.9,INI0000VIDD,SAFDARJUNG,1012.0,sea_level_pressure
2023-10-28 09:00:00,34.0,26.0,1011.7,,26.2511,73.0489,218.5,INI0000VIJO,JODHPUR,1011.7,sea_level_pressure
2023-10-28 09:00:00,27.6,46.0,1010.5,942.7,30.3167,78.0333,682.0,INM00042111,DEHRADUN,1010.5,sea_level_pressure
2023-10-28 12:00:00,29.0,43.0,1011.8,,28.5845,77.2058,214.9,INI0000VIDD,SAFDARJUNG,1011.8,sea_level_pressure
2023-10-28 12:00:00,31.2,44.0,1011.7,,26.2511,73.0489,218.5,INI0000VIJO,JODHPUR,1011.7,sea_level_pressure
2023-10-28 12:00:00,25.2,65.0,1010.2,942.0,30.3167,78.0333,682.0,INM00042111,DEHRADUN,1010.2,sea_level_pressure
2023-10-28 15:00:00,21.8,74.0,1014.0,,28.5845,77.2058,214.9,INI0000VIDD,SAFDARJUNG,1014.0,sea_level_pressure
2023-10-28 15:00:00,25.7,54.0,1013.3,,26.2511,73.0489,218.5,INI0000VIJO,JODHPUR,1013.3,sea_level_pressure
2023-10-28 15:00:00,19.4,86.0,1013.1,943.3,30.3167,78.0333,682.0,INM00042111,DEHRADUN,1013.1,sea_level_pressure
2023-10-28 18:00:00,19.5,84.0,1014.1,,28.5845,77.2058,214.9,INI0000VIDD,SAFDARJUNG,1014.1,sea_level_pressure
2023-10-28 18:00:00,22.7,66.0,1013.8,,26.2511,73.0489,218.5,INI0000VIJO,JODHPUR,1013.8,sea_level_pressure
2023-10-28 18:00:00,17.6,90.0,1013.9,943.6,30.3167,78.0333,682.0,INM00042111,DEHRADUN,1013.9,sea_level_pressure
2023-10-28 21:00:00,17.2,88.0,1013.4,,28.5845,77.2058,214.9,INI0000VIDD,SAFDARJUNG,1013.4,sea_level_pressure
2023-10-28 21:00:00,21.0,67.0,1012.9,,26.2511,73.0489,218.5,INI0000VIJO,JODHPUR,1012.9,sea_level_pressure
2023-10-28 21:00:00,16.4,92.0,1013.7,943.1,30.3167,78.0333,682.0,INM00042111,DEHRADUN,1013.7,sea_level_pressure
2023-10-29 00:00:00,17.5,93.0,1013.4,,28.5845,77.2058,214.9,INI0000VIDD,SAFDARJUNG,1013.4,sea_level_pressure
2023-10-29 00:00:00,19.5,75.0,1013.5,,26.2511,73.0489,218.5,INI0000VIJO,JODHPUR,1013.5,sea_level_pressure
2023-10-29 00:00:00,16.0,94.0,1013.9,943.1,30.3167,78.0333,682.0,INM00042111,DEHRADUN,1013.9,sea_level_pressure
2023-10-29 03:00:00,19.8,81.0,1015.4,,28.5845,77.2058,214.9,INI0000VIDD,SAFDARJUNG,1015.4,sea_level_pressure
2023-10-29 03:00:00,22.7,56.0,1015.1,989.8,26.2511,73.0489,218.5,INI0000VIJO,JODHPUR,1015.1,sea_level_pressure
2023-10-29 03:00:00,17.0,94.0,1015.4,944.8,30.3167,78.0333,682.0,INM00042111,DEHRADUN,1015.4,sea_level_pressure
2023-10-29 06:00:00,28.0,40.0,1014.7,,28.5845,77.2058,214.9,INI0000VIDD,SAFDARJUNG,1014.7,sea_level_pressure
2023-10-29 06:00:00,32.6,38.0,1014.5,,26.2511,73.0489,218.5,INI0000VIJO,JODHPUR,1014.5,sea_level_pressure
2023-10-29 06:00:00,22.6,72.0,1014.5,945.4,30.3167,78.0333,682.0,INM00042111,DEHRADUN,1014.5,sea_level_pressure
2023-10-29 09:00:00,32.8,31.0,1011.9,,28.5845,77.2058,214.9,INI0000VIDD,SAFDARJUNG,1011.9,sea_level_pressure
2023-10-29 09:00:00,34.7,25.0,1011.6,,26.2511,73.0489,218.5,INI0000VIJO,JODHPUR,1011.6,sea_level_pressure
2023-10-29 09:00:00,28.4,50.0,1010.6,943.0,30.3167,78.0333,682.0,INM00042111,DEHRADUN,1010.6,sea_level_pressure
2023-10-29 12:00:00,28.6,56.0,1011.2,,28.5845,77.2058,214.9,INI0000VIDD,SAFDARJUNG,1011.2,sea_level_pressure
2023-10-29 12:00:00,32.5,40.0,1011.1,,26.2511,73.0489,218.5,INI0000VIJO,JODHPUR,1011.1,sea_level_pressure
2023-10-29 12:00:00,24.5,72.0,1011.0,942.5,30.3167,78.0333,682.0,INM00042111,DEHRADUN,1011.0,sea_level_pressure
2023-10-29 15:00:00,21.6,79.0,1013.4,,28.5845,77.2058,214.9,INI0000VIDD,SAFDARJUNG,1013.4,sea_level_pressure
2023-10-29 15:00:00,25.0,58.0,1013.2,,26.2511,73.0489,218.5,INI0000VIJO,JODHPUR,1013.2,sea_level_pressure
2023-10-29 15:00:00,,,,,,,,INM00042111,DEHRADUN,,sea_level_pressure
2023-10-29 18:00:00,20.5,87.0,1014.2,,28.5845,77.2058,214.9,INI0000VIDD,SAFDARJUNG,1014.2,sea_level_pressure
2023-10-29 18:00:00,23.7,56.0,1013.6,,26.2511,73.0489,218.5,INI0000VIJO,JODHPUR,1013.6,sea_level_pressure
2023-10-29 18:00:00,17.7,91.0,1013.7,943.5,30.3167,78.0333,682.0,INM00042111,DEHRADUN,1013.7,sea_level_pressure
2023-10-29 21:00:00,19.2,91.0,1013.8,,28.5845,77.2058,214.9,INI0000VIDD,SAFDARJUNG,1013.8,sea_level_pressure
2023-10-29 21:00:00,22.6,56.0,1013.1,,26.2511,73.0489,218.5,INI0000VIJO,JODHPUR,1013.1,sea_level_pressure
2023-10-29 21:00:00,,,,,,,,INM00042111,DEHRADUN,,sea_level_pressure
2023-10-30 00:00:00,18.0,94.0,1014.1,,28.5845,77.2058,214.9,INI0000VIDD,SAFDARJUNG,1014.1,sea_level_pressure
2023-10-30 00:00:00,21.0,67.0,1013.0,,26.2511,73.0489,218.5,INI0000VIJO,JODHPUR,1013.0,sea_level_pressure
2023-10-30 00:00:00,15.5,97.0,1013.7,943.0,30.3167,78.0333,682.0,INM00042111,DEHRADUN,1013.7,sea_level_pressure
2023-10-30 03:00:00,19.4,85.0,1015.9,,28.5845,77.2058,214.9,INI0000VIDD,SAFDARJUNG,1015.9,sea_level_pressure
2023-10-30 03:00:00,24.5,54.0,1015.2,,26.2511,73.0489,218.5,INI0000VIJO,JODHPUR,1015.2,sea_level_pressure
2023-10-30 03:00:00,17.6,88.0,1016.5,946.0,30.3167,78.0333,682.0,INM00042111,DEHRADUN,1016.5,sea_level_pressure
2023-10-30 06:00:00,30.5,42.0,1015.0,,28.5845,77.2058,214.9,INI0000VIDD,SAFDARJUNG,1015.0,sea_level_pressure
2023-10-30 06:00:00,32.7,35.0,1014.5,,26.2511,73.0489,218.5,INI0000VIJO,JODHPUR,1014.5,sea_level_pressure
2023-10-30 06:00:00,27.0,51.0,1014.4,946.1,30.3167,78.0333,682.0,INM00042111,DEHRADUN,1014.4,sea_level_pressure
2023-10-30 09:00:00,32.6,37.0,1012.2,,28.5845,77.2058,214.9,INI0000VIDD,SAFDARJUNG,1012.2,sea_level_pressure
2023-10-30 09:00:00,34.7,27.0,1010.9,,26.2511,73.0489,218.5,INI0000VIJO,JODHPUR,1010.9,sea_level_pressure
2023-10-30 09:00:00,29.0,47.0,1011.4,943.7,30.3167,78.0333,682.0,INM00042111,DEHRADUN,1011.4,sea_level_pressure
2023-10-30 12:00:00,29.2,58.0,1012.2,,28.5845,77.2058,214.9,INI0000VIDD,SAFDARJUNG,1012.2,sea_level_pressure
2023-10-30 12:00:00,32.6,40.0,1010.9,,26.2511,73.0489,218.5,INI0000VIJO,JODHPUR,1010.9,sea_level_pressure
2023-10-30 12:00:00,25.6,70.0,1011.0,942.8,30.3167,78.0333,682.0,INM00042111,DEHRADUN,1011.0,sea_level_pressure
2023-10-30 15:00:00,22.4,82.0,1014.6,,28.5845,77.2058,214.9,INI0000VIDD,SAFDARJUNG,1014.6,sea_level_pressure
2023-10-30 15:00:00,25.7,55.0,1013.4,,26.2511,73.0489,218.5,INI0000VIJO,JODHPUR,1013.4,sea_level_pressure
2023-10-30 15:00:00,19.6,86.0,1014.6,944.7,30.3167,78.0333,682.0,INM00042111,DEHRADUN,1014.6,sea_level_pressure
2023-10-30 18:00:00,20.7,88.0,1015.5,,28.5845,77.2058,214.9,INI0000VIDD,SAFDARJUNG,1015.5,sea_level_pressure
2023-10-30 18:00:00,25.0,50.0,1014.0,,26.2511,73.0489,218.5,INI0000VIJO,JODHPUR,1014.0,sea_level_pressure
2023-10-30 18:00:00,17.7,91.0,1015.6,945.2,30.3167,78.0333,682.0,INM00042111,DEHRADUN,1015.6,sea_level_pressure
2023-10-30 21:00:00,19.5,92.0,1015.1,,28.5845,77.2058,214.9,INI0000VIDD,SAFDARJUNG,1015.1,sea_level_pressure
2023-10-30 21:00:00,23.5,54.0,1013.6,,26.2511,73.0489,218.5,INI0000VIJO,JODHPUR,1013.6,sea_level_pressure
2023-10-30 21:00:00,16.6,86.0,1015.4,944.8,30.3167,78.0333,682.0,INM00042111,DEHRADUN,1015.4,sea_level_pressure
2023-10-31 00:00:00,18.7,96.0,1015.8,,28.5845,77.2058,214.9,INI0000VIDD,SAFDARJUNG,1015.8,sea_level_pressure
2023-10-31 00:00:00,24.0,50.0,1013.9,,26.2511,73.0489,218.5,INI0000VIJO,JODHPUR,1013.9,sea_level_pressure
2023-10-31 00:00:00,15.0,94.0,1016.0,944.9,30.3167,78.0333,682.0,INM00042111,DEHRADUN,1016.0,sea_level_pressure
2023-10-31 03:00:00,21.4,86.0,1017.4,,28.5845,77.2058,214.9,INI0000VIDD,SAFDARJUNG,1017.4,sea_level_pressure
2023-10-31 03:00:00,24.2,49.0,1015.7,,26.2511,73.0489,218.5,INI0000VIJO,JODHPUR,1015.7,sea_level_pressure
2023-10-31 03:00:00,17.6,85.0,1017.3,946.8,30.3167,78.0333,682.0,INM00042111,DEHRADUN,1017.3,sea_level_pressure
2023-10-31 06:00:00,29.2,56.0,1016.5,,28.5845,77.2058,214.9,INI0000VIDD,SAFDARJUNG,1016.5,sea_level_pressure
2023-10-31 06:00:00,32.2,34.0,1015.0,,26.2511,73.0489,218.5,INI0000VIJO,JODHPUR,1015.0,sea_level_pressure
2023-10-31 06:00:00,27.0,51.0,1015.5,947.2,30.3167,78.0333,682.0,INM00042111,DEHRADUN,1015.5,sea_level_pressure
2023-10-31 09:00:00,31.8,43.0,1014.1,,28.5845,77.2058,214.9,INI0000VIDD,SAFDARJUNG,1014.1,sea_level_pressure
2023-10-31 09:00:00,35.0,25.0,1012.1,,26.2511,73.0489,218.5,INI0000VIJO,JODHPUR,1012.1,sea_level_pressure
2023-10-31 09:00:00,29.2,44.0,1012.5,945.0,30.3167,78.0333,682.0,INM00042111,DEHRADUN,1012.5,sea_level_pressure
2023-10-31 12:00:00,28.5,57.0,1013.5,,28.5845,77.2058,214.9,INI0000VIDD,SAFDARJUNG,1013.5,sea_level_pressure
2023-10-31 12:00:00,34.2,30.0,1011.4,,26.2511,73.0489,218.5,INI0000VIJO,JODHPUR,1011.4,sea_level_pressure
2023-10-31 12:00:00,25.2,68.0,1012.4,944.0,30.3167,78.0333,682.0,INM00042111,DEHRADUN,1012.4,sea_level_pressure
2023-10-31 15:00:00,23.6,83.0,1015.7,,28.5845,77.2058,214.9,INI0000VIDD,SAFDARJUNG,1015.7,sea_level_pressure
2023-10-31 15:00:00,27.7,43.0,1014.2,,26.2511,73.0489,218.5,INI0000VIJO,JODHPUR,1014.2,sea_level_pressure
2023-10-31 15:00:00,19.4,87.0,1015.7,945.7,30.3167,78.0333,682.0,INM00042111,DEHRADUN,1015.7,sea_level_pressure
2023-10-31 18:00:00,20.7,91.0,1016.4,,28.5845,77.2058,214.9,INI0000VIDD,SAFDARJUNG,1016.4,sea_level_pressure
2023-10-31 18:00:00,28.6,35.0,1015.1,,26.2511,73.0489,218.5,INI0000VIJO,JODHPUR,1015.1,sea_level_pressure
2023-10-31 18:00:00,17.0,90.0,1017.2,946.5,30.3167,78.0333,682.0,INM00042111,DEHRADUN,1017.2,sea_level_pressure
2023-10-31 21:00:00,19.2,94.0,1015.6,,28.5845,77.2058,214.9,INI0000VIDD,SAFDARJUNG,1015.6,sea_level_pressure
2023-10-31 21:00:00,25.2,49.0,1014.4,,26.2511,73.0489,218.5,INI0000VIJO,JODHPUR,1014.4,sea_level_pressure
2023-10-31 21:00:00,15.6,91.0,1017.7,946.7,30.3167,78.0333,682.0,INM00042111,DEHRADUN,1017.7,sea_level_pressure
2023-11-01 00:00:00,18.5,93.0,1016.7,,28.5845,77.2058,214.9,INI0000VIDD,SAFDARJUNG,1016.7,sea_level_pressure
2023-11-01 00:00:00,23.6,47.0,1015.1,,26.2511,73.0489,218.5,INI0000VIJO,JODHPUR,1015.1,sea_level_pressure
2023-11-01 00:00:00,,,,,,,,INM00042111,DEHRADUN,,sea_level_pressure
2023-11-01 03:00:00,19.8,85.0,1018.8,,28.5845,77.2058,214.9,INI0000VIDD,SAFDARJUNG,1018.8,sea_level_pressure
2023-11-01 03:00:00,24.2,46.0,1016.8,991.6,26.2511,73.0489,218.5,INI0000VIJO,JODHPUR,1016.8,sea_level_pressure
2023-11-01 03:00:00,17.2,83.0,1018.8,948.2,30.3167,78.0333,682.0,INM00042111,DEHRADUN,1018.8,sea_level_pressure
2023-11-01 06:00:00,28.5,54.0,1018.2,,28.5845,77.2058,214.9,INI0000VIDD,SAFDARJUNG,1018.2,sea_level_pressure
2023-11-01 06:00:00,32.5,34.0,1015.7,,26.2511,73.0489,218.5,INI0000VIJO,JODHPUR,1015.7,sea_level_pressure
2023-11-01 06:00:00,27.0,45.0,1018.1,947.7,30.3167,78.0333,682.0,INM00042111,DEHRADUN,1018.1,sea_level_pressure
2023-11-01 09:00:00,31.2,45.0,1014.8,,28.5845,77.2058,214.9,INI0000VIDD,SAFDARJUNG,1014.8,sea_level_pressure
2023-11-01 09:00:00,34.7,26.0,1012.8,,26.2511,73.0489,218.5,INI0000VIJO,JODHPUR,1012.8,sea_level_pressure
2023-11-01 09:00:00,29.6,37.0,1012.2,944.7,30.3167,78.0333,682.0,INM00042111,DEHRADUN,1012.2,sea_level_pressure
2023-11-01 12:00:00,28.8,48.0,1013.5,,28.5845,77.2058,214.9,INI0000VIDD,SAFDARJUNG,1013.5,sea_level_pressure
2023-11-01 12:00:00,31.8,30.0,1013.0,,26.2511,73.0489,218.5,INI0000VIJO,JODHPUR,1013.0,sea_level_pressure
2023-11-01 12:00:00,25.4,62.0,1012.5,944.1,30.3167,78.0333,682.0,INM00042111,DEHRADUN,1012.5,sea_level_pressure
2023-11-01 15:00:00,21.4,79.0,1015.2,,28.5845,77.2058,214.9,INI0000VIDD,SAFDARJUNG,1015.2,sea_level_pressure
2023-11-01 15:00:00,28.8,42.0,1013.9,,26.2511,73.0489,218.5,INI0000VIJO,JODHPUR,1013.9,sea_level_pressure
2023-11-01 15:00:00,18.2,92.0,1014.9,944.8,30.3167,78.0333,682.0,INM00042111,DEHRADUN,1014.9,sea_level_pressure
2023-11-01 18:00:00,19.8,87.0,1015.7,,28.5845,77.2058,214.9,INI0000VIDD,SAFDARJUNG,1015.7,sea_level_pressure
2023-11-01 18:00:00,25.8,51.0,1014.6,,26.2511,73.0489,218.5,INI0000VIJO,JODHPUR,1014.6,sea_level_pressure
2023-11-01 18:00:00,16.8,90.0,1016.9,945.3,30.3167,78.0333,682.0,INM00042111,DEHRADUN,1016.9,sea_level_pressure
2023-11-01 21:00:00,18.6,92.0,1015.1,,28.5845,77.2058,214.9,INI0000VIDD,SAFDARJUNG,1015.1,sea_level_pressure
2023-11-01 21:00:00,24.2,57.0,1014.2,,26.2511,73.0489,218.5,INI0000VIJO,JODHPUR,1014.2,sea_level_pressure
2023-11-01 21:00:00,15.8,96.0,1015.6,944.8,30.3167,78.0333,682.0,INM00042111,DEHRADUN,1015.6,sea_level_pressure
2023-11-02 00:00:00,18.0,96.0,1015.3,,28.5845,77.2058,214.9,INI0000VIDD,SAFDARJUNG,1015.3,sea_level_pressure
2023-11-02 00:00:00,22.6,51.0,1014.1,,26.2511,73.0489,218.5,INI0000VIJO,JODHPUR,1014.1,sea_level_pressure
2023-11-02 00:00:00,14.8,90.0,1015.4,944.3,30.3167,78.0333,682.0,INM00042111,DEHRADUN,1015.4,sea_level_pressure
2023-11-02 03:00:00,19.6,91.0,1016.7,,28.5845,77.2058,214.9,INI0000VIDD,SAFDARJUNG,1016.7,sea_level_pressure
2023-11-02 03:00:00,23.4,45.0,1016.0,,26.2511,73.0489,218.5,INI0000VIJO,JODHPUR,1016.0,sea_level_pressure
2023-11-02 03:00:00,17.2,74.0,1016.0,945.5,30.3167,78.0333,682.0,INM00042111,DEHRADUN,1016.0,sea_level_pressure
2023-11-02 06:00:00,27.4,62.0,1015.5,,28.5845,77.2058,214.9,INI0000VIDD,SAFDARJUNG,1015.5,sea_level_pressure
2023-11-02 06:00:00,32.2,34.0,1014.9,,26.2511,73.0489,218.5,INI0000VIJO,JODHPUR,1014.9,sea_level_pressure
2023-11-02 06:00:00,26.8,47.0,1014.0,945.7,30.3167,78.0333,682.0,INM00042111,DEHRADUN,1014.0,sea_level_pressure
2023-11-02 09:00:00,29.8,56.0,1012.9,,28.5845,77.2058,214.9,INI0000VIDD,SAFDARJUNG,1012.9,sea_level_pressure
2023-11-02 09:00:00,34.6,26.0,1012.2,,26.2511,73.0489,218.5,INI0000VIJO,JODHPUR,1012.2,sea_level_pressure
2023-11-02 09:00:00,29.6,48.0,1010.7,943.4,30.3167,78.0333,682.0,INM00042111,DEHRADUN,1010.7,sea_level_pressure
2023-11-02 12:00:00,26.7,70.0,1012.3,,28.5845,77.2058,214.9,INI0000VIDD,SAFDARJUNG,1012.3,sea_level_pressure
2023-11-02 12:00:00,31.6,41.0,1011.7,,26.2511,73.0489,218.5,INI0000VIJO,JODHPUR,1011.7,sea_level_pressure
2023-11-02 12:00:00,25.5,64.0,1009.4,941.9,30.3167,78.0333,682.0,INM00042111,DEHRADUN,1009.4,sea_level_pressure
2023-11-02 15:00:00,21.8,92.0,1013.4,,28.5845,77.2058,214.9,INI0000VIDD,SAFDARJUNG,1013.4,sea_level_pressure
2023-11-02 15:00:00,24.7,60.0,1012.9,,26.2511,73.0489,218.5,INI0000VIJO,JODHPUR,1012.9,sea_level_pressure
2023-11-02 15:00:00,18.6,85.0,1013.1,943.1,30.3167,78.0333,682.0,INM00042111,DEHRADUN,1013.1,sea_level_pressure
2023-11-02 18:00:00,20.5,92.0,1013.6,,28.5845,77.2058,214.9,INI0000VIDD,SAFDARJUNG,1013.6,sea_level_pressure
2023-11-02 18:00:00,24.6,56.0,1013.1,,26.2511,73.0489,218.5,INI0000VIJO,JODHPUR,1013.1,sea_level_pressure
2023-11-02 18:00:00,16.0,90.0,1013.9,943.1,30.3167,78.0333,682.0,INM00042111,DEHRADUN,1013.9,sea_level_pressure
2023-11-02 21:00:00,19.4,96.0,1013.3,,28.5845,77.2058,214.9,INI0000VIDD,SAFDARJUNG,1013.3,sea_level_pressure
2023-11-02 21:00:00,23.6,60.0,1012.5,,26.2511,73.0489,218.5,INI0000VIJO,JODHPUR,1012.5,sea_level_pressure
2023-11-02 21:00:00,14.6,91.0,1012.6,941.7,30.3167,78.0333,682.0,INM00042111,DEHRADUN,1012.6,sea_level_pressure
2023-11-03 00:00:00,18.2,94.0,1013.0,,28.5845,77.2058,214.9,INI0000VIDD,SAFDARJUNG,1013.0,sea_level_pressure
2023-11-03 00:00:00,20.2,59.0,1012.0,,26.2511,73.0489,218.5,INI0000VIJO,JODHPUR,1012.0,sea_level_pressure
2023-11-03 00:00:00,13.7,92.0,1012.5,941.4,30.3167,78.0333,682.0,INM00042111,DEHRADUN,1012.5,sea_level_pressure
2023-11-03 03:00:00,18.8,94.0,1013.8,,28.5845,77.2058,214.9,INI0000VIDD,SAFDARJUNG,1013.8,sea_level_pressure
2023-11-03 03:00:00,23.5,46.0,1013.2,,26.2511,73.0489,218.5,INI0000VIJO,JODHPUR,1013.2,sea_level_pressure
2023-11-03 03:00:00,17.0,76.0,1013.0,942.6,30.3167,78.0333,682.0,INM00042111,DEHRADUN,1013.0,sea_level_pressure
2023-11-03 06:00:00,25.2,76.0,1012.9,,28.5845,77.2058,214.9,INI0000VIDD,SAFDARJUNG,1012.9,sea_level_pressure
2023-11-03 06:00:00,31.7,30.0,1012.2,,26.2511,73.0489,218.5,INI0000VIJO,JODHPUR,1012.2,sea_level_pressure
2023-11-03 06:00:00,25.6,50.0,1011.0,942.8,30.3167,78.0333,682.0,INM00042111,DEHRADUN,1011.0,sea_level_pressure
2023-11-03 09:00:00,29.4,44.0,1010.0,,28.5845,77.2058,214.9,INI0000VIDD,SAFDARJUNG,1010.0,sea_level_pressure
2023-11-03 09:00:00,34.2,25.0,1008.9,986.2,26.2511,73.0489,218.5,INI0000VIJO,JODHPUR,1008.9,sea_level_pressure
2023-11-03 09:00:00,28.2,47.0,1008.0,940.6,30.3167,78.0333,682.0,INM00042111,DEHRADUN,1008.0,sea_level_pressure
2023-11-03 12:00:00,26.2,63.0,1009.9,,28.5845,77.2058,214.9,INI0000VIDD,SAFDARJUNG,1009.9,sea_level_pressure
2023-11-03 12:00:00,32.0,39.0,1008.9,,26.2511,73.0489,218.5,INI0000VIJO,JODHPUR,1008.9,sea_level_pressure
2023-11-03 12:00:00,23.7,69.0,1009.1,940.5,30.3167,78.0333,682.0,INM00042111,DEHRADUN,1009.1,sea_level_pressure
2023-11-03 15:00:00,21.2,86.0,1012.1,,28.5845,77.2058,214.9,INI0000VIDD,SAFDARJUNG,1012.1,sea_level_pressure
2023-11-03 15:00:00,24.5,62.0,1010.7,985.7,26.2511,73.0489,218.5,INI0000VIJO,JODHPUR,1010.7,sea_level_pressure
2023-11-03 15:00:00,18.6,85.0,1011.7,941.8,30.3167,78.0333,682.0,INM00042111,DEHRADUN,1011.7,sea_level_pressure
2023-11-03 18:00:00,19.5,90.0,1012.6,,28.5845,77.2058,214.9,INI0000VIDD,SAFDARJUNG,1012.6,sea_level_pressure
2023-11-03 18:00:00,22.2,66.0,1011.4,986.2,26.2511,73.0489,218.5,INI0000VIJO,JODHPUR,1011.4,sea_level_pressure
2023-11-03 18:00:00,16.6,86.0,1012.1,941.7,30.3167,78.0333,682.0,INM00042111,DEHRADUN,1012.1,sea_level_pressure
2023-11-03 21:00:00,18.2,92.0,1011.9,,28.5845,77.2058,214.9,INI0000VIDD,SAFDARJUNG,1011.9,sea_level_pressure
2023-11-03 21:00:00,21.0,58.0,1011.1,,26.2511,73.0489,218.5,INI0000VIJO,JODHPUR,1011.1,sea_level_pressure
2023-11-03 21:00:00,15.5,91.0,1011.9,941.3,30.3167,78.0333,682.0,INM00042111,DEHRADUN,1011.9,sea_level_pressure
2023-11-04 00:00:00,17.7,96.0,1012.2,,28.5845,77.2058,214.9,INI0000VIDD,SAFDARJUNG,1012.2,sea_level_pressure
2023-11-04 00:00:00,20.0,64.0,1011.6,,26.2511,73.0489,218.5,INI0000VIJO,JODHPUR,1011.6,sea_level_pressure
2023-11-04 00:00:00,14.7,90.0,1011.7,940.9,30.3167,78.0333,682.0,INM00042111,DEHRADUN,1011.7,sea_level_pressure
2023-11-04 03:00:00,19.6,88.0,1013.9,,28.5845,77.2058,214.9,INI0000VIDD,SAFDARJUNG,1013.9,sea_level_pressure
2023-11-04 03:00:00,22.0,60.0,1013.1,,26.2511,73.0489,218.5,INI0000VIJO,JODHPUR,1013.1,sea_level_pressure
2023-11-04 03:00:00,16.6,82.0,1013.7,943.1,30.3167,78.0333,682.0,INM00042111,DEHRADUN,1013.7,sea_level_pressure
2023-11-04 06:00:00,25.7,65.0,1013.4,,28.5845,77.2058,214.9,INI0000VIDD,SAFDARJUNG,1013.4,sea_level_pressure
2023-11-04 06:00:00,31.0,41.0,1012.6,,26.2511,73.0489,218.5,INI0000VIJO,JODHPUR,1012.6,sea_level_pressure
2023-11-04 06:00:00,24.7,59.0,1012.0,943.4,30.3167,78.0333,682.0,INM00042111,DEHRADUN,1012.0,sea_level_pressure
2023-11-04 09:00:00,28.6,58.0,1010.9,,28.5845,77.2058,214.9,INI0000VIDD,SAFDARJUNG,1010.9,sea_level_pressure
2023-11-04 09:00:00,34.5,29.0,1009.4,,26.2511,73.0489,218.5,INI0000VIJO,JODHPUR,1009.4,sea_level_pressure
2023-11-04 09:00:00,28.4,51.0,1008.5,941.1,30.3167,78.0333,682.0,INM00042111,DEHRADUN,1008.5,sea_level_pressure
2023-11-04 12:00:00,27.0,72.0,1010.7,,28.5845,77.2058,214.9,INI0000VIDD,SAFDARJUNG,1010.7,sea_level_pressure
2023-11-04 12:00:00,31.5,38.0,1009.4,,26.2511,73.0489,218.5,INI0000VIJO,JODHPUR,1009.4,sea_level_pressure
2023-11-04 12:00:00,23.5,69.0,1008.8,940.2,30.3167,78.0333,682.0,INM00042111,DEHRADUN,1008.8,sea_level_pressure
2023-11-04 15:00:00,21.7,90.0,1012.6,,28.5845,77.2058,214.9,INI0000VIDD,SAFDARJUNG,1012.6,sea_level_pressure
2023-11-04 15:00:00,24.2,60.0,1011.5,,26.2511,73.0489,218.5,INI0000VIJO,JODHPUR,1011.5,sea_level_pressure
2023-11-04 15:00:00,18.4,89.0,1011.0,941.2,30.3167,78.0333,682.0,INM00042111,DEHRADUN,1011.0,sea_level_pressure
2023-11-04 18:00:00,19.6,96.0,1013.2,,28.5845,77.2058,214.9,INI0000VIDD,SAFDARJUNG,1013.2,sea_level_pressure
2023-11-04 18:00:00,21.7,73.0,1012.1,,26.2511,73.0489,218.5,INI0000VIJO,JODHPUR,1012.1,sea_level_pressure
2023-11-04 18:00:00,16.7,89.0,1012.4,942.0,30.3167,78.0333,682.0,INM00042111,DEHRADUN,1012.4,sea_level_pressure
2023-11-04 21:00:00,18.2,96.0,1012.3,,28.5845,77.2058,214.9,INI0000VIDD,SAFDARJUNG,1012.3,sea_level_pressure
2023-11-04 21:00:00,22.0,71.0,1011.9,,26.2511,73.0489,218.5,INI0000VIJO,JODHPUR,1011.9,sea_level_pressure
2023-11-04 21:00:00,14.7,91.0,1012.1,941.3,30.3167,78.0333,682.0,INM00042111,DEHRADUN,1012.1,sea_level_pressure
2023-11-05 00:00:00,18.0,98.0,1013.7,,28.5845,77.2058,214.9,INI0000VIDD,SAFDARJUNG,1013.7,sea_level_pressure
2023-11-05 00:00:00,20.0,69.0,1012.5,,26.2511,73.0489,218.5,INI0000VIJO,JODHPUR,1012.5,sea_level_pressure
2023-11-05 00:00:00,13.6,96.0,1012.9,941.7,30.3167,78.0333,682.0,INM00042111,DEHRADUN,1012.9,sea_level_pressure
2023-11-05 03:00:00,18.6,96.0,1015.7,,28.5845,77.2058,214.9,INI0000VIDD,SAFDARJUNG,1015.7,sea_level_pressure
2023-11-05 03:00:00,21.2,65.0,1014.3,,26.2511,73.0489,218.5,INI0000VIJO,JODHPUR,1014.3,sea_level_pressure
2023-11-05 03:00:00,16.0,84.0,1015.3,944.5,30.3167,78.0333,682.0,INM00042111,DEHRADUN,1015.3,sea_level_pressure
2023-11-05 06:00:00,27.6,62.0,1014.3,,28.5845,77.2058,214.9,INI0000VIDD,SAFDARJUNG,1014.3,sea_level_pressure
2023-11-05 06:00:00,31.0,36.0,1013.7,,26.2511,73.0489,218.5,INI0000VIJO,JODHPUR,1013.7,sea_level_pressure
2023-11-05 06:00:00,25.7,44.0,1012.6,944.2,30.3167,78.0333,682.0,INM00042111,DEHRADUN,1012.6,sea_level_pressure
2023-11-05 09:00:00,30.6,45.0,1012.1,,28.5845,77.2058,214.9,INI0000VIDD,SAFDARJUNG,1012.1,sea_level_pressure
2023-11-05 09:00:00,34.5,24.0,1011.0,,26.2511,73.0489,218.5,INI0000VIJO,JODHPUR,1011.0,sea_level_pressure
2023-11-05 09:00:00,26.2,51.0,1010.9,942.8,30.3167,78.0333,682.0,INM00042111,DEHRADUN,1010.9,sea_level_pressure
2023-11-05 12:00:00,28.5,57.0,1012.0,,28.5845,77.2058,214.9,INI0000VIDD,SAFDARJUNG,1012.0,sea_level_pressure
2023-11-05 12:00:00,31.2,39.0,1010.6,,26.2511,73.0489,218.5,INI0000VIJO,JODHPUR,1010.6,sea_level_pressure
2023-11-05 12:00:00,23.2,71.0,1011.4,942.6,30.3167,78.0333,682.0,INM00042111,DEHRADUN,1011.4,sea_level_pressure
2023-11-05 15:00:00,20.2,87.0,1014.4,,28.5845,77.2058,214.9,INI0000VIDD,SAFDARJUNG,1014.4,sea_level_pressure
2023-11-05 15:00:00,24.2,56.0,1012.7,,26.2511,73.0489,218.5,INI0000VIJO,JODHPUR,1012.7,sea_level_pressure
2023-11-05 15:00:00,18.4,87.0,1014.4,944.3,30.3167,78.0333,682.0,INM00042111,DEHRADUN,1014.4,sea_level_pressure
2023-11-05 18:00:00,17.7,95.0,1015.5,,28.5845,77.2058,214.9,INI0000VIDD,SAFDARJUNG,1015.5,sea_level_pressure
2023-11-05 18:00:00,22.0,66.0,1014.0,,26.2511,73.0489,218.5,INI0000VIJO,JODHPUR,1014.0,sea_level_pressure
2023-11-05 18:00:00,16.0,90.0,1015.5,944.6,30.3167,78.0333,682.0,INM00042111,DEHRADUN,1015.5,sea_level_pressure
2023-11-05 21:00:00,16.6,96.0,1014.3,,28.5845,77.2058,214.9,INI0000VIDD,SAFDARJUNG,1014.3,sea_level_pressure
2023-11-05 21:00:00,20.5,69.0,1013.6,,26.2511,73.0489,218.5,INI0000VIJO,JODHPUR,1013.6,sea_level_pressure
2023-11-05 21:00:00,15.4,91.0,1015.1,944.3,30.3167,78.0333,682.0,INM00042111,DEHRADUN,1015.1,sea_level_pressure
2023-11-06 00:00:00,15.6,98.0,1015.8,,28.5845,77.2058,214.9,INI0000VIDD,SAFDARJUNG,1015.8,sea_level_pressure
2023-11-06 00:00:00,18.7,71.0,1013.8,,26.2511,73.0489,218.5,INI0000VIJO,JODHPUR,1013.8,sea_level_pressure
2023-11-06 00:00:00,14.5,93.0,1015.8,944.7,30.3167,78.0333,682.0,INM00042111,DEHRADUN,1015.8,sea_level_pressure
2023-11-06 03:00:00,16.4,98.0,1017.7,,28.5845,77.2058,214.9,INI0000VIDD,SAFDARJUNG,1017.7,sea_level_pressure
2023-11-06 03:00:00,21.6,56.0,1015.9,,26.2511,73.0489,218.5,INI0000VIJO,JODHPUR,1015.9,sea_level_pressure
2023-11-06 03:00:00,16.4,86.0,1017.4,946.7,30.3167,78.0333,682.0,INM00042111,DEHRADUN,1017.4,sea_level_pressure
2023-11-06 06:00:00,28.2,47.0,1016.5,,28.5845,77.2058,214.9,INI0000VIDD,SAFDARJUNG,1016.5,sea_level_pressure
2023-11-06 06:00:00,31.2,34.0,1015.2,990.6,26.2511,73.0489,218.5,INI0000VIJO,JODHPUR,1015.2,sea_level_pressure
2023-11-06 06:00:00,25.7,54.0,1013.6,945.2,30.3167,78.0333,682.0,INM00042111,DEHRADUN,1013.6,sea_level_pressure
2023-11-06 09:00:00,30.8,35.0,1014.0,,28.5845,77.2058,214.9,INI0000VIDD,SAFDARJUNG,1014.0,sea_level_pressure
2023-11-06 09:00:00,34.0,27.0,1012.5,,26.2511,73.0489,218.5,INI0000VIJO,JODHPUR,1012.5,sea_level_pressure
2023-11-06 09:00:00,27.2,51.0,1012.3,944.4,30.3167,78.0333,682.0,INM00042111,DEHRADUN,1012.3,sea_level_pressure
2023-11-06 12:00:00,26.6,62.0,1013.1,,28.5845,77.2058,214.9,INI0000VIDD,SAFDARJUNG,1013.1,sea_level_pressure
2023-11-06 12:00:00,30.8,38.0,1011.7,,26.2511,73.0489,218.5,INI0000VIJO,JODHPUR,1011.7,sea_level_pressure
2023-11-06 12:00:00,23.6,70.0,1012.8,943.9,30.3167,78.0333,682.0,INM00042111,DEHRADUN,1012.8,sea_level_pressure
2023-11-06 15:00:00,20.6,84.0,1015.3,,28.5845,77.2058,214.9,INI0000VIDD,SAFDARJUNG,1015.3,sea_level_pressure
2023-11-06 15:00:00,23.7,59.0,1014.1,,26.2511,73.0489,218.5,INI0000VIJO,JODHPUR,1014.1,sea_level_pressure
2023-11-06 15:00:00,18.6,87.0,1015.2,945.0,30.3167,78.0333,682.0,INM00042111,DEHRADUN,1015.2,sea_level_pressure
2023-11-06 18:00:00,,,,,,,,INI0000VIDD,SAFDARJUNG,,sea_level_pressure
2023-11-06 18:00:00,22.4,66.0,1014.7,,26.2511,73.0489,218.5,INI0000VIJO,JODHPUR,1014.7,sea_level_pressure
2023-11-06 18:00:00,,,,,,,,INM00042111,DEHRADUN,,sea_level_pressure
2023-11-06 21:00:00,18.0,94.0,1015.2,,28.5845,77.2058,214.9,INI0000VIDD,SAFDARJUNG,1015.2,sea_level_pressure
2023-11-06 21:00:00,21.5,70.0,1014.2,,26.2511,73.0489,218.5,INI0000VIJO,JODHPUR,1014.2,sea_level_pressure
2023-11-06 21:00:00,14.8,94.0,1015.6,944.5,30.3167,78.0333,682.0,INM00042111,DEHRADUN,1015.6,sea_level_pressure
2023-11-07 00:00:00,16.0,97.0,1015.3,,28.5845,77.2058,214.9,INI0000VIDD,SAFDARJUNG,1015.3,sea_level_pressure
2023-11-07 00:00:00,19.2,72.0,1013.9,,26.2511,73.0489,218.5,INI0000VIJO,JODHPUR,1013.9,sea_level_pressure
2023-11-07 00:00:00,13.6,93.0,1015.2,943.9,30.3167,78.0333,682.0,INM00042111,DEHRADUN,1015.2,sea_level_pressure
2023-11-07 03:00:00,16.6,96.0,1016.8,,28.5845,77.2058,214.9,INI0000VIDD,SAFDARJUNG,1016.8,sea_level_pressure
2023-11-07 03:00:00,21.0,64.0,1016.3,,26.2511,73.0489,218.5,INI0000VIJO,JODHPUR,1016.3,sea_level_pressure
2023-11-07 03:00:00,15.8,86.0,1016.2,945.4,30.3167,78.0333,682.0,INM00042111,DEHRADUN,1016.2,sea_level_pressure
2023-11-07 06:00:00,28.0,55.0,1015.7,,28.5845,77.2058,214.9,INI0000VIDD,SAFDARJUNG,1015.7,sea_level_pressure
2023-11-07 06:00:00,30.2,38.0,1015.4,990.7,26.2511,73.0489,218.5,INI0000VIJO,JODHPUR,1015.4,sea_level_pressure
2023-11-07 06:00:00,25.2,54.0,1014.0,945.5,30.3167,78.0333,682.0,INM00042111,DEHRADUN,1014.0,sea_level_pressure
2023-11-07 09:00:00,31.4,42.0,1012.3,,28.5845,77.2058,214.9,INI0000VIDD,SAFDARJUNG,1012.3,sea_level_pressure
2023-11-07 09:00:00,33.7,27.0,1011.9,,26.2511,73.0489,218.5,INI0000VIJO,JODHPUR,1011.9,sea_level_pressure
2023-11-07 09:00:00,27.6,47.0,1011.0,943.1,30.3167,78.0333,682.0,INM00042111,DEHRADUN,1011.0,sea_level_pressure
2023-11-07 12:00:00,29.2,45.0,1011.9,,28.5845,77.2058,214.9,INI0000VIDD,SAFDARJUNG,1011.9,sea_level_pressure
2023-11-07 12:00:00,30.7,39.0,1011.3,,26.2511,73.0489,218.5,INI0000VIJO,JODHPUR,1011.3,sea_level_pressure
2023-11-07 12:00:00,23.0,70.0,1011.5,942.5,30.3167,78.0333,682.0,INM00042111,DEHRADUN,1011.5,sea_level_pressure
2023-11-07 15:00:00,22.4,78.0,1014.4,,28.5845,77.2058,214.9,INI0000VIDD,SAFDARJUNG,1014.4,sea_level_pressure
2023-11-07 15:00:00,24.0,57.0,1013.2,,26.2511,73.0489,218.5,INI0000VIJO,JODHPUR,1013.2,sea_level_pressure
2023-11-07 15:00:00,17.6,86.0,1013.7,943.4,30.3167,78.0333,682.0,INM00042111,DEHRADUN,1013.7,sea_level_pressure
2023-11-07 18:00:00,20.0,89.0,1013.8,,28.5845,77.2058,214.9,INI0000VIDD,SAFDARJUNG,1013.8,sea_level_pressure
2023-11-07 18:00:00,22.5,66.0,1013.6,,26.2511,73.0489,218.5,INI0000VIJO,JODHPUR,1013.6,sea_level_pressure
2023-11-07 18:00:00,16.2,90.0,1013.6,943.2,30.3167,78.0333,682.0,INM00042111,DEHRADUN,1013.6,sea_level_pressure
2023-11-07 21:00:00,18.5,93.0,1013.6,,28.5845,77.2058,214.9,INI0000VIDD,SAFDARJUNG,1013.6,sea_level_pressure
2023-11-07 21:00:00,20.6,70.0,1013.2,,26.2511,73.0489,218.5,INI0000VIJO,JODHPUR,1013.2,sea_level_pressure
2023-11-07 21:00:00,15.0,91.0,1012.6,941.7,30.3167,78.0333,682.0,INM00042111,DEHRADUN,1012.6,sea_level_pressure
2023-11-08 00:00:00,16.6,98.0,1014.0,,28.5845,77.2058,214.9,INI0000VIDD,SAFDARJUNG,1014.0,sea_level_pressure
2023-11-08 00:00:00,19.5,65.0,1013.6,,26.2511,73.0489,218.5,INI0000VIJO,JODHPUR,1013.6,sea_level_pressure
2023-11-08 00:00:00,14.0,91.0,1013.2,942.0,30.3167,78.0333,682.0,INM00042111,DEHRADUN,1013.2,sea_level_pressure
2023-11-08 03:00:00,17.4,92.0,1014.8,,28.5845,77.2058,214.9,INI0000VIDD,SAFDARJUNG,1014.8,sea_level_pressure
2023-11-08 03:00:00,20.7,67.0,1015.3,,26.2511,73.0489,218.5,INI0000VIJO,JODHPUR,1015.3,sea_level_pressure
2023-11-08 03:00:00,15.4,86.0,1014.4,943.7,30.3167,78.0333,682.0,INM00042111,DEHRADUN,1014.4,sea_level_pressure
2023-11-08 06:00:00,27.5,51.0,1014.7,,28.5845,77.2058,214.9,INI0000VIDD,SAFDARJUNG,1014.7,sea_level_pressure
2023-11-08 06:00:00,30.2,38.0,1014.5,,26.2511,73.0489,218.5,INI0000VIJO,JODHPUR,1014.5,sea_level_pressure
2023-11-08 06:00:00,25.2,42.0,1012.4,944.0,30.3167,78.0333,682.0,INM00042111,DEHRADUN,1012.4,sea_level_pressure
2023-11-08 09:00:00,29.5,47.0,1011.7,,28.5845,77.2058,214.9,INI0000VIDD,SAFDARJUNG,1011.7,sea_level_pressure
2023-11-08 09:00:00,32.7,30.0,1011.6,,26.2511,73.0489,218.5,INI0000VIJO,JODHPUR,1011.6,sea_level_pressure
2023-11-08 09:00:00,27.8,46.0,1009.5,941.7,30.3167,78.0333,682.0,INM00042111,DEHRADUN,1009.5,sea_level_pressure
2023-11-08 12:00:00,27.0,63.0,1011.7,,28.5845,77.2058,214.9,INI0000VIDD,SAFDARJUNG,1011.7,sea_level_pressure
2023-11-08 12:00:00,30.5,46.0,1011.3,,26.2511,73.0489,218.5,INI0000VIJO,JODHPUR,1011.3,sea_level_pressure
2023-11-08 12:00:00,23.2,68.0,1010.6,941.9,30.3167,78.0333,682.0,INM00042111,DEHRADUN,1010.6,sea_level_pressure
2023-11-08 15:00:00,21.0,86.0,1013.8,,28.5845,77.2058,214.9,INI0000VIDD,SAFDARJUNG,1013.8,sea_level_pressure
2023-11-08 15:00:00,24.5,64.0,1013.8,,26.2511,73.0489,218.5,INI0000VIJO,JODHPUR,1013.8,sea_level_pressure
2023-11-08 15:00:00,17.4,88.0,1013.6,943.3,30.3167,78.0333,682.0,INM00042111,DEHRADUN,1013.6,sea_level_pressure
2023-11-08 18:00:00,19.0,92.0,1014.3,,28.5845,77.2058,214.9,INI0000VIDD,SAFDARJUNG,1014.3,sea_level_pressure
2023-11-08 18:00:00,22.0,64.0,1014.0,,26.2511,73.0489,218.5,INI0000VIJO,JODHPUR,1014.0,sea_level_pressure
2023-11-08 18:00:00,15.7,93.0,1014.2,943.4,30.3167,78.0333,682.0,INM00042111,DEHRADUN,1014.2,sea_level_pressure
2023-11-08 21:00:00,17.6,94.0,1014.2,,28.5845,77.2058,214.9,INI0000VIDD,SAFDARJUNG,1014.2,sea_level_pressure
2023-11-08 21:00:00,21.2,62.0,1013.2,,26.2511,73.0489,218.5,INI0000VIJO,JODHPUR,1013.2,sea_level_pressure
2023-11-08 21:00:00,14.8,91.0,1013.0,942.1,30.3167,78.0333,682.0,INM00042111,DEHRADUN,1013.0,sea_level_pressure
2023-11-09 00:00:00,17.2,96.0,1013.3,,28.5845,77.2058,214.9,INI0000VIDD,SAFDARJUNG,1013.3,sea_level_pressure
2023-11-09 00:00:00,19.6,65.0,1013.2,,26.2511,73.0489,218.5,INI0000VIJO,JODHPUR,1013.2,sea_level_pressure
2023-11-09 00:00:00,13.7,96.0,1013.4,942.2,30.3167,78.0333,682.0,INM00042111,DEHRADUN,1013.4,sea_level_pressure
2023-11-09 03:00:00,18.8,88.0,1015.2,,28.5845,77.2058,214.9,INI0000VIDD,SAFDARJUNG,1015.2,sea_level_pressure
2023-11-09 03:00:00,21.7,57.0,1015.1,,26.2511,73.0489,218.5,INI0000VIJO,JODHPUR,1015.1,sea_level_pressure
2023-11-09 03:00:00,16.2,84.0,1014.3,943.7,30.3167,78.0333,682.0,INM00042111,DEHRADUN,1014.3,sea_level_pressure
2023-11-09 06:00:00,27.2,59.0,1014.5,,28.5845,77.2058,214.9,INI0000VIDD,SAFDARJUNG,1014.5,sea_level_pressure
2023-11-09 06:00:00,28.0,33.0,1015.0,,26.2511,73.0489,218.5,INI0000VIJO,JODHPUR,1015.0,sea_level_pressure
2023-11-09 06:00:00,25.2,52.0,1012.7,944.3,30.3167,78.0333,682.0,INM00042111,DEHRADUN,1012.7,sea_level_pressure
2023-11-09 09:00:00,30.0,41.0,1012.2,,28.5845,77.2058,214.9,INI0000VIDD,SAFDARJUNG,1012.2,sea_level_pressure
2023-11-09 09:00:00,32.0,30.0,1012.0,,26.2511,73.0489,218.5,INI0000VIJO,JODHPUR,1012.0,sea_level_pressure
2023-11-09 09:00:00,28.0,45.0,1011.3,943.4,30.3167,78.0333,682.0,INM00042111,DEHRADUN,1011.3,sea_level_pressure
2023-11-09 12:00:00,27.7,58.0,1011.7,,28.5845,77.2058,214.9,INI0000VIDD,SAFDARJUNG,1011.7,sea_level_pressure
2023-11-09 12:00:00,29.7,49.0,1011.3,,26.2511,73.0489,218.5,INI0000VIJO,JODHPUR,1011.3,sea_level_pressure
2023-11-09 12:00:00,23.7,71.0,1010.1,941.5,30.3167,78.0333,682.0,INM00042111,DEHRADUN,1010.1,sea_level_pressure
2023-11-09 15:00:00,21.2,86.0,1014.0,,28.5845,77.2058,214.9,INI0000VIDD,SAFDARJUNG,1014.0,sea_level_pressure
2023-11-09 15:00:00,23.0,68.0,1013.7,,26.2511,73.0489,218.5,INI0000VIJO,JODHPUR,1013.7,sea_level_pressure
2023-11-09 15:00:00,17.6,88.0,1014.7,944.4,30.3167,78.0333,682.0,INM00042111,DEHRADUN,1014.7,sea_level_pressure
2023-11-09 18:00:00,20.0,94.0,1014.8,,28.5845,77.2058,214.9,INI0000VIDD,SAFDARJUNG,1014.8,sea_level_pressure
2023-11-09 18:00:00,23.7,57.0,1013.8,,26.2511,73.0489,218.5,INI0000VIJO,JODHPUR,1013.8,sea_level_pressure
2023-11-09 18:00:00,16.2,92.0,1015.0,944.4,30.3167,78.0333,682.0,INM00042111,DEHRADUN,1015.0,sea_level_pressure
2023-11-09 21:00:00,19.0,96.0,1014.5,,28.5845,77.2058,214.9,INI0000VIDD,SAFDARJUNG,1014.5,sea_level_pressure
2023-11-09 21:00:00,22.2,66.0,1013.4,,26.2511,73.0489,218.5,INI0000VIJO,JODHPUR,1013.4,sea_level_pressure
2023-11-09 21:00:00,15.2,90.0,1014.6,943.8,30.3167,78.0333,682.0,INM00042111,DEHRADUN,1014.6,sea_level_pressure
2023-11-10 00:00:00,18.2,100.0,1014.4,,28.5845,77.2058,214.9,INI0000VIDD,SAFDARJUNG,1014.4,sea_level_pressure
2023-11-10 00:00:00,19.7,73.0,1013.3,,26.2511,73.0489,218.5,INI0000VIJO,JODHPUR,1013.3,sea_level_pressure
2023-11-10 00:00:00,15.6,88.0,1014.4,943.6,30.3167,78.0333,682.0,INM00042111,DEHRADUN,1014.4,sea_level_pressure
2023-11-10 03:00:00,20.0,91.0,1016.5,,28.5845,77.2058,214.9,INI0000VIDD,SAFDARJUNG,1016.5,sea_level_pressure
2023-11-10 03:00:00,21.0,70.0,1015.5,,26.2511,73.0489,218.5,INI0000VIJO,JODHPUR,1015.5,sea_level_pressure
2023-11-10 03:00:00,16.8,86.0,1016.5,945.8,30.3167,78.0333,682.0,INM00042111,DEHRADUN,1016.5,sea_level_pressure
2023-11-10 06:00:00,21.0,89.0,1017.3,,28.5845,77.2058,214.9,INI0000VIDD,SAFDARJUNG,1017.3,sea_level_pressure
2023-11-10 06:00:00,30.0,38.0,1015.4,,26.2511,73.0489,218.5,INI0000VIJO,JODHPUR,1015.4,sea_level_pressure
2023-11-10 06:00:00,23.6,63.0,1015.2,946.2,30.3167,78.0333,682.0,INM00042111,DEHRADUN,1015.2,sea_level_pressure
2023-11-10 09:00:00,21.6,87.0,1015.2,,28.5845,77.2058,214.9,INI0000VIDD,SAFDARJUNG,1015.2,sea_level_pressure
2023-11-10 09:00:00,32.0,34.0,1012.6,988.1,26.2511,73.0489,218.5,INI0000VIJO,JODHPUR,1012.6,sea_level_pressure
2023-11-10 09:00:00,21.6,71.0,1014.3,945.0,30.3167,78.0333,682.0,INM00042111,DEHRADUN,1014.3,sea_level_pressure
2023-11-10 12:00:00,19.7,95.0,1015.2,,28.5845,77.2058,214.9,INI0000VIDD,SAFDARJUNG,1015.2,sea_level_pressure
2023-11-10 12:00:00,29.7,49.0,1011.3,,26.2511,73.0489,218.5,INI0000VIJO,JODHPUR,1011.3,sea_level_pressure
2023-11-10 12:00:00,20.2,74.0,1014.0,944.2,30.3167,78.0333,682.0,INM00042111,DEHRADUN,1014.0,sea_level_pressure
2023-11-10 15:00:00,19.4,94.0,1017.2,,28.5845,77.2058,214.9,INI0000VIDD,SAFDARJUNG,1017.2,sea_level_pressure
2023-11-10 15:00:00,26.7,34.0,1016.0,,26.2511,73.0489,218.5,INI0000VIJO,JODHPUR,1016.0,sea_level_pressure
2023-11-10 15:00:00,18.0,87.0,1016.3,945.8,30.3167,78.0333,682.0,INM00042111,DEHRADUN,1016.3,sea_level_pressure
2023-11-10 18:00:00,18.0,96.0,1017.1,,28.5845,77.2058,214.9,INI0000VIDD,SAFDARJUNG,1017.1,sea_level_pressure
2023-11-10 18:00:00,23.5,52.0,1017.0,,26.2511,73.0489,218.5,INI0000VIJO,JODHPUR,1017.0,sea_level_pressure
2023-11-10 18:00:00,16.0,94.0,1017.0,946.0,30.3167,78.0333,682.0,INM00042111,DEHRADUN,1017.0,sea_level_pressure
2023-11-10 21:00:00,16.8,98.0,1016.7,,28.5845,77.2058,214.9,INI0000VIDD,SAFDARJUNG,1016.7,sea_level_pressure
2023-11-10 21:00:00,21.2,68.0,1017.0,,26.2511,73.0489,218.5,INI0000VIJO,JODHPUR,1017.0,sea_level_pressure
2023-11-10 21:00:00,16.0,94.0,1016.2,945.3,30.3167,78.0333,682.0,INM00042111,DEHRADUN,1016.2,sea_level_pressure
2023-11-11 00:00:00,15.5,99.0,1016.9,,28.5845,77.2058,214.9,INI0000VIDD,SAFDARJUNG,1016.9,sea_level_pressure
2023-11-11 00:00:00,17.2,90.0,1017.8,,26.2511,73.0489,218.5,INI0000VIJO,JODHPUR,1017.8,sea_level_pressure
2023-11-11 00:00:00,15.6,96.0,1016.2,945.3,30.3167,78.0333,682.0,INM00042111,DEHRADUN,1016.2,sea_level_pressure
2023-11-11 03:00:00,17.0,88.0,1018.3,,28.5845,77.2058,214.9,INI0000VIDD,SAFDARJUNG,1018.3,sea_level_pressure
2023-11-11 03:00:00,18.2,84.0,1020.2,,26.2511,73.0489,218.5,INI0000VIJO,JODHPUR,1020.2,sea_level_pressure
2023-11-11 03:00:00,16.6,90.0,1017.2,946.5,30.3167,78.0333,682.0,INM00042111,DEHRADUN,1017.2,sea_level_pressure
2023-11-11 06:00:00,22.7,61.0,1019.1,,28.5845,77.2058,214.9,INI0000VIDD,SAFDARJUNG,1019.1,sea_level_pressure
2023-11-11 06:00:00,24.5,54.0,1019.9,,26.2511,73.0489,218.5,INI0000VIJO,JODHPUR,1019.9,sea_level_pressure
2023-11-11 06:00:00,23.2,58.0,1015.9,946.9,30.3167,78.0333,682.0,INM00042111,DEHRADUN,1015.9,sea_level_pressure
2023-11-11 09:00:00,25.8,49.0,1016.4,,28.5845,77.2058,214.9,INI0000VIDD,SAFDARJUNG,1016.4,sea_level_pressure
2023-11-11 09:00:00,28.7,32.0,1016.5,,26.2511,73.0489,218.5,INI0000VIJO,JODHPUR,1016.5,sea_level_pressure
2023-11-11 09:00:00,26.2,49.0,1012.8,944.6,30.3167,78.0333,682.0,INM00042111,DEHRADUN,1012.8,sea_level_pressure
2023-11-11 12:00:00,22.7,67.0,1016.6,,28.5845,77.2058,214.9,INI0000VIDD,SAFDARJUNG,1016.6,sea_level_pressure
2023-11-11 12:00:00,27.5,31.0,1016.5,,26.2511,73.0489,218.5,INI0000VIJO,JODHPUR,1016.5,sea_level_pressure
2023-11-11 12:00:00,22.0,61.0,1013.3,944.0,30.3167,78.0333,682.0,INM00042111,DEHRADUN,1013.3,sea_level_pressure
2023-11-11 15:00:00,19.0,87.0,1018.3,,28.5845,77.2058,214.9,INI0000VIDD,SAFDARJUNG,1018.3,sea_level_pressure
2023-11-11 15:00:00,22.2,50.0,1018.8,,26.2511,73.0489,218.5,INI0000VIJO,JODHPUR,1018.8,sea_level_pressure
2023-11-11 15:00:00,17.4,86.0,1017.2,946.7,30.3167,78.0333,682.0,INM00042111,DEHRADUN,1017.2,sea_level_pressure
2023-11-11 18:00:00,17.0,90.0,1018.8,,28.5845,77.2058,214.9,INI0000VIDD,SAFDARJUNG,1018.8,sea_level_pressure
2023-11-11 18:00:00,20.0,61.0,1019.3,,26.2511,73.0489,218.5,INI0000VIJO,JODHPUR,1019.3,sea_level_pressure
2023-11-11 18:00:00,15.6,91.0,1017.9,946.9,30.3167,78.0333,682.0,INM00042111,DEHRADUN,1017.9,sea_level_pressure
2023-11-11 21:00:00,15.8,94.0,1018.4,,28.5845,77.2058,214.9,INI0000VIDD,SAFDARJUNG,1018.4,sea_level_pressure
2023-11-11 21:00:00,18.0,73.0,1018.6,,26.2511,73.0489,218.5,INI0000VIJO,JODHPUR,1018.6,sea_level_pressure
2023-11-11 21:00:00,14.0,94.0,1017.8,946.3,30.3167,78.0333,682.0,INM00042111,DEHRADUN,1017.8,sea_level_pressure
2023-11-12 00:00:00,14.0,100.0,1018.1,,28.5845,77.2058,214.9,INI0000VIDD,SAFDARJUNG,1018.1,sea_level_pressure
2023-11-12 00:00:00,17.0,80.0,1018.8,,26.2511,73.0489,218.5,INI0000VIJO,JODHPUR,1018.8,sea_level_pressure
2023-11-12 00:00:00,13.7,96.0,1016.9,945.5,30.3167,78.0333,682.0,INM00042111,DEHRADUN,1016.9,sea_level_pressure
2023-11-12 03:00:00,16.0,86.0,1019.5,,28.5845,77.2058,214.9,INI0000VIDD,SAFDARJUNG,1019.5,sea_level_pressure
2023-11-12 03:00:00,18.6,70.0,1020.8,,26.2511,73.0489,218.5,INI0000VIJO,JODHPUR,1020.8,sea_level_pressure
2023-11-12 03:00:00,15.6,88.0,1018.4,947.3,30.3167,78.0333,682.0,INM00042111,DEHRADUN,1018.4,sea_level_pressure
2023-11-12 06:00:00,24.2,55.0,1018.7,,28.5845,77.2058,214.9,INI0000VIDD,SAFDARJUNG,1018.7,sea_level_pressure
2023-11-12 06:00:00,25.6,48.0,1019.4,,26.2511,73.0489,218.5,INI0000VIJO,JODHPUR,1019.4,sea_level_pressure
2023-11-12 06:00:00,24.2,56.0,1016.0,947.1,30.3167,78.0333,682.0,INM00042111,DEHRADUN,1016.0,sea_level_pressure
2023-11-12 09:00:00,26.4,44.0,1015.8,,28.5845,77.2058,214.9,INI0000VIDD,SAFDARJUNG,1015.8,sea_level_pressure
2023-11-12 09:00:00,28.7,31.0,1016.0,,26.2511,73.0489,218.5,INI0000VIJO,JODHPUR,1016.0,sea_level_pressure
2023-11-12 09:00:00,26.7,54.0,1012.9,944.7,30.3167,78.0333,682.0,INM00042111,DEHRADUN,1012.9,sea_level_pressure
2023-11-12 12:00:00,25.0,60.0,1015.8,,28.5845,77.2058,214.9,INI0000VIDD,SAFDARJUNG,1015.8,sea_level_pressure
2023-11-12 12:00:00,27.2,42.0,1015.2,,26.2511,73.0489,218.5,INI0000VIJO,JODHPUR,1015.2,sea_level_pressure
2023-11-12 12:00:00,22.7,71.0,1014.1,944.8,30.3167,78.0333,682.0,INM00042111,DEHRADUN,1014.1,sea_level_pressure
2023-11-12 15:00:00,18.4,83.0,1017.7,,28.5845,77.2058,214.9,INI0000VIDD,SAFDARJUNG,1017.7,sea_level_pressure
2023-11-12 15:00:00,20.4,56.0,1017.3,,26.2511,73.0489,218.5,INI0000VIJO,JODHPUR,1017.3,sea_level_pressure
2023-11-12 15:00:00,17.6,83.0,1016.8,946.3,30.3167,78.0333,682.0,INM00042111,DEHRADUN,1016.8,sea_level_pressure
2023-11-12 18:00:00,16.6,92.0,1018.5,,28.5845,77.2058,214.9,INI0000VIDD,SAFDARJUNG,1018.5,sea_level_pressure
2023-11-12 18:00:00,19.7,54.0,1017.9,992.3,26.2511,73.0489,218.5,INI0000VIJO,JODHPUR,1017.9,sea_level_pressure
2023-11-12 18:00:00,15.0,90.0,1017.9,946.6,30.3167,78.0333,682.0,INM00042111,DEHRADUN,1017.9,sea_level_pressure
2023-11-12 21:00:00,15.2,96.0,1017.6,,28.5845,77.2058,214.9,INI0000VIDD,SAFDARJUNG,1017.6,sea_level_pressure
2023-11-12 21:00:00,18.5,59.0,1017.5,,26.2511,73.0489,218.5,INI0000VIJO,JODHPUR,1017.5,sea_level_pressure
2023-11-12 21:00:00,,,,,,,,INM00042111,DEHRADUN,,sea_level_pressure
2023-11-13 00:00:00,13.7,98.0,1018.0,,28.5845,77.2058,214.9,INI0000VIDD,SAFDARJUNG,1018.0,sea_level_pressure
2023-11-13 00:00:00,17.5,64.0,1017.0,,26.2511,73.0489,218.5,INI0000VIJO,JODHPUR,1017.0,sea_level_pressure
2023-11-13 00:00:00,13.7,96.0,1016.9,945.5,30.3167,78.0333,682.0,INM00042111,DEHRADUN,1016.9,sea_level_pressure
2023-11-13 03:00:00,14.4,100.0,1020.0,,28.5845,77.2058,214.9,INI0000VIDD,SAFDARJUNG,1020.0,sea_level_pressure
2023-11-13 03:00:00,19.0,60.0,1018.8,,26.2511,73.0489,218.5,INI0000VIJO,JODHPUR,1018.8,sea_level_pressure
2023-11-13 03:00:00,15.2,91.0,1018.6,947.5,30.3167,78.0333,682.0,INM00042111,DEHRADUN,1018.6,sea_level_pressure
2023-11-13 06:00:00,22.7,61.0,1019.5,,28.5845,77.2058,214.9,INI0000VIDD,SAFDARJUNG,1019.5,sea_level_pressure
2023-11-13 06:00:00,25.5,47.0,1018.4,,26.2511,73.0489,218.5,INI0000VIJO,JODHPUR,1018.4,sea_level_pressure
2023-11-13 06:00:00,23.6,54.0,1017.2,948.0,30.3167,78.0333,682.0,INM00042111,DEHRADUN,1017.2,sea_level_pressure
2023-11-13 09:00:00,27.2,45.0,1016.0,,28.5845,77.2058,214.9,INI0000VIDD,SAFDARJUNG,1016.0,sea_level_pressure
2023-11-13 09:00:00,29.5,33.0,1014.9,990.2,26.2511,73.0489,218.5,INI0000VIJO,JODHPUR,1014.9,sea_level_pressure
2023-11-13 09:00:00,26.4,51.0,1014.0,945.7,30.3167,78.0333,682.0,INM00042111,DEHRADUN,1014.0,sea_level_pressure
2023-11-13 12:00:00,24.5,66.0,1015.5,,28.5845,77.2058,214.9,INI0000VIDD,SAFDARJUNG,1015.5,sea_level_pressure
2023-11-13 12:00:00,27.2,46.0,1014.6,,26.2511,73.0489,218.5,INI0000VIJO,JODHPUR,1014.6,sea_level_pressure
2023-11-13 12:00:00,22.5,72.0,1014.5,945.3,30.3167,78.0333,682.0,INM00042111,DEHRADUN,1014.5,sea_level_pressure
2023-11-13 15:00:00,19.0,87.0,1017.0,,28.5845,77.2058,214.9,INI0000VIDD,SAFDARJUNG,1017.0,sea_level_pressure
2023-11-13 15:00:00,22.6,50.0,1016.8,,26.2511,73.0489,218.5,INI0000VIJO,JODHPUR,1016.8,sea_level_pressure
2023-11-13 15:00:00,17.2,88.0,1017.2,946.7,30.3167,78.0333,682.0,INM00042111,DEHRADUN,1017.2,sea_level_pressure
2023-11-13 18:00:00,16.6,90.0,1018.4,,28.5845,77.2058,214.9,INI0000VIDD,SAFDARJUNG,1018.4,sea_level_pressure
2023-11-13 18:00:00,20.0,56.0,1017.1,,26.2511,73.0489,218.5,INI0000VIJO,JODHPUR,1017.1,sea_level_pressure
2023-11-13 18:00:00,15.5,87.0,1017.8,946.8,30.3167,78.0333,682.0,INM00042111,DEHRADUN,1017.8,sea_level_pressure
2023-11-13 21:00:00,15.4,93.0,1017.1,,28.5845,77.2058,214.9,INI0000VIDD,SAFDARJUNG,1017.1,sea_level_pressure
2023-11-13 21:00:00,18.2,62.0,1016.5,,26.2511,73.0489,218.5,INI0000VIJO,JODHPUR,1016.5,sea_level_pressure
2023-11-13 21:00:00,14.0,94.0,1017.1,945.6,30.3167,78.0333,682.0,INM00042111,DEHRADUN,1017.1,sea_level_pressure
2023-11-14 00:00:00,13.7,98.0,1017.3,,28.5845,77.2058,214.9,INI0000VIDD,SAFDARJUNG,1017.3,sea_level_pressure
2023-11-14 00:00:00,18.0,66.0,1016.6,,26.2511,73.0489,218.5,INI0000VIJO,JODHPUR,1016.6,sea_level_pressure
2023-11-14 00:00:00,13.6,96.0,1016.8,945.4,30.3167,78.0333,682.0,INM00042111,DEHRADUN,1016.8,sea_level_pressure
2023-11-14 03:00:00,15.2,97.0,1019.4,,28.5845,77.2058,214.9,INI0000VIDD,SAFDARJUNG,1019.4,sea_level_pressure
2023-11-14 03:00:00,19.5,58.0,1018.2,,26.2511,73.0489,218.5,INI0000VIJO,JODHPUR,1018.2,sea_level_pressure
2023-11-14 03:00:00,15.2,90.0,1017.9,946.9,30.3167,78.0333,682.0,INM00042111,DEHRADUN,1017.9,sea_level_pressure
2023-11-14 06:00:00,23.5,55.0,1019.0,,28.5845,77.2058,214.9,INI0000VIDD,SAFDARJUNG,1019.0,sea_level_pressure
2023-11-14 06:00:00,25.5,46.0,1017.9,,26.2511,73.0489,218.5,INI0000VIJO,JODHPUR,1017.9,sea_level_pressure
2023-11-14 06:00:00,23.7,59.0,1016.7,947.5,30.3167,78.0333,682.0,INM00042111,DEHRADUN,1016.7,sea_level_pressure
2023-11-14 09:00:00,25.6,42.0,1015.9,,28.5845,77.2058,214.9,INI0000VIDD,SAFDARJUNG,1015.9,sea_level_pressure
2023-11-14 09:00:00,29.7,31.0,1014.7,,26.2511,73.0489,218.5,INI0000VIJO,JODHPUR,1014.7,sea_level_pressure
2023-11-14 09:00:00,27.2,54.0,1012.4,944.5,30.3167,78.0333,682.0,INM00042111,DEHRADUN,1012.4,sea_level_pressure
2023-11-14 12:00:00,22.7,70.0,1015.5,,28.5845,77.2058,214.9,INI0000VIDD,SAFDARJUNG,1015.5,sea_level_pressure
2023-11-14 12:00:00,27.0,40.0,1014.4,,26.2511,73.0489,218.5,INI0000VIJO,JODHPUR,1014.4,sea_level_pressure
2023-11-14 12:00:00,23.6,71.0,1012.4,943.6,30.3167,78.0333,682.0,INM00042111,DEHRADUN,1012.4,sea_level_pressure
2023-11-14 15:00:00,18.0,88.0,1017.3,,28.5845,77.2058,214.9,INI0000VIDD,SAFDARJUNG,1017.3,sea_level_pressure
2023-11-14 15:00:00,22.7,49.0,1016.8,,26.2511,73.0489,218.5,INI0000VIJO,JODHPUR,1016.8,sea_level_pressure
2023-11-14 15:00:00,17.4,86.0,1016.3,945.8,30.3167,78.0333,682.0,INM00042111,DEHRADUN,1016.3,sea_level_pressure
2023-11-14 18:00:00,16.0,90.0,1018.5,,28.5845,77.2058,214.9,INI0000VIDD,SAFDARJUNG,1018.5,sea_level_pressure
2023-11-14 18:00:00,20.7,55.0,1017.6,,26.2511,73.0489,218.5,INI0000VIJO,JODHPUR,1017.6,sea_level_pressure
2023-11-14 18:00:00,15.5,87.0,1016.9,945.9,30.3167,78.0333,682.0,INM00042111,DEHRADUN,1016.9,sea_level_pressure
2023-11-14 21:00:00,,,,,,,,INI0000VIDD,SAFDARJUNG,,sea_level_pressure
2023-11-14 21:00:00,,,,,,,,INI0000VIJO,JODHPUR,,sea_level_pressure
2023-11-14 21:00:00,,,,,,,,INM00042111,DEHRADUN,,sea_level_pressure
2023-11-15 00:00:00,12.6,100.0,1017.4,,28.5845,77.2058,214.9,INI0000VIDD,SAFDARJUNG,1017.4,sea_level_pressure
2023-11-15 00:00:00,18.0,59.0,1017.1,,26.2511,73.0489,218.5,INI0000VIJO,JODHPUR,1017.1,sea_level_pressure
2023-11-15 00:00:00,14.2,94.0,1016.4,945.2,30.3167,78.0333,682.0,INM00042111,DEHRADUN,1016.4,sea_level_pressure
2023-11-15 03:00:00,13.6,100.0,1019.2,,28.5845,77.2058,214.9,INI0000VIDD,SAFDARJUNG,1019.2,sea_level_pressure
2023-11-15 03:00:00,18.8,56.0,1019.3,,26.2511,73.0489,218.5,INI0000VIJO,JODHPUR,1019.3,sea_level_pressure
2023-11-15 03:00:00,15.4,82.0,1017.8,946.8,30.3167,78.0333,682.0,INM00042111,DEHRADUN,1017.8,sea_level_pressure
2023-11-15 06:00:00,22.2,69.0,1018.4,,28.5845,77.2058,214.9,INI0000VIDD,SAFDARJUNG,1018.4,sea_level_pressure
2023-11-15 06:00:00,26.5,42.0,1018.3,,26.2511,73.0489,218.5,INI0000VIJO,JODHPUR,1018.3,sea_level_pressure
2023-11-15 06:00:00,24.6,52.0,1015.9,947.0,30.3167,78.0333,682.0,INM00042111,DEHRADUN,1015.9,sea_level_pressure
2023-11-15 09:00:00,26.8,43.0,1015.2,,28.5845,77.2058,214.9,INI0000VIDD,SAFDARJUNG,1015.2,sea_level_pressure
2023-11-15 09:00:00,29.0,31.0,1014.8,,26.2511,73.0489,218.5,INI0000VIJO,JODHPUR,1014.8,sea_level_pressure
2023-11-15 09:00:00,28.4,45.0,1012.0,944.3,30.3167,78.0333,682.0,INM00042111,DEHRADUN,1012.0,sea_level_pressure
2023-11-15 12:00:00,24.2,57.0,1015.2,,28.5845,77.2058,214.9,INI0000VIDD,SAFDARJUNG,1015.2,sea_level_pressure
2023-11-15 12:00:00,27.2,42.0,1014.7,,26.2511,73.0489,218.5,INI0000VIJO,JODHPUR,1014.7,sea_level_pressure
2023-11-15 12:00:00,22.7,68.0,1013.4,944.3,30.3167,78.0333,682.0,INM00042111,DEHRADUN,1013.4,sea_level_pressure
2023-11-15 15:00:00,17.0,88.0,1017.3,,28.5845,77.2058,214.9,INI0000VIDD,SAFDARJUNG,1017.3,sea_level_pressure
2023-11-15 15:00:00,21.8,42.0,1016.3,,26.2511,73.0489,218.5,INI0000VIJO,JODHPUR,1016.3,sea_level_pressure
2023-11-15 15:00:00,17.2,88.0,1016.0,945.5,30.3167,78.0333,682.0,INM00042111,DEHRADUN,1016.0,sea_level_pressure
2023-11-15 18:00:00,15.2,91.0,1017.6,,28.5845,77.2058,214.9,INI0000VIDD,SAFDARJUNG,1017.6,sea_level_pressure
2023-11-15 18:00:00,20.7,40.0,1016.9,,26.2511,73.0489,218.5,INI0000VIJO,JODHPUR,1016.9,sea_level_pressure
2023-11-15 18:00:00,15.4,90.0,1016.9,945.9,30.3167,78.0333,682.0,INM00042111,DEHRADUN,1016.9,sea_level_pressure
2023-11-15 21:00:00,14.0,96.0,1017.2,,28.5845,77.2058,214.9,INI0000VIDD,SAFDARJUNG,1017.2,sea_level_pressure
2023-11-15 21:00:00,18.6,54.0,1016.4,,26.2511,73.0489,218.5,INI0000VIJO,JODHPUR,1016.4,sea_level_pressure
2023-11-15 21:00:00,14.0,94.0,1017.0,945.5,30.3167,78.0333,682.0,INM00042111,DEHRADUN,1017.0,sea_level_pressure
2023-11-16 00:00:00,13.0,97.0,1017.7,,28.5845,77.2058,214.9,INI0000VIDD,SAFDARJUNG,1017.7,sea_level_pressure
2023-11-16 00:00:00,17.0,64.0,1016.9,,26.2511,73.0489,218.5,INI0000VIJO,JODHPUR,1016.9,sea_level_pressure
2023-11-16 00:00:00,13.6,96.0,1016.8,945.3,30.3167,78.0333,682.0,INM00042111,DEHRADUN,1016.8,sea_level_pressure
2023-11-16 03:00:00,,,,,,,,INI0000VIDD,SAFDARJUNG,,sea_level_pressure
2023-11-16 03:00:00,17.5,65.0,1019.0,,26.2511,73.0489,218.5,INI0000VIJO,JODHPUR,1019.0,sea_level_pressure
2023-11-16 03:00:00,15.4,82.0,1018.9,947.8,30.3167,78.0333,682.0,INM00042111,DEHRADUN,1018.9,sea_level_pressure
2023-11-16 06:00:00,23.0,56.0,1019.3,,28.5845,77.2058,214.9,INI0000VIDD,SAFDARJUNG,1019.3,sea_level_pressure
2023-11-16 06:00:00,24.6,47.0,1018.7,,26.2511,73.0489,218.5,INI0000VIJO,JODHPUR,1018.7,sea_level_pressure
2023-11-16 06:00:00,24.5,54.0,1017.2,948.3,30.3167,78.0333,682.0,INM00042111,DEHRADUN,1017.2,sea_level_pressure
2023-11-16 09:00:00,26.6,53.0,1016.4,,28.5845,77.2058,214.9,INI0000VIDD,SAFDARJUNG,1016.4,sea_level_pressure
2023-11-16 09:00:00,28.6,32.0,1015.5,990.6,26.2511,73.0489,218.5,INI0000VIJO,JODHPUR,1015.5,sea_level_pressure
2023-11-16 09:00:00,27.0,46.0,1014.8,946.5,30.3167,78.0333,682.0,INM00042111,DEHRADUN,1014.8,sea_level_pressure
2023-11-16 12:00:00,24.5,68.0,1016.4,,28.5845,77.2058,214.9,INI0000VIDD,SAFDARJUNG,1016.4,sea_level_pressure
2023-11-16 12:00:00,26.5,46.0,1015.4,,26.2511,73.0489,218.5,INI0000VIJO,JODHPUR,1015.4,sea_level_pressure
2023-11-16 12:00:00,22.6,69.0,1015.9,946.6,30.3167,78.0333,682.0,INM00042111,DEHRADUN,1015.9,sea_level_pressure
2023-11-16 15:00:00,18.0,92.0,1018.6,,28.5845,77.2058,214.9,INI0000VIDD,SAFDARJUNG,1018.6,sea_level_pressure
2023-11-16 15:00:00,20.7,54.0,1016.8,,26.2511,73.0489,218.5,INI0000VIJO,JODHPUR,1016.8,sea_level_pressure
2023-11-16 15:00:00,17.2,88.0,1018.3,947.7,30.3167,78.0333,682.0,INM00042111,DEHRADUN,1018.3,sea_level_pressure
2023-11-16 18:00:00,16.5,93.0,1018.9,,28.5845,77.2058,214.9,INI0000VIDD,SAFDARJUNG,1018.9,sea_level_pressure
2023-11-16 18:00:00,20.7,43.0,1017.9,,26.2511,73.0489,218.5,INI0000VIJO,JODHPUR,1017.9,sea_level_pressure
2023-11-16 18:00:00,15.1,92.0,1018.8,947.7,30.3167,78.0333,682.0,INM00042111,DEHRADUN,1018.8,sea_level_pressure
2023-11-16 21:00:00,15.0,96.0,1018.9,,28.5845,77.2058,214.9,INI0000VIDD,SAFDARJUNG,1018.9,sea_level_pressure
2023-11-16 21:00:00,18.5,50.0,1017.5,,26.2511,73.0489,218.5,INI0000VIJO,JODHPUR,1017.5,sea_level_pressure
2023-11-16 21:00:00,13.6,93.0,1019.0,947.4,30.3167,78.0333,682.0,INM00042111,DEHRADUN,1019.0,sea_level_pressure
2023-11-17 00:00:00,13.7,100.0,1019.2,,28.5845,77.2058,214.9,INI0000VIDD,SAFDARJUNG,1019.2,sea_level_pressure
2023-11-17 00:00:00,18.2,52.0,1017.8,,26.2511,73.0489,218.5,INI0000VIJO,JODHPUR,1017.8,sea_level_pressure
2023-11-17 00:00:00,13.2,93.0,1019.1,947.5,30.3167,78.0333,682.0,INM00042111,DEHRADUN,1019.1,sea_level_pressure
2023-11-17 03:00:00,15.0,97.0,1020.3,,28.5845,77.2058,214.9,INI0000VIDD,SAFDARJUNG,1020.3,sea_level_pressure
2023-11-17 03:00:00,17.5,56.0,1019.7,,26.2511,73.0489,218.5,INI0000VIJO,JODHPUR,1019.7,sea_level_pressure
2023-11-17 03:00:00,15.8,80.0,1019.8,948.7,30.3167,78.0333,682.0,INM00042111,DEHRADUN,1019.8,sea_level_pressure
2023-11-17 06:00:00,25.0,58.0,1019.1,,28.5845,77.2058,214.9,INI0000VIDD,SAFDARJUNG,1019.1,sea_level_pressure
2023-11-17 06:00:00,24.7,42.0,1018.7,,26.2511,73.0489,218.5,INI0000VIJO,JODHPUR,1018.7,sea_level_pressure
2023-11-17 06:00:00,24.2,48.0,1017.1,948.2,30.3167,78.0333,682.0,INM00042111,DEHRADUN,1017.1,sea_level_pressure
2023-11-17 09:00:00,27.6,51.0,1015.4,,28.5845,77.2058,214.9,INI0000VIDD,SAFDARJUNG,1015.4,sea_level_pressure
2023-11-17 09:00:00,28.2,33.0,1015.0,,26.2511,73.0489,218.5,INI0000VIJO,JODHPUR,1015.0,sea_level_pressure
2023-11-17 09:00:00,27.4,44.0,1013.7,945.6,30.3167,78.0333,682.0,INM00042111,DEHRADUN,1013.7,sea_level_pressure
2023-11-17 12:00:00,25.0,70.0,1015.3,,28.5845,77.2058,214.9,INI0000VIDD,SAFDARJUNG,1015.3,sea_level_pressure
2023-11-17 12:00:00,24.7,46.0,1014.9,,26.2511,73.0489,218.5,INI0000VIJO,JODHPUR,1014.9,sea_level_pressure
2023-11-17 12:00:00,22.6,59.0,1014.4,945.1,30.3167,78.0333,682.0,INM00042111,DEHRADUN,1014.4,sea_level_pressure
2023-11-17 15:00:00,19.2,88.0,1016.4,,28.5845,77.2058,214.9,INI0000VIDD,SAFDARJUNG,1016.4,sea_level_pressure
2023-11-17 15:00:00,21.2,48.0,1016.4,,26.2511,73.0489,218.5,INI0000VIJO,JODHPUR,1016.4,sea_level_pressure
2023-11-17 15:00:00,16.8,88.0,1016.8,946.1,30.3167,78.0333,682.0,INM00042111,DEHRADUN,1016.8,sea_level_pressure
2023-11-17 18:00:00,17.7,95.0,1016.2,,28.5845,77.2058,214.9,INI0000VIDD,SAFDARJUNG,1016.2,sea_level_pressure
2023-11-17 18:00:00,19.2,55.0,1016.4,,26.2511,73.0489,218.5,INI0000VIJO,JODHPUR,1016.4,sea_level_pressure
2023-11-17 18:00:00,14.5,91.0,1016.1,945.0,30.3167,78.0333,682.0,INM00042111,DEHRADUN,1016.1,sea_level_pressure
2023-11-17 21:00:00,15.6,96.0,1015.9,,28.5845,77.2058,214.9,INI0000VIDD,SAFDARJUNG,1015.9,sea_level_pressure
2023-11-17 21:00:00,17.6,63.0,1015.7,,26.2511,73.0489,218.5,INI0000VIJO,JODHPUR,1015.7,sea_level_pressure
2023-11-17 21:00:00,13.4,93.0,1016.2,944.8,30.3167,78.0333,682.0,INM00042111,DEHRADUN,1016.2,sea_level_pressure
2023-11-18 00:00:00,15.2,98.0,1016.5,,28.5845,77.2058,214.9,INI0000VIDD,SAFDARJUNG,1016.5,sea_level_pressure
2023-11-18 00:00:00,16.7,65.0,1015.9,,26.2511,73.0489,218.5,INI0000VIJO,JODHPUR,1015.9,sea_level_pressure
2023-11-18 00:00:00,13.2,91.0,1016.0,944.6,30.3167,78.0333,682.0,INM00042111,DEHRADUN,1016.0,sea_level_pressure
2023-11-18 03:00:00,,,,,,,,INI0000VIDD,SAFDARJUNG,,sea_level_pressure
2023-11-18 03:00:00,17.5,62.0,1017.9,,26.2511,73.0489,218.5,INI0000VIJO,JODHPUR,1017.9,sea_level_pressure
2023-11-18 03:00:00,15.0,86.0,1018.0,946.8,30.3167,78.0333,682.0,INM00042111,DEHRADUN,1018.0,sea_level_pressure
2023-11-18 06:00:00,25.5,57.0,1017.0,,28.5845,77.2058,214.9,INI0000VIDD,SAFDARJUNG,1017.0,sea_level_pressure
2023-11-18 06:00:00,25.2,44.0,1016.6,,26.2511,73.0489,218.5,INI0000VIJO,JODHPUR,1016.6,sea_level_pressure
2023-11-18 06:00:00,24.7,48.0,1015.4,946.6,30.3167,78.0333,682.0,INM00042111,DEHRADUN,1015.4,sea_level_pressure
2023-11-18 09:00:00,27.4,55.0,1013.9,,28.5845,77.2058,214.9,INI0000VIDD,SAFDARJUNG,1013.9,sea_level_pressure
2023-11-18 09:00:00,28.7,36.0,1013.3,,26.2511,73.0489,218.5,INI0000VIJO,JODHPUR,1013.3,sea_level_pressure
2023-11-18 09:00:00,28.0,42.0,1012.0,944.1,30.3167,78.0333,682.0,INM00042111,DEHRADUN,1012.0,sea_level_pressure
2023-11-18 12:00:00,24.0,71.0,1013.9,,28.5845,77.2058,214.9,INI0000VIDD,SAFDARJUNG,1013.9,sea_level_pressure
2023-11-18 12:00:00,26.5,49.0,1012.9,,26.2511,73.0489,218.5,INI0000VIJO,JODHPUR,1012.9,sea_level_pressure
2023-11-18 12:00:00,22.2,69.0,1012.8,943.7,30.3167,78.0333,682.0,INM00042111,DEHRADUN,1012.8,sea_level_pressure
2023-11-18 15:00:00,18.4,86.0,1015.2,,28.5845,77.2058,214.9,INI0000VIDD,SAFDARJUNG,1015.2,sea_level_pressure
2023-11-18 15:00:00,19.2,67.0,1015.1,,26.2511,73.0489,218.5,INI0000VIJO,JODHPUR,1015.1,sea_level_pressure
2023-11-18 15:00:00,16.8,86.0,1015.5,944.9,30.3167,78.0333,682.0,INM00042111,DEHRADUN,1015.5,sea_level_pressure
2023-11-18 18:00:00,17.2,94.0,1016.1,,28.5845,77.2058,214.9,INI0000VIDD,SAFDARJUNG,1016.1,sea_level_pressure
2023-11-18 18:00:00,19.5,53.0,1015.5,,26.2511,73.0489,218.5,INI0000VIJO,JODHPUR,1015.5,sea_level_pressure
2023-11-18 18:00:00,15.0,91.0,1016.5,945.3,30.3167,78.0333,682.0,INM00042111,DEHRADUN,1016.5,sea_level_pressure
2023-11-18 21:00:00,16.4,96.0,1015.7,,28.5845,77.2058,214.9,INI0000VIDD,SAFDARJUNG,1015.7,sea_level_pressure
2023-11-18 21:00:00,18.5,57.0,1014.8,,26.2511,73.0489,218.5,INI0000VIJO,JODHPUR,1014.8,sea_level_pressure
2023-11-18 21:00:00,14.0,94.0,1016.4,945.0,30.3167,78.0333,682.0,INM00042111,DEHRADUN,1016.4,sea_level_pressure
2023-11-19 00:00:00,13.6,100.0,1016.8,,28.5845,77.2058,214.9,INI0000VIDD,SAFDARJUNG,1016.8,sea_level_pressure
2023-11-19 00:00:00,16.5,64.0,1015.7,,26.2511,73.0489,218.5,INI0000VIJO,JODHPUR,1015.7,sea_level_pressure
2023-11-19 00:00:00,13.5,93.0,1017.1,945.6,30.3167,78.0333,682.0,INM00042111,DEHRADUN,1017.1,sea_level_pressure
2023-11-19 03:00:00,15.4,97.0,1019.0,,28.5845,77.2058,214.9,INI0000VIDD,SAFDARJUNG,1019.0,sea_level_pressure
2023-11-19 03:00:00,17.5,62.0,1017.3,,26.2511,73.0489,218.5,INI0000VIJO,JODHPUR,1017.3,sea_level_pressure
2023-11-19 03:00:00,15.6,84.0,1018.7,947.7,30.3167,78.0333,682.0,INM00042111,DEHRADUN,1018.7,sea_level_pressure
2023-11-19 06:00:00,24.5,57.0,1018.3,,28.5845,77.2058,214.9,INI0000VIDD,SAFDARJUNG,1018.3,sea_level_pressure
2023-11-19 06:00:00,25.6,49.0,1016.6,,26.2511,73.0489,218.5,INI0000VIJO,JODHPUR,1016.6,sea_level_pressure
2023-11-19 06:00:00,25.0,49.0,1016.9,948.0,30.3167,78.0333,682.0,INM00042111,DEHRADUN,1016.9,sea_level_pressure
2023-11-19 09:00:00,26.2,46.0,1015.5,,28.5845,77.2058,214.9,INI0000VIDD,SAFDARJUNG,1015.5,sea_level_pressure
2023-11-19 09:00:00,29.0,37.0,1013.6,,26.2511,73.0489,218.5,INI0000VIJO,JODHPUR,1013.6,sea_level_pressure
2023-11-19 09:00:00,26.8,50.0,1013.9,945.6,30.3167,78.0333,682.0,INM00042111,DEHRADUN,1013.9,sea_level_pressure
2023-11-19 12:00:00,24.0,61.0,1015.4,,28.5845,77.2058,214.9,INI0000VIDD,SAFDARJUNG,1015.4,sea_level_pressure
2023-11-19 12:00:00,26.2,54.0,1013.6,,26.2511,73.0489,218.5,INI0000VIJO,JODHPUR,1013.6,sea_level_pressure
2023-11-19 12:00:00,22.0,72.0,1014.7,945.3,30.3167,78.0333,682.0,INM00042111,DEHRADUN,1014.7,sea_level_pressure
2023-11-19 15:00:00,17.2,90.0,1017.0,,28.5845,77.2058,214.9,INI0000VIDD,SAFDARJUNG,1017.0,sea_level_pressure
2023-11-19 15:00:00,20.2,66.0,1015.7,,26.2511,73.0489,218.5,INI0000VIJO,JODHPUR,1015.7,sea_level_pressure
2023-11-19 15:00:00,17.6,88.0,1016.5,946.0,30.3167,78.0333,682.0,INM00042111,DEHRADUN,1016.5,sea_level_pressure
2023-11-19 18:00:00,15.5,95.0,1017.1,,28.5845,77.2058,214.9,INI0000VIDD,SAFDARJUNG,1017.1,sea_level_pressure
2023-11-19 18:00:00,19.5,58.0,1016.1,,26.2511,73.0489,218.5,INI0000VIJO,JODHPUR,1016.1,sea_level_pressure
2023-11-19 18:00:00,17.5,88.0,1016.5,946.0,30.3167,78.0333,682.0,INM00042111,DEHRADUN,1016.5,sea_level_pressure
2023-11-19 21:00:00,14.0,97.0,1017.0,,28.5845,77.2058,214.9,INI0000VIDD,SAFDARJUNG,1017.0,sea_level_pressure
2023-11-19 21:00:00,18.2,66.0,1016.0,,26.2511,73.0489,218.5,INI0000VIJO,JODHPUR,1016.0,sea_level_pressure
2023-11-19 21:00:00,15.4,94.0,1016.7,945.7,30.3167,78.0333,682.0,INM00042111,DEHRADUN,1016.7,sea_level_pressure
2023-11-20 00:00:00,13.5,97.0,1017.1,,28.5845,77.2058,214.9,INI0000VIDD,SAFDARJUNG,1017.1,sea_level_pressure
2023-11-20 00:00:00,17.0,72.0,1016.3,,26.2511,73.0489,218.5,INI0000VIJO,JODHPUR,1016.3,sea_level_pressure
2023-11-20 00:00:00,14.0,96.0,1017.2,945.7,30.3167,78.0333,682.0,INM00042111,DEHRADUN,1017.2,sea_level_pressure
2023-11-20 03:00:00,14.8,94.0,1019.6,,28.5845,77.2058,214.9,INI0000VIDD,SAFDARJUNG,1019.6,sea_level_pressure
2023-11-20 03:00:00,18.7,61.0,1018.9,,26.2511,73.0489,218.5,INI0000VIJO,JODHPUR,1018.9,sea_level_pressure
2023-11-20 03:00:00,15.6,88.0,1018.3,947.3,30.3167,78.0333,682.0,INM00042111,DEHRADUN,1018.3,sea_level_pressure
2023-11-20 06:00:00,24.6,51.0,1018.7,,28.5845,77.2058,214.9,INI0000VIDD,SAFDARJUNG,1018.7,sea_level_pressure
2023-11-20 06:00:00,25.2,47.0,1017.9,,26.2511,73.0489,218.5,INI0000VIJO,JODHPUR,1017.9,sea_level_pressure
2023-11-20 06:00:00,24.5,56.0,1016.6,947.7,30.3167,78.0333,682.0,INM00042111,DEHRADUN,1016.6,sea_level_pressure
2023-11-20 09:00:00,26.2,49.0,1015.5,,28.5845,77.2058,214.9,INI0000VIDD,SAFDARJUNG,1015.5,sea_level_pressure
2023-11-20 09:00:00,29.6,36.0,1014.4,,26.2511,73.0489,218.5,INI0000VIJO,JODHPUR,1014.4,sea_level_pressure
2023-11-20 09:00:00,26.4,51.0,1013.1,944.9,30.3167,78.0333,682.0,INM00042111,DEHRADUN,1013.1,sea_level_pressure
2023-11-20 12:00:00,24.0,65.0,1015.1,,28.5845,77.2058,214.9,INI0000VIDD,SAFDARJUNG,1015.1,sea_level_pressure
2023-11-20 12:00:00,27.6,45.0,1014.5,,26.2511,73.0489,218.5,INI0000VIJO,JODHPUR,1014.5,sea_level_pressure
2023-11-20 12:00:00,22.2,72.0,1013.5,944.4,30.3167,78.0333,682.0,INM00042111,DEHRADUN,1013.5,sea_level_pressure
2023-11-20 15:00:00,17.2,86.0,1017.0,,28.5845,77.2058,214.9,INI0000VIDD,SAFDARJUNG,1017.0,sea_level_pressure
2023-11-20 15:00:00,21.5,52.0,1016.5,,26.2511,73.0489,218.5,INI0000VIJO,JODHPUR,1016.5,sea_level_pressure
2023-11-20 15:00:00,17.0,90.0,1015.5,944.9,30.3167,78.0333,682.0,INM00042111,DEHRADUN,1015.5,sea_level_pressure
2023-11-20 18:00:00,15.2,93.0,1017.9,,28.5845,77.2058,214.9,INI0000VIDD,SAFDARJUNG,1017.9,sea_level_pressure
2023-11-20 18:00:00,21.7,49.0,1016.8,,26.2511,73.0489,218.5,INI0000VIJO,JODHPUR,1016.8,sea_level_pressure
2023-11-20 18:00:00,15.6,91.0,1016.4,945.4,30.3167,78.0333,682.0,INM00042111,DEHRADUN,1016.4,sea_level_pressure
2023-11-20 21:00:00,13.4,96.0,1017.5,,28.5845,77.2058,214.9,INI0000VIDD,SAFDARJUNG,1017.5,sea_level_pressure
2023-11-20 21:00:00,20.2,53.0,1016.8,,26.2511,73.0489,218.5,INI0000VIJO,JODHPUR,1016.8,sea_level_pressure
2023-11-20 21:00:00,15.0,94.0,1016.9,945.7,30.3167,78.0333,682.0,INM00042111,DEHRADUN,1016.9,sea_level_pressure
2023-11-21 00:00:00,13.2,96.0,1017.2,,28.5845,77.2058,214.9,INI0000VIDD,SAFDARJUNG,1017.2,sea_level_pressure
2023-11-21 00:00:00,18.0,62.0,1016.8,,26.2511,73.0489,218.5,INI0000VIJO,JODHPUR,1016.8,sea_level_pressure
2023-11-21 00:00:00,13.6,96.0,1016.6,945.1,30.3167,78.0333,682.0,INM00042111,DEHRADUN,1016.6,sea_level_pressure
2023-11-21 03:00:00,15.0,91.0,1018.9,,28.5845,77.2058,214.9,INI0000VIDD,SAFDARJUNG,1018.9,sea_level_pressure
2023-11-21 03:00:00,19.0,60.0,1018.6,,26.2511,73.0489,218.5,INI0000VIJO,JODHPUR,1018.6,sea_level_pressure
2023-11-21 03:00:00,15.0,86.0,1017.2,946.0,30.3167,78.0333,682.0,INM00042111,DEHRADUN,1017.2,sea_level_pressure
2023-11-21 06:00:00,23.0,61.0,1017.0,,28.5845,77.2058,214.9,INI0000VIDD,SAFDARJUNG,1017.0,sea_level_pressure
2023-11-21 06:00:00,25.5,45.0,1017.8,,26.2511,73.0489,218.5,INI0000VIJO,JODHPUR,1017.8,sea_level_pressure
2023-11-21 06:00:00,23.0,53.0,1014.8,945.5,30.3167,78.0333,682.0,INM00042111,DEHRADUN,1014.8,sea_level_pressure
2023-11-21 09:00:00,25.7,57.0,1014.1,,28.5845,77.2058,214.9,INI0000VIDD,SAFDARJUNG,1014.1,sea_level_pressure
2023-11-21 09:00:00,29.0,39.0,1014.5,,26.2511,73.0489,218.5,INI0000VIJO,JODHPUR,1014.5,sea_level_pressure
2023-11-21 09:00:00,26.2,41.0,1010.7,942.7,30.3167,78.0333,682.0,INM00042111,DEHRADUN,1010.7,sea_level_pressure
2023-11-21 12:00:00,22.2,73.0,1014.0,,28.5845,77.2058,214.9,INI0000VIDD,SAFDARJUNG,1014.0,sea_level_pressure
2023-11-21 12:00:00,27.2,41.0,1014.1,,26.2511,73.0489,218.5,INI0000VIJO,JODHPUR,1014.1,sea_level_pressure
2023-11-21 12:00:00,21.6,65.0,1011.8,942.6,30.3167,78.0333,682.0,INM00042111,DEHRADUN,1011.8,sea_level_pressure
2023-11-21 15:00:00,17.8,84.0,1015.6,,28.5845,77.2058,214.9,INI0000VIDD,SAFDARJUNG,1015.6,sea_level_pressure
2023-11-21 15:00:00,21.7,46.0,1016.0,,26.2511,73.0489,218.5,INI0000VIJO,JODHPUR,1016.0,sea_level_pressure
2023-11-21 15:00:00,15.2,91.0,1014.0,943.2,30.3167,78.0333,682.0,INM00042111,DEHRADUN,1014.0,sea_level_pressure
2023-11-21 18:00:00,16.6,84.0,1015.2,,28.5845,77.2058,214.9,INI0000VIDD,SAFDARJUNG,1015.2,sea_level_pressure
2023-11-21 18:00:00,20.5,50.0,1016.0,,26.2511,73.0489,218.5,INI0000VIJO,JODHPUR,1016.0,sea_level_pressure
2023-11-21 18:00:00,13.6,91.0,1014.2,943.0,30.3167,78.0333,682.0,INM00042111,DEHRADUN,1014.2,sea_level_pressure
2023-11-21 21:00:00,15.0,89.0,1014.0,,28.5845,77.2058,214.9,INI0000VIDD,SAFDARJUNG,1014.0,sea_level_pressure
2023-11-21 21:00:00,19.6,52.0,1014.8,,26.2511,73.0489,218.5,INI0000VIJO,JODHPUR,1014.8,sea_level_pressure
2023-11-21 21:00:00,11.6,93.0,1012.9,941.2,30.3167,78.0333,682.0,INM00042111,DEHRADUN,1012.9,sea_level_pressure
2023-11-22 00:00:00,13.0,91.0,1014.0,,28.5845,77.2058,214.9,INI0000VIDD,SAFDARJUNG,1014.0,sea_level_pressure
2023-11-22 00:00:00,15.6,79.0,1015.0,,26.2511,73.0489,218.5,INI0000VIJO,JODHPUR,1015.0,sea_level_pressure
2023-11-22 00:00:00,11.5,95.0,1012.8,941.1,30.3167,78.0333,682.0,INM00042111,DEHRADUN,1012.8,sea_level_pressure
2023-11-22 03:00:00,14.6,76.0,1016.1,,28.5845,77.2058,214.9,INI0000VIDD,SAFDARJUNG,1016.1,sea_level_pressure
2023-11-22 03:00:00,16.5,64.0,1016.9,,26.2511,73.0489,218.5,INI0000VIJO,JODHPUR,1016.9,sea_level_pressure
2023-11-22 03:00:00,14.0,79.0,1014.1,942.9,30.3167,78.0333,682.0,INM00042111,DEHRADUN,1014.1,sea_level_pressure
2023-11-22 06:00:00,21.7,52.0,1015.4,,28.5845,77.2058,214.9,INI0000VIDD,SAFDARJUNG,1015.4,sea_level_pressure
2023-11-22 06:00:00,26.0,41.0,1016.2,,26.2511,73.0489,218.5,INI0000VIJO,JODHPUR,1016.2,sea_level_pressure
2023-11-22 06:00:00,24.0,48.0,1011.9,943.2,30.3167,78.0333,682.0,INM00042111,DEHRADUN,1011.9,sea_level_pressure
2023-11-22 09:00:00,25.0,49.0,1012.8,,28.5845,77.2058,214.9,INI0000VIDD,SAFDARJUNG,1012.8,sea_level_pressure
2023-11-22 09:00:00,29.5,27.0,1012.9,,26.2511,73.0489,218.5,INI0000VIJO,JODHPUR,1012.9,sea_level_pressure
2023-11-22 09:00:00,25.4,44.0,1009.6,941.4,30.3167,78.0333,682.0,INM00042111,DEHRADUN,1009.6,sea_level_pressure
2023-11-22 12:00:00,21.6,65.0,1012.9,,28.5845,77.2058,214.9,INI0000VIDD,SAFDARJUNG,1012.9,sea_level_pressure
2023-11-22 12:00:00,26.5,42.0,1012.2,,26.2511,73.0489,218.5,INI0000VIJO,JODHPUR,1012.2,sea_level_pressure
2023-11-22 12:00:00,20.2,70.0,1011.0,941.6,30.3167,78.0333,682.0,INM00042111,DEHRADUN,1011.0,sea_level_pressure
2023-11-22 15:00:00,15.2,89.0,1014.9,,28.5845,77.2058,214.9,INI0000VIDD,SAFDARJUNG,1014.9,sea_level_pressure
2023-11-22 15:00:00,18.2,64.0,1014.4,,26.2511,73.0489,218.5,INI0000VIJO,JODHPUR,1014.4,sea_level_pressure
2023-11-22 15:00:00,15.2,87.0,1013.4,942.7,30.3167,78.0333,682.0,INM00042111,DEHRADUN,1013.4,sea_level_pressure
2023-11-22 18:00:00,13.5,95.0,1014.6,,28.5845,77.2058,214.9,INI0000VIDD,SAFDARJUNG,1014.6,sea_level_pressure
2023-11-22 18:00:00,15.6,77.0,1014.4,,26.2511,73.0489,218.5,INI0000VIJO,JODHPUR,1014.4,sea_level_pressure
2023-11-22 18:00:00,13.6,89.0,1014.3,943.1,30.3167,78.0333,682.0,INM00042111,DEHRADUN,1014.3,sea_level_pressure
2023-11-22 21:00:00,12.4,97.0,1013.6,,28.5845,77.2058,214.9,INI0000VIDD,SAFDARJUNG,1013.6,sea_level_pressure
2023-11-22 21:00:00,14.0,84.0,1013.5,,26.2511,73.0489,218.5,INI0000VIJO,JODHPUR,1013.5,sea_level_pressure
2023-11-22 21:00:00,12.4,96.0,1013.1,941.6,30.3167,78.0333,682.0,INM00042111,DEHRADUN,1013.1,sea_level_pressure
2023-11-23 00:00:00,10.7,100.0,1014.1,,28.5845,77.2058,214.9,INI0000VIDD,SAFDARJUNG,1014.1,sea_level_pressure
2023-11-23 00:00:00,12.7,75.0,1013.5,,26.2511,73.0489,218.5,INI0000VIJO,JODHPUR,1013.5,sea_level_pressure
2023-11-23 00:00:00,11.7,96.0,1013.2,941.5,30.3167,78.0333,682.0,INM00042111,DEHRADUN,1013.2,sea_level_pressure
2023-11-23 03:00:00,12.2,95.0,1016.1,,28.5845,77.2058,214.9,INI0000VIDD,SAFDARJUNG,1016.1,sea_level_pressure
2023-11-23 03:00:00,16.5,51.0,1014.9,,26.2511,73.0489,218.5,INI0000VIJO,JODHPUR,1014.9,sea_level_pressure
2023-11-23 03:00:00,14.0,89.0,1015.4,944.1,30.3167,78.0333,682.0,INM00042111,DEHRADUN,1015.4,sea_level_pressure
2023-11-23 06:00:00,22.7,56.0,1015.1,,28.5845,77.2058,214.9,INI0000VIDD,SAFDARJUNG,1015.1,sea_level_pressure
2023-11-23 06:00:00,26.6,35.0,1013.9,,26.2511,73.0489,218.5,INI0000VIJO,JODHPUR,1013.9,sea_level_pressure
2023-11-23 06:00:00,21.6,61.0,1013.7,944.4,30.3167,78.0333,682.0,INM00042111,DEHRADUN,1013.7,sea_level_pressure
2023-11-23 09:00:00,25.8,51.0,1012.0,,28.5845,77.2058,214.9,INI0000VIDD,SAFDARJUNG,1012.0,sea_level_pressure
2023-11-23 09:00:00,30.6,27.0,1010.3,,26.2511,73.0489,218.5,INI0000VIJO,JODHPUR,1010.3,sea_level_pressure
2023-11-23 09:00:00,25.2,48.0,1009.8,941.6,30.3167,78.0333,682.0,INM00042111,DEHRADUN,1009.8,sea_level_pressure
2023-11-23 12:00:00,22.6,66.0,1012.1,,28.5845,77.2058,214.9,INI0000VIDD,SAFDARJUNG,1012.1,sea_level_pressure
2023-11-23 12:00:00,27.0,46.0,1010.3,,26.2511,73.0489,218.5,INI0000VIJO,JODHPUR,1010.3,sea_level_pressure
2023-11-23 12:00:00,20.6,72.0,1011.1,941.7,30.3167,78.0333,682.0,INM00042111,DEHRADUN,1011.1,sea_level_pressure
2023-11-23 15:00:00,15.4,89.0,1014.6,,28.5845,77.2058,214.9,INI0000VIDD,SAFDARJUNG,1014.6,sea_level_pressure
2023-11-23 15:00:00,18.7,67.0,1014.5,,26.2511,73.0489,218.5,INI0000VIJO,JODHPUR,1014.5,sea_level_pressure
2023-11-23 15:00:00,15.4,91.0,1014.3,943.5,30.3167,78.0333,682.0,INM00042111,DEHRADUN,1014.3,sea_level_pressure
2023-11-23 18:00:00,13.7,96.0,1015.0,,28.5845,77.2058,214.9,INI0000VIDD,SAFDARJUNG,1015.0,sea_level_pressure
2023-11-23 18:00:00,17.5,65.0,1013.6,,26.2511,73.0489,218.5,INI0000VIJO,JODHPUR,1013.6,sea_level_pressure
2023-11-23 18:00:00,13.2,93.0,1015.3,944.0,30.3167,78.0333,682.0,INM00042111,DEHRADUN,1015.3,sea_level_pressure
2023-11-23 21:00:00,12.0,97.0,1014.8,,28.5845,77.2058,214.9,INI0000VIDD,SAFDARJUNG,1014.8,sea_level_pressure
2023-11-23 21:00:00,16.2,64.0,1013.3,,26.2511,73.0489,218.5,INI0000VIJO,JODHPUR,1013.3,sea_level_pressure
2023-11-23 21:00:00,12.6,96.0,1015.2,943.6,30.3167,78.0333,682.0,INM00042111,DEHRADUN,1015.2,sea_level_pressure
2023-11-24 00:00:00,11.5,99.0,1014.5,,28.5845,77.2058,214.9,INI0000VIDD,SAFDARJUNG,1014.5,sea_level_pressure
2023-11-24 00:00:00,15.5,62.0,1013.9,,26.2511,73.0489,218.5,INI0000VIJO,JODHPUR,1013.9,sea_level_pressure
2023-11-24 00:00:00,11.6,97.0,1015.8,943.9,30.3167,78.0333,682.0,INM00042111,DEHRADUN,1015.8,sea_level_pressure
2023-11-24 03:00:00,12.8,100.0,1018.1,,28.5845,77.2058,214.9,INI0000VIDD,SAFDARJUNG,1018.1,sea_level_pressure
2023-11-24 03:00:00,17.5,54.0,1016.6,,26.2511,73.0489,218.5,INI0000VIJO,JODHPUR,1016.6,sea_level_pressure
2023-11-24 03:00:00,13.6,89.0,1017.3,945.8,30.3167,78.0333,682.0,INM00042111,DEHRADUN,1017.3,sea_level_pressure
2023-11-24 06:00:00,22.7,61.0,1017.4,,28.5845,77.2058,214.9,INI0000VIDD,SAFDARJUNG,1017.4,sea_level_pressure
2023-11-24 06:00:00,26.2,40.0,1016.2,,26.2511,73.0489,218.5,INI0000VIJO,JODHPUR,1016.2,sea_level_pressure
2023-11-24 06:00:00,23.6,52.0,1015.1,946.1,30.3167,78.0333,682.0,INM00042111,DEHRADUN,1015.1,sea_level_pressure
2023-11-24 09:00:00,26.4,52.0,1014.2,,28.5845,77.2058,214.9,INI0000VIDD,SAFDARJUNG,1014.2,sea_level_pressure
2023-11-24 09:00:00,30.0,29.0,1012.6,,26.2511,73.0489,218.5,INI0000VIJO,JODHPUR,1012.6,sea_level_pressure
2023-11-24 09:00:00,27.2,42.0,1011.6,943.7,30.3167,78.0333,682.0,INM00042111,DEHRADUN,1011.6,sea_level_pressure
2023-11-24 12:00:00,21.5,70.0,1014.5,,28.5845,77.2058,214.9,INI0000VIDD,SAFDARJUNG,1014.5,sea_level_pressure
2023-11-24 12:00:00,27.2,40.0,1013.0,,26.2511,73.0489,218.5,INI0000VIJO,JODHPUR,1013.0,sea_level_pressure
2023-11-24 12:00:00,21.2,74.0,1012.7,943.4,30.3167,78.0333,682.0,INM00042111,DEHRADUN,1012.7,sea_level_pressure
2023-11-24 15:00:00,15.6,91.0,1017.1,,28.5845,77.2058,214.9,INI0000VIDD,SAFDARJUNG,1017.1,sea_level_pressure
2023-11-24 15:00:00,21.5,49.0,1015.6,,26.2511,73.0489,218.5,INI0000VIJO,JODHPUR,1015.6,sea_level_pressure
2023-11-24 15:00:00,15.8,86.0,1015.6,944.8,30.3167,78.0333,682.0,INM00042111,DEHRADUN,1015.6,sea_level_pressure
2023-11-24 18:00:00,14.0,93.0,1017.4,,28.5845,77.2058,214.9,INI0000VIDD,SAFDARJUNG,1017.4,sea_level_pressure
2023-11-24 18:00:00,20.2,51.0,1016.3,,26.2511,73.0489,218.5,INI0000VIJO,JODHPUR,1016.3,sea_level_pressure
2023-11-24 18:00:00,14.0,94.0,1016.7,945.2,30.3167,78.0333,682.0,INM00042111,DEHRADUN,1016.7,sea_level_pressure
2023-11-24 21:00:00,12.4,96.0,1017.0,,28.5845,77.2058,214.9,INI0000VIDD,SAFDARJUNG,1017.0,sea_level_pressure
2023-11-24 21:00:00,19.2,53.0,1015.8,,26.2511,73.0489,218.5,INI0000VIJO,JODHPUR,1015.8,sea_level_pressure
2023-11-24 21:00:00,13.0,96.0,1017.0,945.2,30.3167,78.0333,682.0,INM00042111,DEHRADUN,1017.0,sea_level_pressure
2023-11-25 00:00:00,11.7,100.0,1016.8,,28.5845,77.2058,214.9,INI0000VIDD,SAFDARJUNG,1016.8,sea_level_pressure
2023-11-25 00:00:00,18.0,52.0,1016.2,,26.2511,73.0489,218.5,INI0000VIJO,JODHPUR,1016.2,sea_level_pressure
2023-11-25 00:00:00,12.2,96.0,1015.9,944.3,30.3167,78.0333,682.0,INM00042111,DEHRADUN,1015.9,sea_level_pressure
2023-11-25 03:00:00,12.4,97.0,1018.4,,28.5845,77.2058,214.9,INI0000VIDD,SAFDARJUNG,1018.4,sea_level_pressure
2023-11-25 03:00:00,17.0,57.0,1018.0,,26.2511,73.0489,218.5,INI0000VIJO,JODHPUR,1018.0,sea_level_pressure
2023-11-25 03:00:00,12.8,87.0,1017.9,946.1,30.3167,78.0333,682.0,INM00042111,DEHRADUN,1017.9,sea_level_pressure
2023-11-25 06:00:00,24.0,57.0,1018.1,,28.5845,77.2058,214.9,INI0000VIDD,SAFDARJUNG,1018.1,sea_level_pressure
2023-11-25 06:00:00,25.0,45.0,1017.4,,26.2511,73.0489,218.5,INI0000VIJO,JODHPUR,1017.4,sea_level_pressure
2023-11-25 06:00:00,23.5,52.0,1015.7,946.7,30.3167,78.0333,682.0,INM00042111,DEHRADUN,1015.7,sea_level_pressure
2023-11-25 09:00:00,25.0,53.0,1015.9,,28.5845,77.2058,214.9,INI0000VIDD,SAFDARJUNG,1015.9,sea_level_pressure
2023-11-25 09:00:00,29.2,31.0,1013.8,,26.2511,73.0489,218.5,INI0000VIJO,JODHPUR,1013.8,sea_level_pressure
2023-11-25 09:00:00,26.4,51.0,1013.2,945.0,30.3167,78.0333,682.0,INM00042111,DEHRADUN,1013.2,sea_level_pressure
2023-11-25 12:00:00,21.6,74.0,1015.2,,28.5845,77.2058,214.9,INI0000VIDD,SAFDARJUNG,1015.2,sea_level_pressure
2023-11-25 12:00:00,27.2,42.0,1013.8,,26.2511,73.0489,218.5,INI0000VIJO,JODHPUR,1013.8,sea_level_pressure
2023-11-25 12:00:00,21.0,73.0,1014.6,945.0,30.3167,78.0333,682.0,INM00042111,DEHRADUN,1014.6,sea_level_pressure
2023-11-25 15:00:00,16.8,92.0,1017.9,,28.5845,77.2058,214.9,INI0000VIDD,SAFDARJUNG,1017.9,sea_level_pressure
2023-11-25 15:00:00,20.6,55.0,1015.4,,26.2511,73.0489,218.5,INI0000VIJO,JODHPUR,1015.4,sea_level_pressure
2023-11-25 15:00:00,15.6,86.0,1017.9,946.9,30.3167,78.0333,682.0,INM00042111,DEHRADUN,1017.9,sea_level_pressure
2023-11-25 18:00:00,14.6,96.0,1018.3,,28.5845,77.2058,214.9,INI0000VIDD,SAFDARJUNG,1018.3,sea_level_pressure
2023-11-25 18:00:00,21.2,51.0,1015.4,,26.2511,73.0489,218.5,INI0000VIJO,JODHPUR,1015.4,sea_level_pressure
2023-11-25 18:00:00,14.0,89.0,1018.3,946.8,30.3167,78.0333,682.0,INM00042111,DEHRADUN,1018.3,sea_level_pressure
2023-11-25 21:00:00,,,,,,,,INI0000VIDD,SAFDARJUNG,,sea_level_pressure
2023-11-25 21:00:00,19.6,57.0,1015.0,,26.2511,73.0489,218.5,INI0000VIJO,JODHPUR,1015.0,sea_level_pressure
2023-11-25 21:00:00,12.6,93.0,1018.6,946.8,30.3167,78.0333,682.0,INM00042111,DEHRADUN,1018.6,sea_level_pressure
2023-11-26 00:00:00,12.6,100.0,1018.3,,28.5845,77.2058,214.9,INI0000VIDD,SAFDARJUNG,1018.3,sea_level_pressure
2023-11-26 00:00:00,18.7,61.0,1014.6,,26.2511,73.0489,218.5,INI0000VIJO,JODHPUR,1014.6,sea_level_pressure
2023-11-26 00:00:00,13.0,93.0,1018.4,946.6,30.3167,78.0333,682.0,INM00042111,DEHRADUN,1018.4,sea_level_pressure
2023-11-26 03:00:00,14.5,93.0,1020.3,,28.5845,77.2058,214.9,INI0000VIDD,SAFDARJUNG,1020.3,sea_level_pressure
2023-11-26 03:00:00,19.0,63.0,1016.5,,26.2511,73.0489,218.5,INI0000VIJO,JODHPUR,1016.5,sea_level_pressure
2023-11-26 03:00:00,14.0,89.0,1019.5,947.9,30.3167,78.0333,682.0,INM00042111,DEHRADUN,1019.5,sea_level_pressure
2023-11-26 06:00:00,22.5,64.0,1019.0,,28.5845,77.2058,214.9,INI0000VIDD,SAFDARJUNG,1019.0,sea_level_pressure
2023-11-26 06:00:00,22.2,54.0,1015.6,,26.2511,73.0489,218.5,INI0000VIJO,JODHPUR,1015.6,sea_level_pressure
2023-11-26 06:00:00,22.0,55.0,1018.5,948.9,30.3167,78.0333,682.0,INM00042111,DEHRADUN,1018.5,sea_level_pressure
2023-11-26 09:00:00,25.6,56.0,1016.4,,28.5845,77.2058,214.9,INI0000VIDD,SAFDARJUNG,1016.4,sea_level_pressure
2023-11-26 09:00:00,18.5,84.0,1018.2,,26.2511,73.0489,218.5,INI0000VIJO,JODHPUR,1018.2,sea_level_pressure
2023-11-26 09:00:00,25.6,40.0,1014.6,946.1,30.3167,78.0333,682.0,INM00042111,DEHRADUN,1014.6,sea_level_pressure
2023-11-26 12:00:00,21.6,79.0,1016.4,,28.5845,77.2058,214.9,INI0000VIDD,SAFDARJUNG,1016.4,sea_level_pressure
2023-11-26 12:00:00,17.5,98.0,1017.3,,26.2511,73.0489,218.5,INI0000VIJO,JODHPUR,1017.3,sea_level_pressure
2023-11-26 12:00:00,21.0,70.0,1015.1,945.4,30.3167,78.0333,682.0,INM00042111,DEHRADUN,1015.1,sea_level_pressure
2023-11-26 15:00:00,18.0,90.0,1017.3,,28.5845,77.2058,214.9,INI0000VIDD,SAFDARJUNG,1017.3,sea_level_pressure
2023-11-26 15:00:00,16.2,98.0,1016.1,,26.2511,73.0489,218.5,INI0000VIJO,JODHPUR,1016.1,sea_level_pressure
2023-11-26 15:00:00,15.6,88.0,1017.6,946.6,30.3167,78.0333,682.0,INM00042111,DEHRADUN,1017.6,sea_level_pressure
2023-11-26 18:00:00,17.0,96.0,1017.4,,28.5845,77.2058,214.9,INI0000VIDD,SAFDARJUNG,1017.4,sea_level_pressure
2023-11-26 18:00:00,16.5,95.0,1014.1,,26.2511,73.0489,218.5,INI0000VIJO,JODHPUR,1014.1,sea_level_pressure
2023-11-26 18:00:00,14.6,87.0,1016.3,945.1,30.3167,78.0333,682.0,INM00042111,DEHRADUN,1016.3,sea_level_pressure
2023-11-26 21:00:00,15.6,96.0,1016.1,,28.5845,77.2058,214.9,INI0000VIDD,SAFDARJUNG,1016.1,sea_level_pressure
2023-11-26 21:00:00,15.6,98.0,1013.6,,26.2511,73.0489,218.5,INI0000VIJO,JODHPUR,1013.6,sea_level_pressure
2023-11-26 21:00:00,14.4,85.0,1015.0,943.9,30.3167,78.0333,682.0,INM00042111,DEHRADUN,1015.0,sea_level_pressure
2023-11-27 00:00:00,15.0,100.0,1015.4,,28.5845,77.2058,214.9,INI0000VIDD,SAFDARJUNG,1015.4,sea_level_pressure
2023-11-27 00:00:00,15.0,98.0,1013.6,,26.2511,73.0489,218.5,INI0000VIJO,JODHPUR,1013.6,sea_level_pressure
2023-11-27 00:00:00,14.0,87.0,1015.7,944.4,30.3167,78.0333,682.0,INM00042111,DEHRADUN,1015.7,sea_level_pressure
2023-11-27 03:00:00,15.4,97.0,1015.5,,28.5845,77.2058,214.9,INI0000VIDD,SAFDARJUNG,1015.5,sea_level_pressure
2023-11-27 03:00:00,16.2,94.0,1015.3,,26.2511,73.0489,218.5,INI0000VIJO,JODHPUR,1015.3,sea_level_pressure
2023-11-27 03:00:00,15.2,81.0,1016.6,945.6,30.3167,78.0333,682.0,INM00042111,DEHRADUN,1016.6,sea_level_pressure
2023-11-27 06:00:00,19.6,76.0,1017.4,,28.5845,77.2058,214.9,INI0000VIDD,SAFDARJUNG,1017.4,sea_level_pressure
2023-11-27 06:00:00,20.0,73.0,1015.8,,26.2511,73.0489,218.5,INI0000VIJO,JODHPUR,1015.8,sea_level_pressure
2023-11-27 06:00:00,19.5,69.0,1017.4,947.5,30.3167,78.0333,682.0,INM00042111,DEHRADUN,1017.4,sea_level_pressure
2023-11-27 09:00:00,23.4,61.0,1014.1,,28.5845,77.2058,214.9,INI0000VIDD,SAFDARJUNG,1014.1,sea_level_pressure
2023-11-27 09:00:00,23.2,61.0,1012.7,,26.2511,73.0489,218.5,INI0000VIJO,JODHPUR,1012.7,sea_level_pressure
2023-11-27 09:00:00,19.8,78.0,1014.2,944.4,30.3167,78.0333,682.0,INM00042111,DEHRADUN,1014.2,sea_level_pressure
2023-11-27 12:00:00,21.5,71.0,1013.6,,28.5845,77.2058,214.9,INI0000VIDD,SAFDARJUNG,1013.6,sea_level_pressure
2023-11-27 12:00:00,22.0,71.0,1012.6,,26.2511,73.0489,218.5,INI0000VIJO,JODHPUR,1012.6,sea_level_pressure
2023-11-27 12:00:00,17.7,87.0,1014.3,944.0,30.3167,78.0333,682.0,INM00042111,DEHRADUN,1014.3,sea_level_pressure
2023-11-27 15:00:00,16.8,100.0,1016.0,,28.5845,77.2058,214.9,INI0000VIDD,SAFDARJUNG,1016.0,sea_level_pressure
2023-11-27 15:00:00,20.7,74.0,1013.7,,26.2511,73.0489,218.5,INI0000VIJO,JODHPUR,1013.7,sea_level_pressure
2023-11-27 15:00:00,15.6,88.0,1015.4,944.6,30.3167,78.0333,682.0,INM00042111,DEHRADUN,1015.4,sea_level_pressure
2023-11-27 18:00:00,16.2,98.0,1015.8,,28.5845,77.2058,214.9,INI0000VIDD,SAFDARJUNG,1015.8,sea_level_pressure
2023-11-27 18:00:00,17.7,83.0,1014.9,,26.2511,73.0489,218.5,INI0000VIJO,JODHPUR,1014.9,sea_level_pressure
2023-11-27 18:00:00,14.7,92.0,1015.9,944.8,30.3167,78.0333,682.0,INM00042111,DEHRADUN,1015.9,sea_level_pressure
2023-11-27 21:00:00,15.0,100.0,1015.3,,28.5845,77.2058,214.9,INI0000VIDD,SAFDARJUNG,1015.3,sea_level_pressure
2023-11-27 21:00:00,16.2,85.0,1014.8,,26.2511,73.0489,218.5,INI0000VIJO,JODHPUR,1014.8,sea_level_pressure
2023-11-27 21:00:00,14.2,94.0,1015.6,944.5,30.3167,78.0333,682.0,INM00042111,DEHRADUN,1015.6,sea_level_pressure
2023-11-28 00:00:00,15.5,99.0,1015.6,,28.5845,77.2058,214.9,INI0000VIDD,SAFDARJUNG,1015.6,sea_level_pressure
2023-11-28 00:00:00,16.0,91.0,1013.8,,26.2511,73.0489,218.5,INI0000VIJO,JODHPUR,1013.8,sea_level_pressure
2023-11-28 00:00:00,13.5,95.0,1014.0,942.8,30.3167,78.0333,682.0,INM00042111,DEHRADUN,1014.0,sea_level_pressure
2023-11-28 03:00:00,17.0,96.0,1015.8,,28.5845,77.2058,214.9,INI0000VIDD,SAFDARJUNG,1015.8,sea_level_pressure
2023-11-28 03:00:00,16.6,90.0,1015.7,,26.2511,73.0489,218.5,INI0000VIJO,JODHPUR,1015.7,sea_level_pressure
2023-11-28 03:00:00,14.8,85.0,1015.8,944.7,30.3167,78.0333,682.0,INM00042111,DEHRADUN,1015.8,sea_level_pressure
2023-11-28 06:00:00,19.0,91.0,1016.7,,28.5845,77.2058,214.9,INI0000VIDD,SAFDARJUNG,1016.7,sea_level_pressure
2023-11-28 06:00:00,21.2,73.0,1015.4,,26.2511,73.0489,218.5,INI0000VIJO,JODHPUR,1015.4,sea_level_pressure
2023-11-28 06:00:00,20.0,69.0,1015.2,945.3,30.3167,78.0333,682.0,INM00042111,DEHRADUN,1015.2,sea_level_pressure
2023-11-28 09:00:00,19.8,85.0,1013.9,,28.5845,77.2058,214.9,INI0000VIDD,SAFDARJUNG,1013.9,sea_level_pressure
2023-11-28 09:00:00,23.6,63.0,1012.4,,26.2511,73.0489,218.5,INI0000VIJO,JODHPUR,1012.4,sea_level_pressure
2023-11-28 09:00:00,21.6,65.0,1012.5,943.2,30.3167,78.0333,682.0,INM00042111,DEHRADUN,1012.5,sea_level_pressure
2023-11-28 12:00:00,19.5,86.0,1013.5,,28.5845,77.2058,214.9,INI0000VIDD,SAFDARJUNG,1013.5,sea_level_pressure
2023-11-28 12:00:00,22.5,66.0,1012.6,,26.2511,73.0489,218.5,INI0000VIJO,JODHPUR,1012.6,sea_level_pressure
2023-11-28 12:00:00,18.5,81.0,1013.3,943.2,30.3167,78.0333,682.0,INM00042111,DEHRADUN,1013.3,sea_level_pressure
2023-11-28 15:00:00,16.2,98.0,1015.1,,28.5845,77.2058,214.9,INI0000VIDD,SAFDARJUNG,1015.1,sea_level_pressure
2023-11-28 15:00:00,19.5,73.0,1013.9,,26.2511,73.0489,218.5,INI0000VIJO,JODHPUR,1013.9,sea_level_pressure
2023-11-28 15:00:00,16.6,86.0,1013.5,943.0,30.3167,78.0333,682.0,INM00042111,DEHRADUN,1013.5,sea_level_pressure
2023-11-28 18:00:00,15.6,98.0,1015.2,,28.5845,77.2058,214.9,INI0000VIDD,SAFDARJUNG,1015.2,sea_level_pressure
2023-11-28 18:00:00,18.5,83.0,1014.4,,26.2511,73.0489,218.5,INI0000VIJO,JODHPUR,1014.4,sea_level_pressure
2023-11-28 18:00:00,,,,,,,,INM00042111,DEHRADUN,,sea_level_pressure
2023-11-28 21:00:00,14.4,100.0,1014.6,,28.5845,77.2058,214.9,INI0000VIDD,SAFDARJUNG,1014.6,sea_level_pressure
2023-11-28 21:00:00,17.2,91.0,1014.0,,26.2511,73.0489,218.5,INI0000VIJO,JODHPUR,1014.0,sea_level_pressure
2023-11-28 21:00:00,13.0,93.0,1014.7,943.2,30.3167,78.0333,682.0,INM00042111,DEHRADUN,1014.7,sea_level_pressure
2023-11-29 00:00:00,13.6,100.0,1015.2,,28.5845,77.2058,214.9,INI0000VIDD,SAFDARJUNG,1015.2,sea_level_pressure
2023-11-29 00:00:00,16.2,91.0,1014.2,,26.2511,73.0489,218.5,INI0000VIJO,JODHPUR,1014.2,sea_level_pressure
2023-11-29 00:00:00,11.6,97.0,1015.0,943.2,30.3167,78.0333,682.0,INM00042111,DEHRADUN,1015.0,sea_level_pressure
2023-11-29 03:00:00,14.0,100.0,1016.8,,28.5845,77.2058,214.9,INI0000VIDD,SAFDARJUNG,1016.8,sea_level_pressure
2023-11-29 03:00:00,16.0,94.0,1016.2,,26.2511,73.0489,218.5,INI0000VIJO,JODHPUR,1016.2,sea_level_pressure
2023-11-29 03:00:00,12.8,84.0,1016.9,945.3,30.3167,78.0333,682.0,INM00042111,DEHRADUN,1016.9,sea_level_pressure
2023-11-29 06:00:00,22.0,71.0,1016.8,,28.5845,77.2058,214.9,INI0000VIDD,SAFDARJUNG,1016.8,sea_level_pressure
2023-11-29 06:00:00,21.7,73.0,1016.2,,26.2511,73.0489,218.5,INI0000VIJO,JODHPUR,1016.2,sea_level_pressure
2023-11-29 06:00:00,22.0,52.0,1015.5,946.0,30.3167,78.0333,682.0,INM00042111,DEHRADUN,1015.5,sea_level_pressure
2023-11-29 09:00:00,25.0,70.0,1013.9,,28.5845,77.2058,214.9,INI0000VIDD,SAFDARJUNG,1013.9,sea_level_pressure
2023-11-29 09:00:00,25.0,60.0,1013.0,987.8,26.2511,73.0489,218.5,INI0000VIJO,JODHPUR,1013.0,sea_level_pressure
2023-11-29 09:00:00,25.4,40.0,1012.1,943.7,30.3167,78.0333,682.0,INM00042111,DEHRADUN,1012.1,sea_level_pressure
2023-11-29 12:00:00,21.2,79.0,1014.0,,28.5845,77.2058,214.9,INI0000VIDD,SAFDARJUNG,1014.0,sea_level_pressure
2023-11-29 12:00:00,23.7,65.0,1012.7,987.5,26.2511,73.0489,218.5,INI0000VIJO,JODHPUR,1012.7,sea_level_pressure
2023-11-29 12:00:00,20.5,69.0,1013.4,943.8,30.3167,78.0333,682.0,INM00042111,DEHRADUN,1013.4,sea_level_pressure
2023-11-29 15:00:00,18.0,92.0,1015.8,,28.5845,77.2058,214.9,INI0000VIDD,SAFDARJUNG,1015.8,sea_level_pressure
2023-11-29 15:00:00,19.0,84.0,1014.9,,26.2511,73.0489,218.5,INI0000VIJO,JODHPUR,1014.9,sea_level_pressure
2023-11-29 15:00:00,14.8,87.0,1015.8,944.7,30.3167,78.0333,682.0,INM00042111,DEHRADUN,1015.8,sea_level_pressure
2023-11-29 18:00:00,16.6,96.0,1015.7,,28.5845,77.2058,214.9,INI0000VIDD,SAFDARJUNG,1015.7,sea_level_pressure
2023-11-29 18:00:00,17.7,89.0,1015.3,,26.2511,73.0489,218.5,INI0000VIJO,JODHPUR,1015.3,sea_level_pressure
2023-11-29 18:00:00,13.2,93.0,1015.6,944.3,30.3167,78.0333,682.0,INM00042111,DEHRADUN,1015.6,sea_level_pressure
2023-11-29 21:00:00,15.4,98.0,1015.4,,28.5845,77.2058,214.9,INI0000VIDD,SAFDARJUNG,1015.4,sea_level_pressure
2023-11-29 21:00:00,16.5,85.0,1014.7,,26.2511,73.0489,218.5,INI0000VIJO,JODHPUR,1014.7,sea_level_pressure
2023-11-29 21:00:00,12.8,91.0,1015.9,944.3,30.3167,78.0333,682.0,INM00042111,DEHRADUN,1015.9,sea_level_pressure
2023-11-30 00:00:00,14.6,100.0,1015.2,,28.5845,77.2058,214.9,INI0000VIDD,SAFDARJUNG,1015.2,sea_level_pressure
2023-11-30 00:00:00,15.5,93.0,1014.6,,26.2511,73.0489,218.5,INI0000VIJO,JODHPUR,1014.6,sea_level_pressure
2023-11-30 00:00:00,13.0,96.0,1015.6,944.0,30.3167,78.0333,682.0,INM00042111,DEHRADUN,1015.6,sea_level_pressure
2023-11-30 03:00:00,15.4,96.0,1017.3,,28.5845,77.2058,214.9,INI0000VIDD,SAFDARJUNG,1017.3,sea_level_pressure
2023-11-30 03:00:00,16.6,92.0,1016.9,991.0,26.2511,73.0489,218.5,INI0000VIJO,JODHPUR,1016.9,sea_level_pressure
2023-11-30 03:00:00,14.8,85.0,1017.2,946.0,30.3167,78.0333,682.0,INM00042111,DEHRADUN,1017.2,sea_level_pressure
2023-11-30 06:00:00,22.7,75.0,1017.4,,28.5845,77.2058,214.9,INI0000VIDD,SAFDARJUNG,1017.4,sea_level_pressure
2023-11-30 06:00:00,23.6,61.0,1016.3,,26.2511,73.0489,218.5,INI0000VIJO,JODHPUR,1016.3,sea_level_pressure
2023-11-30 06:00:00,22.7,59.0,1015.9,946.6,30.3167,78.0333,682.0,INM00042111,DEHRADUN,1015.9,sea_level_pressure
2023-11-30 09:00:00,24.6,66.0,1014.9,,28.5845,77.2058,214.9,INI0000VIDD,SAFDARJUNG,1014.9,sea_level_pressure
2023-11-30 09:00:00,25.2,49.0,1013.4,,26.2511,73.0489,218.5,INI0000VIJO,JODHPUR,1013.4,sea_level_pressure
2023-11-30 09:00:00,23.6,54.0,1013.8,944.9,30.3167,78.0333,682.0,INM00042111,DEHRADUN,1013.8,sea_level_pressure
2023-11-30 12:00:00,21.7,85.0,1015.2,,28.5845,77.2058,214.9,INI0000VIDD,SAFDARJUNG,1015.2,sea_level_pressure
2023-11-30 12:00:00,24.2,54.0,1013.7,,26.2511,73.0489,218.5,INI0000VIJO,JODHPUR,1013.7,sea_level_pressure
2023-11-30 12:00:00,18.2,85.0,1015.5,945.3,30.3167,78.0333,682.0,INM00042111,DEHRADUN,1015.5,sea_level_pressure
2023-11-30 15:00:00,19.0,94.0,1017.1,,28.5845,77.2058,214.9,INI0000VIDD,SAFDARJUNG,1017.1,sea_level_pressure
2023-11-30 15:00:00,19.2,74.0,1015.9,,26.2511,73.0489,218.5,INI0000VIJO,JODHPUR,1015.9,sea_level_pressure
2023-11-30 15:00:00,16.2,88.0,1016.7,946.0,30.3167,78.0333,682.0,INM00042111,DEHRADUN,1016.7,sea_level_pressure
2023-11-30 18:00:00,17.5,95.0,1017.3,,28.5845,77.2058,214.9,INI0000VIDD,SAFDARJUNG,1017.3,sea_level_pressure
2023-11-30 18:00:00,20.0,69.0,1016.4,,26.2511,73.0489,218.5,INI0000VIJO,JODHPUR,1016.4,sea_level_pressure
2023-11-30 18:00:00,14.7,96.0,1017.3,946.1,30.3167,78.0333,682.0,INM00042111,DEHRADUN,1017.3,sea_level_pressure
2023-11-30 21:00:00,16.0,97.0,1017.4,,28.5845,77.2058,214.9,INI0000VIDD,SAFDARJUNG,1017.4,sea_level_pressure
2023-11-30 21:00:00,20.0,68.0,1015.7,,26.2511,73.0489,218.5,INI0000VIJO,JODHPUR,1015.7,sea_level_pressure
2023-11-30 21:00:00,13.4,96.0,1017.0,945.5,30.3167,78.0333,682.0,INM00042111,DEHRADUN,1017.0,sea_level_pressure
2023-12-01 00:00:00,14.2,100.0,1017.0,,28.5845,77.2058,214.9,INI0000VIDD,SAFDARJUNG,1017.0,sea_level_pressure
2023-12-01 00:00:00,17.0,86.0,1016.4,,26.2511,73.0489,218.5,INI0000VIJO,JODHPUR,1016.4,sea_level_pressure
2023-12-01 00:00:00,12.2,97.0,1017.2,945.4,30.3167,78.0333,682.0,INM00042111,DEHRADUN,1017.2,sea_level_pressure
2023-12-01 03:00:00,15.4,100.0,1017.0,,28.5845,77.2058,214.9,INI0000VIDD,SAFDARJUNG,1017.0,sea_level_pressure
2023-12-01 03:00:00,17.5,85.0,1017.6,,26.2511,73.0489,218.5,INI0000VIJO,JODHPUR,1017.6,sea_level_pressure
2023-12-01 03:00:00,12.8,97.0,1018.8,947.0,30.3167,78.0333,682.0,INM00042111,DEHRADUN,1018.8,sea_level_pressure
2023-12-01 06:00:00,22.6,74.0,1017.6,,28.5845,77.2058,214.9,INI0000VIDD,SAFDARJUNG,1017.6,sea_level_pressure
2023-12-01 06:00:00,23.6,66.0,1017.2,,26.2511,73.0489,218.5,INI0000VIJO,JODHPUR,1017.2,sea_level_pressure
2023-12-01 06:00:00,22.0,60.0,1016.0,946.5,30.3167,78.0333,682.0,INM00042111,DEHRADUN,1016.0,sea_level_pressure
2023-12-01 09:00:00,25.0,64.0,1014.7,,28.5845,77.2058,214.9,INI0000VIDD,SAFDARJUNG,1014.7,sea_level_pressure
2023-12-01 09:00:00,25.5,50.0,1014.4,,26.2511,73.0489,218.5,INI0000VIJO,JODHPUR,1014.4,sea_level_pressure
2023-12-01 09:00:00,25.2,47.0,1012.3,943.9,30.3167,78.0333,682.0,INM00042111,DEHRADUN,1012.3,sea_level_pressure
2023-12-01 12:00:00,22.0,82.0,1014.7,,28.5845,77.2058,214.9,INI0000VIDD,SAFDARJUNG,1014.7,sea_level_pressure
2023-12-01 12:00:00,23.5,61.0,1014.3,,26.2511,73.0489,218.5,INI0000VIJO,JODHPUR,1014.3,sea_level_pressure
2023-12-01 12:00:00,20.5,70.0,1013.5,943.9,30.3167,78.0333,682.0,INM00042111,DEHRADUN,1013.5,sea_level_pressure
2023-12-01 15:00:00,18.4,94.0,1017.0,,28.5845,77.2058,214.9,INI0000VIDD,SAFDARJUNG,1017.0,sea_level_pressure
2023-12-01 15:00:00,21.0,70.0,1016.4,,26.2511,73.0489,218.5,INI0000VIJO,JODHPUR,1016.4,sea_level_pressure
2023-12-01 15:00:00,15.4,90.0,1016.0,945.1,30.3167,78.0333,682.0,INM00042111,DEHRADUN,1016.0,sea_level_pressure
2023-12-01 18:00:00,16.6,98.0,1016.7,,28.5845,77.2058,214.9,INI0000VIDD,SAFDARJUNG,1016.7,sea_level_pressure
2023-12-01 18:00:00,19.7,75.0,1016.6,,26.2511,73.0489,218.5,INI0000VIJO,JODHPUR,1016.6,sea_level_pressure
2023-12-01 18:00:00,14.5,91.0,1016.5,945.3,30.3167,78.0333,682.0,INM00042111,DEHRADUN,1016.5,sea_level_pressure
2023-12-01 21:00:00,15.2,98.0,1016.5,,28.5845,77.2058,214.9,INI0000VIDD,SAFDARJUNG,1016.5,sea_level_pressure
2023-12-01 21:00:00,18.2,75.0,1016.3,,26.2511,73.0489,218.5,INI0000VIJO,JODHPUR,1016.3,sea_level_pressure
2023-12-01 21:00:00,13.0,96.0,1016.7,945.0,30.3167,78.0333,682.0,INM00042111,DEHRADUN,1016.7,sea_level_pressure
2023-12-02 00:00:00,14.0,100.0,1017.4,,28.5845,77.2058,214.9,INI0000VIDD,SAFDARJUNG,1017.4,sea_level_pressure
2023-12-02 00:00:00,17.2,82.0,1016.8,,26.2511,73.0489,218.5,INI0000VIJO,JODHPUR,1016.8,sea_level_pressure
2023-12-02 00:00:00,12.0,96.0,1017.6,945.6,30.3167,78.0333,682.0,INM00042111,DEHRADUN,1017.6,sea_level_pressure
2023-12-02 03:00:00,14.8,100.0,1019.2,,28.5845,77.2058,214.9,INI0000VIDD,SAFDARJUNG,1019.2,sea_level_pressure
2023-12-02 03:00:00,16.7,84.0,1018.4,,26.2511,73.0489,218.5,INI0000VIJO,JODHPUR,1018.4,sea_level_pressure
2023-12-02 03:00:00,13.4,91.0,1018.9,947.4,30.3167,78.0333,682.0,INM00042111,DEHRADUN,1018.9,sea_level_pressure
2023-12-02 06:00:00,21.2,73.0,1019.1,,28.5845,77.2058,214.9,INI0000VIDD,SAFDARJUNG,1019.1,sea_level_pressure
2023-12-02 06:00:00,23.5,65.0,1017.7,,26.2511,73.0489,218.5,INI0000VIJO,JODHPUR,1017.7,sea_level_pressure
2023-12-02 06:00:00,22.0,60.0,1016.8,947.3,30.3167,78.0333,682.0,INM00042111,DEHRADUN,1016.8,sea_level_pressure
2023-12-02 09:00:00,24.0,65.0,1015.9,,28.5845,77.2058,214.9,INI0000VIDD,SAFDARJUNG,1015.9,sea_level_pressure
2023-12-02 09:00:00,26.2,45.0,1014.4,,26.2511,73.0489,218.5,INI0000VIJO,JODHPUR,1014.4,sea_level_pressure
2023-12-02 09:00:00,24.2,51.0,1013.9,945.1,30.3167,78.0333,682.0,INM00042111,DEHRADUN,1013.9,sea_level_pressure
2023-12-02 12:00:00,22.2,81.0,1015.4,,28.5845,77.2058,214.9,INI0000VIDD,SAFDARJUNG,1015.4,sea_level_pressure
2023-12-02 12:00:00,24.6,51.0,1014.1,,26.2511,73.0489,218.5,INI0000VIJO,JODHPUR,1014.1,sea_level_pressure
2023-12-02 12:00:00,20.2,74.0,1014.1,944.5,30.3167,78.0333,682.0,INM00042111,DEHRADUN,1014.1,sea_level_pressure
2023-12-02 15:00:00,16.6,96.0,1017.4,,28.5845,77.2058,214.9,INI0000VIDD,SAFDARJUNG,1017.4,sea_level_pressure
2023-12-02 15:00:00,21.5,59.0,1016.1,,26.2511,73.0489,218.5,INI0000VIJO,JODHPUR,1016.1,sea_level_pressure
2023-12-02 15:00:00,14.6,87.0,1016.8,945.6,30.3167,78.0333,682.0,INM00042111,DEHRADUN,1016.8,sea_level_pressure
2023-12-02 18:00:00,14.6,98.0,1018.3,,28.5845,77.2058,214.9,INI0000VIDD,SAFDARJUNG,1018.3,sea_level_pressure
2023-12-02 18:00:00,20.0,61.0,1016.7,,26.2511,73.0489,218.5,INI0000VIJO,JODHPUR,1016.7,sea_level_pressure
2023-12-02 18:00:00,13.0,96.0,1017.9,946.1,30.3167,78.0333,682.0,INM00042111,DEHRADUN,1017.9,sea_level_pressure
2023-12-02 21:00:00,13.2,100.0,1017.4,,28.5845,77.2058,214.9,INI0000VIDD,SAFDARJUNG,1017.4,sea_level_pressure
2023-12-02 21:00:00,18.6,66.0,1016.2,,26.2511,73.0489,218.5,INI0000VIJO,JODHPUR,1016.2,sea_level_pressure
2023-12-02 21:00:00,12.0,96.0,1018.2,946.2,30.3167,78.0333,682.0,INM00042111,DEHRADUN,1018.2,sea_level_pressure
2023-12-03 00:00:00,11.7,100.0,1018.0,,28.5845,77.2058,214.9,INI0000VIDD,SAFDARJUNG,1018.0,sea_level_pressure
2023-12-03 00:00:00,17.5,74.0,1016.2,,26.2511,73.0489,218.5,INI0000VIJO,JODHPUR,1016.2,sea_level_pressure
2023-12-03 00:00:00,11.7,96.0,1017.9,945.9,30.3167,78.0333,682.0,INM00042111,DEHRADUN,1017.9,sea_level_pressure
2023-12-03 03:00:00,,,,,,,,INI0000VIDD,SAFDARJUNG,,sea_level_pressure
2023-12-03 03:00:00,17.5,82.0,1018.3,,26.2511,73.0489,218.5,INI0000VIJO,JODHPUR,1018.3,sea_level_pressure
2023-12-03 03:00:00,12.6,91.0,1019.7,947.8,30.3167,78.0333,682.0,INM00042111,DEHRADUN,1019.7,sea_level_pressure
2023-12-03 06:00:00,22.5,66.0,1019.5,,28.5845,77.2058,214.9,INI0000VIDD,SAFDARJUNG,1019.5,sea_level_pressure
2023-12-03 06:00:00,22.5,67.0,1018.5,,26.2511,73.0489,218.5,INI0000VIJO,JODHPUR,1018.5,sea_level_pressure
2023-12-03 06:00:00,22.5,54.0,1017.1,947.7,30.3167,78.0333,682.0,INM00042111,DEHRADUN,1017.1,sea_level_pressure
2023-12-03 09:00:00,25.4,61.0,1015.6,,28.5845,77.2058,214.9,INI0000VIDD,SAFDARJUNG,1015.6,sea_level_pressure
2023-12-03 09:00:00,24.6,62.0,1014.6,,26.2511,73.0489,218.5,INI0000VIJO,JODHPUR,1014.6,sea_level_pressure
2023-12-03 09:00:00,25.8,36.0,1017.1,948.4,30.3167,78.0333,682.0,INM00042111,DEHRADUN,1017.1,sea_level_pressure
2023-12-03 12:00:00,21.2,82.0,1015.3,,28.5845,77.2058,214.9,INI0000VIDD,SAFDARJUNG,1015.3,sea_level_pressure
2023-12-03 12:00:00,23.7,66.0,1014.2,,26.2511,73.0489,218.5,INI0000VIJO,JODHPUR,1014.2,sea_level_pressure
2023-12-03 12:00:00,20.7,68.0,1017.4,947.5,30.3167,78.0333,682.0,INM00042111,DEHRADUN,1017.4,sea_level_pressure
2023-12-03 15:00:00,18.0,92.0,1017.1,,28.5845,77.2058,214.9,INI0000VIDD,SAFDARJUNG,1017.1,sea_level_pressure
2023-12-03 15:00:00,20.6,81.0,1016.5,,26.2511,73.0489,218.5,INI0000VIJO,JODHPUR,1016.5,sea_level_pressure
2023-12-03 15:00:00,15.0,86.0,1016.8,945.6,30.3167,78.0333,682.0,INM00042111,DEHRADUN,1016.8,sea_level_pressure
2023-12-03 18:00:00,17.5,93.0,1017.4,,28.5845,77.2058,214.9,INI0000VIDD,SAFDARJUNG,1017.4,sea_level_pressure
2023-12-03 18:00:00,18.6,90.0,1016.8,,26.2511,73.0489,218.5,INI0000VIJO,JODHPUR,1016.8,sea_level_pressure
2023-12-03 18:00:00,14.7,88.0,1016.8,945.6,30.3167,78.0333,682.0,INM00042111,DEHRADUN,1016.8,sea_level_pressure
2023-12-03 21:00:00,16.2,96.0,1016.8,,28.5845,77.2058,214.9,INI0000VIDD,SAFDARJUNG,1016.8,sea_level_pressure
2023-12-03 21:00:00,17.6,92.0,1016.1,,26.2511,73.0489,218.5,INI0000VIJO,JODHPUR,1016.1,sea_level_pressure
2023-12-03 21:00:00,15.2,84.0,1015.5,944.6,30.3167,78.0333,682.0,INM00042111,DEHRADUN,1015.5,sea_level_pressure
2023-12-04 00:00:00,15.7,99.0,1016.0,,28.5845,77.2058,214.9,INI0000VIDD,SAFDARJUNG,1016.0,sea_level_pressure
2023-12-04 00:00:00,16.5,91.0,1015.5,,26.2511,73.0489,218.5,INI0000VIJO,JODHPUR,1015.5,sea_level_pressure
2023-12-04 00:00:00,15.5,87.0,1014.8,944.0,30.3167,78.0333,682.0,INM00042111,DEHRADUN,1014.8,sea_level_pressure
2023-12-04 03:00:00,16.4,98.0,1018.1,,28.5845,77.2058,214.9,INI0000VIDD,SAFDARJUNG,1018.1,sea_level_pressure
2023-12-04 03:00:00,16.6,96.0,1017.8,,26.2511,73.0489,218.5,INI0000VIJO,JODHPUR,1017.8,sea_level_pressure
2023-12-04 03:00:00,14.2,87.0,1017.3,946.1,30.3167,78.0333,682.0,INM00042111,DEHRADUN,1017.3,sea_level_pressure
2023-12-04 06:00:00,23.6,58.0,1018.0,,28.5845,77.2058,214.9,INI0000VIDD,SAFDARJUNG,1018.0,sea_level_pressure
2023-12-04 06:00:00,19.0,84.0,1017.9,,26.2511,73.0489,218.5,INI0000VIJO,JODHPUR,1017.9,sea_level_pressure
2023-12-04 06:00:00,23.2,55.0,1015.5,946.5,30.3167,78.0333,682.0,INM00042111,DEHRADUN,1015.5,sea_level_pressure
2023-12-04 09:00:00,24.4,66.0,1015.1,,28.5845,77.2058,214.9,INI0000VIDD,SAFDARJUNG,1015.1,sea_level_pressure
2023-12-04 09:00:00,24.7,39.0,1014.9,,26.2511,73.0489,218.5,INI0000VIJO,JODHPUR,1014.9,sea_level_pressure
2023-12-04 09:00:00,24.8,45.0,1012.6,947.6,30.3167,78.0333,682.0,INM00042111,DEHRADUN,1012.6,sea_level_pressure
2023-12-04 12:00:00,21.5,78.0,1014.9,,28.5845,77.2058,214.9,INI0000VIDD,SAFDARJUNG,1014.9,sea_level_pressure
2023-12-04 12:00:00,23.2,49.0,1014.4,,26.2511,73.0489,218.5,INI0000VIJO,JODHPUR,1014.4,sea_level_pressure
2023-12-04 12:00:00,20.6,66.0,1013.4,943.8,30.3167,78.0333,682.0,INM00042111,DEHRADUN,1013.4,sea_level_pressure
2023-12-04 15:00:00,17.0,90.0,1016.3,,28.5845,77.2058,214.9,INI0000VIDD,SAFDARJUNG,1016.3,sea_level_pressure
2023-12-04 15:00:00,16.7,69.0,1016.3,,26.2511,73.0489,218.5,INI0000VIJO,JODHPUR,1016.3,sea_level_pressure
2023-12-04 15:00:00,15.8,88.0,1014.2,943.5,30.3167,78.0333,682.0,INM00042111,DEHRADUN,1014.2,sea_level_pressure
2023-12-04 18:00:00,16.0,91.0,1016.9,,28.5845,77.2058,214.9,INI0000VIDD,SAFDARJUNG,1016.9,sea_level_pressure
2023-12-04 18:00:00,17.2,63.0,1016.4,,26.2511,73.0489,218.5,INI0000VIJO,JODHPUR,1016.4,sea_level_pressure
2023-12-04 18:00:00,15.2,90.0,1014.8,944.0,30.3167,78.0333,682.0,INM00042111,DEHRADUN,1014.8,sea_level_pressure
2023-12-04 21:00:00,15.0,96.0,1016.2,,28.5845,77.2058,214.9,INI0000VIDD,SAFDARJUNG,1016.2,sea_level_pressure
2023-12-04 21:00:00,16.6,66.0,1015.9,,26.2511,73.0489,218.5,INI0000VIJO,JODHPUR,1015.9,sea_level_pressure
2023-12-04 21:00:00,,,,,,,,INM00042111,DEHRADUN,,sea_level_pressure
2023-12-05 00:00:00,14.0,100.0,1015.6,,28.5845,77.2058,214.9,INI0000VIDD,SAFDARJUNG,1015.6,sea_level_pressure
2023-12-05 00:00:00,14.6,66.0,1015.2,,26.2511,73.0489,218.5,INI0000VIJO,JODHPUR,1015.2,sea_level_pressure
2023-12-05 00:00:00,12.6,96.0,1015.8,944.2,30.3167,78.0333,682.0,INM00042111,DEHRADUN,1015.8,sea_level_pressure
2023-12-05 03:00:00,13.4,100.0,1017.2,,28.5845,77.2058,214.9,INI0000VIDD,SAFDARJUNG,1017.2,sea_level_pressure
2023-12-05 03:00:00,15.2,70.0,1017.4,,26.2511,73.0489,218.5,INI0000VIJO,JODHPUR,1017.4,sea_level_pressure
2023-12-05 03:00:00,13.2,76.0,1016.4,945.1,30.3167,78.0333,682.0,INM00042111,DEHRADUN,1016.4,sea_level_pressure
2023-12-05 06:00:00,22.5,63.0,1016.4,,28.5845,77.2058,214.9,INI0000VIDD,SAFDARJUNG,1016.4,sea_level_pressure
2023-12-05 06:00:00,22.2,63.0,1016.7,,26.2511,73.0489,218.5,INI0000VIJO,JODHPUR,1016.7,sea_level_pressure
2023-12-05 06:00:00,22.0,48.0,1014.5,945.4,30.3167,78.0333,682.0,INM00042111,DEHRADUN,1014.5,sea_level_pressure
2023-12-05 09:00:00,24.4,69.0,1013.8,,28.5845,77.2058,214.9,INI0000VIDD,SAFDARJUNG,1013.8,sea_level_pressure
2023-12-05 09:00:00,25.5,35.0,1013.2,,26.2511,73.0489,218.5,INI0000VIJO,JODHPUR,1013.2,sea_level_pressure
2023-12-05 09:00:00,25.2,34.0,1010.8,942.6,30.3167,78.0333,682.0,INM00042111,DEHRADUN,1010.8,sea_level_pressure
2023-12-05 12:00:00,21.5,82.0,1013.7,,28.5845,77.2058,214.9,INI0000VIDD,SAFDARJUNG,1013.7,sea_level_pressure
2023-12-05 12:00:00,23.6,45.0,1013.5,,26.2511,73.0489,218.5,INI0000VIJO,JODHPUR,1013.5,sea_level_pressure
2023-12-05 12:00:00,20.0,65.0,1011.8,942.1,30.3167,78.0333,682.0,INM00042111,DEHRADUN,1011.8,sea_level_pressure
2023-12-05 15:00:00,15.4,91.0,1015.8,,28.5845,77.2058,214.9,INI0000VIDD,SAFDARJUNG,1015.8,sea_level_pressure
2023-12-05 15:00:00,19.5,50.0,1015.5,,26.2511,73.0489,218.5,INI0000VIJO,JODHPUR,1015.5,sea_level_pressure
2023-12-05 15:00:00,14.8,87.0,1015.0,943.9,30.3167,78.0333,682.0,INM00042111,DEHRADUN,1015.0,sea_level_pressure
2023-12-05 18:00:00,13.2,97.0,1017.0,,28.5845,77.2058,214.9,INI0000VIDD,SAFDARJUNG,1017.0,sea_level_pressure
2023-12-05 18:00:00,18.5,53.0,1016.4,,26.2511,73.0489,218.5,INI0000VIJO,JODHPUR,1016.4,sea_level_pressure
2023-12-05 18:00:00,13.0,91.0,1016.4,944.7,30.3167,78.0333,682.0,INM00042111,DEHRADUN,1016.4,sea_level_pressure
2023-12-05 21:00:00,12.0,100.0,1016.5,,28.5845,77.2058,214.9,INI0000VIDD,SAFDARJUNG,1016.5,sea_level_pressure
2023-12-05 21:00:00,14.7,68.0,1016.0,,26.2511,73.0489,218.5,INI0000VIJO,JODHPUR,1016.0,sea_level_pressure
2023-12-05 21:00:00,11.2,91.0,1016.3,944.4,30.3167,78.0333,682.0,INM00042111,DEHRADUN,1016.3,sea_level_pressure
2023-12-06 00:00:00,10.6,100.0,1015.8,,28.5845,77.2058,214.9,INI0000VIDD,SAFDARJUNG,1015.8,sea_level_pressure
2023-12-06 00:00:00,14.7,63.0,1015.7,,26.2511,73.0489,218.5,INI0000VIJO,JODHPUR,1015.7,sea_level_pressure
2023-12-06 00:00:00,10.7,95.0,1015.0,943.9,30.3167,78.0333,682.0,INM00042111,DEHRADUN,1015.0,sea_level_pressure
2023-12-06 03:00:00,12.2,100.0,1018.0,,28.5845,77.2058,214.9,INI0000VIDD,SAFDARJUNG,1018.0,sea_level_pressure
2023-12-06 03:00:00,14.7,68.0,1017.7,,26.2511,73.0489,218.5,INI0000VIJO,JODHPUR,1017.7,sea_level_pressure
2023-12-06 03:00:00,12.6,86.0,1016.4,944.8,30.3167,78.0333,682.0,INM00042111,DEHRADUN,1016.4,sea_level_pressure
2023-12-06 06:00:00,21.7,65.0,1017.6,,28.5845,77.2058,214.9,INI0000VIDD,SAFDARJUNG,1017.6,sea_level_pressure
2023-12-06 06:00:00,22.0,49.0,1017.4,,26.2511,73.0489,218.5,INI0000VIJO,JODHPUR,1017.4,sea_level_pressure
2023-12-06 06:00:00,23.2,48.0,1014.9,945.9,30.3167,78.0333,682.0,INM00042111,DEHRADUN,1014.9,sea_level_pressure
2023-12-06 09:00:00,25.2,70.0,1014.3,,28.5845,77.2058,214.9,INI0000VIDD,SAFDARJUNG,1014.3,sea_level_pressure
2023-12-06 09:00:00,25.2,37.0,1013.8,,26.2511,73.0489,218.5,INI0000VIJO,JODHPUR,1013.8,sea_level_pressure
2023-12-06 09:00:00,26.2,32.0,1012.2,944.0,30.3167,78.0333,682.0,INM00042111,DEHRADUN,1012.2,sea_level_pressure
2023-12-06 12:00:00,22.5,82.0,1014.6,,28.5845,77.2058,214.9,INI0000VIDD,SAFDARJUNG,1014.6,sea_level_pressure
2023-12-06 12:00:00,23.6,45.0,1013.8,,26.2511,73.0489,218.5,INI0000VIJO,JODHPUR,1013.8,sea_level_pressure
2023-12-06 12:00:00,20.5,62.0,1013.7,944.1,30.3167,78.0333,682.0,INM00042111,DEHRADUN,1013.7,sea_level_pressure
2023-12-06 15:00:00,15.4,89.0,1016.8,,28.5845,77.2058,214.9,INI0000VIDD,SAFDARJUNG,1016.8,sea_level_pressure
2023-12-06 15:00:00,18.6,58.0,1016.4,,26.2511,73.0489,218.5,INI0000VIJO,JODHPUR,1016.4,sea_level_pressure
2023-12-06 15:00:00,14.4,85.0,1016.3,945.1,30.3167,78.0333,682.0,INM00042111,DEHRADUN,1016.3,sea_level_pressure
2023-12-06 18:00:00,13.2,96.0,1017.3,,28.5845,77.2058,214.9,INI0000VIDD,SAFDARJUNG,1017.3,sea_level_pressure
2023-12-06 18:00:00,17.6,63.0,1016.5,,26.2511,73.0489,218.5,INI0000VIJO,JODHPUR,1016.5,sea_level_pressure
2023-12-06 18:00:00,12.5,88.0,1017.1,945.3,30.3167,78.0333,682.0,INM00042111,DEHRADUN,1017.1,sea_level_pressure
2023-12-06 21:00:00,11.6,97.0,1017.0,,28.5845,77.2058,214.9,INI0000VIDD,SAFDARJUNG,1017.0,sea_level_pressure
2023-12-06 21:00:00,16.5,58.0,1016.1,,26.2511,73.0489,218.5,INI0000VIJO,JODHPUR,1016.1,sea_level_pressure
2023-12-06 21:00:00,10.8,93.0,1017.4,945.1,30.3167,78.0333,682.0,INM00042111,DEHRADUN,1017.4,sea_level_pressure
2023-12-07 00:00:00,11.2,100.0,1016.5,,28.5845,77.2058,214.9,INI0000VIDD,SAFDARJUNG,1016.5,sea_level_pressure
2023-12-07 00:00:00,14.2,67.0,1016.1,,26.2511,73.0489,218.5,INI0000VIJO,JODHPUR,1016.1,sea_level_pressure
2023-12-07 00:00:00,10.7,94.0,1016.4,944.3,30.3167,78.0333,682.0,INM00042111,DEHRADUN,1016.4,sea_level_pressure
2023-12-07 03:00:00,12.6,97.0,1017.6,,28.5845,77.2058,214.9,INI0000VIDD,SAFDARJUNG,1017.6,sea_level_pressure
2023-12-07 03:00:00,15.6,63.0,1017.8,,26.2511,73.0489,218.5,INI0000VIJO,JODHPUR,1017.8,sea_level_pressure
2023-12-07 03:00:00,12.6,80.0,1017.1,945.5,30.3167,78.0333,682.0,INM00042111,DEHRADUN,1017.1,sea_level_pressure
2023-12-07 06:00:00,22.0,61.0,1016.5,,28.5845,77.2058,214.9,INI0000VIDD,SAFDARJUNG,1016.5,sea_level_pressure
2023-12-07 06:00:00,22.2,46.0,1017.2,,26.2511,73.0489,218.5,INI0000VIJO,JODHPUR,1017.2,sea_level_pressure
2023-12-07 06:00:00,22.6,45.0,1014.3,945.2,30.3167,78.0333,682.0,INM00042111,DEHRADUN,1014.3,sea_level_pressure
2023-12-07 09:00:00,25.0,71.0,1013.5,,28.5845,77.2058,214.9,INI0000VIDD,SAFDARJUNG,1013.5,sea_level_pressure
2023-12-07 09:00:00,25.6,34.0,1013.9,,26.2511,73.0489,218.5,INI0000VIJO,JODHPUR,1013.9,sea_level_pressure
2023-12-07 09:00:00,25.4,31.0,1010.4,942.2,30.3167,78.0333,682.0,INM00042111,DEHRADUN,1010.4,sea_level_pressure
2023-12-07 12:00:00,21.6,72.0,1013.4,,28.5845,77.2058,214.9,INI0000VIDD,SAFDARJUNG,1013.4,sea_level_pressure
2023-12-07 12:00:00,24.5,36.0,1013.3,,26.2511,73.0489,218.5,INI0000VIJO,JODHPUR,1013.3,sea_level_pressure
2023-12-07 12:00:00,19.5,66.0,1011.0,941.5,30.3167,78.0333,682.0,INM00042111,DEHRADUN,1011.0,sea_level_pressure
2023-12-07 15:00:00,16.8,92.0,1015.6,,28.5845,77.2058,214.9,INI0000VIDD,SAFDARJUNG,1015.6,sea_level_pressure
2023-12-07 15:00:00,18.0,50.0,1015.5,989.9,26.2511,73.0489,218.5,INI0000VIJO,JODHPUR,1015.5,sea_level_pressure
2023-12-07 15:00:00,14.8,85.0,1013.7,942.8,30.3167,78.0333,682.0,INM00042111,DEHRADUN,1013.7,sea_level_pressure
2023-12-07 18:00:00,13.6,97.0,1016.0,,28.5845,77.2058,214.9,INI0000VIDD,SAFDARJUNG,1016.0,sea_level_pressure
2023-12-07 18:00:00,16.2,49.0,1016.0,,26.2511,73.0489,218.5,INI0000VIJO,JODHPUR,1016.0,sea_level_pressure
2023-12-07 18:00:00,12.7,87.0,1014.7,943.2,30.3167,78.0333,682.0,INM00042111,DEHRADUN,1014.7,sea_level_pressure
2023-12-07 21:00:00,12.0,97.0,1015.3,,28.5845,77.2058,214.9,INI0000VIDD,SAFDARJUNG,1015.3,sea_level_pressure
2023-12-07 21:00:00,14.6,54.0,1015.8,,26.2511,73.0489,218.5,INI0000VIJO,JODHPUR,1015.8,sea_level_pressure
2023-12-07 21:00:00,10.6,88.0,1014.8,942.7,30.3167,78.0333,682.0,INM00042111,DEHRADUN,1014.8,sea_level_pressure
2023-12-08 00:00:00,11.5,99.0,1015.7,,28.5845,77.2058,214.9,INI0000VIDD,SAFDARJUNG,1015.7,sea_level_pressure
2023-12-08 00:00:00,12.5,68.0,1015.6,,26.2511,73.0489,218.5,INI0000VIJO,JODHPUR,1015.6,sea_level_pressure
2023-12-08 00:00:00,10.0,88.0,1014.2,942.0,30.3167,78.0333,682.0,INM00042111,DEHRADUN,1014.2,sea_level_pressure
2023-12-08 03:00:00,12.8,93.0,1017.2,,28.5845,77.2058,214.9,INI0000VIDD,SAFDARJUNG,1017.2,sea_level_pressure
2023-12-08 03:00:00,12.6,72.0,1017.2,,26.2511,73.0489,218.5,INI0000VIJO,JODHPUR,1017.2,sea_level_pressure
2023-12-08 03:00:00,11.6,81.0,1016.2,944.3,30.3167,78.0333,682.0,INM00042111,DEHRADUN,1016.2,sea_level_pressure
2023-12-08 06:00:00,21.7,55.0,1016.8,,28.5845,77.2058,214.9,INI0000VIDD,SAFDARJUNG,1016.8,sea_level_pressure
2023-12-08 06:00:00,23.5,44.0,1016.6,,26.2511,73.0489,218.5,INI0000VIJO,JODHPUR,1016.6,sea_level_pressure
2023-12-08 06:00:00,22.0,48.0,1013.9,944.6,30.3167,78.0333,682.0,INM00042111,DEHRADUN,1013.9,sea_level_pressure
2023-12-08 09:00:00,24.8,44.0,1013.4,,28.5845,77.2058,214.9,INI0000VIDD,SAFDARJUNG,1013.4,sea_level_pressure
2023-12-08 09:00:00,27.0,29.0,1012.2,,26.2511,73.0489,218.5,INI0000VIJO,JODHPUR,1012.2,sea_level_pressure
2023-12-08 09:00:00,23.2,42.0,1010.5,941.9,30.3167,78.0333,682.0,INM00042111,DEHRADUN,1010.5,sea_level_pressure
2023-12-08 12:00:00,21.5,67.0,1013.2,,28.5845,77.2058,214.9,INI0000VIDD,SAFDARJUNG,1013.2,sea_level_pressure
2023-12-08 12:00:00,23.5,43.0,1013.3,,26.2511,73.0489,218.5,INI0000VIJO,JODHPUR,1013.3,sea_level_pressure
2023-12-08 12:00:00,18.6,55.0,1011.4,941.6,30.3167,78.0333,682.0,INM00042111,DEHRADUN,1011.4,sea_level_pressure
2023-12-08 15:00:00,14.4,96.0,1015.0,,28.5845,77.2058,214.9,INI0000VIDD,SAFDARJUNG,1015.0,sea_level_pressure
2023-12-08 15:00:00,16.6,61.0,1015.3,,26.2511,73.0489,218.5,INI0000VIJO,JODHPUR,1015.3,sea_level_pressure
2023-12-08 15:00:00,13.4,85.0,1014.6,943.3,30.3167,78.0333,682.0,INM00042111,DEHRADUN,1014.6,sea_level_pressure
2023-12-08 18:00:00,13.0,96.0,1015.9,,28.5845,77.2058,214.9,INI0000VIDD,SAFDARJUNG,1015.9,sea_level_pressure
2023-12-08 18:00:00,14.2,70.0,1016.2,,26.2511,73.0489,218.5,INI0000VIJO,JODHPUR,1016.2,sea_level_pressure
2023-12-08 18:00:00,11.2,93.0,1015.0,943.2,30.3167,78.0333,682.0,INM00042111,DEHRADUN,1015.0,sea_level_pressure
2023-12-08 21:00:00,11.4,97.0,1015.6,,28.5845,77.2058,214.9,INI0000VIDD,SAFDARJUNG,1015.6,sea_level_pressure
2023-12-08 21:00:00,13.0,77.0,1016.3,,26.2511,73.0489,218.5,INI0000VIJO,JODHPUR,1016.3,sea_level_pressure
2023-12-08 21:00:00,10.0,95.0,1015.5,943.2,30.3167,78.0333,682.0,INM00042111,DEHRADUN,1015.5,sea_level_pressure
2023-12-09 00:00:00,10.2,100.0,1016.2,,28.5845,77.2058,214.9,INI0000VIDD,SAFDARJUNG,1016.2,sea_level_pressure
2023-12-09 00:00:00,11.5,85.0,1016.5,,26.2511,73.0489,218.5,INI0000VIJO,JODHPUR,1016.5,sea_level_pressure
2023-12-09 00:00:00,9.6,95.0,1016.3,943.9,30.3167,78.0333,682.0,INM00042111,DEHRADUN,1016.3,sea_level_pressure
2023-12-09 03:00:00,11.0,100.0,1017.9,,28.5845,77.2058,214.9,INI0000VIDD,SAFDARJUNG,1017.9,sea_level_pressure
2023-12-09 03:00:00,11.7,81.0,1019.1,,26.2511,73.0489,218.5,INI0000VIJO,JODHPUR,1019.1,sea_level_pressure
2023-12-09 03:00:00,11.2,86.0,1016.2,944.3,30.3167,78.0333,682.0,INM00042111,DEHRADUN,1016.2,sea_level_pressure
2023-12-09 06:00:00,22.0,52.0,1018.2,,28.5845,77.2058,214.9,INI0000VIDD,SAFDARJUNG,1018.2,sea_level_pressure
2023-12-09 06:00:00,24.5,40.0,1018.2,,26.2511,73.0489,218.5,INI0000VIJO,JODHPUR,1018.2,sea_level_pressure
2023-12-09 06:00:00,19.5,57.0,1015.2,945.4,30.3167,78.0333,682.0,INM00042111,DEHRADUN,1015.2,sea_level_pressure
2023-12-09 09:00:00,24.7,46.0,1015.3,,28.5845,77.2058,214.9,INI0000VIDD,SAFDARJUNG,1015.3,sea_level_pressure
2023-12-09 09:00:00,26.5,29.0,1015.1,,26.2511,73.0489,218.5,INI0000VIJO,JODHPUR,1015.1,sea_level_pressure
2023-12-09 09:00:00,23.4,48.0,1012.1,943.2,30.3167,78.0333,682.0,INM00042111,DEHRADUN,1012.1,sea_level_pressure
2023-12-09 12:00:00,20.2,69.0,1014.7,,28.5845,77.2058,214.9,INI0000VIDD,SAFDARJUNG,1014.7,sea_level_pressure
2023-12-09 12:00:00,24.7,40.0,1014.2,,26.2511,73.0489,218.5,INI0000VIJO,JODHPUR,1014.2,sea_level_pressure
2023-12-09 12:00:00,18.0,63.0,1012.5,942.3,30.3167,78.0333,682.0,INM00042111,DEHRADUN,1012.5,sea_level_pressure
2023-12-09 15:00:00,13.6,95.0,1012.1,,28.5845,77.2058,214.9,INI0000VIDD,SAFDARJUNG,1012.1,sea_level_pressure
2023-12-09 15:00:00,16.0,63.0,1015.9,,26.2511,73.0489,218.5,INI0000VIJO,JODHPUR,1015.9,sea_level_pressure
2023-12-09 15:00:00,12.8,87.0,1013.7,942.2,30.3167,78.0333,682.0,INM00042111,DEHRADUN,1013.7,sea_level_pressure
2023-12-09 18:00:00,11.2,97.0,1016.0,,28.5845,77.2058,214.9,INI0000VIDD,SAFDARJUNG,1016.0,sea_level_pressure
2023-12-09 18:00:00,13.6,71.0,1016.5,,26.2511,73.0489,218.5,INI0000VIJO,JODHPUR,1016.5,sea_level_pressure
2023-12-09 18:00:00,,,,,,,,INM00042111,DEHRADUN,,sea_level_pressure
2023-12-09 21:00:00,10.0,100.0,1014.9,,28.5845,77.2058,214.9,INI0000VIDD,SAFDARJUNG,1014.9,sea_level_pressure
2023-12-09 21:00:00,11.7,77.0,1015.2,989.0,26.2511,73.0489,218.5,INI0000VIJO,JODHPUR,1015.2,sea_level_pressure
2023-12-09 21:00:00,10.0,97.0,1013.2,941.0,30.3167,78.0333,682.0,INM00042111,DEHRADUN,1013.2,sea_level_pressure
2023-12-10 00:00:00,9.7,100.0,1014.5,,28.5845,77.2058,214.9,INI0000VIDD,SAFDARJUNG,1014.5,sea_level_pressure
2023-12-10 00:00:00,10.5,77.0,1015.2,988.8,26.2511,73.0489,218.5,INI0000VIJO,JODHPUR,1015.2,sea_level_pressure
2023-12-10 00:00:00,9.5,97.0,1012.7,940.6,30.3167,78.0333,682.0,INM00042111,DEHRADUN,1012.7,sea_level_pressure
2023-12-10 03:00:00,11.6,88.0,1015.8,,28.5845,77.2058,214.9,INI0000VIDD,SAFDARJUNG,1015.8,sea_level_pressure
2023-12-10 03:00:00,11.6,76.0,1016.7,,26.2511,73.0489,218.5,INI0000VIJO,JODHPUR,1016.7,sea_level_pressure
2023-12-10 03:00:00,9.8,96.0,1013.8,,30.3167,78.0333,682.0,INM00042111,DEHRADUN,1013.8,sea_level_pressure
2023-12-10 06:00:00,20.2,56.0,1015.8,,28.5845,77.2058,214.9,INI0000VIDD,SAFDARJUNG,1015.8,sea_level_pressure
2023-12-10 06:00:00,24.2,33.0,1016.4,,26.2511,73.0489,218.5,INI0000VIJO,JODHPUR,1016.4,sea_level_pressure
2023-12-10 06:00:00,20.5,49.0,1011.8,942.4,30.3167,78.0333,682.0,INM00042111,DEHRADUN,1011.8,sea_level_pressure
2023-12-10 09:00:00,22.8,44.0,1013.5,,28.5845,77.2058,214.9,INI0000VIDD,SAFDARJUNG,1013.5,sea_level_pressure
2023-12-10 09:00:00,27.2,25.0,1013.4,,26.2511,73.0489,218.5,INI0000VIJO,JODHPUR,1013.4,sea_level_pressure
2023-12-10 09:00:00,23.0,49.0,1009.6,940.8,30.3167,78.0333,682.0,INM00042111,DEHRADUN,1009.6,sea_level_pressure
2023-12-10 12:00:00,21.2,60.0,1012.9,,28.5845,77.2058,214.9,INI0000VIDD,SAFDARJUNG,1012.9,sea_level_pressure
2023-12-10 12:00:00,24.0,41.0,1013.3,,26.2511,73.0489,218.5,INI0000VIJO,JODHPUR,1013.3,sea_level_pressure
2023-12-10 12:00:00,17.7,74.0,1010.9,940.9,30.3167,78.0333,682.0,INM00042111,DEHRADUN,1010.9,sea_level_pressure
2023-12-10 15:00:00,12.6,91.0,1015.2,,28.5845,77.2058,214.9,INI0000VIDD,SAFDARJUNG,1015.2,sea_level_pressure
2023-12-10 15:00:00,15.7,67.0,1014.9,,26.2511,73.0489,218.5,INI0000VIJO,JODHPUR,1014.9,sea_level_pressure
2023-12-10 15:00:00,12.0,87.0,1014.4,942.6,30.3167,78.0333,682.0,INM00042111,DEHRADUN,1014.4,sea_level_pressure
2023-12-10 18:00:00,10.2,97.0,1015.8,,28.5845,77.2058,214.9,INI0000VIDD,SAFDARJUNG,1015.8,sea_level_pressure
2023-12-10 18:00:00,13.6,75.0,1015.5,,26.2511,73.0489,218.5,INI0000VIJO,JODHPUR,1015.5,sea_level_pressure
2023-12-10 18:00:00,10.2,95.0,1014.8,942.8,30.3167,78.0333,682.0,INM00042111,DEHRADUN,1014.8,sea_level_pressure
2023-12-10 21:00:00,8.7,100.0,1015.0,,28.5845,77.2058,214.9,INI0000VIDD,SAFDARJUNG,1015.0,sea_level_pressure
2023-12-10 21:00:00,11.5,78.0,1014.4,,26.2511,73.0489,218.5,INI0000VIJO,JODHPUR,1014.4,sea_level_pressure
2023-12-10 21:00:00,9.6,95.0,1014.7,942.5,30.3167,78.0333,682.0,INM00042111,DEHRADUN,1014.7,sea_level_pressure
2023-12-11 00:00:00,8.5,99.0,1015.2,,28.5845,77.2058,214.9,INI0000VIDD,SAFDARJUNG,1015.2,sea_level_pressure
2023-12-11 00:00:00,9.7,85.0,1014.5,,26.2511,73.0489,218.5,INI0000VIJO,JODHPUR,1014.5,sea_level_pressure
2023-12-11 00:00:00,9.0,97.0,1014.6,942.1,30.3167,78.0333,682.0,INM00042111,DEHRADUN,1014.6,sea_level_pressure
2023-12-11 03:00:00,9.2,100.0,1017.0,,28.5845,77.2058,214.9,INI0000VIDD,SAFDARJUNG,1017.0,sea_level_pressure
2023-12-11 03:00:00,9.8,80.0,1016.4,,26.2511,73.0489,218.5,INI0000VIJO,JODHPUR,1016.4,sea_level_pressure
2023-12-11 03:00:00,10.0,97.0,1016.2,943.8,30.3167,78.0333,682.0,INM00042111,DEHRADUN,1016.2,sea_level_pressure
2023-12-11 06:00:00,21.2,51.0,1016.7,,28.5845,77.2058,214.9,INI0000VIDD,SAFDARJUNG,1016.7,sea_level_pressure
2023-12-11 06:00:00,24.2,34.0,1015.9,,26.2511,73.0489,218.5,INI0000VIJO,JODHPUR,1015.9,sea_level_pressure
2023-12-11 06:00:00,18.7,56.0,1014.1,944.0,30.3167,78.0333,682.0,INM00042111,DEHRADUN,1014.1,sea_level_pressure
2023-12-11 09:00:00,23.6,40.0,1014.1,,28.5845,77.2058,214.9,INI0000VIDD,SAFDARJUNG,1014.1,sea_level_pressure
2023-12-11 09:00:00,27.2,24.0,1012.6,,26.2511,73.0489,218.5,INI0000VIJO,JODHPUR,1012.6,sea_level_pressure
2023-12-11 09:00:00,21.8,52.0,1012.0,942.8,30.3167,78.0333,682.0,INM00042111,DEHRADUN,1012.0,sea_level_pressure
2023-12-11 12:00:00,20.6,60.0,1013.7,,28.5845,77.2058,214.9,INI0000VIDD,SAFDARJUNG,1013.7,sea_level_pressure
2023-12-11 12:00:00,24.5,42.0,1012.8,,26.2511,73.0489,218.5,INI0000VIJO,JODHPUR,1012.8,sea_level_pressure
2023-12-11 12:00:00,17.6,76.0,1012.5,942.3,30.3167,78.0333,682.0,INM00042111,DEHRADUN,1012.5,sea_level_pressure
2023-12-11 15:00:00,13.8,84.0,1015.9,,28.5845,77.2058,214.9,INI0000VIDD,SAFDARJUNG,1015.9,sea_level_pressure
2023-12-11 15:00:00,15.7,62.0,1015.0,,26.2511,73.0489,218.5,INI0000VIJO,JODHPUR,1015.0,sea_level_pressure
2023-12-11 15:00:00,12.6,85.0,1014.5,943.0,30.3167,78.0333,682.0,INM00042111,DEHRADUN,1014.5,sea_level_pressure
2023-12-11 18:00:00,10.2,100.0,1016.3,,28.5845,77.2058,214.9,INI0000VIDD,SAFDARJUNG,1016.3,sea_level_pressure
2023-12-11 18:00:00,13.4,75.0,1014.8,,26.2511,73.0489,218.5,INI0000VIJO,JODHPUR,1014.8,sea_level_pressure
2023-12-11 18:00:00,11.0,88.0,1015.4,943.4,30.3167,78.0333,682.0,INM00042111,DEHRADUN,1015.4,sea_level_pressure
2023-12-11 21:00:00,8.6,100.0,1015.3,,28.5845,77.2058,214.9,INI0000VIDD,SAFDARJUNG,1015.3,sea_level_pressure
2023-12-11 21:00:00,11.6,83.0,1014.0,,26.2511,73.0489,218.5,INI0000VIJO,JODHPUR,1014.0,sea_level_pressure
2023-12-11 21:00:00,10.6,91.0,1014.6,942.5,30.3167,78.0333,682.0,INM00042111,DEHRADUN,1014.6,sea_level_pressure
2023-12-12 00:00:00,8.0,100.0,1015.1,,28.5845,77.2058,214.9,INI0000VIDD,SAFDARJUNG,1015.1,sea_level_pressure
2023-12-12 00:00:00,10.0,80.0,1013.5,,26.2511,73.0489,218.5,INI0000VIJO,JODHPUR,1013.5,sea_level_pressure
2023-12-12 00:00:00,8.6,100.0,1015.4,942.9,30.3167,78.0333,682.0,INM00042111,DEHRADUN,1015.4,sea_level_pressure
2023-12-12 03:00:00,9.2,100.0,1016.1,,28.5845,77.2058,214.9,INI0000VIDD,SAFDARJUNG,1016.1,sea_level_pressure
2023-12-12 03:00:00,11.5,66.0,1015.0,,26.2511,73.0489,218.5,INI0000VIJO,JODHPUR,1015.0,sea_level_pressure
2023-12-12 03:00:00,9.8,92.0,1016.1,943.7,30.3167,78.0333,682.0,INM00042111,DEHRADUN,1016.1,sea_level_pressure
2023-12-12 06:00:00,20.7,60.0,1015.4,,28.5845,77.2058,214.9,INI0000VIDD,SAFDARJUNG,1015.4,sea_level_pressure
2023-12-12 06:00:00,23.2,38.0,1014.6,,26.2511,73.0489,218.5,INI0000VIJO,JODHPUR,1014.6,sea_level_pressure
2023-12-12 06:00:00,19.0,52.0,1014.1,944.0,30.3167,78.0333,682.0,INM00042111,DEHRADUN,1014.1,sea_level_pressure
2023-12-12 09:00:00,24.0,49.0,1012.6,,28.5845,77.2058,214.9,INI0000VIDD,SAFDARJUNG,1012.6,sea_level_pressure
2023-12-12 09:00:00,27.2,24.0,1011.6,,26.2511,73.0489,218.5,INI0000VIJO,JODHPUR,1011.6,sea_level_pressure
2023-12-12 09:00:00,21.6,41.0,1010.4,941.3,30.3167,78.0333,682.0,INM00042111,DEHRADUN,1010.4,sea_level_pressure
2023-12-12 12:00:00,20.0,71.0,1012.6,,28.5845,77.2058,214.9,INI0000VIDD,SAFDARJUNG,1012.6,sea_level_pressure
2023-12-12 12:00:00,23.5,44.0,1011.5,,26.2511,73.0489,218.5,INI0000VIJO,JODHPUR,1011.5,sea_level_pressure
2023-12-12 12:00:00,17.6,70.0,1010.6,941.5,30.3167,78.0333,682.0,INM00042111,DEHRADUN,1010.6,sea_level_pressure
2023-12-12 15:00:00,13.4,96.0,1014.3,,28.5845,77.2058,214.9,INI0000VIDD,SAFDARJUNG,1014.3,sea_level_pressure
2023-12-12 15:00:00,15.7,65.0,1013.7,,26.2511,73.0489,218.5,INI0000VIJO,JODHPUR,1013.7,sea_level_pressure
2023-12-12 15:00:00,,,,,,,,INM00042111,DEHRADUN,,sea_level_pressure
2023-12-12 18:00:00,11.4,100.0,1015.0,,28.5845,77.2058,214.9,INI0000VIDD,SAFDARJUNG,1015.0,sea_level_pressure
2023-12-12 18:00:00,14.0,76.0,1014.8,,26.2511,73.0489,218.5,INI0000VIJO,JODHPUR,1014.8,sea_level_pressure
2023-12-12 18:00:00,10.0,92.0,1015.7,943.3,30.3167,78.0333,682.0,INM00042111,DEHRADUN,1015.7,sea_level_pressure
2023-12-12 21:00:00,9.8,100.0,1014.7,,28.5845,77.2058,214.9,INI0000VIDD,SAFDARJUNG,1014.7,sea_level_pressure
2023-12-12 21:00:00,11.6,81.0,1014.6,,26.2511,73.0489,218.5,INI0000VIJO,JODHPUR,1014.6,sea_level_pressure
2023-12-12 21:00:00,9.6,95.0,1015.6,943.2,30.3167,78.0333,682.0,INM00042111,DEHRADUN,1015.6,sea_level_pressure
2023-12-13 00:00:00,8.2,100.0,1014.8,,28.5845,77.2058,214.9,INI0000VIDD,SAFDARJUNG,1014.8,sea_level_pressure
2023-12-13 00:00:00,12.0,79.0,1014.9,,26.2511,73.0489,218.5,INI0000VIJO,JODHPUR,1014.9,sea_level_pressure
2023-12-13 00:00:00,8.6,95.0,1015.3,942.8,30.3167,78.0333,682.0,INM00042111,DEHRADUN,1015.3,sea_level_pressure
2023-12-13 03:00:00,9.2,100.0,1017.5,,28.5845,77.2058,214.9,INI0000VIDD,SAFDARJUNG,1017.5,sea_level_pressure
2023-12-13 03:00:00,12.6,68.0,1016.9,,26.2511,73.0489,218.5,INI0000VIJO,JODHPUR,1016.9,sea_level_pressure
2023-12-13 03:00:00,9.2,85.0,1017.3,944.9,30.3167,78.0333,682.0,INM00042111,DEHRADUN,1017.3,sea_level_pressure
2023-12-13 06:00:00,21.2,65.0,1017.2,,28.5845,77.2058,214.9,INI0000VIDD,SAFDARJUNG,1017.2,sea_level_pressure
2023-12-13 06:00:00,24.0,37.0,1016.8,,26.2511,73.0489,218.5,INI0000VIJO,JODHPUR,1016.8,sea_level_pressure
2023-12-13 06:00:00,20.0,42.0,1015.2,945.4,30.3167,78.0333,682.0,INM00042111,DEHRADUN,1015.2,sea_level_pressure
2023-12-13 09:00:00,24.2,38.0,1014.5,,28.5845,77.2058,214.9,INI0000VIDD,SAFDARJUNG,1014.5,sea_level_pressure
2023-12-13 09:00:00,26.7,28.0,1013.8,,26.2511,73.0489,218.5,INI0000VIJO,JODHPUR,1013.8,sea_level_pressure
2023-12-13 09:00:00,22.2,38.0,1010.6,941.5,30.3167,78.0333,682.0,INM00042111,DEHRADUN,1010.6,sea_level_pressure
2023-12-13 12:00:00,21.5,52.0,1014.7,,28.5845,77.2058,214.9,INI0000VIDD,SAFDARJUNG,1014.7,sea_level_pressure
2023-12-13 12:00:00,24.2,45.0,1014.0,,26.2511,73.0489,218.5,INI0000VIJO,JODHPUR,1014.0,sea_level_pressure
2023-12-13 12:00:00,17.5,54.0,1012.4,942.2,30.3167,78.0333,682.0,INM00042111,DEHRADUN,1012.4,sea_level_pressure
2023-12-13 15:00:00,12.4,88.0,1017.4,,28.5845,77.2058,214.9,INI0000VIDD,SAFDARJUNG,1017.4,sea_level_pressure
2023-12-13 15:00:00,16.2,66.0,1016.3,,26.2511,73.0489,218.5,INI0000VIJO,JODHPUR,1016.3,sea_level_pressure
2023-12-13 15:00:00,11.8,91.0,1015.9,944.0,30.3167,78.0333,682.0,INM00042111,DEHRADUN,1015.9,sea_level_pressure
2023-12-13 18:00:00,10.0,95.0,1017.7,,28.5845,77.2058,214.9,INI0000VIDD,SAFDARJUNG,1017.7,sea_level_pressure
2023-12-13 18:00:00,15.2,63.0,1016.5,,26.2511,73.0489,218.5,INI0000VIJO,JODHPUR,1016.5,sea_level_pressure
2023-12-13 18:00:00,10.5,92.0,1016.4,944.3,30.3167,78.0333,682.0,INM00042111,DEHRADUN,1016.4,sea_level_pressure
2023-12-13 21:00:00,9.0,100.0,1017.2,,28.5845,77.2058,214.9,INI0000VIDD,SAFDARJUNG,1017.2,sea_level_pressure
2023-12-13 21:00:00,14.0,67.0,1015.9,,26.2511,73.0489,218.5,INI0000VIJO,JODHPUR,1015.9,sea_level_pressure
2023-12-13 21:00:00,8.7,95.0,1015.8,943.3,30.3167,78.0333,682.0,INM00042111,DEHRADUN,1015.8,sea_level_pressure
2023-12-14 00:00:00,7.6,100.0,1016.4,,28.5845,77.2058,214.9,INI0000VIDD,SAFDARJUNG,1016.4,sea_level_pressure
2023-12-14 00:00:00,12.4,72.0,1016.6,,26.2511,73.0489,218.5,INI0000VIJO,JODHPUR,1016.6,sea_level_pressure
2023-12-14 00:00:00,8.0,92.0,1015.8,943.0,30.3167,78.0333,682.0,INM00042111,DEHRADUN,1015.8,sea_level_pressure
2023-12-14 03:00:00,9.4,100.0,1018.6,,28.5845,77.2058,214.9,INI0000VIDD,SAFDARJUNG,1018.6,sea_level_pressure
2023-12-14 03:00:00,12.7,75.0,1018.2,,26.2511,73.0489,218.5,INI0000VIJO,JODHPUR,1018.2,sea_level_pressure
2023-12-14 03:00:00,8.0,87.0,1016.9,944.0,30.3167,78.0333,682.0,INM00042111,DEHRADUN,1016.9,sea_level_pressure
2023-12-14 06:00:00,20.2,44.0,1018.5,,28.5845,77.2058,214.9,INI0000VIDD,SAFDARJUNG,1018.5,sea_level_pressure
2023-12-14 06:00:00,23.2,44.0,1017.9,,26.2511,73.0489,218.5,INI0000VIJO,JODHPUR,1017.9,sea_level_pressure
2023-12-14 06:00:00,20.2,44.0,1014.5,944.9,30.3167,78.0333,682.0,INM00042111,DEHRADUN,1014.5,sea_level_pressure
2023-12-14 09:00:00,23.0,35.0,1016.0,,28.5845,77.2058,214.9,INI0000VIDD,SAFDARJUNG,1016.0,sea_level_pressure
2023-12-14 09:00:00,27.2,31.0,1014.6,,26.2511,73.0489,218.5,INI0000VIJO,JODHPUR,1014.6,sea_level_pressure
2023-12-14 09:00:00,23.0,42.0,1012.0,943.3,30.3167,78.0333,682.0,INM00042111,DEHRADUN,1012.0,sea_level_pressure
2023-12-14 12:00:00,21.0,51.0,1015.7,,28.5845,77.2058,214.9,INI0000VIDD,SAFDARJUNG,1015.7,sea_level_pressure
2023-12-14 12:00:00,24.5,42.0,1014.5,,26.2511,73.0489,218.5,INI0000VIJO,JODHPUR,1014.5,sea_level_pressure
2023-12-14 12:00:00,17.6,67.0,1013.8,943.6,30.3167,78.0333,682.0,INM00042111,DEHRADUN,1013.8,sea_level_pressure
2023-12-14 15:00:00,12.6,84.0,1018.1,,28.5845,77.2058,214.9,INI0000VIDD,SAFDARJUNG,1018.1,sea_level_pressure
2023-12-14 15:00:00,16.5,70.0,1016.5,,26.2511,73.0489,218.5,INI0000VIJO,JODHPUR,1016.5,sea_level_pressure
2023-12-14 15:00:00,11.8,86.0,1017.3,945.3,30.3167,78.0333,682.0,INM00042111,DEHRADUN,1017.3,sea_level_pressure
2023-12-14 18:00:00,9.7,93.0,1019.1,,28.5845,77.2058,214.9,INI0000VIDD,SAFDARJUNG,1019.1,sea_level_pressure
2023-12-14 18:00:00,15.2,63.0,1017.2,,26.2511,73.0489,218.5,INI0000VIJO,JODHPUR,1017.2,sea_level_pressure
2023-12-14 18:00:00,9.7,93.0,1018.1,945.6,30.3167,78.0333,682.0,INM00042111,DEHRADUN,1018.1,sea_level_pressure
2023-12-14 21:00:00,8.0,97.0,1018.2,,28.5845,77.2058,214.9,INI0000VIDD,SAFDARJUNG,1018.2,sea_level_pressure
2023-12-14 21:00:00,12.2,77.0,1017.1,,26.2511,73.0489,218.5,INI0000VIJO,JODHPUR,1017.1,sea_level_pressure
2023-12-14 21:00:00,8.6,95.0,1018.1,945.3,30.3167,78.0333,682.0,INM00042111,DEHRADUN,1018.1,sea_level_pressure
2023-12-15 00:00:00,7.0,97.0,1019.1,,28.5845,77.2058,214.9,INI0000VIDD,SAFDARJUNG,1019.1,sea_level_pressure
2023-12-15 00:00:00,11.6,81.0,1017.1,,26.2511,73.0489,218.5,INI0000VIJO,JODHPUR,1017.1,sea_level_pressure
2023-12-15 00:00:00,7.7,95.0,1018.2,945.2,30.3167,78.0333,682.0,INM00042111,DEHRADUN,1018.2,sea_level_pressure
2023-12-15 03:00:00,7.8,100.0,1021.1,,28.5845,77.2058,214.9,INI0000VIDD,SAFDARJUNG,1021.1,sea_level_pressure
2023-12-15 03:00:00,13.5,71.0,1019.2,,26.2511,73.0489,218.5,INI0000VIJO,JODHPUR,1019.2,sea_level_pressure
2023-12-15 03:00:00,9.6,90.0,1019.3,946.8,30.3167,78.0333,682.0,INM00042111,DEHRADUN,1019.3,sea_level_pressure
2023-12-15 06:00:00,21.0,48.0,1019.9,,28.5845,77.2058,214.9,INI0000VIDD,SAFDARJUNG,1019.9,sea_level_pressure
2023-12-15 06:00:00,24.5,44.0,1018.2,,26.2511,73.0489,218.5,INI0000VIJO,JODHPUR,1018.2,sea_level_pressure
2023-12-15 06:00:00,18.7,56.0,1019.0,948.6,30.3167,78.0333,682.0,INM00042111,DEHRADUN,1019.0,sea_level_pressure
2023-12-15 09:00:00,24.4,34.0,1016.7,,28.5845,77.2058,214.9,INI0000VIDD,SAFDARJUNG,1016.7,sea_level_pressure
2023-12-15 09:00:00,27.5,31.0,1015.0,,26.2511,73.0489,218.5,INI0000VIJO,JODHPUR,1015.0,sea_level_pressure
2023-12-15 09:00:00,22.8,45.0,1015.0,945.7,30.3167,78.0333,682.0,INM00042111,DEHRADUN,1015.0,sea_level_pressure
2023-12-15 12:00:00,19.7,63.0,1016.5,,28.5845,77.2058,214.9,INI0000VIDD,SAFDARJUNG,1016.5,sea_level_pressure
2023-12-15 12:00:00,24.7,43.0,1014.7,,26.2511,73.0489,218.5,INI0000VIJO,JODHPUR,1014.7,sea_level_pressure
2023-12-15 12:00:00,18.5,81.0,1014.7,944.6,30.3167,78.0333,682.0,INM00042111,DEHRADUN,1014.7,sea_level_pressure
2023-12-15 15:00:00,13.4,86.0,1018.3,,28.5845,77.2058,214.9,INI0000VIDD,SAFDARJUNG,1018.3,sea_level_pressure
2023-12-15 15:00:00,16.7,69.0,1016.8,,26.2511,73.0489,218.5,INI0000VIJO,JODHPUR,1016.8,sea_level_pressure
2023-12-15 15:00:00,12.6,82.0,1016.9,945.1,30.3167,78.0333,682.0,INM00042111,DEHRADUN,1016.9,sea_level_pressure
2023-12-15 18:00:00,10.0,97.0,1018.6,,28.5845,77.2058,214.9,INI0000VIDD,SAFDARJUNG,1018.6,sea_level_pressure
2023-12-15 18:00:00,14.2,72.0,1017.2,,26.2511,73.0489,218.5,INI0000VIJO,JODHPUR,1017.2,sea_level_pressure
2023-12-15 18:00:00,10.5,92.0,1017.7,945.4,30.3167,78.0333,682.0,INM00042111,DEHRADUN,1017.7,sea_level_pressure
2023-12-15 21:00:00,8.0,97.0,1018.8,,28.5845,77.2058,214.9,INI0000VIDD,SAFDARJUNG,1018.8,sea_level_pressure
2023-12-15 21:00:00,12.2,74.0,1016.8,,26.2511,73.0489,218.5,INI0000VIJO,JODHPUR,1016.8,sea_level_pressure
2023-12-15 21:00:00,9.5,94.0,1017.1,944.7,30.3167,78.0333,682.0,INM00042111,DEHRADUN,1017.1,sea_level_pressure
2023-12-16 00:00:00,7.5,99.0,1018.3,,28.5845,77.2058,214.9,INI0000VIDD,SAFDARJUNG,1018.3,sea_level_pressure
2023-12-16 00:00:00,11.7,77.0,1016.8,,26.2511,73.0489,218.5,INI0000VIJO,JODHPUR,1016.8,sea_level_pressure
2023-12-16 00:00:00,8.5,94.0,1017.0,944.3,30.3167,78.0333,682.0,INM00042111,DEHRADUN,1017.0,sea_level_pressure
2023-12-16 03:00:00,7.6,100.0,1018.3,,28.5845,77.2058,214.9,INI0000VIDD,SAFDARJUNG,1018.3,sea_level_pressure
2023-12-16 03:00:00,11.5,83.0,1018.4,,26.2511,73.0489,218.5,INI0000VIJO,JODHPUR,1018.4,sea_level_pressure
2023-12-16 03:00:00,9.0,92.0,1018.4,945.6,30.3167,78.0333,682.0,INM00042111,DEHRADUN,1018.4,sea_level_pressure
2023-12-16 06:00:00,20.4,56.0,1018.5,,28.5845,77.2058,214.9,INI0000VIDD,SAFDARJUNG,1018.5,sea_level_pressure
2023-12-16 06:00:00,24.6,44.0,1018.0,,26.2511,73.0489,218.5,INI0000VIJO,JODHPUR,1018.0,sea_level_pressure
2023-12-16 06:00:00,18.0,62.0,1016.6,946.1,30.3167,78.0333,682.0,INM00042111,DEHRADUN,1016.6,sea_level_pressure
2023-12-16 09:00:00,24.0,28.0,1015.0,,28.5845,77.2058,214.9,INI0000VIDD,SAFDARJUNG,1015.0,sea_level_pressure
2023-12-16 09:00:00,26.7,30.0,1014.4,,26.2511,73.0489,218.5,INI0000VIJO,JODHPUR,1014.4,sea_level_pressure
2023-12-16 09:00:00,21.6,46.0,1012.6,943.3,30.3167,78.0333,682.0,INM00042111,DEHRADUN,1012.6,sea_level_pressure
2023-12-16 12:00:00,19.2,58.0,1014.7,,28.5845,77.2058,214.9,INI0000VIDD,SAFDARJUNG,1014.7,sea_level_pressure
2023-12-16 12:00:00,24.5,40.0,1014.1,,26.2511,73.0489,218.5,INI0000VIJO,JODHPUR,1014.1,sea_level_pressure
2023-12-16 12:00:00,17.2,66.0,1012.7,942.5,30.3167,78.0333,682.0,INM00042111,DEHRADUN,1012.7,sea_level_pressure
2023-12-16 15:00:00,13.0,88.0,1015.9,,28.5845,77.2058,214.9,INI0000VIDD,SAFDARJUNG,1015.9,sea_level_pressure
2023-12-16 15:00:00,16.5,66.0,1016.1,,26.2511,73.0489,218.5,INI0000VIJO,JODHPUR,1016.1,sea_level_pressure
2023-12-16 15:00:00,12.4,87.0,1015.1,943.5,30.3167,78.0333,682.0,INM00042111,DEHRADUN,1015.1,sea_level_pressure
2023-12-16 18:00:00,11.0,97.0,1017.6,,28.5845,77.2058,214.9,INI0000VIDD,SAFDARJUNG,1017.6,sea_level_pressure
2023-12-16 18:00:00,14.2,76.0,1017.1,,26.2511,73.0489,218.5,INI0000VIJO,JODHPUR,1017.1,sea_level_pressure
2023-12-16 18:00:00,10.2,91.0,1016.1,944.0,30.3167,78.0333,682.0,INM00042111,DEHRADUN,1016.1,sea_level_pressure
2023-12-16 21:00:00,,,,,,,,INI0000VIDD,SAFDARJUNG,,sea_level_pressure
2023-12-16 21:00:00,12.5,71.0,1016.8,,26.2511,73.0489,218.5,INI0000VIJO,JODHPUR,1016.8,sea_level_pressure
2023-12-16 21:00:00,9.0,95.0,1016.9,944.2,30.3167,78.0333,682.0,INM00042111,DEHRADUN,1016.9,sea_level_pressure
2023-12-17 00:00:00,7.0,100.0,1017.7,,28.5845,77.2058,214.9,INI0000VIDD,SAFDARJUNG,1017.7,sea_level_pressure
2023-12-17 00:00:00,11.6,83.0,1016.9,,26.2511,73.0489,218.5,INI0000VIJO,JODHPUR,1016.9,sea_level_pressure
2023-12-17 00:00:00,8.0,97.0,1016.9,944.0,30.3167,78.0333,682.0,INM00042111,DEHRADUN,1016.9,sea_level_pressure
2023-12-17 03:00:00,8.6,100.0,1018.8,,28.5845,77.2058,214.9,INI0000VIDD,SAFDARJUNG,1018.8,sea_level_pressure
2023-12-17 03:00:00,13.0,73.0,1019.0,,26.2511,73.0489,218.5,INI0000VIJO,JODHPUR,1019.0,sea_level_pressure
2023-12-17 03:00:00,8.0,97.0,1019.5,946.4,30.3167,78.0333,682.0,INM00042111,DEHRADUN,1019.5,sea_level_pressure
2023-12-17 06:00:00,22.0,38.0,1018.7,,28.5845,77.2058,214.9,INI0000VIDD,SAFDARJUNG,1018.7,sea_level_pressure
2023-12-17 06:00:00,22.6,43.0,1018.7,,26.2511,73.0489,218.5,INI0000VIJO,JODHPUR,1018.7,sea_level_pressure
2023-12-17 06:00:00,18.7,50.0,1016.7,946.2,30.3167,78.0333,682.0,INM00042111,DEHRADUN,1016.7,sea_level_pressure
2023-12-17 09:00:00,24.0,36.0,1016.3,,28.5845,77.2058,214.9,INI0000VIDD,SAFDARJUNG,1016.3,sea_level_pressure
2023-12-17 09:00:00,27.0,29.0,1015.5,,26.2511,73.0489,218.5,INI0000VIJO,JODHPUR,1015.5,sea_level_pressure
2023-12-17 09:00:00,21.2,46.0,1013.9,944.6,30.3167,78.0333,682.0,INM00042111,DEHRADUN,1013.9,sea_level_pressure
2023-12-17 12:00:00,20.2,53.0,1016.6,,28.5845,77.2058,214.9,INI0000VIDD,SAFDARJUNG,1016.6,sea_level_pressure
2023-12-17 12:00:00,24.0,37.0,1015.7,,26.2511,73.0489,218.5,INI0000VIJO,JODHPUR,1015.7,sea_level_pressure
2023-12-17 12:00:00,17.7,50.0,1014.9,944.6,30.3167,78.0333,682.0,INM00042111,DEHRADUN,1014.9,sea_level_pressure
2023-12-17 15:00:00,13.0,85.0,1019.0,,28.5845,77.2058,214.9,INI0000VIDD,SAFDARJUNG,1019.0,sea_level_pressure
2023-12-17 15:00:00,16.6,57.0,1018.2,,26.2511,73.0489,218.5,INI0000VIJO,JODHPUR,1018.2,sea_level_pressure
2023-12-17 15:00:00,10.8,91.0,1018.2,945.9,30.3167,78.0333,682.0,INM00042111,DEHRADUN,1018.2,sea_level_pressure
2023-12-17 18:00:00,11.2,95.0,1020.2,,28.5845,77.2058,214.9,INI0000VIDD,SAFDARJUNG,1020.2,sea_level_pressure
2023-12-17 18:00:00,16.0,52.0,1019.0,,26.2511,73.0489,218.5,INI0000VIJO,JODHPUR,1019.0,sea_level_pressure
2023-12-17 18:00:00,8.5,94.0,1019.3,946.5,30.3167,78.0333,682.0,INM00042111,DEHRADUN,1019.3,sea_level_pressure
2023-12-17 21:00:00,8.4,100.0,1020.2,,28.5845,77.2058,214.9,INI0000VIDD,SAFDARJUNG,1020.2,sea_level_pressure
2023-12-17 21:00:00,14.7,57.0,1018.7,,26.2511,73.0489,218.5,INI0000VIJO,JODHPUR,1018.7,sea_level_pressure
2023-12-17 21:00:00,7.6,97.0,1019.6,946.5,30.3167,78.0333,682.0,INM00042111,DEHRADUN,1019.6,sea_level_pressure
2023-12-18 00:00:00,8.0,100.0,1020.4,,28.5845,77.2058,214.9,INI0000VIDD,SAFDARJUNG,1020.4,sea_level_pressure
2023-12-18 00:00:00,15.0,60.0,1019.9,,26.2511,73.0489,218.5,INI0000VIJO,JODHPUR,1019.9,sea_level_pressure
2023-12-18 00:00:00,6.7,98.0,1019.6,946.3,30.3167,78.0333,682.0,INM00042111,DEHRADUN,1019.6,sea_level_pressure
2023-12-18 03:00:00,11.2,90.0,1021.0,,28.5845,77.2058,214.9,INI0000VIDD,SAFDARJUNG,1021.0,sea_level_pressure
2023-12-18 03:00:00,15.0,62.0,1021.6,,26.2511,73.0489,218.5,INI0000VIJO,JODHPUR,1021.6,sea_level_pressure
2023-12-18 03:00:00,8.4,87.0,1020.2,947.4,30.3167,78.0333,682.0,INM00042111,DEHRADUN,1020.2,sea_level_pressure
2023-12-18 06:00:00,19.0,56.0,1020.9,,28.5845,77.2058,214.9,INI0000VIDD,SAFDARJUNG,1020.9,sea_level_pressure
2023-12-18 06:00:00,23.5,39.0,1021.3,995.9,26.2511,73.0489,218.5,INI0000VIJO,JODHPUR,1021.3,sea_level_pressure
2023-12-18 06:00:00,17.7,47.0,1018.0,947.5,30.3167,78.0333,682.0,INM00042111,DEHRADUN,1018.0,sea_level_pressure
2023-12-18 09:00:00,21.8,44.0,1018.3,,28.5845,77.2058,214.9,INI0000VIDD,SAFDARJUNG,1018.3,sea_level_pressure
2023-12-18 09:00:00,25.5,28.0,1018.3,,26.2511,73.0489,218.5,INI0000VIJO,JODHPUR,1018.3,sea_level_pressure
2023-12-18 09:00:00,22.4,34.0,1014.2,945.0,30.3167,78.0333,682.0,INM00042111,DEHRADUN,1014.2,sea_level_pressure
2023-12-18 12:00:00,18.2,59.0,1017.6,,28.5845,77.2058,214.9,INI0000VIDD,SAFDARJUNG,1017.6,sea_level_pressure
2023-12-18 12:00:00,23.5,33.0,1018.2,,26.2511,73.0489,218.5,INI0000VIJO,JODHPUR,1018.2,sea_level_pressure
2023-12-18 12:00:00,17.6,65.0,1014.3,944.0,30.3167,78.0333,682.0,INM00042111,DEHRADUN,1014.3,sea_level_pressure
2023-12-18 15:00:00,13.6,77.0,1020.0,,28.5845,77.2058,214.9,INI0000VIDD,SAFDARJUNG,1020.0,sea_level_pressure
2023-12-18 15:00:00,15.7,52.0,1020.7,,26.2511,73.0489,218.5,INI0000VIJO,JODHPUR,1020.7,sea_level_pressure
2023-12-18 15:00:00,11.4,86.0,1018.5,946.5,30.3167,78.0333,682.0,INM00042111,DEHRADUN,1018.5,sea_level_pressure
2023-12-18 18:00:00,13.7,78.0,1020.3,,28.5845,77.2058,214.9,INI0000VIDD,SAFDARJUNG,1020.3,sea_level_pressure
2023-12-18 18:00:00,16.7,45.0,1020.8,,26.2511,73.0489,218.5,INI0000VIJO,JODHPUR,1020.8,sea_level_pressure
2023-12-18 18:00:00,8.6,92.0,1018.7,945.9,30.3167,78.0333,682.0,INM00042111,DEHRADUN,1018.7,sea_level_pressure
2023-12-18 21:00:00,12.4,84.0,1020.0,,28.5845,77.2058,214.9,INI0000VIDD,SAFDARJUNG,1020.0,sea_level_pressure
2023-12-18 21:00:00,15.5,49.0,1020.8,,26.2511,73.0489,218.5,INI0000VIJO,JODHPUR,1020.8,sea_level_pressure
2023-12-18 21:00:00,7.8,95.0,1018.5,945.4,30.3167,78.0333,682.0,INM00042111,DEHRADUN,1018.5,sea_level_pressure
2023-12-19 00:00:00,10.2,90.0,1019.9,,28.5845,77.2058,214.9,INI0000VIDD,SAFDARJUNG,1019.9,sea_level_pressure
2023-12-19 00:00:00,11.2,66.0,1021.6,,26.2511,73.0489,218.5,INI0000VIJO,JODHPUR,1021.6,sea_level_pressure
2023-12-19 00:00:00,7.0,97.0,1019.0,945.7,30.3167,78.0333,682.0,INM00042111,DEHRADUN,1019.0,sea_level_pressure
2023-12-19 03:00:00,10.2,87.0,1021.8,,28.5845,77.2058,214.9,INI0000VIDD,SAFDARJUNG,1021.8,sea_level_pressure
2023-12-19 03:00:00,11.7,65.0,1023.1,,26.2511,73.0489,218.5,INI0000VIJO,JODHPUR,1023.1,sea_level_pressure
2023-12-19 03:00:00,8.0,87.0,1020.8,947.6,30.3167,78.0333,682.0,INM00042111,DEHRADUN,1020.8,sea_level_pressure
2023-12-19 06:00:00,19.2,45.0,1021.1,,28.5845,77.2058,214.9,INI0000VIDD,SAFDARJUNG,1021.1,sea_level_pressure
2023-12-19 06:00:00,20.2,45.0,1022.4,,26.2511,73.0489,218.5,INI0000VIJO,JODHPUR,1022.4,sea_level_pressure
2023-12-19 06:00:00,20.0,37.0,1017.7,947.7,30.3167,78.0333,682.0,INM00042111,DEHRADUN,1017.7,sea_level_pressure
2023-12-19 09:00:00,22.4,29.0,1018.0,,28.5845,77.2058,214.9,INI0000VIDD,SAFDARJUNG,1018.0,sea_level_pressure
2023-12-19 09:00:00,23.6,30.0,1019.1,,26.2511,73.0489,218.5,INI0000VIJO,JODHPUR,1019.1,sea_level_pressure
2023-12-19 09:00:00,22.8,36.0,1014.5,945.4,30.3167,78.0333,682.0,INM00042111,DEHRADUN,1014.5,sea_level_pressure
2023-12-19 12:00:00,18.6,47.0,1017.7,,28.5845,77.2058,214.9,INI0000VIDD,SAFDARJUNG,1017.7,sea_level_pressure
2023-12-19 12:00:00,21.6,43.0,1018.4,,26.2511,73.0489,218.5,INI0000VIJO,JODHPUR,1018.4,sea_level_pressure
2023-12-19 12:00:00,17.0,59.0,1015.4,945.1,30.3167,78.0333,682.0,INM00042111,DEHRADUN,1015.4,sea_level_pressure
2023-12-19 15:00:00,12.6,75.0,1020.2,,28.5845,77.2058,214.9,INI0000VIDD,SAFDARJUNG,1020.2,sea_level_pressure
2023-12-19 15:00:00,14.2,57.0,1020.6,,26.2511,73.0489,218.5,INI0000VIJO,JODHPUR,1020.6,sea_level_pressure
2023-12-19 15:00:00,10.8,86.0,1018.3,946.0,30.3167,78.0333,682.0,INM00042111,DEHRADUN,1018.3,sea_level_pressure
2023-12-19 18:00:00,9.5,94.0,1020.9,,28.5845,77.2058,214.9,INI0000VIDD,SAFDARJUNG,1020.9,sea_level_pressure
2023-12-19 18:00:00,15.0,53.0,1020.5,,26.2511,73.0489,218.5,INI0000VIJO,JODHPUR,1020.5,sea_level_pressure
2023-12-19 18:00:00,8.5,92.0,1018.8,946.0,30.3167,78.0333,682.0,INM00042111,DEHRADUN,1018.8,sea_level_pressure
2023-12-19 21:00:00,8.0,97.0,1020.9,,28.5845,77.2058,214.9,INI0000VIDD,SAFDARJUNG,1020.9,sea_level_pressure
2023-12-19 21:00:00,13.4,48.0,1020.2,,26.2511,73.0489,218.5,INI0000VIJO,JODHPUR,1020.2,sea_level_pressure
2023-12-19 21:00:00,8.2,92.0,1019.0,946.2,30.3167,78.0333,682.0,INM00042111,DEHRADUN,1019.0,sea_level_pressure
2023-12-20 00:00:00,7.6,97.0,1020.2,,28.5845,77.2058,214.9,INI0000VIDD,SAFDARJUNG,1020.2,sea_level_pressure
2023-12-20 00:00:00,13.2,50.0,1019.3,,26.2511,73.0489,218.5,INI0000VIJO,JODHPUR,1019.3,sea_level_pressure
2023-12-20 00:00:00,7.0,97.0,1018.7,945.5,30.3167,78.0333,682.0,INM00042111,DEHRADUN,1018.7,sea_level_pressure
2023-12-20 03:00:00,8.8,92.0,1022.3,,28.5845,77.2058,214.9,INI0000VIDD,SAFDARJUNG,1022.3,sea_level_pressure
2023-12-20 03:00:00,13.0,56.0,1021.2,,26.2511,73.0489,218.5,INI0000VIJO,JODHPUR,1021.2,sea_level_pressure
2023-12-20 03:00:00,7.8,95.0,1012.1,948.2,30.3167,78.0333,682.0,INM00042111,DEHRADUN,1012.1,sea_level_pressure
2023-12-20 06:00:00,18.6,49.0,1020.8,,28.5845,77.2058,214.9,INI0000VIDD,SAFDARJUNG,1020.8,sea_level_pressure
2023-12-20 06:00:00,18.7,43.0,1021.4,,26.2511,73.0489,218.5,INI0000VIJO,JODHPUR,1021.4,sea_level_pressure
2023-12-20 06:00:00,18.7,50.0,1018.3,947.9,30.3167,78.0333,682.0,INM00042111,DEHRADUN,1018.3,sea_level_pressure
2023-12-20 09:00:00,21.0,43.0,1017.8,,28.5845,77.2058,214.9,INI0000VIDD,SAFDARJUNG,1017.8,sea_level_pressure
2023-12-20 09:00:00,22.6,33.0,1018.1,,26.2511,73.0489,218.5,INI0000VIJO,JODHPUR,1018.1,sea_level_pressure
2023-12-20 09:00:00,20.6,48.0,1014.6,945.0,30.3167,78.0333,682.0,INM00042111,DEHRADUN,1014.6,sea_level_pressure
2023-12-20 12:00:00,18.5,64.0,1017.1,,28.5845,77.2058,214.9,INI0000VIDD,SAFDARJUNG,1017.1,sea_level_pressure
2023-12-20 12:00:00,21.4,47.0,1017.1,,26.2511,73.0489,218.5,INI0000VIJO,JODHPUR,1017.1,sea_level_pressure
2023-12-20 12:00:00,16.6,71.0,1015.6,945.0,30.3167,78.0333,682.0,INM00042111,DEHRADUN,1015.6,sea_level_pressure
2023-12-20 15:00:00,12.8,86.0,1018.7,,28.5845,77.2058,214.9,INI0000VIDD,SAFDARJUNG,1018.7,sea_level_pressure
2023-12-20 15:00:00,15.5,60.0,1019.3,,26.2511,73.0489,218.5,INI0000VIJO,JODHPUR,1019.3,sea_level_pressure
2023-12-20 15:00:00,10.8,91.0,1018.8,946.5,30.3167,78.0333,682.0,INM00042111,DEHRADUN,1018.8,sea_level_pressure
2023-12-20 18:00:00,10.5,97.0,1019.7,,28.5845,77.2058,214.9,INI0000VIDD,SAFDARJUNG,1019.7,sea_level_pressure
2023-12-20 18:00:00,14.2,55.0,1019.0,,26.2511,73.0489,218.5,INI0000VIJO,JODHPUR,1019.0,sea_level_pressure
2023-12-20 18:00:00,9.0,95.0,1019.6,946.7,30.3167,78.0333,682.0,INM00042111,DEHRADUN,1019.6,sea_level_pressure
2023-12-20 21:00:00,8.6,100.0,1019.0,,28.5845,77.2058,214.9,INI0000VIDD,SAFDARJUNG,1019.0,sea_level_pressure
2023-12-20 21:00:00,13.6,57.0,1018.4,,26.2511,73.0489,218.5,INI0000VIJO,JODHPUR,1018.4,sea_level_pressure
2023-12-20 21:00:00,8.4,95.0,1019.0,946.2,30.3167,78.0333,682.0,INM00042111,DEHRADUN,1019.0,sea_level_pressure
2023-12-21 00:00:00,7.7,100.0,1018.0,,28.5845,77.2058,214.9,INI0000VIDD,SAFDARJUNG,1018.0,sea_level_pressure
2023-12-21 00:00:00,13.0,56.0,1017.6,,26.2511,73.0489,218.5,INI0000VIJO,JODHPUR,1017.6,sea_level_pressure
2023-12-21 00:00:00,7.7,98.0,1018.2,945.2,30.3167,78.0333,682.0,INM00042111,DEHRADUN,1018.2,sea_level_pressure
2023-12-21 03:00:00,8.2,97.0,1019.5,,28.5845,77.2058,214.9,INI0000VIDD,SAFDARJUNG,1019.5,sea_level_pressure
2023-12-21 03:00:00,13.5,58.0,1019.2,,26.2511,73.0489,218.5,INI0000VIJO,JODHPUR,1019.2,sea_level_pressure
2023-12-21 03:00:00,8.4,87.0,1018.8,946.0,30.3167,78.0333,682.0,INM00042111,DEHRADUN,1018.8,sea_level_pressure
2023-12-21 06:00:00,18.7,60.0,1018.9,,28.5845,77.2058,214.9,INI0000VIDD,SAFDARJUNG,1018.9,sea_level_pressure
2023-12-21 06:00:00,22.7,38.0,1018.3,,26.2511,73.0489,218.5,INI0000VIJO,JODHPUR,1018.3,sea_level_pressure
2023-12-21 06:00:00,18.5,44.0,1016.5,946.3,30.3167,78.0333,682.0,INM00042111,DEHRADUN,1016.5,sea_level_pressure
2023-12-21 09:00:00,22.2,42.0,1015.4,,28.5845,77.2058,214.9,INI0000VIDD,SAFDARJUNG,1015.4,sea_level_pressure
2023-12-21 09:00:00,27.0,25.0,1014.9,,26.2511,73.0489,218.5,INI0000VIJO,JODHPUR,1014.9,sea_level_pressure
2023-12-21 09:00:00,24.0,39.0,1012.9,944.0,30.3167,78.0333,682.0,INM00042111,DEHRADUN,1012.9,sea_level_pressure
2023-12-21 12:00:00,19.5,61.0,1015.5,,28.5845,77.2058,214.9,INI0000VIDD,SAFDARJUNG,1015.5,sea_level_pressure
2023-12-21 12:00:00,,,,,,,,INI0000VIJO,JODHPUR,,sea_level_pressure
2023-12-21 12:00:00,18.0,72.0,1014.0,943.7,30.3167,78.0333,682.0,INM00042111,DEHRADUN,1014.0,sea_level_pressure
2023-12-21 15:00:00,12.2,88.0,1018.0,,28.5845,77.2058,214.9,INI0000VIDD,SAFDARJUNG,1018.0,sea_level_pressure
2023-12-21 15:00:00,15.0,55.0,1017.5,,26.2511,73.0489,218.5,INI0000VIJO,JODHPUR,1017.5,sea_level_pressure
2023-12-21 15:00:00,12.0,88.0,1016.6,944.7,30.3167,78.0333,682.0,INM00042111,DEHRADUN,1016.6,sea_level_pressure
2023-12-21 18:00:00,10.2,95.0,1018.4,,28.5845,77.2058,214.9,INI0000VIDD,SAFDARJUNG,1018.4,sea_level_pressure
2023-12-21 18:00:00,15.2,51.0,1017.5,,26.2511,73.0489,218.5,INI0000VIJO,JODHPUR,1017.5,sea_level_pressure
2023-12-21 18:00:00,10.2,92.0,1017.6,945.3,30.3167,78.0333,682.0,INM00042111,DEHRADUN,1017.6,sea_level_pressure
2023-12-21 21:00:00,8.8,100.0,1017.7,,28.5845,77.2058,214.9,INI0000VIDD,SAFDARJUNG,1017.7,sea_level_pressure
2023-12-21 21:00:00,13.2,56.0,1015.9,,26.2511,73.0489,218.5,INI0000VIJO,JODHPUR,1015.9,sea_level_pressure
2023-12-21 21:00:00,9.6,95.0,1018.7,946.2,30.3167,78.0333,682.0,INM00042111,DEHRADUN,1018.7,sea_level_pressure
2023-12-22 00:00:00,7.5,99.0,1018.0,,28.5845,77.2058,214.9,INI0000VIDD,SAFDARJUNG,1018.0,sea_level_pressure
2023-12-22 00:00:00,12.6,57.0,1016.0,,26.2511,73.0489,218.5,INI0000VIJO,JODHPUR,1016.0,sea_level_pressure
2023-12-22 00:00:00,8.5,94.0,1017.9,945.1,30.3167,78.0333,682.0,INM00042111,DEHRADUN,1017.9,sea_level_pressure
2023-12-22 03:00:00,8.2,92.0,1019.7,,28.5845,77.2058,214.9,INI0000VIDD,SAFDARJUNG,1019.7,sea_level_pressure
2023-12-22 03:00:00,15.5,51.0,1017.5,,26.2511,73.0489,218.5,INI0000VIJO,JODHPUR,1017.5,sea_level_pressure
2023-12-22 03:00:00,9.0,87.0,1019.5,946.7,30.3167,78.0333,682.0,INM00042111,DEHRADUN,1019.5,sea_level_pressure
2023-12-22 06:00:00,19.0,63.0,1018.3,,28.5845,77.2058,214.9,INI0000VIDD,SAFDARJUNG,1018.3,sea_level_pressure
2023-12-22 06:00:00,25.2,30.0,1016.6,,26.2511,73.0489,218.5,INI0000VIJO,JODHPUR,1016.6,sea_level_pressure
2023-12-22 06:00:00,19.0,49.0,1018.2,947.8,30.3167,78.0333,682.0,INM00042111,DEHRADUN,1018.2,sea_level_pressure
2023-12-22 09:00:00,22.4,47.0,1015.3,,28.5845,77.2058,214.9,INI0000VIDD,SAFDARJUNG,1015.3,sea_level_pressure
2023-12-22 09:00:00,28.5,24.0,1013.4,,26.2511,73.0489,218.5,INI0000VIJO,JODHPUR,1013.4,sea_level_pressure
2023-12-22 09:00:00,23.0,38.0,1013.2,944.1,30.3167,78.0333,682.0,INM00042111,DEHRADUN,1013.2,sea_level_pressure
2023-12-22 12:00:00,18.6,75.0,1015.7,,28.5845,77.2058,214.9,INI0000VIDD,SAFDARJUNG,1015.7,sea_level_pressure
2023-12-22 12:00:00,27.0,40.0,1013.1,,26.2511,73.0489,218.5,INI0000VIJO,JODHPUR,1013.1,sea_level_pressure
2023-12-22 12:00:00,18.5,69.0,1014.4,944.3,30.3167,78.0333,682.0,INM00042111,DEHRADUN,1014.4,sea_level_pressure
2023-12-22 15:00:00,13.4,93.0,1017.6,,28.5845,77.2058,214.9,INI0000VIDD,SAFDARJUNG,1017.6,sea_level_pressure
2023-12-22 15:00:00,19.7,51.0,1015.4,,26.2511,73.0489,218.5,INI0000VIJO,JODHPUR,1015.4,sea_level_pressure
2023-12-22 15:00:00,13.0,84.0,1016.7,945.0,30.3167,78.0333,682.0,INM00042111,DEHRADUN,1016.7,sea_level_pressure
2023-12-22 18:00:00,11.6,97.0,1018.3,,28.5845,77.2058,214.9,INI0000VIDD,SAFDARJUNG,1018.3,sea_level_pressure
2023-12-22 18:00:00,19.0,48.0,1015.8,,26.2511,73.0489,218.5,INI0000VIJO,JODHPUR,1015.8,sea_level_pressure
2023-12-22 18:00:00,11.0,88.0,1017.7,945.5,30.3167,78.0333,682.0,INM00042111,DEHRADUN,1017.7,sea_level_pressure
2023-12-22 21:00:00,11.7,98.0,1017.5,,28.5845,77.2058,214.9,INI0000VIDD,SAFDARJUNG,1017.5,sea_level_pressure
2023-12-22 21:00:00,18.2,54.0,1015.1,,26.2511,73.0489,218.5,INI0000VIJO,JODHPUR,1015.1,sea_level_pressure
2023-12-22 21:00:00,10.6,86.0,1018.5,946.2,30.3167,78.0333,682.0,INM00042111,DEHRADUN,1018.5,sea_level_pressure
2023-12-23 00:00:00,12.2,97.0,1017.1,,28.5845,77.2058,214.9,INI0000VIDD,SAFDARJUNG,1017.1,sea_level_pressure
2023-12-23 00:00:00,15.2,61.0,1015.6,,26.2511,73.0489,218.5,INI0000VIJO,JODHPUR,1015.6,sea_level_pressure
2023-12-23 00:00:00,10.7,91.0,1016.1,944.0,30.3167,78.0333,682.0,INM00042111,DEHRADUN,1016.1,sea_level_pressure
2023-12-23 03:00:00,11.2,97.0,1020.6,,28.5845,77.2058,214.9,INI0000VIDD,SAFDARJUNG,1020.6,sea_level_pressure
2023-12-23 03:00:00,15.0,64.0,1018.3,992.3,26.2511,73.0489,218.5,INI0000VIJO,JODHPUR,1018.3,sea_level_pressure
2023-12-23 03:00:00,11.0,86.0,1020.8,948.4,30.3167,78.0333,682.0,INM00042111,DEHRADUN,1020.8,sea_level_pressure
2023-12-23 06:00:00,19.6,64.0,1021.3,,28.5845,77.2058,214.9,INI0000VIDD,SAFDARJUNG,1021.3,sea_level_pressure
2023-12-23 06:00:00,24.2,42.0,1018.6,,26.2511,73.0489,218.5,INI0000VIJO,JODHPUR,1018.6,sea_level_pressure
2023-12-23 06:00:00,20.6,55.0,1020.0,950.0,30.3167,78.0333,682.0,INM00042111,DEHRADUN,1020.0,sea_level_pressure
2023-12-23 09:00:00,23.2,52.0,1018.7,,28.5845,77.2058,214.9,INI0000VIDD,SAFDARJUNG,1018.7,sea_level_pressure
2023-12-23 09:00:00,30.4,26.0,1015.2,,26.2511,73.0489,218.5,INI0000VIJO,JODHPUR,1015.2,sea_level_pressure
2023-12-23 09:00:00,24.4,39.0,1016.4,947.5,30.3167,78.0333,682.0,INM00042111,DEHRADUN,1016.4,sea_level_pressure
2023-12-23 12:00:00,20.5,69.0,1018.3,,28.5845,77.2058,214.9,INI0000VIDD,SAFDARJUNG,1018.3,sea_level_pressure
2023-12-23 12:00:00,25.2,45.0,1015.6,,26.2511,73.0489,218.5,INI0000VIJO,JODHPUR,1015.6,sea_level_pressure
2023-12-23 12:00:00,19.0,64.0,1017.7,947.3,30.3167,78.0333,682.0,INM00042111,DEHRADUN,1017.7,sea_level_pressure
2023-12-23 15:00:00,13.4,91.0,1020.6,,28.5845,77.2058,214.9,INI0000VIDD,SAFDARJUNG,1020.6,sea_level_pressure
2023-12-23 15:00:00,19.7,46.0,1017.9,,26.2511,73.0489,218.5,INI0000VIJO,JODHPUR,1017.9,sea_level_pressure
2023-12-23 15:00:00,12.5,88.0,1021.3,949.3,30.3167,78.0333,682.0,INM00042111,DEHRADUN,1021.3,sea_level_pressure
2023-12-23 18:00:00,11.5,94.0,1021.6,,28.5845,77.2058,214.9,INI0000VIDD,SAFDARJUNG,1021.6,sea_level_pressure
2023-12-23 18:00:00,18.7,45.0,1019.0,,26.2511,73.0489,218.5,INI0000VIJO,JODHPUR,1019.0,sea_level_pressure
2023-12-23 18:00:00,11.0,95.0,1022.0,949.5,30.3167,78.0333,682.0,INM00042111,DEHRADUN,1022.0,sea_level_pressure
2023-12-23 21:00:00,10.5,97.0,1021.6,,28.5845,77.2058,214.9,INI0000VIDD,SAFDARJUNG,1021.6,sea_level_pressure
2023-12-23 21:00:00,16.5,54.0,1019.4,,26.2511,73.0489,218.5,INI0000VIJO,JODHPUR,1019.4,sea_level_pressure
2023-12-23 21:00:00,9.8,95.0,1022.2,949.4,30.3167,78.0333,682.0,INM00042111,DEHRADUN,1022.2,sea_level_pressure
2023-12-24 00:00:00,9.5,97.0,1021.5,,28.5845,77.2058,214.9,INI0000VIDD,SAFDARJUNG,1021.5,sea_level_pressure
2023-12-24 00:00:00,15.0,66.0,1019.8,,26.2511,73.0489,218.5,INI0000VIJO,JODHPUR,1019.8,sea_level_pressure
2023-12-24 00:00:00,8.6,95.0,1021.7,948.7,30.3167,78.0333,682.0,INM00042111,DEHRADUN,1021.7,sea_level_pressure
2023-12-24 03:00:00,9.6,95.0,1023.1,,28.5845,77.2058,214.9,INI0000VIDD,SAFDARJUNG,1023.1,sea_level_pressure
2023-12-24 03:00:00,13.7,76.0,1021.5,,26.2511,73.0489,218.5,INI0000VIJO,JODHPUR,1021.5,sea_level_pressure
2023-12-24 03:00:00,10.2,85.0,1022.8,950.2,30.3167,78.0333,682.0,INM00042111,DEHRADUN,1022.8,sea_level_pressure
2023-12-24 06:00:00,21.0,62.0,1022.4,,28.5845,77.2058,214.9,INI0000VIDD,SAFDARJUNG,1022.4,sea_level_pressure
2023-12-24 06:00:00,22.2,54.0,1021.4,,26.2511,73.0489,218.5,INI0000VIJO,JODHPUR,1021.4,sea_level_pressure
2023-12-24 06:00:00,20.0,49.0,1020.6,950.3,30.3167,78.0333,682.0,INM00042111,DEHRADUN,1020.6,sea_level_pressure
2023-12-24 09:00:00,24.2,53.0,1019.0,,28.5845,77.2058,214.9,INI0000VIDD,SAFDARJUNG,1019.0,sea_level_pressure
2023-12-24 09:00:00,27.5,32.0,1017.5,,26.2511,73.0489,218.5,INI0000VIJO,JODHPUR,1017.5,sea_level_pressure
2023-12-24 09:00:00,24.2,36.0,1017.1,948.2,30.3167,78.0333,682.0,INM00042111,DEHRADUN,1017.1,sea_level_pressure
2023-12-24 12:00:00,20.2,73.0,1019.1,,28.5845,77.2058,214.9,INI0000VIDD,SAFDARJUNG,1019.1,sea_level_pressure
2023-12-24 12:00:00,26.0,43.0,1016.9,,26.2511,73.0489,218.5,INI0000VIJO,JODHPUR,1016.9,sea_level_pressure
2023-12-24 12:00:00,19.0,58.0,1017.6,947.3,30.3167,78.0333,682.0,INM00042111,DEHRADUN,1017.6,sea_level_pressure
2023-12-24 15:00:00,14.2,97.0,1020.7,,28.5845,77.2058,214.9,INI0000VIDD,SAFDARJUNG,1020.7,sea_level_pressure
2023-12-24 15:00:00,19.5,48.0,1019.2,,26.2511,73.0489,218.5,INI0000VIJO,JODHPUR,1019.2,sea_level_pressure
2023-12-24 15:00:00,12.6,87.0,1019.0,948.1,30.3167,78.0333,682.0,INM00042111,DEHRADUN,1019.0,sea_level_pressure
2023-12-24 18:00:00,12.0,100.0,1021.1,,28.5845,77.2058,214.9,INI0000VIDD,SAFDARJUNG,1021.1,sea_level_pressure
2023-12-24 18:00:00,17.5,57.0,1019.8,,26.2511,73.0489,218.5,INI0000VIJO,JODHPUR,1019.8,sea_level_pressure
2023-12-24 18:00:00,10.2,92.0,1020.0,947.6,30.3167,78.0333,682.0,INM00042111,DEHRADUN,1020.0,sea_level_pressure
2023-12-24 21:00:00,,,,,,,,INI0000VIDD,SAFDARJUNG,,sea_level_pressure
2023-12-24 21:00:00,,,,,,,,INI0000VIJO,JODHPUR,,sea_level_pressure
2023-12-24 21:00:00,,,,,,,,INM00042111,DEHRADUN,,sea_level_pressure
2023-12-25 00:00:00,,,,,,,,INI0000VIDD,SAFDARJUNG,,sea_level_pressure
2023-12-25 00:00:00,,,,,,,,INI0000VIJO,JODHPUR,,sea_level_pressure
2023-12-25 00:00:00,,,,,,,,INM00042111,DEHRADUN,,sea_level_pressure
2023-12-25 03:00:00,,,,,,,,INI0000VIDD,SAFDARJUNG,,sea_level_pressure
2023-12-25 03:00:00,,,,,,,,INI0000VIJO,JODHPUR,,sea_level_pressure
2023-12-25 03:00:00,,,,,,,,INM00042111,DEHRADUN,,sea_level_pressure
2023-12-25 06:00:00,,,,,,,,INI0000VIDD,SAFDARJUNG,,sea_level_pressure
2023-12-25 06:00:00,,,,,,,,INI0000VIJO,JODHPUR,,sea_level_pressure
2023-12-25 06:00:00,,,,,,,,INM00042111,DEHRADUN,,sea_level_pressure
2023-12-25 09:00:00,,,,,,,,INI0000VIDD,SAFDARJUNG,,sea_level_pressure
2023-12-25 09:00:00,,,,,,,,INI0000VIJO,JODHPUR,,sea_level_pressure
2023-12-25 09:00:00,,,,,,,,INM00042111,DEHRADUN,,sea_level_pressure
2023-12-25 12:00:00,,,,,,,,INI0000VIDD,SAFDARJUNG,,sea_level_pressure
2023-12-25 12:00:00,,,,,,,,INI0000VIJO,JODHPUR,,sea_level_pressure
2023-12-25 12:00:00,,,,,,,,INM00042111,DEHRADUN,,sea_level_pressure
2023-12-25 15:00:00,,,,,,,,INI0000VIDD,SAFDARJUNG,,sea_level_pressure
2023-12-25 15:00:00,,,,,,,,INI0000VIJO,JODHPUR,,sea_level_pressure
2023-12-25 15:00:00,,,,,,,,INM00042111,DEHRADUN,,sea_level_pressure
2023-12-25 18:00:00,,,,,,,,INI0000VIDD,SAFDARJUNG,,sea_level_pressure
2023-12-25 18:00:00,,,,,,,,INI0000VIJO,JODHPUR,,sea_level_pressure
2023-12-25 18:00:00,,,,,,,,INM00042111,DEHRADUN,,sea_level_pressure
2023-12-25 21:00:00,,,,,,,,INI0000VIDD,SAFDARJUNG,,sea_level_pressure
2023-12-25 21:00:00,,,,,,,,INI0000VIJO,JODHPUR,,sea_level_pressure
2023-12-25 21:00:00,,,,,,,,INM00042111,DEHRADUN,,sea_level_pressure
2023-12-26 00:00:00,,,,,,,,INI0000VIDD,SAFDARJUNG,,sea_level_pressure
2023-12-26 00:00:00,,,,,,,,INI0000VIJO,JODHPUR,,sea_level_pressure
2023-12-26 00:00:00,,,,,,,,INM00042111,DEHRADUN,,sea_level_pressure
2023-12-26 03:00:00,,,,,,,,INI0000VIDD,SAFDARJUNG,,sea_level_pressure
2023-12-26 03:00:00,,,,,,,,INI0000VIJO,JODHPUR,,sea_level_pressure
2023-12-26 03:00:00,,,,,,,,INM00042111,DEHRADUN,,sea_level_pressure
2023-12-26 06:00:00,,,,,,,,INI0000VIDD,SAFDARJUNG,,sea_level_pressure
2023-12-26 06:00:00,,,,,,,,INI0000VIJO,JODHPUR,,sea_level_pressure
2023-12-26 06:00:00,,,,,,,,INM00042111,DEHRADUN,,sea_level_pressure
2023-12-26 09:00:00,,,,,,,,INI0000VIDD,SAFDARJUNG,,sea_level_pressure
2023-12-26 09:00:00,,,,,,,,INI0000VIJO,JODHPUR,,sea_level_pressure
2023-12-26 09:00:00,,,,,,,,INM00042111,DEHRADUN,,sea_level_pressure
2023-12-26 12:00:00,18.7,60.0,1017.6,,28.5845,77.2058,214.9,INI0000VIDD,SAFDARJUNG,1017.6,sea_level_pressure
2023-12-26 12:00:00,25.0,51.0,1015.7,,26.2511,73.0489,218.5,INI0000VIJO,JODHPUR,1015.7,sea_level_pressure
2023-12-26 12:00:00,19.5,69.0,1015.9,945.9,30.3167,78.0333,682.0,INM00042111,DEHRADUN,1015.9,sea_level_pressure
2023-12-26 15:00:00,,,,,,,,INI0000VIDD,SAFDARJUNG,,sea_level_pressure
2023-12-26 15:00:00,17.5,74.0,1017.5,,26.2511,73.0489,218.5,INI0000VIJO,JODHPUR,1017.5,sea_level_pressure
2023-12-26 15:00:00,,,,,,,,INM00042111,DEHRADUN,,sea_level_pressure
2023-12-26 18:00:00,10.7,95.0,1020.3,,28.5845,77.2058,214.9,INI0000VIDD,SAFDARJUNG,1020.3,sea_level_pressure
2023-12-26 18:00:00,15.7,71.0,1018.3,,26.2511,73.0489,218.5,INI0000VIJO,JODHPUR,1018.3,sea_level_pressure
2023-12-26 18:00:00,12.0,96.0,1020.1,947.9,30.3167,78.0333,682.0,INM00042111,DEHRADUN,1020.1,sea_level_pressure
2023-12-26 21:00:00,9.5,97.0,1020.1,,28.5845,77.2058,214.9,INI0000VIDD,SAFDARJUNG,1020.1,sea_level_pressure
2023-12-26 21:00:00,14.2,76.0,1017.6,,26.2511,73.0489,218.5,INI0000VIJO,JODHPUR,1017.6,sea_level_pressure
2023-12-26 21:00:00,10.4,95.0,1019.7,947.3,30.3167,78.0333,682.0,INM00042111,DEHRADUN,1019.7,sea_level_pressure
2023-12-27 00:00:00,11.0,100.0,1019.9,,28.5845,77.2058,214.9,INI0000VIDD,SAFDARJUNG,1019.9,sea_level_pressure
2023-12-27 00:00:00,14.7,77.0,1017.9,,26.2511,73.0489,218.5,INI0000VIJO,JODHPUR,1017.9,sea_level_pressure
2023-12-27 00:00:00,9.7,98.0,1019.9,947.3,30.3167,78.0333,682.0,INM00042111,DEHRADUN,1019.9,sea_level_pressure
2023-12-27 03:00:00,11.8,100.0,1022.3,,28.5845,77.2058,214.9,INI0000VIDD,SAFDARJUNG,1022.3,sea_level_pressure
2023-12-27 03:00:00,14.2,80.0,1020.7,,26.2511,73.0489,218.5,INI0000VIJO,JODHPUR,1020.7,sea_level_pressure
2023-12-27 03:00:00,11.2,88.0,1021.7,949.4,30.3167,78.0333,682.0,INM00042111,DEHRADUN,1021.7,sea_level_pressure
2023-12-27 06:00:00,14.0,93.0,1022.5,,28.5845,77.2058,214.9,INI0000VIDD,SAFDARJUNG,1022.5,sea_level_pressure
2023-12-27 06:00:00,22.0,55.0,1021.3,,26.2511,73.0489,218.5,INI0000VIJO,JODHPUR,1021.3,sea_level_pressure
2023-12-27 06:00:00,20.0,57.0,1020.5,950.2,30.3167,78.0333,682.0,INM00042111,DEHRADUN,1020.5,sea_level_pressure
2023-12-27 09:00:00,20.8,63.0,1019.1,,28.5845,77.2058,214.9,INI0000VIDD,SAFDARJUNG,1019.1,sea_level_pressure
2023-12-27 09:00:00,27.2,41.0,1017.0,992.1,26.2511,73.0489,218.5,INI0000VIJO,JODHPUR,1017.0,sea_level_pressure
2023-12-27 09:00:00,24.4,46.0,1016.2,947.4,30.3167,78.0333,682.0,INM00042111,DEHRADUN,1016.2,sea_level_pressure
2023-12-27 12:00:00,16.5,81.0,1018.8,,28.5845,77.2058,214.9,INI0000VIDD,SAFDARJUNG,1018.8,sea_level_pressure
2023-12-27 12:00:00,25.0,55.0,1016.5,,26.2511,73.0489,218.5,INI0000VIJO,JODHPUR,1016.5,sea_level_pressure
2023-12-27 12:00:00,20.0,69.0,1016.4,946.7,30.3167,78.0333,682.0,INM00042111,DEHRADUN,1016.4,sea_level_pressure
2023-12-27 15:00:00,12.8,97.0,1020.4,,28.5845,77.2058,214.9,INI0000VIDD,SAFDARJUNG,1020.4,sea_level_pressure
2023-12-27 15:00:00,20.6,54.0,1018.4,,26.2511,73.0489,218.5,INI0000VIJO,JODHPUR,1018.4,sea_level_pressure
2023-12-27 15:00:00,13.8,87.0,1019.0,947.4,30.3167,78.0333,682.0,INM00042111,DEHRADUN,1019.0,sea_level_pressure
2023-12-27 18:00:00,10.2,97.0,1020.4,,28.5845,77.2058,214.9,INI0000VIDD,SAFDARJUNG,1020.4,sea_level_pressure
2023-12-27 18:00:00,18.5,50.0,1019.0,,26.2511,73.0489,218.5,INI0000VIJO,JODHPUR,1019.0,sea_level_pressure
2023-12-27 18:00:00,12.0,96.0,1019.0,947.0,30.3167,78.0333,682.0,INM00042111,DEHRADUN,1019.0,sea_level_pressure
2023-12-27 21:00:00,9.0,100.0,1019.5,,28.5845,77.2058,214.9,INI0000VIDD,SAFDARJUNG,1019.5,sea_level_pressure
2023-12-27 21:00:00,16.0,52.0,1018.2,,26.2511,73.0489,218.5,INI0000VIJO,JODHPUR,1018.2,sea_level_pressure
2023-12-27 21:00:00,10.0,97.0,1018.6,946.1,30.3167,78.0333,682.0,INM00042111,DEHRADUN,1018.6,sea_level_pressure
2023-12-28 00:00:00,8.6,100.0,1018.9,,28.5845,77.2058,214.9,INI0000VIDD,SAFDARJUNG,1018.9,sea_level_pressure
2023-12-28 00:00:00,15.0,59.0,1018.0,,26.2511,73.0489,218.5,INI0000VIJO,JODHPUR,1018.0,sea_level_pressure
2023-12-28 00:00:00,9.7,98.0,1017.9,945.4,30.3167,78.0333,682.0,INM00042111,DEHRADUN,1017.9,sea_level_pressure
2023-12-28 03:00:00,11.6,95.0,1020.4,,28.5845,77.2058,214.9,INI0000VIDD,SAFDARJUNG,1020.4,sea_level_pressure
2023-12-28 03:00:00,13.6,71.0,1019.9,,26.2511,73.0489,218.5,INI0000VIJO,JODHPUR,1019.9,sea_level_pressure
2023-12-28 03:00:00,9.8,92.0,1019.0,946.5,30.3167,78.0333,682.0,INM00042111,DEHRADUN,1019.0,sea_level_pressure
2023-12-28 06:00:00,14.6,80.0,1020.7,,28.5845,77.2058,214.9,INI0000VIDD,SAFDARJUNG,1020.7,sea_level_pressure
2023-12-28 06:00:00,22.5,39.0,1019.1,,26.2511,73.0489,218.5,INI0000VIJO,JODHPUR,1019.1,sea_level_pressure
2023-12-28 06:00:00,19.6,57.0,1017.2,947.2,30.3167,78.0333,682.0,INM00042111,DEHRADUN,1017.2,sea_level_pressure
2023-12-28 09:00:00,20.6,58.0,1017.5,,28.5845,77.2058,214.9,INI0000VIDD,SAFDARJUNG,1017.5,sea_level_pressure
2023-12-28 09:00:00,27.2,23.0,1015.4,,26.2511,73.0489,218.5,INI0000VIJO,JODHPUR,1015.4,sea_level_pressure
2023-12-28 09:00:00,22.2,53.0,1014.1,945.0,30.3167,78.0333,682.0,INM00042111,DEHRADUN,1014.1,sea_level_pressure
2023-12-28 12:00:00,16.7,82.0,1017.7,,28.5845,77.2058,214.9,INI0000VIDD,SAFDARJUNG,1017.7,sea_level_pressure
2023-12-28 12:00:00,25.2,34.0,1015.0,,26.2511,73.0489,218.5,INI0000VIJO,JODHPUR,1015.0,sea_level_pressure
2023-12-28 12:00:00,18.5,74.0,1016.1,945.9,30.3167,78.0333,682.0,INM00042111,DEHRADUN,1016.1,sea_level_pressure
2023-12-28 15:00:00,12.6,96.0,1019.9,,28.5845,77.2058,214.9,INI0000VIDD,SAFDARJUNG,1019.9,sea_level_pressure
2023-12-28 15:00:00,16.5,51.0,1016.8,,26.2511,73.0489,218.5,INI0000VIJO,JODHPUR,1016.8,sea_level_pressure
2023-12-28 15:00:00,14.2,83.0,1017.2,946.0,30.3167,78.0333,682.0,INM00042111,DEHRADUN,1017.2,sea_level_pressure
2023-12-28 18:00:00,13.5,97.0,1020.6,,28.5845,77.2058,214.9,INI0000VIDD,SAFDARJUNG,1020.6,sea_level_pressure
2023-12-28 18:00:00,15.7,49.0,1017.7,,26.2511,73.0489,218.5,INI0000VIJO,JODHPUR,1017.7,sea_level_pressure
2023-12-28 18:00:00,12.5,88.0,1018.8,947.0,30.3167,78.0333,682.0,INM00042111,DEHRADUN,1018.8,sea_level_pressure
2023-12-28 21:00:00,12.4,100.0,1020.0,,28.5845,77.2058,214.9,INI0000VIDD,SAFDARJUNG,1020.0,sea_level_pressure
2023-12-28 21:00:00,15.6,52.0,1017.0,,26.2511,73.0489,218.5,INI0000VIJO,JODHPUR,1017.0,sea_level_pressure
2023-12-28 21:00:00,,,,,,,,INM00042111,DEHRADUN,,sea_level_pressure
2023-12-29 00:00:00,12.6,100.0,1020.2,,28.5845,77.2058,214.9,INI0000VIDD,SAFDARJUNG,1020.2,sea_level_pressure
2023-12-29 00:00:00,13.5,66.0,1017.0,,26.2511,73.0489,218.5,INI0000VIJO,JODHPUR,1017.0,sea_level_pressure
2023-12-29 00:00:00,9.7,95.0,1018.5,946.0,30.3167,78.0333,682.0,INM00042111,DEHRADUN,1018.5,sea_level_pressure
2023-12-29 03:00:00,13.0,96.0,1021.6,,28.5845,77.2058,214.9,INI0000VIDD,SAFDARJUNG,1021.6,sea_level_pressure
2023-12-29 03:00:00,14.0,74.0,1019.3,,26.2511,73.0489,218.5,INI0000VIJO,JODHPUR,1019.3,sea_level_pressure
2023-12-29 03:00:00,10.0,97.0,1020.8,948.4,30.3167,78.0333,682.0,INM00042111,DEHRADUN,1020.8,sea_level_pressure
2023-12-29 06:00:00,15.0,89.0,1022.9,,28.5845,77.2058,214.9,INI0000VIDD,SAFDARJUNG,1022.9,sea_level_pressure
2023-12-29 06:00:00,21.7,52.0,1018.7,,26.2511,73.0489,218.5,INI0000VIJO,JODHPUR,1018.7,sea_level_pressure
2023-12-29 06:00:00,19.7,58.0,1018.8,948.7,30.3167,78.0333,682.0,INM00042111,DEHRADUN,1018.8,sea_level_pressure
2023-12-29 09:00:00,18.8,73.0,1018.6,,28.5845,77.2058,214.9,INI0000VIDD,SAFDARJUNG,1018.6,sea_level_pressure
2023-12-29 09:00:00,26.5,42.0,1014.8,,26.2511,73.0489,218.5,INI0000VIJO,JODHPUR,1014.8,sea_level_pressure
2023-12-29 09:00:00,24.0,45.0,1014.9,945.9,30.3167,78.0333,682.0,INM00042111,DEHRADUN,1014.9,sea_level_pressure
2023-12-29 12:00:00,16.6,84.0,1018.6,,28.5845,77.2058,214.9,INI0000VIDD,SAFDARJUNG,1018.6,sea_level_pressure
2023-12-29 12:00:00,25.2,50.0,1014.3,,26.2511,73.0489,218.5,INI0000VIJO,JODHPUR,1014.3,sea_level_pressure
2023-12-29 12:00:00,19.7,67.0,1015.1,945.1,30.3167,78.0333,682.0,INM00042111,DEHRADUN,1015.1,sea_level_pressure
2023-12-29 15:00:00,13.8,94.0,1019.9,,28.5845,77.2058,214.9,INI0000VIDD,SAFDARJUNG,1019.9,sea_level_pressure
2023-12-29 15:00:00,20.0,53.0,1016.3,,26.2511,73.0489,218.5,INI0000VIJO,JODHPUR,1016.3,sea_level_pressure
2023-12-29 15:00:00,13.2,91.0,1018.8,947.2,30.3167,78.0333,682.0,INM00042111,DEHRADUN,1018.8,sea_level_pressure
2023-12-29 18:00:00,13.7,96.0,1019.9,,28.5845,77.2058,214.9,INI0000VIDD,SAFDARJUNG,1019.9,sea_level_pressure
2023-12-29 18:00:00,16.6,68.0,1017.0,,26.2511,73.0489,218.5,INI0000VIJO,JODHPUR,1017.0,sea_level_pressure
2023-12-29 18:00:00,11.5,95.0,1018.9,946.8,30.3167,78.0333,682.0,INM00042111,DEHRADUN,1018.9,sea_level_pressure
2023-12-29 21:00:00,12.6,97.0,1019.3,,28.5845,77.2058,214.9,INI0000VIDD,SAFDARJUNG,1019.3,sea_level_pressure
2023-12-29 21:00:00,14.7,77.0,1016.3,,26.2511,73.0489,218.5,INI0000VIJO,JODHPUR,1016.3,sea_level_pressure
2023-12-29 21:00:00,10.8,95.0,1018.4,946.1,30.3167,78.0333,682.0,INM00042111,DEHRADUN,1018.4,sea_level_pressure
2023-12-30 00:00:00,13.2,93.0,1019.2,,28.5845,77.2058,214.9,INI0000VIDD,SAFDARJUNG,1019.2,sea_level_pressure
2023-12-30 00:00:00,15.0,70.0,1015.8,,26.2511,73.0489,218.5,INI0000VIJO,JODHPUR,1015.8,sea_level_pressure
2023-12-30 00:00:00,9.7,98.0,1017.9,945.4,30.3167,78.0333,682.0,INM00042111,DEHRADUN,1017.9,sea_level_pressure
2023-12-30 03:00:00,13.4,88.0,1020.0,,28.5845,77.2058,214.9,INI0000VIDD,SAFDARJUNG,1020.0,sea_level_pressure
2023-12-30 03:00:00,14.2,76.0,1017.7,,26.2511,73.0489,218.5,INI0000VIJO,JODHPUR,1017.7,sea_level_pressure
2023-12-30 03:00:00,10.4,95.0,1019.0,946.7,30.3167,78.0333,682.0,INM00042111,DEHRADUN,1019.0,sea_level_pressure
2023-12-30 06:00:00,15.7,90.0,1020.6,,28.5845,77.2058,214.9,INI0000VIDD,SAFDARJUNG,1020.6,sea_level_pressure
2023-12-30 06:00:00,20.0,59.0,1018.0,,26.2511,73.0489,218.5,INI0000VIJO,JODHPUR,1018.0,sea_level_pressure
2023-12-30 06:00:00,19.5,58.0,1016.8,946.8,30.3167,78.0333,682.0,INM00042111,DEHRADUN,1016.8,sea_level_pressure
2023-12-30 09:00:00,19.6,67.0,1017.4,,28.5845,77.2058,214.9,INI0000VIDD,SAFDARJUNG,1017.4,sea_level_pressure
2023-12-30 09:00:00,25.2,49.0,1014.2,,26.2511,73.0489,218.5,INI0000VIJO,JODHPUR,1014.2,sea_level_pressure
2023-12-30 09:00:00,23.0,48.0,1014.4,945.1,30.3167,78.0333,682.0,INM00042111,DEHRADUN,1014.4,sea_level_pressure
2023-12-30 12:00:00,16.0,87.0,1017.2,,28.5845,77.2058,214.9,INI0000VIDD,SAFDARJUNG,1017.2,sea_level_pressure
2023-12-30 12:00:00,23.7,56.0,1013.7,,26.2511,73.0489,218.5,INI0000VIJO,JODHPUR,1013.7,sea_level_pressure
2023-12-30 12:00:00,16.5,76.0,1015.3,944.7,30.3167,78.0333,682.0,INM00042111,DEHRADUN,1015.3,sea_level_pressure
2023-12-30 15:00:00,14.4,91.0,1018.3,,28.5845,77.2058,214.9,INI0000VIDD,SAFDARJUNG,1018.3,sea_level_pressure
2023-12-30 15:00:00,20.5,58.0,1015.2,,26.2511,73.0489,218.5,INI0000VIJO,JODHPUR,1015.2,sea_level_pressure
2023-12-30 15:00:00,12.6,87.0,1016.7,945.0,30.3167,78.0333,682.0,INM00042111,DEHRADUN,1016.7,sea_level_pressure
2023-12-30 18:00:00,13.7,91.0,1018.4,,28.5845,77.2058,214.9,INI0000VIDD,SAFDARJUNG,1018.4,sea_level_pressure
2023-12-30 18:00:00,17.2,63.0,1016.1,,26.2511,73.0489,218.5,INI0000VIJO,JODHPUR,1016.1,sea_level_pressure
2023-12-30 18:00:00,10.7,95.0,1017.4,945.2,30.3167,78.0333,682.0,INM00042111,DEHRADUN,1017.4,sea_level_pressure
2023-12-30 21:00:00,13.2,91.0,1018.4,,28.5845,77.2058,214.9,INI0000VIDD,SAFDARJUNG,1018.4,sea_level_pressure
2023-12-30 21:00:00,15.0,70.0,1015.9,,26.2511,73.0489,218.5,INI0000VIJO,JODHPUR,1015.9,sea_level_pressure
2023-12-30 21:00:00,10.0,100.0,1017.3,944.9,30.3167,78.0333,682.0,INM00042111,DEHRADUN,1017.3,sea_level_pressure
2023-12-31 00:00:00,13.0,91.0,1018.5,,28.5845,77.2058,214.9,INI0000VIDD,SAFDARJUNG,1018.5,sea_level_pressure
2023-12-31 00:00:00,14.5,67.0,1015.7,,26.2511,73.0489,218.5,INI0000VIJO,JODHPUR,1015.7,sea_level_pressure
2023-12-31 00:00:00,8.6,100.0,1017.4,944.7,30.3167,78.0333,682.0,INM00042111,DEHRADUN,1017.4,sea_level_pressure
2023-12-31 03:00:00,12.8,91.0,1020.2,,28.5845,77.2058,214.9,INI0000VIDD,SAFDARJUNG,1020.2,sea_level_pressure
2023-12-31 03:00:00,13.6,71.0,1017.8,,26.2511,73.0489,218.5,INI0000VIJO,JODHPUR,1017.8,sea_level_pressure
2023-12-31 03:00:00,8.6,100.0,1019.5,946.7,30.3167,78.0333,682.0,INM00042111,DEHRADUN,1019.5,sea_level_pressure
2023-12-31 06:00:00,14.2,82.0,1020.7,,28.5845,77.2058,214.9,INI0000VIDD,SAFDARJUNG,1020.7,sea_level_pressure
2023-12-31 06:00:00,20.6,52.0,1017.9,,26.2511,73.0489,218.5,INI0000VIJO,JODHPUR,1017.9,sea_level_pressure
2023-12-31 06:00:00,15.5,69.0,1017.9,946.9,30.3167,78.0333,682.0,INM00042111,DEHRADUN,1017.9,sea_level_pressure
2023-12-31 09:00:00,15.2,79.0,1018.3,,28.5845,77.2058,214.9,INI0000VIDD,SAFDARJUNG,1018.3,sea_level_pressure
2023-12-31 09:00:00,25.5,41.0,1014.2,,26.2511,73.0489,218.5,INI0000VIJO,JODHPUR,1014.2,sea_level_pressure
2023-12-31 09:00:00,21.0,60.0,1014.2,944.6,30.3167,78.0333,682.0,INM00042111,DEHRADUN,1014.2,sea_level_pressure
2023-12-31 12:00:00,13.7,85.0,1017.3,,28.5845,77.2058,214.9,INI0000VIDD,SAFDARJUNG,1017.3,sea_level_pressure
2023-12-31 12:00:00,23.6,44.0,1013.7,,26.2511,73.0489,218.5,INI0000VIJO,JODHPUR,1013.7,sea_level_pressure
2023-12-31 12:00:00,14.5,81.0,1015.4,944.3,30.3167,78.0333,682.0,INM00042111,DEHRADUN,1015.4,sea_level_pressure
2023-12-31 15:00:00,12.0,93.0,1019.1,,28.5845,77.2058,214.9,INI0000VIDD,SAFDARJUNG,1019.1,sea_level_pressure
2023-12-31 15:00:00,19.5,45.0,1015.8,,26.2511,73.0489,218.5,INI0000VIJO,JODHPUR,1015.8,sea_level_pressure
2023-12-31 15:00:00,11.0,97.0,1016.9,944.8,30.3167,78.0333,682.0,INM00042111,DEHRADUN,1016.9,sea_level_pressure
2023-12-31 18:00:00,11.5,92.0,1019.2,,28.5845,77.2058,214.9,INI0000VIDD,SAFDARJUNG,1019.2,sea_level_pressure
2023-12-31 18:00:00,15.5,60.0,1017.4,,26.2511,73.0489,218.5,INI0000VIJO,JODHPUR,1017.4,sea_level_pressure
2023-12-31 18:00:00,10.7,98.0,1016.1,944.0,30.3167,78.0333,682.0,INM00042111,DEHRADUN,1016.1,sea_level_pressure
2023-12-31 21:00:00,11.0,95.0,1019.0,,28.5845,77.2058,214.9,INI0000VIDD,SAFDARJUNG,1019.0,sea_level_pressure
2023-12-31 21:00:00,14.0,69.0,1016.7,,26.2511,73.0489,218.5,INI0000VIJO,JODHPUR,1016.7,sea_level_pressure
2023-12-31 21:00:00,10.5,97.0,1016.1,944.0,30.3167,78.0333,682.0,INM00042111,DEHRADUN,1016.1,sea_level_pressure
