station_id,station_name,timestamp,latitude,longitude,elevation_m,temperature_c,pressure_hpa,relative_humidity_pct,pressure_type
INM00042111,DEHRADUN,2023-01-01 00:00:00,30.3167,78.0333,682.0,8.5,945.1,99.0,station_level_pressure
INM00042111,DEHRADUN,2023-01-01 03:00:00,30.3167,78.0333,682.0,8.4,947.6,100.0,station_level_pressure
INM00042111,DEHRADUN,2023-01-01 06:00:00,30.3167,78.0333,682.0,14.7,948.4,70.0,station_level_pressure
INM00042111,DEHRADUN,2023-01-01 09:00:00,30.3167,78.0333,682.0,17.4,946.9,63.0,station_level_pressure
INM00042111,DEHRADUN,2023-01-01 12:00:00,30.3167,78.0333,682.0,14.7,947.5,84.0,station_level_pressure
INM00042111,DEHRADUN,2023-01-01 15:00:00,30.3167,78.0333,682.0,11.8,948.0,93.0,station_level_pressure
INM00042111,DEHRADUN,2023-01-01 18:00:00,30.3167,78.0333,682.0,10.6,949.0,95.0,station_level_pressure
INM00042111,DEHRADUN,2023-01-02 00:00:00,30.3167,78.0333,682.0,7.6,946.9,97.0,station_level_pressure
INM00042111,DEHRADUN,2023-01-02 03:00:00,30.3167,78.0333,682.0,7.8,948.4,95.0,station_level_pressure
INM00042111,DEHRADUN,2023-01-02 06:00:00,30.3167,78.0333,682.0,16.2,949.0,60.0,station_level_pressure
INM00042111,DEHRADUN,2023-01-02 12:00:00,30.3167,78.0333,682.0,15.0,947.0,79.0,station_level_pressure
INM00042111,DEHRADUN,2023-01-02 15:00:00,30.3167,78.0333,682.0,9.8,948.5,90.0,station_level_pressure
INM00042111,DEHRADUN,2023-01-02 18:00:00,30.3167,78.0333,682.0,9.0,948.6,90.0,station_level_pressure
INM00042111,DEHRADUN,2023-01-03 00:00:00,30.3167,78.0333,682.0,6.6,948.0,97.0,station_level_pressure
INM00042111,DEHRADUN,2023-01-03 03:00:00,30.3167,78.0333,682.0,6.8,949.0,97.0,station_level_pressure
INM00042111,DEHRADUN,2023-01-03 06:00:00,30.3167,78.0333,682.0,16.2,949.8,62.0,station_level_pressure
INM00042111,DEHRADUN,2023-01-03 09:00:00,30.3167,78.0333,682.0,18.6,947.3,48.0,station_level_pressure
INM00042111,DEHRADUN,2023-01-03 12:00:00,30.3167,78.0333,682.0,14.0,948.2,67.0,station_level_pressure
INM00042111,DEHRADUN,2023-01-03 15:00:00,30.3167,78.0333,682.0,8.4,948.4,90.0,station_level_pressure
INM00042111,DEHRADUN,2023-01-03 18:00:00,30.3167,78.0333,682.0,7.0,948.4,97.0,station_level_pressure
INM00042111,DEHRADUN,2023-01-03 21:00:00,30.3167,78.0333,682.0,5.8,947.8,97.0,station_level_pressure
INM00042111,DEHRADUN,2023-01-04 00:00:00,30.3167,78.0333,682.0,5.0,947.3,100.0,station_level_pressure
INM00042111,DEHRADUN,2023-01-04 03:00:00,30.3167,78.0333,682.0,6.0,949.3,94.0,station_level_pressure
INM00042111,DEHRADUN,2023-01-04 06:00:00,30.3167,78.0333,682.0,16.5,950.0,49.0,station_level_pressure
INM00042111,DEHRADUN,2023-01-04 09:00:00,30.3167,78.0333,682.0,21.2,947.1,40.0,station_level_pressure
INM00042111,DEHRADUN,2023-01-04 12:00:00,30.3167,78.0333,682.0,16.5,947.2,64.0,station_level_pressure
INM00042111,DEHRADUN,2023-01-04 15:00:00,30.3167,78.0333,682.0,9.8,948.8,90.0,station_level_pressure
INM00042111,DEHRADUN,2023-01-04 18:00:00,30.3167,78.0333,682.0,7.0,949.0,95.0,station_level_pressure
INM00042111,DEHRADUN,2023-01-04 21:00:00,30.3167,78.0333,682.0,6.4,948.8,100.0,station_level_pressure
INM00042111,DEHRADUN,2023-01-05 00:00:00,30.3167,78.0333,682.0,5.0,947.7,100.0,station_level_pressure
INM00042111,DEHRADUN,2023-01-05 03:00:00,30.3167,78.0333,682.0,6.4,949.5,89.0,station_level_pressure
INM00042111,DEHRADUN,2023-01-05 15:00:00,30.3167,78.0333,682.0,9.0,950.0,92.0,station_level_pressure
INM00042111,DEHRADUN,2023-01-05 18:00:00,30.3167,78.0333,682.0,8.0,951.2,97.0,station_level_pressure
INM00042111,DEHRADUN,2023-01-06 06:00:00,30.3167,78.0333,682.0,16.0,951.2,58.0,station_level_pressure
INM00042111,DEHRADUN,2023-01-06 09:00:00,30.3167,78.0333,682.0,19.0,949.5,52.0,station_level_pressure
INM00042111,DEHRADUN,2023-01-06 12:00:00,30.3167,78.0333,682.0,14.7,948.8,74.0,station_level_pressure
INM00042111,DEHRADUN,2023-01-06 15:00:00,30.3167,78.0333,682.0,10.0,950.3,92.0,station_level_pressure
INM00042111,DEHRADUN,2023-01-06 18:00:00,30.3167,78.0333,682.0,7.7,950.1,98.0,station_level_pressure
INM00042111,DEHRADUN,2023-01-06 21:00:00,30.3167,78.0333,682.0,7.5,947.4,99.0,station_level_pressure
INM00042111,DEHRADUN,2023-01-07 00:00:00,30.3167,78.0333,682.0,7.0,945.9,100.0,station_level_pressure
INM00042111,DEHRADUN,2023-01-07 03:00:00,30.3167,78.0333,682.0,6.6,948.9,97.0,station_level_pressure
INM00042111,DEHRADUN,2023-01-07 06:00:00,30.3167,78.0333,682.0,18.2,948.8,46.0,station_level_pressure
INM00042111,DEHRADUN,2023-01-07 09:00:00,30.3167,78.0333,682.0,22.0,946.1,45.0,station_level_pressure
INM00042111,DEHRADUN,2023-01-07 12:00:00,30.3167,78.0333,682.0,16.0,946.2,71.0,station_level_pressure
INM00042111,DEHRADUN,2023-01-07 15:00:00,30.3167,78.0333,682.0,10.6,947.8,88.0,station_level_pressure
INM00042111,DEHRADUN,2023-01-07 18:00:00,30.3167,78.0333,682.0,8.6,947.6,92.0,station_level_pressure
INM00042111,DEHRADUN,2023-01-07 21:00:00,30.3167,78.0333,682.0,7.7,945.4,95.0,station_level_pressure
INM00042111,DEHRADUN,2023-01-08 00:00:00,30.3167,78.0333,682.0,7.2,945.0,97.0,station_level_pressure
INM00042111,DEHRADUN,2023-01-08 03:00:00,30.3167,78.0333,682.0,8.6,945.4,92.0,station_level_pressure
INM00042111,DEHRADUN,2023-01-08 06:00:00,30.3167,78.0333,682.0,19.7,946.4,44.0,station_level_pressure
INM00042111,DEHRADUN,2023-01-08 09:00:00,30.3167,78.0333,682.0,23.2,943.7,43.0,station_level_pressure
INM00042111,DEHRADUN,2023-01-08 12:00:00,30.3167,78.0333,682.0,16.6,944.7,60.0,station_level_pressure
INM00042111,DEHRADUN,2023-01-08 15:00:00,30.3167,78.0333,682.0,10.4,946.1,88.0,station_level_pressure
INM00042111,DEHRADUN,2023-01-08 18:00:00,30.3167,78.0333,682.0,8.5,947.5,94.0,station_level_pressure
INM00042111,DEHRADUN,2023-01-09 00:00:00,30.3167,78.0333,682.0,7.2,946.7,97.0,station_level_pressure
INM00042111,DEHRADUN,2023-01-09 03:00:00,30.3167,78.0333,682.0,8.4,947.8,95.0,station_level_pressure
INM00042111,DEHRADUN,2023-01-09 06:00:00,30.3167,78.0333,682.0,19.6,948.0,55.0,station_level_pressure
INM00042111,DEHRADUN,2023-01-09 09:00:00,30.3167,78.0333,682.0,23.0,946.2,38.0,station_level_pressure
INM00042111,DEHRADUN,2023-01-09 12:00:00,30.3167,78.0333,682.0,17.5,945.8,62.0,station_level_pressure
INM00042111,DEHRADUN,2023-01-09 15:00:00,30.3167,78.0333,682.0,12.8,947.1,80.0,station_level_pressure
INM00042111,DEHRADUN,2023-01-09 18:00:00,30.3167,78.0333,682.0,10.2,947.1,91.0,station_level_pressure
INM00042111,DEHRADUN,2023-01-09 21:00:00,30.3167,78.0333,682.0,8.8,945.4,95.0,station_level_pressure
INM00042111,DEHRADUN,2023-01-10 00:00:00,30.3167,78.0333,682.0,8.6,945.5,92.0,station_level_pressure
INM00042111,DEHRADUN,2023-01-10 03:00:00,30.3167,78.0333,682.0,8.6,947.0,92.0,station_level_pressure
INM00042111,DEHRADUN,2023-01-10 06:00:00,30.3167,78.0333,682.0,21.0,947.8,48.0,station_level_pressure
INM00042111,DEHRADUN,2023-01-10 09:00:00,30.3167,78.0333,682.0,24.0,943.9,43.0,station_level_pressure
INM00042111,DEHRADUN,2023-01-10 12:00:00,30.3167,78.0333,682.0,18.0,943.8,67.0,station_level_pressure
INM00042111,DEHRADUN,2023-01-10 15:00:00,30.3167,78.0333,682.0,11.2,944.4,88.0,station_level_pressure
INM00042111,DEHRADUN,2023-01-10 18:00:00,30.3167,78.0333,682.0,9.2,945.0,95.0,station_level_pressure
INM00042111,DEHRADUN,2023-01-11 00:00:00,30.3167,78.0333,682.0,7.7,942.0,98.0,station_level_pressure
INM00042111,DEHRADUN,2023-01-11 03:00:00,30.3167,78.0333,682.0,8.6,942.8,97.0,station_level_pressure
INM00042111,DEHRADUN,2023-01-11 06:00:00,30.3167,78.0333,682.0,14.7,942.7,64.0,station_level_pressure
INM00042111,DEHRADUN,2023-01-11 09:00:00,30.3167,78.0333,682.0,14.8,940.3,72.0,station_level_pressure
INM00042111,DEHRADUN,2023-01-11 12:00:00,30.3167,78.0333,682.0,12.5,940.2,82.0,station_level_pressure
INM00042111,DEHRADUN,2023-01-11 15:00:00,30.3167,78.0333,682.0,10.6,941.9,93.0,station_level_pressure
INM00042111,DEHRADUN,2023-01-12 00:00:00,30.3167,78.0333,682.0,9.5,941.0,97.0,station_level_pressure
INM00042111,DEHRADUN,2023-01-12 03:00:00,30.3167,78.0333,682.0,9.6,941.5,90.0,station_level_pressure
INM00042111,DEHRADUN,2023-01-12 06:00:00,30.3167,78.0333,682.0,19.7,941.8,44.0,station_level_pressure
INM00042111,DEHRADUN,2023-01-12 09:00:00,30.3167,78.0333,682.0,22.0,940.3,43.0,station_level_pressure
INM00042111,DEHRADUN,2023-01-12 12:00:00,30.3167,78.0333,682.0,17.6,939.4,58.0,station_level_pressure
INM00042111,DEHRADUN,2023-01-12 15:00:00,30.3167,78.0333,682.0,11.8,940.2,84.0,station_level_pressure
INM00042111,DEHRADUN,2023-01-12 18:00:00,30.3167,78.0333,682.0,9.6,940.7,90.0,station_level_pressure
INM00042111,DEHRADUN,2023-01-12 21:00:00,30.3167,78.0333,682.0,12.0,940.6,84.0,station_level_pressure
INM00042111,DEHRADUN,2023-01-13 00:00:00,30.3167,78.0333,682.0,11.0,940.3,88.0,station_level_pressure
INM00042111,DEHRADUN,2023-01-13 03:00:00,30.3167,78.0333,682.0,10.0,942.1,92.0,station_level_pressure
INM00042111,DEHRADUN,2023-01-13 06:00:00,30.3167,78.0333,682.0,20.0,942.8,50.0,station_level_pressure
INM00042111,DEHRADUN,2023-01-13 09:00:00,30.3167,78.0333,682.0,21.6,941.0,46.0,station_level_pressure
INM00042111,DEHRADUN,2023-01-13 12:00:00,30.3167,78.0333,682.0,18.0,941.1,65.0,station_level_pressure
INM00042111,DEHRADUN,2023-01-13 15:00:00,30.3167,78.0333,682.0,13.0,942.1,89.0,station_level_pressure
INM00042111,DEHRADUN,2023-01-13 18:00:00,30.3167,78.0333,682.0,13.0,942.8,96.0,station_level_pressure
INM00042111,DEHRADUN,2023-01-13 21:00:00,30.3167,78.0333,682.0,13.0,942.4,97.0,station_level_pressure
INM00042111,DEHRADUN,2023-01-14 00:00:00,30.3167,78.0333,682.0,12.2,942.7,97.0,station_level_pressure
INM00042111,DEHRADUN,2023-01-14 03:00:00,30.3167,78.0333,682.0,11.8,943.1,97.0,station_level_pressure
INM00042111,DEHRADUN,2023-01-14 06:00:00,30.3167,78.0333,682.0,17.5,944.1,75.0,station_level_pressure
INM00042111,DEHRADUN,2023-01-14 09:00:00,30.3167,78.0333,682.0,20.8,941.7,57.0,station_level_pressure
INM00042111,DEHRADUN,2023-01-14 12:00:00,30.3167,78.0333,682.0,15.7,941.7,84.0,station_level_pressure
INM00042111,DEHRADUN,2023-01-14 15:00:00,30.3167,78.0333,682.0,13.6,943.0,89.0,station_level_pressure
INM00042111,DEHRADUN,2023-01-14 18:00:00,30.3167,78.0333,682.0,11.2,943.0,96.0,station_level_pressure
INM00042111,DEHRADUN,2023-01-15 00:00:00,30.3167,78.0333,682.0,11.5,941.0,97.0,station_level_pressure
INM00042111,DEHRADUN,2023-01-15 03:00:00,30.3167,78.0333,682.0,11.2,942.0,97.0,station_level_pressure
INM00042111,DEHRADUN,2023-01-15 06:00:00,30.3167,78.0333,682.0,16.0,943.2,76.0,station_level_pressure
INM00042111,DEHRADUN,2023-01-15 09:00:00,30.3167,78.0333,682.0,18.8,939.8,63.0,station_level_pressure
INM00042111,DEHRADUN,2023-01-15 12:00:00,30.3167,78.0333,682.0,15.2,940.1,75.0,station_level_pressure
INM00042111,DEHRADUN,2023-01-15 15:00:00,30.3167,78.0333,682.0,13.0,940.8,84.0,station_level_pressure
INM00042111,DEHRADUN,2023-01-15 18:00:00,30.3167,78.0333,682.0,11.6,941.9,88.0,station_level_pressure
INM00042111,DEHRADUN,2023-01-15 21:00:00,30.3167,78.0333,682.0,11.0,941.8,88.0,station_level_pressure
INM00042111,DEHRADUN,2023-01-16 00:00:00,30.3167,78.0333,682.0,10.7,941.1,89.0,station_level_pressure
INM00042111,DEHRADUN,2023-01-16 03:00:00,30.3167,78.0333,682.0,10.8,943.6,88.0,station_level_pressure
INM00042111,DEHRADUN,2023-01-16 06:00:00,30.3167,78.0333,682.0,13.6,944.7,68.0,station_level_pressure
INM00042111,DEHRADUN,2023-01-16 09:00:00,30.3167,78.0333,682.0,18.6,942.6,61.0,station_level_pressure
INM00042111,DEHRADUN,2023-01-16 12:00:00,30.3167,78.0333,682.0,15.0,942.2,66.0,station_level_pressure
INM00042111,DEHRADUN,2023-01-16 15:00:00,30.3167,78.0333,682.0,12.2,944.0,87.0,station_level_pressure
INM00042111,DEHRADUN,2023-01-16 18:00:00,30.3167,78.0333,682.0,9.5,944.6,94.0,station_level_pressure
INM00042111,DEHRADUN,2023-01-16 21:00:00,30.3167,78.0333,682.0,7.8,944.0,97.0,station_level_pressure
INM00042111,DEHRADUN,2023-01-17 00:00:00,30.3167,78.0333,682.0,6.7,943.1,98.0,station_level_pressure
INM00042111,DEHRADUN,2023-01-17 03:00:00,30.3167,78.0333,682.0,7.6,943.8,97.0,station_level_pressure
INM00042111,DEHRADUN,2023-01-17 06:00:00,30.3167,78.0333,682.0,15.0,944.2,60.0,station_level_pressure
INM00042111,DEHRADUN,2023-01-17 09:00:00,30.3167,78.0333,682.0,16.0,942.4,61.0,station_level_pressure
INM00042111,DEHRADUN,2023-01-17 12:00:00,30.3167,78.0333,682.0,14.6,942.3,69.0,station_level_pressure
INM00042111,DEHRADUN,2023-01-17 15:00:00,30.3167,78.0333,682.0,11.5,944.5,83.0,station_level_pressure
INM00042111,DEHRADUN,2023-01-17 18:00:00,30.3167,78.0333,682.0,10.0,945.0,88.0,station_level_pressure
INM00042111,DEHRADUN,2023-01-18 00:00:00,30.3167,78.0333,682.0,5.6,944.8,99.0,station_level_pressure
INM00042111,DEHRADUN,2023-01-18 03:00:00,30.3167,78.0333,682.0,6.2,946.0,97.0,station_level_pressure
INM00042111,DEHRADUN,2023-01-18 06:00:00,30.3167,78.0333,682.0,15.7,947.8,63.0,station_level_pressure
INM00042111,DEHRADUN,2023-01-18 09:00:00,30.3167,78.0333,682.0,18.6,944.7,50.0,station_level_pressure
INM00042111,DEHRADUN,2023-01-18 12:00:00,30.3167,78.0333,682.0,16.0,943.9,61.0,station_level_pressure
INM00042111,DEHRADUN,2023-01-18 15:00:00,30.3167,78.0333,682.0,10.2,945.9,91.0,station_level_pressure
INM00042111,DEHRADUN,2023-01-18 18:00:00,30.3167,78.0333,682.0,9.0,945.6,92.0,station_level_pressure
INM00042111,DEHRADUN,2023-01-18 21:00:00,30.3167,78.0333,682.0,10.0,946.2,88.0,station_level_pressure
INM00042111,DEHRADUN,2023-01-19 00:00:00,30.3167,78.0333,682.0,10.0,945.1,92.0,station_level_pressure
INM00042111,DEHRADUN,2023-01-19 03:00:00,30.3167,78.0333,682.0,9.6,946.6,92.0,station_level_pressure
INM00042111,DEHRADUN,2023-01-19 06:00:00,30.3167,78.0333,682.0,15.0,947.6,70.0,station_level_pressure
INM00042111,DEHRADUN,2023-01-19 09:00:00,30.3167,78.0333,682.0,15.6,946.2,69.0,station_level_pressure
INM00042111,DEHRADUN,2023-01-19 12:00:00,30.3167,78.0333,682.0,15.5,945.5,71.0,station_level_pressure
INM00042111,DEHRADUN,2023-01-19 15:00:00,30.3167,78.0333,682.0,11.4,945.3,88.0,station_level_pressure
INM00042111,DEHRADUN,2023-01-19 18:00:00,30.3167,78.0333,682.0,11.5,946.4,93.0,station_level_pressure
INM00042111,DEHRADUN,2023-01-19 21:00:00,30.3167,78.0333,682.0,11.4,946.1,97.0,station_level_pressure
INM00042111,DEHRADUN,2023-01-20 00:00:00,30.3167,78.0333,682.0,10.6,945.8,100.0,station_level_pressure
INM00042111,DEHRADUN,2023-01-20 03:00:00,30.3167,78.0333,682.0,11.0,945.1,95.0,station_level_pressure
INM00042111,DEHRADUN,2023-01-20 06:00:00,30.3167,78.0333,682.0,13.0,946.2,89.0,station_level_pressure
INM00042111,DEHRADUN,2023-01-20 09:00:00,30.3167,78.0333,682.0,17.0,944.3,63.0,station_level_pressure
INM00042111,DEHRADUN,2023-01-20 12:00:00,30.3167,78.0333,682.0,15.2,943.9,81.0,station_level_pressure
INM00042111,DEHRADUN,2023-01-20 15:00:00,30.3167,78.0333,682.0,12.2,944.6,93.0,station_level_pressure
INM00042111,DEHRADUN,2023-01-20 18:00:00,30.3167,78.0333,682.0,9.2,945.4,97.0,station_level_pressure
INM00042111,DEHRADUN,2023-01-20 21:00:00,30.3167,78.0333,682.0,7.8,945.5,97.0,station_level_pressure
INM00042111,DEHRADUN,2023-01-21 00:00:00,30.3167,78.0333,682.0,7.0,944.7,100.0,station_level_pressure
INM00042111,DEHRADUN,2023-01-21 03:00:00,30.3167,78.0333,682.0,8.0,946.0,95.0,station_level_pressure
INM00042111,DEHRADUN,2023-01-21 06:00:00,30.3167,78.0333,682.0,17.7,945.5,60.0,station_level_pressure
INM00042111,DEHRADUN,2023-01-21 09:00:00,30.3167,78.0333,682.0,22.0,943.6,41.0,station_level_pressure
INM00042111,DEHRADUN,2023-01-21 12:00:00,30.3167,78.0333,682.0,18.7,942.4,65.0,station_level_pressure
INM00042111,DEHRADUN,2023-01-21 15:00:00,30.3167,78.0333,682.0,11.8,943.2,88.0,station_level_pressure
INM00042111,DEHRADUN,2023-01-21 18:00:00,30.3167,78.0333,682.0,9.0,944.0,97.0,station_level_pressure
INM00042111,DEHRADUN,2023-01-21 21:00:00,30.3167,78.0333,682.0,8.6,942.5,97.0,station_level_pressure
INM00042111,DEHRADUN,2023-01-22 00:00:00,30.3167,78.0333,682.0,8.0,942.0,97.0,station_level_pressure
INM00042111,DEHRADUN,2023-01-22 03:00:00,30.3167,78.0333,682.0,8.6,944.0,95.0,station_level_pressure
INM00042111,DEHRADUN,2023-01-22 06:00:00,30.3167,78.0333,682.0,19.0,943.8,53.0,station_level_pressure
INM00042111,DEHRADUN,2023-01-22 09:00:00,30.3167,78.0333,682.0,22.0,943.1,48.0,station_level_pressure
INM00042111,DEHRADUN,2023-01-22 12:00:00,30.3167,78.0333,682.0,18.6,942.4,64.0,station_level_pressure
INM00042111,DEHRADUN,2023-01-22 15:00:00,30.3167,78.0333,682.0,11.4,943.5,81.0,station_level_pressure
INM00042111,DEHRADUN,2023-01-22 18:00:00,30.3167,78.0333,682.0,9.6,944.2,92.0,station_level_pressure
INM00042111,DEHRADUN,2023-01-22 21:00:00,30.3167,78.0333,682.0,8.4,944.3,95.0,station_level_pressure
INM00042111,DEHRADUN,2023-01-23 00:00:00,30.3167,78.0333,682.0,7.6,944.1,97.0,station_level_pressure
INM00042111,DEHRADUN,2023-01-23 03:00:00,30.3167,78.0333,682.0,8.6,945.1,92.0,station_level_pressure
INM00042111,DEHRADUN,2023-01-23 06:00:00,30.3167,78.0333,682.0,19.6,946.6,55.0,station_level_pressure
INM00042111,DEHRADUN,2023-01-23 09:00:00,30.3167,78.0333,682.0,23.6,942.8,41.0,station_level_pressure
INM00042111,DEHRADUN,2023-01-23 15:00:00,30.3167,78.0333,682.0,13.4,942.0,85.0,station_level_pressure
INM00042111,DEHRADUN,2023-01-23 18:00:00,30.3167,78.0333,682.0,10.7,942.5,95.0,station_level_pressure
INM00042111,DEHRADUN,2023-01-24 00:00:00,30.3167,78.0333,682.0,11.6,941.0,96.0,station_level_pressure
INM00042111,DEHRADUN,2023-01-24 03:00:00,30.3167,78.0333,682.0,12.2,943.5,82.0,station_level_pressure
INM00042111,DEHRADUN,2023-01-24 06:00:00,30.3167,78.0333,682.0,19.7,944.9,56.0,station_level_pressure
INM00042111,DEHRADUN,2023-01-24 09:00:00,30.3167,78.0333,682.0,21.6,942.4,59.0,station_level_pressure
INM00042111,DEHRADUN,2023-01-24 12:00:00,30.3167,78.0333,682.0,17.6,941.1,76.0,station_level_pressure
INM00042111,DEHRADUN,2023-01-24 15:00:00,30.3167,78.0333,682.0,14.8,942.0,91.0,station_level_pressure
INM00042111,DEHRADUN,2023-01-24 18:00:00,30.3167,78.0333,682.0,13.6,942.6,97.0,station_level_pressure
INM00042111,DEHRADUN,2023-01-24 21:00:00,30.3167,78.0333,682.0,13.0,942.8,97.0,station_level_pressure
INM00042111,DEHRADUN,2023-01-25 00:00:00,30.3167,78.0333,682.0,12.6,942.4,100.0,station_level_pressure
INM00042111,DEHRADUN,2023-01-25 03:00:00,30.3167,78.0333,682.0,13.2,943.8,97.0,station_level_pressure
INM00042111,DEHRADUN,2023-01-25 06:00:00,30.3167,78.0333,682.0,20.0,945.1,72.0,station_level_pressure
INM00042111,DEHRADUN,2023-01-25 09:00:00,30.3167,78.0333,682.0,21.4,943.4,60.0,station_level_pressure
INM00042111,DEHRADUN,2023-01-25 12:00:00,30.3167,78.0333,682.0,18.6,943.4,80.0,station_level_pressure
INM00042111,DEHRADUN,2023-01-25 15:00:00,30.3167,78.0333,682.0,15.6,944.1,90.0,station_level_pressure
INM00042111,DEHRADUN,2023-01-25 18:00:00,30.3167,78.0333,682.0,15.0,945.1,94.0,station_level_pressure
INM00042111,DEHRADUN,2023-01-25 21:00:00,30.3167,78.0333,682.0,13.7,944.6,92.0,station_level_pressure
INM00042111,DEHRADUN,2023-01-26 00:00:00,30.3167,78.0333,682.0,11.5,944.3,95.0,station_level_pressure
INM00042111,DEHRADUN,2023-01-26 03:00:00,30.3167,78.0333,682.0,11.4,945.5,96.0,station_level_pressure
INM00042111,DEHRADUN,2023-01-26 06:00:00,30.3167,78.0333,682.0,20.0,946.6,62.0,station_level_pressure
INM00042111,DEHRADUN,2023-01-26 09:00:00,30.3167,78.0333,682.0,24.0,943.9,52.0,station_level_pressure
INM00042111,DEHRADUN,2023-01-26 12:00:00,30.3167,78.0333,682.0,19.7,943.7,74.0,station_level_pressure
INM00042111,DEHRADUN,2023-01-26 15:00:00,30.3167,78.0333,682.0,15.0,944.0,94.0,station_level_pressure
INM00042111,DEHRADUN,2023-01-26 18:00:00,30.3167,78.0333,682.0,13.0,944.0,96.0,station_level_pressure
INM00042111,DEHRADUN,2023-01-27 00:00:00,30.3167,78.0333,682.0,11.6,942.2,96.0,station_level_pressure
INM00042111,DEHRADUN,2023-01-27 03:00:00,30.3167,78.0333,682.0,11.2,945.0,97.0,station_level_pressure
INM00042111,DEHRADUN,2023-01-27 06:00:00,30.3167,78.0333,682.0,20.2,946.4,59.0,station_level_pressure
INM00042111,DEHRADUN,2023-01-27 09:00:00,30.3167,78.0333,682.0,25.0,943.2,42.0,station_level_pressure
INM00042111,DEHRADUN,2023-01-27 12:00:00,30.3167,78.0333,682.0,20.7,942.0,57.0,station_level_pressure
INM00042111,DEHRADUN,2023-01-27 15:00:00,30.3167,78.0333,682.0,15.4,943.2,86.0,station_level_pressure
INM00042111,DEHRADUN,2023-01-27 18:00:00,30.3167,78.0333,682.0,12.5,943.1,95.0,station_level_pressure
INM00042111,DEHRADUN,2023-01-27 21:00:00,30.3167,78.0333,682.0,10.8,941.8,97.0,station_level_pressure
INM00042111,DEHRADUN,2023-01-28 00:00:00,30.3167,78.0333,682.0,8.6,941.2,99.0,station_level_pressure
INM00042111,DEHRADUN,2023-01-28 03:00:00,30.3167,78.0333,682.0,9.6,942.2,90.0,station_level_pressure
INM00042111,DEHRADUN,2023-01-28 06:00:00,30.3167,78.0333,682.0,20.6,943.9,39.0,station_level_pressure
INM00042111,DEHRADUN,2023-01-28 09:00:00,30.3167,78.0333,682.0,25.0,940.8,33.0,station_level_pressure
INM00042111,DEHRADUN,2023-01-28 12:00:00,30.3167,78.0333,682.0,21.2,940.0,62.0,station_level_pressure
INM00042111,DEHRADUN,2023-01-28 15:00:00,30.3167,78.0333,682.0,14.4,941.1,85.0,station_level_pressure
INM00042111,DEHRADUN,2023-01-28 18:00:00,30.3167,78.0333,682.0,11.0,941.3,93.0,station_level_pressure
INM00042111,DEHRADUN,2023-01-28 21:00:00,30.3167,78.0333,682.0,9.0,940.8,97.0,station_level_pressure
INM00042111,DEHRADUN,2023-01-29 00:00:00,30.3167,78.0333,682.0,9.0,941.0,87.0,station_level_pressure
INM00042111,DEHRADUN,2023-01-29 03:00:00,30.3167,78.0333,682.0,10.2,942.8,92.0,station_level_pressure
INM00042111,DEHRADUN,2023-01-29 06:00:00,30.3167,78.0333,682.0,14.6,944.8,75.0,station_level_pressure
INM00042111,DEHRADUN,2023-01-29 09:00:00,30.3167,78.0333,682.0,15.6,942.2,70.0,station_level_pressure
INM00042111,DEHRADUN,2023-01-29 12:00:00,30.3167,78.0333,682.0,14.7,942.0,78.0,station_level_pressure
INM00042111,DEHRADUN,2023-01-29 15:00:00,30.3167,78.0333,682.0,14.2,942.0,94.0,station_level_pressure
INM00042111,DEHRADUN,2023-01-29 18:00:00,30.3167,78.0333,682.0,14.0,943.2,95.0,station_level_pressure
INM00042111,DEHRADUN,2023-01-30 00:00:00,30.3167,78.0333,682.0,12.7,945.2,100.0,station_level_pressure
INM00042111,DEHRADUN,2023-01-30 03:00:00,30.3167,78.0333,682.0,12.6,947.8,100.0,station_level_pressure
INM00042111,DEHRADUN,2023-01-30 06:00:00,30.3167,78.0333,682.0,15.2,948.9,87.0,station_level_pressure
INM00042111,DEHRADUN,2023-01-30 09:00:00,30.3167,78.0333,682.0,16.2,946.8,84.0,station_level_pressure
INM00042111,DEHRADUN,2023-01-30 12:00:00,30.3167,78.0333,682.0,16.5,945.6,82.0,station_level_pressure
INM00042111,DEHRADUN,2023-01-30 15:00:00,30.3167,78.0333,682.0,13.4,946.7,96.0,station_level_pressure
INM00042111,DEHRADUN,2023-01-30 18:00:00,30.3167,78.0333,682.0,11.0,946.3,97.0,station_level_pressure
INM00042111,DEHRADUN,2023-01-30 21:00:00,30.3167,78.0333,682.0,9.8,946.0,97.0,station_level_pressure
INM00042111,DEHRADUN,2023-01-31 00:00:00,30.3167,78.0333,682.0,8.6,945.0,100.0,station_level_pressure
INM00042111,DEHRADUN,2023-01-31 03:00:00,30.3167,78.0333,682.0,9.6,946.3,92.0,station_level_pressure
INM00042111,DEHRADUN,2023-01-31 06:00:00,30.3167,78.0333,682.0,18.7,947.0,63.0,station_level_pressure
INM00042111,DEHRADUN,2023-01-31 09:00:00,30.3167,78.0333,682.0,22.8,946.8,49.0,station_level_pressure
INM00042111,DEHRADUN,2023-01-31 12:00:00,30.3167,78.0333,682.0,19.6,943.3,65.0,station_level_pressure
INM00042111,DEHRADUN,2023-01-31 15:00:00,30.3167,78.0333,682.0,15.8,943.0,82.0,station_level_pressure
INM00042111,DEHRADUN,2023-01-31 18:00:00,30.3167,78.0333,682.0,12.6,944.7,96.0,station_level_pressure
INM00042111,DEHRADUN,2023-01-31 21:00:00,30.3167,78.0333,682.0,12.2,943.0,97.0,station_level_pressure
INM00042111,DEHRADUN,2023-02-01 00:00:00,30.3167,78.0333,682.0,11.7,942.5,98.0,station_level_pressure
INM00042111,DEHRADUN,2023-02-01 03:00:00,30.3167,78.0333,682.0,11.4,944.0,100.0,station_level_pressure
INM00042111,DEHRADUN,2023-02-01 06:00:00,30.3167,78.0333,682.0,20.0,945.4,54.0,station_level_pressure
INM00042111,DEHRADUN,2023-02-01 09:00:00,30.3167,78.0333,682.0,24.6,942.0,45.0,station_level_pressure
INM00042111,DEHRADUN,2023-02-01 12:00:00,30.3167,78.0333,682.0,20.7,942.2,64.0,station_level_pressure
INM00042111,DEHRADUN,2023-02-01 15:00:00,30.3167,78.0333,682.0,15.0,943.7,90.0,station_level_pressure
INM00042111,DEHRADUN,2023-02-01 18:00:00,30.3167,78.0333,682.0,12.0,943.5,96.0,station_level_pressure
INM00042111,DEHRADUN,2023-02-01 21:00:00,30.3167,78.0333,682.0,11.0,942.5,97.0,station_level_pressure
INM00042111,DEHRADUN,2023-02-02 00:00:00,30.3167,78.0333,682.0,10.0,941.0,100.0,station_level_pressure
INM00042111,DEHRADUN,2023-02-02 06:00:00,30.3167,78.0333,682.0,21.0,943.6,48.0,station_level_pressure
INM00042111,DEHRADUN,2023-02-02 09:00:00,30.3167,78.0333,682.0,25.0,941.0,46.0,station_level_pressure
INM00042111,DEHRADUN,2023-02-02 12:00:00,30.3167,78.0333,682.0,20.6,942.5,66.0,station_level_pressure
INM00042111,DEHRADUN,2023-02-02 15:00:00,30.3167,78.0333,682.0,15.2,941.6,80.0,station_level_pressure
INM00042111,DEHRADUN,2023-02-02 18:00:00,30.3167,78.0333,682.0,13.2,942.0,93.0,station_level_pressure
INM00042111,DEHRADUN,2023-02-02 21:00:00,30.3167,78.0333,682.0,11.5,941.5,97.0,station_level_pressure
INM00042111,DEHRADUN,2023-02-03 00:00:00,30.3167,78.0333,682.0,10.2,941.2,97.0,station_level_pressure
INM00042111,DEHRADUN,2023-02-03 03:00:00,30.3167,78.0333,682.0,10.4,942.5,97.0,station_level_pressure
INM00042111,DEHRADUN,2023-02-03 06:00:00,30.3167,78.0333,682.0,20.2,943.9,59.0,station_level_pressure
INM00042111,DEHRADUN,2023-02-03 09:00:00,30.3167,78.0333,682.0,22.4,942.8,60.0,station_level_pressure
INM00042111,DEHRADUN,2023-02-03 12:00:00,30.3167,78.0333,682.0,20.6,941.9,69.0,station_level_pressure
INM00042111,DEHRADUN,2023-02-03 15:00:00,30.3167,78.0333,682.0,15.0,941.8,86.0,station_level_pressure
INM00042111,DEHRADUN,2023-02-03 18:00:00,30.3167,78.0333,682.0,12.7,942.3,96.0,station_level_pressure
INM00042111,DEHRADUN,2023-02-04 00:00:00,30.3167,78.0333,682.0,10.0,938.8,100.0,station_level_pressure
INM00042111,DEHRADUN,2023-02-04 03:00:00,30.3167,78.0333,682.0,11.0,940.0,95.0,station_level_pressure
INM00042111,DEHRADUN,2023-02-04 06:00:00,30.3167,78.0333,682.0,20.7,941.6,65.0,station_level_pressure
INM00042111,DEHRADUN,2023-02-04 09:00:00,30.3167,78.0333,682.0,24.2,939.7,55.0,station_level_pressure
INM00042111,DEHRADUN,2023-02-04 12:00:00,30.3167,78.0333,682.0,21.0,939.2,65.0,station_level_pressure
INM00042111,DEHRADUN,2023-02-04 15:00:00,30.3167,78.0333,682.0,15.0,939.0,86.0,station_level_pressure
INM00042111,DEHRADUN,2023-02-04 18:00:00,30.3167,78.0333,682.0,13.0,939.5,96.0,station_level_pressure
INM00042111,DEHRADUN,2023-02-04 21:00:00,30.3167,78.0333,682.0,11.7,938.0,96.0,station_level_pressure
INM00042111,DEHRADUN,2023-02-05 00:00:00,30.3167,78.0333,682.0,10.6,937.0,97.0,station_level_pressure
INM00042111,DEHRADUN,2023-02-05 03:00:00,30.3167,78.0333,682.0,10.8,938.0,97.0,station_level_pressure
INM00042111,DEHRADUN,2023-02-05 06:00:00,30.3167,78.0333,682.0,21.5,940.9,59.0,station_level_pressure
INM00042111,DEHRADUN,2023-02-05 09:00:00,30.3167,78.0333,682.0,23.4,938.7,58.0,station_level_pressure
INM00042111,DEHRADUN,2023-02-05 12:00:00,30.3167,78.0333,682.0,20.7,938.8,60.0,station_level_pressure
INM00042111,DEHRADUN,2023-02-05 15:00:00,30.3167,78.0333,682.0,14.0,940.0,85.0,station_level_pressure
INM00042111,DEHRADUN,2023-02-05 18:00:00,30.3167,78.0333,682.0,11.6,940.3,93.0,station_level_pressure
INM00042111,DEHRADUN,2023-02-05 21:00:00,30.3167,78.0333,682.0,10.4,940.4,95.0,station_level_pressure
INM00042111,DEHRADUN,2023-02-06 00:00:00,30.3167,78.0333,682.0,10.0,939.8,97.0,station_level_pressure
INM00042111,DEHRADUN,2023-02-06 03:00:00,30.3167,78.0333,682.0,11.2,941.6,96.0,station_level_pressure
INM00042111,DEHRADUN,2023-02-06 06:00:00,30.3167,78.0333,682.0,21.6,942.8,58.0,station_level_pressure
INM00042111,DEHRADUN,2023-02-06 12:00:00,30.3167,78.0333,682.0,22.0,938.9,60.0,station_level_pressure
INM00042111,DEHRADUN,2023-02-06 18:00:00,30.3167,78.0333,682.0,14.6,941.2,91.0,station_level_pressure
INM00042111,DEHRADUN,2023-02-06 21:00:00,30.3167,78.0333,682.0,12.5,939.2,95.0,station_level_pressure
INM00042111,DEHRADUN,2023-02-07 00:00:00,30.3167,78.0333,682.0,10.2,938.1,97.0,station_level_pressure
INM00042111,DEHRADUN,2023-02-07 03:00:00,30.3167,78.0333,682.0,11.6,939.0,81.0,station_level_pressure
INM00042111,DEHRADUN,2023-02-07 06:00:00,30.3167,78.0333,682.0,22.0,940.2,52.0,station_level_pressure
INM00042111,DEHRADUN,2023-02-07 09:00:00,30.3167,78.0333,682.0,24.0,938.0,48.0,station_level_pressure
INM00042111,DEHRADUN,2023-02-07 12:00:00,30.3167,78.0333,682.0,21.0,938.0,63.0,station_level_pressure
INM00042111,DEHRADUN,2023-02-07 15:00:00,30.3167,78.0333,682.0,16.0,939.7,76.0,station_level_pressure
INM00042111,DEHRADUN,2023-02-07 18:00:00,30.3167,78.0333,682.0,12.5,940.6,88.0,station_level_pressure
INM00042111,DEHRADUN,2023-02-07 21:00:00,30.3167,78.0333,682.0,11.6,939.9,93.0,station_level_pressure
INM00042111,DEHRADUN,2023-02-08 00:00:00,30.3167,78.0333,682.0,10.0,939.6,95.0,station_level_pressure
INM00042111,DEHRADUN,2023-02-08 03:00:00,30.3167,78.0333,682.0,11.0,940.9,93.0,station_level_pressure
INM00042111,DEHRADUN,2023-02-08 06:00:00,30.3167,78.0333,682.0,21.2,942.7,57.0,station_level_pressure
INM00042111,DEHRADUN,2023-02-08 09:00:00,30.3167,78.0333,682.0,24.4,940.3,43.0,station_level_pressure
INM00042111,DEHRADUN,2023-02-08 12:00:00,30.3167,78.0333,682.0,20.6,939.4,58.0,station_level_pressure
INM00042111,DEHRADUN,2023-02-08 15:00:00,30.3167,78.0333,682.0,15.6,941.0,80.0,station_level_pressure
INM00042111,DEHRADUN,2023-02-08 18:00:00,30.3167,78.0333,682.0,13.2,941.5,89.0,station_level_pressure
INM00042111,DEHRADUN,2023-02-08 21:00:00,30.3167,78.0333,682.0,11.7,940.0,94.0,station_level_pressure
INM00042111,DEHRADUN,2023-02-09 00:00:00,30.3167,78.0333,682.0,10.6,940.0,95.0,station_level_pressure
INM00042111,DEHRADUN,2023-02-09 03:00:00,30.3167,78.0333,682.0,11.6,940.5,96.0,station_level_pressure
INM00042111,DEHRADUN,2023-02-09 06:00:00,30.3167,78.0333,682.0,21.7,941.6,58.0,station_level_pressure
INM00042111,DEHRADUN,2023-02-09 09:00:00,30.3167,78.0333,682.0,25.6,939.6,40.0,station_level_pressure
INM00042111,DEHRADUN,2023-02-09 12:00:00,30.3167,78.0333,682.0,22.7,939.6,62.0,station_level_pressure
INM00042111,DEHRADUN,2023-02-09 15:00:00,30.3167,78.0333,682.0,17.8,940.8,81.0,station_level_pressure
INM00042111,DEHRADUN,2023-02-09 18:00:00,30.3167,78.0333,682.0,15.0,942.1,87.0,station_level_pressure
INM00042111,DEHRADUN,2023-02-09 21:00:00,30.3167,78.0333,682.0,13.7,941.1,92.0,station_level_pressure
INM00042111,DEHRADUN,2023-02-10 00:00:00,30.3167,78.0333,682.0,13.0,940.4,93.0,station_level_pressure
INM00042111,DEHRADUN,2023-02-10 03:00:00,30.3167,78.0333,682.0,13.4,941.6,89.0,station_level_pressure
INM00042111,DEHRADUN,2023-02-10 06:00:00,30.3167,78.0333,682.0,22.5,943.4,54.0,station_level_pressure
INM00042111,DEHRADUN,2023-02-10 09:00:00,30.3167,78.0333,682.0,25.2,942.2,46.0,station_level_pressure
INM00042111,DEHRADUN,2023-02-10 12:00:00,30.3167,78.0333,682.0,24.5,938.5,59.0,station_level_pressure
INM00042111,DEHRADUN,2023-02-10 15:00:00,30.3167,78.0333,682.0,16.6,940.5,84.0,station_level_pressure
INM00042111,DEHRADUN,2023-02-10 18:00:00,30.3167,78.0333,682.0,13.7,941.0,92.0,station_level_pressure
INM00042111,DEHRADUN,2023-02-10 21:00:00,30.3167,78.0333,682.0,13.7,940.5,92.0,station_level_pressure
INM00042111,DEHRADUN,2023-02-11 00:00:00,30.3167,78.0333,682.0,13.5,940.2,93.0,station_level_pressure
INM00042111,DEHRADUN,2023-02-11 03:00:00,30.3167,78.0333,682.0,14.2,942.0,89.0,station_level_pressure
INM00042111,DEHRADUN,2023-02-11 06:00:00,30.3167,78.0333,682.0,23.7,943.2,49.0,station_level_pressure
INM00042111,DEHRADUN,2023-02-11 09:00:00,30.3167,78.0333,682.0,25.0,941.2,56.0,station_level_pressure
INM00042111,DEHRADUN,2023-02-11 12:00:00,30.3167,78.0333,682.0,21.5,940.5,62.0,station_level_pressure
INM00042111,DEHRADUN,2023-02-11 15:00:00,30.3167,78.0333,682.0,17.2,942.2,79.0,station_level_pressure
INM00042111,DEHRADUN,2023-02-11 18:00:00,30.3167,78.0333,682.0,14.0,943.1,89.0,station_level_pressure
INM00042111,DEHRADUN,2023-02-11 21:00:00,30.3167,78.0333,682.0,13.0,943.0,93.0,station_level_pressure
INM00042111,DEHRADUN,2023-02-12 00:00:00,30.3167,78.0333,682.0,10.0,942.4,95.0,station_level_pressure
INM00042111,DEHRADUN,2023-02-12 03:00:00,30.3167,78.0333,682.0,10.4,943.7,91.0,station_level_pressure
INM00042111,DEHRADUN,2023-02-12 06:00:00,30.3167,78.0333,682.0,20.0,944.7,42.0,station_level_pressure
INM00042111,DEHRADUN,2023-02-12 09:00:00,30.3167,78.0333,682.0,21.0,943.0,30.0,station_level_pressure
INM00042111,DEHRADUN,2023-02-12 12:00:00,30.3167,78.0333,682.0,18.0,943.2,39.0,station_level_pressure
INM00042111,DEHRADUN,2023-02-12 15:00:00,30.3167,78.0333,682.0,12.0,943.3,67.0,station_level_pressure
INM00042111,DEHRADUN,2023-02-12 18:00:00,30.3167,78.0333,682.0,11.0,942.9,75.0,station_level_pressure
INM00042111,DEHRADUN,2023-02-12 21:00:00,30.3167,78.0333,682.0,8.2,941.0,95.0,station_level_pressure
INM00042111,DEHRADUN,2023-02-13 00:00:00,30.3167,78.0333,682.0,6.6,939.5,97.0,station_level_pressure
INM00042111,DEHRADUN,2023-02-13 03:00:00,30.3167,78.0333,682.0,7.6,941.2,87.0,station_level_pressure
INM00042111,DEHRADUN,2023-02-13 06:00:00,30.3167,78.0333,682.0,20.0,941.5,35.0,station_level_pressure
INM00042111,DEHRADUN,2023-02-13 09:00:00,30.3167,78.0333,682.0,22.6,939.3,38.0,station_level_pressure
INM00042111,DEHRADUN,2023-02-13 12:00:00,30.3167,78.0333,682.0,20.0,938.7,54.0,station_level_pressure
INM00042111,DEHRADUN,2023-02-13 15:00:00,30.3167,78.0333,682.0,13.6,940.8,72.0,station_level_pressure
INM00042111,DEHRADUN,2023-02-13 18:00:00,30.3167,78.0333,682.0,10.0,941.8,90.0,station_level_pressure
INM00042111,DEHRADUN,2023-02-13 21:00:00,30.3167,78.0333,682.0,9.0,941.6,75.0,station_level_pressure
INM00042111,DEHRADUN,2023-02-14 00:00:00,30.3167,78.0333,682.0,7.7,941.4,90.0,station_level_pressure
INM00042111,DEHRADUN,2023-02-14 03:00:00,30.3167,78.0333,682.0,9.6,943.9,85.0,station_level_pressure
INM00042111,DEHRADUN,2023-02-14 06:00:00,30.3167,78.0333,682.0,20.0,945.1,50.0,station_level_pressure
INM00042111,DEHRADUN,2023-02-14 09:00:00,30.3167,78.0333,682.0,22.8,942.8,49.0,station_level_pressure
INM00042111,DEHRADUN,2023-02-14 12:00:00,30.3167,78.0333,682.0,20.6,941.5,58.0,station_level_pressure
INM00042111,DEHRADUN,2023-02-14 15:00:00,30.3167,78.0333,682.0,14.4,942.6,81.0,station_level_pressure
INM00042111,DEHRADUN,2023-02-14 18:00:00,30.3167,78.0333,682.0,11.7,941.5,91.0,station_level_pressure
INM00042111,DEHRADUN,2023-02-14 21:00:00,30.3167,78.0333,682.0,9.6,939.7,97.0,station_level_pressure
INM00042111,DEHRADUN,2023-02-15 00:00:00,30.3167,78.0333,682.0,9.0,938.8,97.0,station_level_pressure
INM00042111,DEHRADUN,2023-02-15 03:00:00,30.3167,78.0333,682.0,10.2,940.3,91.0,station_level_pressure
INM00042111,DEHRADUN,2023-02-15 06:00:00,30.3167,78.0333,682.0,21.0,941.8,54.0,station_level_pressure
INM00042111,DEHRADUN,2023-02-15 09:00:00,30.3167,78.0333,682.0,23.6,939.9,56.0,station_level_pressure
INM00042111,DEHRADUN,2023-02-15 12:00:00,30.3167,78.0333,682.0,21.6,940.0,59.0,station_level_pressure
INM00042111,DEHRADUN,2023-02-15 15:00:00,30.3167,78.0333,682.0,15.8,941.5,82.0,station_level_pressure
INM00042111,DEHRADUN,2023-02-15 18:00:00,30.3167,78.0333,682.0,12.7,942.3,92.0,station_level_pressure
INM00042111,DEHRADUN,2023-02-15 21:00:00,30.3167,78.0333,682.0,11.6,942.1,96.0,station_level_pressure
INM00042111,DEHRADUN,2023-02-16 00:00:00,30.3167,78.0333,682.0,11.2,942.4,97.0,station_level_pressure
INM00042111,DEHRADUN,2023-02-16 03:00:00,30.3167,78.0333,682.0,12.0,944.3,96.0,station_level_pressure
INM00042111,DEHRADUN,2023-02-16 06:00:00,30.3167,78.0333,682.0,23.0,944.0,56.0,station_level_pressure
INM00042111,DEHRADUN,2023-02-16 09:00:00,30.3167,78.0333,682.0,26.0,942.6,42.0,station_level_pressure
INM00042111,DEHRADUN,2023-02-16 12:00:00,30.3167,78.0333,682.0,23.6,942.4,58.0,station_level_pressure
INM00042111,DEHRADUN,2023-02-16 15:00:00,30.3167,78.0333,682.0,16.2,944.2,84.0,station_level_pressure
INM00042111,DEHRADUN,2023-02-16 18:00:00,30.3167,78.0333,682.0,14.0,944.0,89.0,station_level_pressure
INM00042111,DEHRADUN,2023-02-16 21:00:00,30.3167,78.0333,682.0,13.5,944.2,91.0,station_level_pressure
INM00042111,DEHRADUN,2023-02-17 00:00:00,30.3167,78.0333,682.0,12.6,944.0,91.0,station_level_pressure
INM00042111,DEHRADUN,2023-02-17 03:00:00,30.3167,78.0333,682.0,13.6,945.5,85.0,station_level_pressure
INM00042111,DEHRADUN,2023-02-17 06:00:00,30.3167,78.0333,682.0,22.5,946.4,57.0,station_level_pressure
INM00042111,DEHRADUN,2023-02-17 09:00:00,30.3167,78.0333,682.0,26.8,943.9,45.0,station_level_pressure
INM00042111,DEHRADUN,2023-02-17 12:00:00,30.3167,78.0333,682.0,23.7,943.4,60.0,station_level_pressure
INM00042111,DEHRADUN,2023-02-17 15:00:00,30.3167,78.0333,682.0,16.8,944.2,83.0,station_level_pressure
INM00042111,DEHRADUN,2023-02-17 18:00:00,30.3167,78.0333,682.0,14.6,944.2,91.0,station_level_pressure
INM00042111,DEHRADUN,2023-02-17 21:00:00,30.3167,78.0333,682.0,13.0,943.8,96.0,station_level_pressure
INM00042111,DEHRADUN,2023-02-18 00:00:00,30.3167,78.0333,682.0,11.7,942.8,96.0,station_level_pressure
INM00042111,DEHRADUN,2023-02-18 03:00:00,30.3167,78.0333,682.0,12.8,944.9,89.0,station_level_pressure
INM00042111,DEHRADUN,2023-02-18 06:00:00,30.3167,78.0333,682.0,24.2,945.6,47.0,station_level_pressure
INM00042111,DEHRADUN,2023-02-18 09:00:00,30.3167,78.0333,682.0,27.4,943.0,46.0,station_level_pressure
INM00042111,DEHRADUN,2023-02-18 12:00:00,30.3167,78.0333,682.0,25.0,941.9,56.0,station_level_pressure
INM00042111,DEHRADUN,2023-02-18 15:00:00,30.3167,78.0333,682.0,17.0,943.9,84.0,station_level_pressure
INM00042111,DEHRADUN,2023-02-18 18:00:00,30.3167,78.0333,682.0,15.0,944.3,90.0,station_level_pressure
INM00042111,DEHRADUN,2023-02-18 21:00:00,30.3167,78.0333,682.0,13.0,943.4,98.0,station_level_pressure
INM00042111,DEHRADUN,2023-02-19 00:00:00,30.3167,78.0333,682.0,12.6,942.8,97.0,station_level_pressure
INM00042111,DEHRADUN,2023-02-19 03:00:00,30.3167,78.0333,682.0,13.6,944.6,91.0,station_level_pressure
INM00042111,DEHRADUN,2023-02-19 06:00:00,30.3167,78.0333,682.0,24.2,944.7,56.0,station_level_pressure
INM00042111,DEHRADUN,2023-02-19 09:00:00,30.3167,78.0333,682.0,27.2,942.1,50.0,station_level_pressure
INM00042111,DEHRADUN,2023-02-19 12:00:00,30.3167,78.0333,682.0,24.6,941.4,65.0,station_level_pressure
INM00042111,DEHRADUN,2023-02-19 15:00:00,30.3167,78.0333,682.0,18.0,942.7,87.0,station_level_pressure
INM00042111,DEHRADUN,2023-02-19 18:00:00,30.3167,78.0333,682.0,16.0,942.5,90.0,station_level_pressure
INM00042111,DEHRADUN,2023-02-20 00:00:00,30.3167,78.0333,682.0,14.5,940.2,91.0,station_level_pressure
INM00042111,DEHRADUN,2023-02-20 03:00:00,30.3167,78.0333,682.0,14.8,941.5,94.0,station_level_pressure
INM00042111,DEHRADUN,2023-02-20 06:00:00,30.3167,78.0333,682.0,24.6,942.2,51.0,station_level_pressure
INM00042111,DEHRADUN,2023-02-20 09:00:00,30.3167,78.0333,682.0,28.2,942.9,45.0,station_level_pressure
INM00042111,DEHRADUN,2023-02-20 12:00:00,30.3167,78.0333,682.0,26.7,939.0,59.0,station_level_pressure
INM00042111,DEHRADUN,2023-02-20 15:00:00,30.3167,78.0333,682.0,19.4,940.2,78.0,station_level_pressure
INM00042111,DEHRADUN,2023-02-20 18:00:00,30.3167,78.0333,682.0,17.5,941.2,80.0,station_level_pressure
INM00042111,DEHRADUN,2023-02-20 21:00:00,30.3167,78.0333,682.0,15.4,940.1,90.0,station_level_pressure
INM00042111,DEHRADUN,2023-02-21 00:00:00,30.3167,78.0333,682.0,14.0,939.6,89.0,station_level_pressure
INM00042111,DEHRADUN,2023-02-21 03:00:00,30.3167,78.0333,682.0,15.4,941.1,84.0,station_level_pressure
INM00042111,DEHRADUN,2023-02-21 06:00:00,30.3167,78.0333,682.0,25.7,941.3,51.0,station_level_pressure
INM00042111,DEHRADUN,2023-02-21 09:00:00,30.3167,78.0333,682.0,29.0,939.0,47.0,station_level_pressure
INM00042111,DEHRADUN,2023-02-21 12:00:00,30.3167,78.0333,682.0,26.6,939.0,57.0,station_level_pressure
INM00042111,DEHRADUN,2023-02-21 15:00:00,30.3167,78.0333,682.0,20.0,939.8,86.0,station_level_pressure
INM00042111,DEHRADUN,2023-02-21 18:00:00,30.3167,78.0333,682.0,18.5,941.9,59.0,station_level_pressure
INM00042111,DEHRADUN,2023-02-21 21:00:00,30.3167,78.0333,682.0,15.0,941.0,76.0,station_level_pressure
INM00042111,DEHRADUN,2023-02-22 03:00:00,30.3167,78.0333,682.0,13.6,942.1,81.0,station_level_pressure
INM00042111,DEHRADUN,2023-02-22 06:00:00,30.3167,78.0333,682.0,22.6,942.5,52.0,station_level_pressure
INM00042111,DEHRADUN,2023-02-22 09:00:00,30.3167,78.0333,682.0,26.4,940.7,39.0,station_level_pressure
INM00042111,DEHRADUN,2023-02-22 12:00:00,30.3167,78.0333,682.0,23.2,940.2,48.0,station_level_pressure
INM00042111,DEHRADUN,2023-02-22 15:00:00,30.3167,78.0333,682.0,17.4,941.2,81.0,station_level_pressure
INM00042111,DEHRADUN,2023-02-22 18:00:00,30.3167,78.0333,682.0,17.5,941.2,80.0,station_level_pressure
INM00042111,DEHRADUN,2023-02-22 21:00:00,30.3167,78.0333,682.0,14.6,939.5,91.0,station_level_pressure
INM00042111,DEHRADUN,2023-02-23 00:00:00,30.3167,78.0333,682.0,11.7,939.0,94.0,station_level_pressure
INM00042111,DEHRADUN,2023-02-23 03:00:00,30.3167,78.0333,682.0,13.4,941.2,81.0,station_level_pressure
INM00042111,DEHRADUN,2023-02-23 06:00:00,30.3167,78.0333,682.0,25.0,940.9,48.0,station_level_pressure
INM00042111,DEHRADUN,2023-02-23 09:00:00,30.3167,78.0333,682.0,28.0,939.2,40.0,station_level_pressure
INM00042111,DEHRADUN,2023-02-23 12:00:00,30.3167,78.0333,682.0,25.0,939.1,52.0,station_level_pressure
INM00042111,DEHRADUN,2023-02-23 15:00:00,30.3167,78.0333,682.0,17.4,940.3,65.0,station_level_pressure
INM00042111,DEHRADUN,2023-02-23 18:00:00,30.3167,78.0333,682.0,14.5,942.0,81.0,station_level_pressure
INM00042111,DEHRADUN,2023-02-23 21:00:00,30.3167,78.0333,682.0,12.6,941.2,87.0,station_level_pressure
INM00042111,DEHRADUN,2023-02-24 00:00:00,30.3167,78.0333,682.0,11.6,940.9,93.0,station_level_pressure
INM00042111,DEHRADUN,2023-02-24 03:00:00,30.3167,78.0333,682.0,13.6,942.6,83.0,station_level_pressure
INM00042111,DEHRADUN,2023-02-24 06:00:00,30.3167,78.0333,682.0,25.0,943.5,40.0,station_level_pressure
INM00042111,DEHRADUN,2023-02-24 09:00:00,30.3167,78.0333,682.0,27.2,941.6,42.0,station_level_pressure
INM00042111,DEHRADUN,2023-02-24 12:00:00,30.3167,78.0333,682.0,24.6,941.2,47.0,station_level_pressure
INM00042111,DEHRADUN,2023-02-24 15:00:00,30.3167,78.0333,682.0,17.6,942.3,72.0,station_level_pressure
INM00042111,DEHRADUN,2023-02-24 18:00:00,30.3167,78.0333,682.0,14.7,942.0,80.0,station_level_pressure
INM00042111,DEHRADUN,2023-02-24 21:00:00,30.3167,78.0333,682.0,13.5,942.0,84.0,station_level_pressure
INM00042111,DEHRADUN,2023-02-25 00:00:00,30.3167,78.0333,682.0,12.6,942.2,84.0,station_level_pressure
INM00042111,DEHRADUN,2023-02-25 03:00:00,30.3167,78.0333,682.0,14.0,944.5,81.0,station_level_pressure
INM00042111,DEHRADUN,2023-02-25 06:00:00,30.3167,78.0333,682.0,24.7,946.4,44.0,station_level_pressure
INM00042111,DEHRADUN,2023-02-25 09:00:00,30.3167,78.0333,682.0,27.0,943.4,37.0,station_level_pressure
INM00042111,DEHRADUN,2023-02-25 12:00:00,30.3167,78.0333,682.0,24.7,943.4,47.0,station_level_pressure
INM00042111,DEHRADUN,2023-02-25 15:00:00,30.3167,78.0333,682.0,17.4,945.4,74.0,station_level_pressure
INM00042111,DEHRADUN,2023-02-25 18:00:00,30.3167,78.0333,682.0,15.0,944.6,86.0,station_level_pressure
INM00042111,DEHRADUN,2023-02-25 21:00:00,30.3167,78.0333,682.0,13.2,946.4,89.0,station_level_pressure
INM00042111,DEHRADUN,2023-02-26 00:00:00,30.3167,78.0333,682.0,12.7,946.0,92.0,station_level_pressure
INM00042111,DEHRADUN,2023-02-26 03:00:00,30.3167,78.0333,682.0,14.4,947.4,83.0,station_level_pressure
INM00042111,DEHRADUN,2023-02-26 06:00:00,30.3167,78.0333,682.0,25.0,949.1,49.0,station_level_pressure
INM00042111,DEHRADUN,2023-02-26 09:00:00,30.3167,78.0333,682.0,27.2,946.2,44.0,station_level_pressure
INM00042111,DEHRADUN,2023-02-26 12:00:00,30.3167,78.0333,682.0,24.6,946.0,49.0,station_level_pressure
INM00042111,DEHRADUN,2023-02-26 15:00:00,30.3167,78.0333,682.0,19.2,947.0,78.0,station_level_pressure
INM00042111,DEHRADUN,2023-02-26 18:00:00,30.3167,78.0333,682.0,15.0,946.8,83.0,station_level_pressure
INM00042111,DEHRADUN,2023-02-26 21:00:00,30.3167,78.0333,682.0,14.0,945.3,89.0,station_level_pressure
INM00042111,DEHRADUN,2023-02-27 00:00:00,30.3167,78.0333,682.0,12.7,945.1,92.0,station_level_pressure
INM00042111,DEHRADUN,2023-02-27 03:00:00,30.3167,78.0333,682.0,13.6,947.1,87.0,station_level_pressure
INM00042111,DEHRADUN,2023-02-27 06:00:00,30.3167,78.0333,682.0,25.0,948.4,46.0,station_level_pressure
INM00042111,DEHRADUN,2023-02-27 09:00:00,30.3167,78.0333,682.0,27.6,946.0,42.0,station_level_pressure
INM00042111,DEHRADUN,2023-02-27 12:00:00,30.3167,78.0333,682.0,24.5,945.1,43.0,station_level_pressure
INM00042111,DEHRADUN,2023-02-27 15:00:00,30.3167,78.0333,682.0,18.4,946.0,74.0,station_level_pressure
INM00042111,DEHRADUN,2023-02-27 18:00:00,30.3167,78.0333,682.0,16.5,945.5,84.0,station_level_pressure
INM00042111,DEHRADUN,2023-02-27 21:00:00,30.3167,78.0333,682.0,14.2,945.0,85.0,station_level_pressure
INM00042111,DEHRADUN,2023-02-28 00:00:00,30.3167,78.0333,682.0,12.6,945.2,94.0,station_level_pressure
INM00042111,DEHRADUN,2023-02-28 03:00:00,30.3167,78.0333,682.0,14.8,946.6,77.0,station_level_pressure
INM00042111,DEHRADUN,2023-02-28 06:00:00,30.3167,78.0333,682.0,25.2,948.6,47.0,station_level_pressure
INM00042111,DEHRADUN,2023-02-28 09:00:00,30.3167,78.0333,682.0,25.8,946.2,36.0,station_level_pressure
INM00042111,DEHRADUN,2023-02-28 12:00:00,30.3167,78.0333,682.0,24.2,945.4,40.0,station_level_pressure
INM00042111,DEHRADUN,2023-02-28 15:00:00,30.3167,78.0333,682.0,20.6,946.4,46.0,station_level_pressure
INM00042111,DEHRADUN,2023-02-28 18:00:00,30.3167,78.0333,682.0,16.7,947.2,72.0,station_level_pressure
INM00042111,DEHRADUN,2023-02-28 21:00:00,30.3167,78.0333,682.0,15.5,947.2,77.0,station_level_pressure
INM00042111,DEHRADUN,2023-03-01 00:00:00,30.3167,78.0333,682.0,14.6,947.0,81.0,station_level_pressure
INM00042111,DEHRADUN,2023-03-01 03:00:00,30.3167,78.0333,682.0,16.6,950.2,79.0,station_level_pressure
INM00042111,DEHRADUN,2023-03-01 06:00:00,30.3167,78.0333,682.0,25.5,951.7,47.0,station_level_pressure
INM00042111,DEHRADUN,2023-03-01 09:00:00,30.3167,78.0333,682.0,29.4,948.9,39.0,station_level_pressure
INM00042111,DEHRADUN,2023-03-01 12:00:00,30.3167,78.0333,682.0,25.6,947.5,44.0,station_level_pressure
INM00042111,DEHRADUN,2023-03-01 15:00:00,30.3167,78.0333,682.0,19.0,948.3,61.0,station_level_pressure
INM00042111,DEHRADUN,2023-03-01 18:00:00,30.3167,78.0333,682.0,16.0,948.5,76.0,station_level_pressure
INM00042111,DEHRADUN,2023-03-01 21:00:00,30.3167,78.0333,682.0,14.6,947.5,81.0,station_level_pressure
INM00042111,DEHRADUN,2023-03-02 00:00:00,30.3167,78.0333,682.0,13.5,947.0,82.0,station_level_pressure
INM00042111,DEHRADUN,2023-03-02 03:00:00,30.3167,78.0333,682.0,15.6,948.5,70.0,station_level_pressure
INM00042111,DEHRADUN,2023-03-02 06:00:00,30.3167,78.0333,682.0,26.7,948.7,38.0,station_level_pressure
INM00042111,DEHRADUN,2023-03-02 09:00:00,30.3167,78.0333,682.0,29.6,946.3,37.0,station_level_pressure
INM00042111,DEHRADUN,2023-03-02 12:00:00,30.3167,78.0333,682.0,25.7,945.7,46.0,station_level_pressure
INM00042111,DEHRADUN,2023-03-02 15:00:00,30.3167,78.0333,682.0,19.6,947.0,68.0,station_level_pressure
INM00042111,DEHRADUN,2023-03-02 18:00:00,30.3167,78.0333,682.0,17.0,948.2,82.0,station_level_pressure
INM00042111,DEHRADUN,2023-03-02 21:00:00,30.3167,78.0333,682.0,15.0,947.0,87.0,station_level_pressure
INM00042111,DEHRADUN,2023-03-03 09:00:00,30.3167,78.0333,682.0,29.6,946.1,38.0,station_level_pressure
INM00042111,DEHRADUN,2023-03-03 12:00:00,30.3167,78.0333,682.0,25.6,945.2,47.0,station_level_pressure
INM00042111,DEHRADUN,2023-03-03 15:00:00,30.3167,78.0333,682.0,19.4,946.2,72.0,station_level_pressure
INM00042111,DEHRADUN,2023-03-03 18:00:00,30.3167,78.0333,682.0,17.2,946.5,77.0,station_level_pressure
INM00042111,DEHRADUN,2023-03-03 21:00:00,30.3167,78.0333,682.0,16.6,946.0,78.0,station_level_pressure
INM00042111,DEHRADUN,2023-03-04 00:00:00,30.3167,78.0333,682.0,14.6,947.0,87.0,station_level_pressure
INM00042111,DEHRADUN,2023-03-04 03:00:00,30.3167,78.0333,682.0,16.6,948.2,80.0,station_level_pressure
INM00042111,DEHRADUN,2023-03-04 06:00:00,30.3167,78.0333,682.0,26.7,948.7,45.0,station_level_pressure
INM00042111,DEHRADUN,2023-03-04 09:00:00,30.3167,78.0333,682.0,29.0,945.8,39.0,station_level_pressure
INM00042111,DEHRADUN,2023-03-04 12:00:00,30.3167,78.0333,682.0,26.0,945.1,44.0,station_level_pressure
INM00042111,DEHRADUN,2023-03-04 15:00:00,30.3167,78.0333,682.0,19.7,947.0,69.0,station_level_pressure
INM00042111,DEHRADUN,2023-03-04 18:00:00,30.3167,78.0333,682.0,16.5,947.5,82.0,station_level_pressure
INM00042111,DEHRADUN,2023-03-04 21:00:00,30.3167,78.0333,682.0,15.0,946.6,87.0,station_level_pressure
INM00042111,DEHRADUN,2023-03-05 00:00:00,30.3167,78.0333,682.0,14.6,946.0,90.0,station_level_pressure
INM00042111,DEHRADUN,2023-03-05 03:00:00,30.3167,78.0333,682.0,16.8,947.3,77.0,station_level_pressure
INM00042111,DEHRADUN,2023-03-05 06:00:00,30.3167,78.0333,682.0,25.7,949.3,47.0,station_level_pressure
INM00042111,DEHRADUN,2023-03-05 09:00:00,30.3167,78.0333,682.0,29.0,944.7,40.0,station_level_pressure
INM00042111,DEHRADUN,2023-03-05 12:00:00,30.3167,78.0333,682.0,25.6,944.9,46.0,station_level_pressure
INM00042111,DEHRADUN,2023-03-05 15:00:00,30.3167,78.0333,682.0,19.4,945.4,68.0,station_level_pressure
INM00042111,DEHRADUN,2023-03-05 18:00:00,30.3167,78.0333,682.0,16.7,946.2,79.0,station_level_pressure
INM00042111,DEHRADUN,2023-03-05 21:00:00,30.3167,78.0333,682.0,15.0,945.0,81.0,station_level_pressure
INM00042111,DEHRADUN,2023-03-06 00:00:00,30.3167,78.0333,682.0,13.6,944.0,85.0,station_level_pressure
INM00042111,DEHRADUN,2023-03-06 03:00:00,30.3167,78.0333,682.0,15.6,945.5,74.0,station_level_pressure
INM00042111,DEHRADUN,2023-03-06 06:00:00,30.3167,78.0333,682.0,26.0,945.4,42.0,station_level_pressure
INM00042111,DEHRADUN,2023-03-06 09:00:00,30.3167,78.0333,682.0,28.6,942.7,40.0,station_level_pressure
INM00042111,DEHRADUN,2023-03-06 12:00:00,30.3167,78.0333,682.0,25.0,941.6,49.0,station_level_pressure
INM00042111,DEHRADUN,2023-03-06 15:00:00,30.3167,78.0333,682.0,19.6,942.1,73.0,station_level_pressure
INM00042111,DEHRADUN,2023-03-06 18:00:00,30.3167,78.0333,682.0,16.7,943.1,81.0,station_level_pressure
INM00042111,DEHRADUN,2023-03-06 21:00:00,30.3167,78.0333,682.0,15.0,943.0,83.0,station_level_pressure
INM00042111,DEHRADUN,2023-03-07 00:00:00,30.3167,78.0333,682.0,14.0,943.0,89.0,station_level_pressure
INM00042111,DEHRADUN,2023-03-07 03:00:00,30.3167,78.0333,682.0,15.8,944.5,86.0,station_level_pressure
INM00042111,DEHRADUN,2023-03-07 06:00:00,30.3167,78.0333,682.0,25.2,945.3,46.0,station_level_pressure
INM00042111,DEHRADUN,2023-03-07 09:00:00,30.3167,78.0333,682.0,28.8,944.1,45.0,station_level_pressure
INM00042111,DEHRADUN,2023-03-07 12:00:00,30.3167,78.0333,682.0,26.5,942.3,50.0,station_level_pressure
INM00042111,DEHRADUN,2023-03-07 15:00:00,30.3167,78.0333,682.0,19.8,943.0,74.0,station_level_pressure
INM00042111,DEHRADUN,2023-03-07 18:00:00,30.3167,78.0333,682.0,17.5,944.0,79.0,station_level_pressure
INM00042111,DEHRADUN,2023-03-07 21:00:00,30.3167,78.0333,682.0,16.2,945.0,86.0,station_level_pressure
INM00042111,DEHRADUN,2023-03-08 00:00:00,30.3167,78.0333,682.0,15.0,945.0,90.0,station_level_pressure
INM00042111,DEHRADUN,2023-03-08 03:00:00,30.3167,78.0333,682.0,16.8,946.0,86.0,station_level_pressure
INM00042111,DEHRADUN,2023-03-08 06:00:00,30.3167,78.0333,682.0,25.6,946.8,48.0,station_level_pressure
INM00042111,DEHRADUN,2023-03-08 09:00:00,30.3167,78.0333,682.0,27.4,943.7,46.0,station_level_pressure
INM00042111,DEHRADUN,2023-03-08 12:00:00,30.3167,78.0333,682.0,26.0,943.6,49.0,station_level_pressure
INM00042111,DEHRADUN,2023-03-08 15:00:00,30.3167,78.0333,682.0,20.2,945.6,66.0,station_level_pressure
INM00042111,DEHRADUN,2023-03-08 18:00:00,30.3167,78.0333,682.0,17.0,946.0,75.0,station_level_pressure
INM00042111,DEHRADUN,2023-03-08 21:00:00,30.3167,78.0333,682.0,15.0,945.1,83.0,station_level_pressure
INM00042111,DEHRADUN,2023-03-09 00:00:00,30.3167,78.0333,682.0,14.0,944.9,85.0,station_level_pressure
INM00042111,DEHRADUN,2023-03-09 03:00:00,30.3167,78.0333,682.0,15.8,946.1,78.0,station_level_pressure
INM00042111,DEHRADUN,2023-03-09 06:00:00,30.3167,78.0333,682.0,25.0,947.0,37.0,station_level_pressure
INM00042111,DEHRADUN,2023-03-09 09:00:00,30.3167,78.0333,682.0,28.2,944.4,26.0,station_level_pressure
INM00042111,DEHRADUN,2023-03-09 12:00:00,30.3167,78.0333,682.0,25.7,943.6,43.0,station_level_pressure
INM00042111,DEHRADUN,2023-03-09 15:00:00,30.3167,78.0333,682.0,19.6,944.0,70.0,station_level_pressure
INM00042111,DEHRADUN,2023-03-09 18:00:00,30.3167,78.0333,682.0,17.5,945.0,75.0,station_level_pressure
INM00042111,DEHRADUN,2023-03-09 21:00:00,30.3167,78.0333,682.0,16.0,943.5,78.0,station_level_pressure
INM00042111,DEHRADUN,2023-03-10 00:00:00,30.3167,78.0333,682.0,14.2,943.0,85.0,station_level_pressure
INM00042111,DEHRADUN,2023-03-10 03:00:00,30.3167,78.0333,682.0,16.4,944.0,78.0,station_level_pressure
INM00042111,DEHRADUN,2023-03-10 06:00:00,30.3167,78.0333,682.0,27.5,945.1,41.0,station_level_pressure
INM00042111,DEHRADUN,2023-03-10 09:00:00,30.3167,78.0333,682.0,29.0,942.4,42.0,station_level_pressure
INM00042111,DEHRADUN,2023-03-10 12:00:00,30.3167,78.0333,682.0,27.0,941.1,45.0,station_level_pressure
INM00042111,DEHRADUN,2023-03-10 15:00:00,30.3167,78.0333,682.0,20.8,942.0,73.0,station_level_pressure
INM00042111,DEHRADUN,2023-03-10 18:00:00,30.3167,78.0333,682.0,18.5,944.1,81.0,station_level_pressure
INM00042111,DEHRADUN,2023-03-10 21:00:00,30.3167,78.0333,682.0,16.8,943.4,84.0,station_level_pressure
INM00042111,DEHRADUN,2023-03-11 00:00:00,30.3167,78.0333,682.0,15.6,943.2,88.0,station_level_pressure
INM00042111,DEHRADUN,2023-03-11 03:00:00,30.3167,78.0333,682.0,17.2,945.5,83.0,station_level_pressure
INM00042111,DEHRADUN,2023-03-11 06:00:00,30.3167,78.0333,682.0,27.2,945.2,44.0,station_level_pressure
INM00042111,DEHRADUN,2023-03-11 09:00:00,30.3167,78.0333,682.0,29.2,943.0,41.0,station_level_pressure
INM00042111,DEHRADUN,2023-03-11 12:00:00,30.3167,78.0333,682.0,27.0,942.0,49.0,station_level_pressure
INM00042111,DEHRADUN,2023-03-11 15:00:00,30.3167,78.0333,682.0,22.2,943.1,73.0,station_level_pressure
INM00042111,DEHRADUN,2023-03-11 18:00:00,30.3167,78.0333,682.0,19.6,943.8,82.0,station_level_pressure
INM00042111,DEHRADUN,2023-03-11 21:00:00,30.3167,78.0333,682.0,17.6,943.1,88.0,station_level_pressure
INM00042111,DEHRADUN,2023-03-12 00:00:00,30.3167,78.0333,682.0,16.2,942.5,94.0,station_level_pressure
INM00042111,DEHRADUN,2023-03-12 03:00:00,30.3167,78.0333,682.0,19.0,944.2,82.0,station_level_pressure
INM00042111,DEHRADUN,2023-03-12 06:00:00,30.3167,78.0333,682.0,27.0,945.3,50.0,station_level_pressure
INM00042111,DEHRADUN,2023-03-12 09:00:00,30.3167,78.0333,682.0,28.6,942.8,44.0,station_level_pressure
INM00042111,DEHRADUN,2023-03-12 12:00:00,30.3167,78.0333,682.0,26.6,941.8,51.0,station_level_pressure
INM00042111,DEHRADUN,2023-03-12 15:00:00,30.3167,78.0333,682.0,21.8,942.2,76.0,station_level_pressure
INM00042111,DEHRADUN,2023-03-12 18:00:00,30.3167,78.0333,682.0,20.0,943.0,82.0,station_level_pressure
INM00042111,DEHRADUN,2023-03-12 21:00:00,30.3167,78.0333,682.0,18.2,942.0,87.0,station_level_pressure
INM00042111,DEHRADUN,2023-03-13 00:00:00,30.3167,78.0333,682.0,16.7,942.0,89.0,station_level_pressure
INM00042111,DEHRADUN,2023-03-13 03:00:00,30.3167,78.0333,682.0,18.8,943.0,80.0,station_level_pressure
INM00042111,DEHRADUN,2023-03-13 06:00:00,30.3167,78.0333,682.0,26.0,944.5,53.0,station_level_pressure
INM00042111,DEHRADUN,2023-03-13 09:00:00,30.3167,78.0333,682.0,28.0,941.5,41.0,station_level_pressure
INM00042111,DEHRADUN,2023-03-13 12:00:00,30.3167,78.0333,682.0,27.2,940.0,48.0,station_level_pressure
INM00042111,DEHRADUN,2023-03-13 15:00:00,30.3167,78.0333,682.0,18.2,940.4,92.0,station_level_pressure
INM00042111,DEHRADUN,2023-03-13 18:00:00,30.3167,78.0333,682.0,18.7,941.5,84.0,station_level_pressure
INM00042111,DEHRADUN,2023-03-13 21:00:00,30.3167,78.0333,682.0,16.6,940.1,88.0,station_level_pressure
INM00042111,DEHRADUN,2023-03-14 00:00:00,30.3167,78.0333,682.0,16.0,939.9,88.0,station_level_pressure
INM00042111,DEHRADUN,2023-03-14 03:00:00,30.3167,78.0333,682.0,17.8,941.2,70.0,station_level_pressure
INM00042111,DEHRADUN,2023-03-14 06:00:00,30.3167,78.0333,682.0,26.7,940.9,41.0,station_level_pressure
INM00042111,DEHRADUN,2023-03-14 09:00:00,30.3167,78.0333,682.0,30.0,937.8,31.0,station_level_pressure
INM00042111,DEHRADUN,2023-03-14 12:00:00,30.3167,78.0333,682.0,26.6,937.1,47.0,station_level_pressure
INM00042111,DEHRADUN,2023-03-14 15:00:00,30.3167,78.0333,682.0,22.4,937.1,69.0,station_level_pressure
INM00042111,DEHRADUN,2023-03-14 18:00:00,30.3167,78.0333,682.0,19.5,937.5,74.0,station_level_pressure
INM00042111,DEHRADUN,2023-03-14 21:00:00,30.3167,78.0333,682.0,17.7,937.3,80.0,station_level_pressure
INM00042111,DEHRADUN,2023-03-15 00:00:00,30.3167,78.0333,682.0,15.2,938.4,86.0,station_level_pressure
INM00042111,DEHRADUN,2023-03-15 03:00:00,30.3167,78.0333,682.0,18.0,939.9,70.0,station_level_pressure
INM00042111,DEHRADUN,2023-03-15 06:00:00,30.3167,78.0333,682.0,27.6,940.5,42.0,station_level_pressure
INM00042111,DEHRADUN,2023-03-15 09:00:00,30.3167,78.0333,682.0,29.0,938.3,38.0,station_level_pressure
INM00042111,DEHRADUN,2023-03-15 12:00:00,30.3167,78.0333,682.0,23.5,938.0,52.0,station_level_pressure
INM00042111,DEHRADUN,2023-03-15 15:00:00,30.3167,78.0333,682.0,20.6,939.5,66.0,station_level_pressure
INM00042111,DEHRADUN,2023-03-15 18:00:00,30.3167,78.0333,682.0,19.6,938.3,72.0,station_level_pressure
INM00042111,DEHRADUN,2023-03-15 21:00:00,30.3167,78.0333,682.0,16.6,938.0,80.0,station_level_pressure
INM00042111,DEHRADUN,2023-03-16 00:00:00,30.3167,78.0333,682.0,16.0,938.2,84.0,station_level_pressure
INM00042111,DEHRADUN,2023-03-16 03:00:00,30.3167,78.0333,682.0,18.0,941.0,72.0,station_level_pressure
INM00042111,DEHRADUN,2023-03-16 06:00:00,30.3167,78.0333,682.0,26.0,938.6,44.0,station_level_pressure
INM00042111,DEHRADUN,2023-03-16 09:00:00,30.3167,78.0333,682.0,29.4,939.6,35.0,station_level_pressure
INM00042111,DEHRADUN,2023-03-16 12:00:00,30.3167,78.0333,682.0,24.2,939.1,49.0,station_level_pressure
INM00042111,DEHRADUN,2023-03-16 15:00:00,30.3167,78.0333,682.0,20.6,940.1,54.0,station_level_pressure
INM00042111,DEHRADUN,2023-03-16 18:00:00,30.3167,78.0333,682.0,17.2,942.0,75.0,station_level_pressure
INM00042111,DEHRADUN,2023-03-16 21:00:00,30.3167,78.0333,682.0,16.0,941.5,71.0,station_level_pressure
INM00042111,DEHRADUN,2023-03-17 00:00:00,30.3167,78.0333,682.0,16.5,941.9,72.0,station_level_pressure
INM00042111,DEHRADUN,2023-03-17 03:00:00,30.3167,78.0333,682.0,18.4,943.2,67.0,station_level_pressure
INM00042111,DEHRADUN,2023-03-17 06:00:00,30.3167,78.0333,682.0,26.7,943.1,38.0,station_level_pressure
INM00042111,DEHRADUN,2023-03-17 09:00:00,30.3167,78.0333,682.0,30.0,940.0,31.0,station_level_pressure
INM00042111,DEHRADUN,2023-03-17 12:00:00,30.3167,78.0333,682.0,21.6,939.0,52.0,station_level_pressure
INM00042111,DEHRADUN,2023-03-17 15:00:00,30.3167,78.0333,682.0,17.6,941.1,88.0,station_level_pressure
INM00042111,DEHRADUN,2023-03-17 18:00:00,30.3167,78.0333,682.0,16.0,942.3,88.0,station_level_pressure
INM00042111,DEHRADUN,2023-03-17 21:00:00,30.3167,78.0333,682.0,16.0,942.3,88.0,station_level_pressure
INM00042111,DEHRADUN,2023-03-18 00:00:00,30.3167,78.0333,682.0,15.5,940.7,95.0,station_level_pressure
INM00042111,DEHRADUN,2023-03-18 03:00:00,30.3167,78.0333,682.0,15.0,943.9,99.0,station_level_pressure
INM00042111,DEHRADUN,2023-03-18 06:00:00,30.3167,78.0333,682.0,15.7,944.0,96.0,station_level_pressure
INM00042111,DEHRADUN,2023-03-18 09:00:00,30.3167,78.0333,682.0,19.0,940.0,89.0,station_level_pressure
INM00042111,DEHRADUN,2023-03-18 18:00:00,30.3167,78.0333,682.0,15.0,940.0,90.0,station_level_pressure
INM00042111,DEHRADUN,2023-03-18 21:00:00,30.3167,78.0333,682.0,14.7,938.5,88.0,station_level_pressure
INM00042111,DEHRADUN,2023-03-19 00:00:00,30.3167,78.0333,682.0,14.5,938.3,89.0,station_level_pressure
INM00042111,DEHRADUN,2023-03-19 03:00:00,30.3167,78.0333,682.0,15.4,939.9,91.0,station_level_pressure
INM00042111,DEHRADUN,2023-03-19 06:00:00,30.3167,78.0333,682.0,22.7,940.1,55.0,station_level_pressure
INM00042111,DEHRADUN,2023-03-19 09:00:00,30.3167,78.0333,682.0,26.0,937.6,46.0,station_level_pressure
INM00042111,DEHRADUN,2023-03-19 12:00:00,30.3167,78.0333,682.0,23.5,936.2,51.0,station_level_pressure
INM00042111,DEHRADUN,2023-03-19 15:00:00,30.3167,78.0333,682.0,18.4,937.4,69.0,station_level_pressure
INM00042111,DEHRADUN,2023-03-19 18:00:00,30.3167,78.0333,682.0,16.5,938.0,84.0,station_level_pressure
INM00042111,DEHRADUN,2023-03-19 21:00:00,30.3167,78.0333,682.0,15.0,937.4,91.0,station_level_pressure
INM00042111,DEHRADUN,2023-03-20 00:00:00,30.3167,78.0333,682.0,15.0,936.8,90.0,station_level_pressure
INM00042111,DEHRADUN,2023-03-20 03:00:00,30.3167,78.0333,682.0,16.8,938.0,81.0,station_level_pressure
INM00042111,DEHRADUN,2023-03-20 06:00:00,30.3167,78.0333,682.0,23.6,938.5,57.0,station_level_pressure
INM00042111,DEHRADUN,2023-03-20 09:00:00,30.3167,78.0333,682.0,19.7,937.2,67.0,station_level_pressure
INM00042111,DEHRADUN,2023-03-20 12:00:00,30.3167,78.0333,682.0,18.5,936.1,77.0,station_level_pressure
INM00042111,DEHRADUN,2023-03-20 15:00:00,30.3167,78.0333,682.0,15.8,937.7,92.0,station_level_pressure
INM00042111,DEHRADUN,2023-03-20 18:00:00,30.3167,78.0333,682.0,15.6,937.1,94.0,station_level_pressure
INM00042111,DEHRADUN,2023-03-20 21:00:00,30.3167,78.0333,682.0,15.4,936.7,96.0,station_level_pressure
INM00042111,DEHRADUN,2023-03-21 00:00:00,30.3167,78.0333,682.0,14.2,936.2,97.0,station_level_pressure
INM00042111,DEHRADUN,2023-03-21 03:00:00,30.3167,78.0333,682.0,14.4,936.9,100.0,station_level_pressure
INM00042111,DEHRADUN,2023-03-21 06:00:00,30.3167,78.0333,682.0,15.5,939.9,95.0,station_level_pressure
INM00042111,DEHRADUN,2023-03-21 09:00:00,30.3167,78.0333,682.0,17.6,938.5,83.0,station_level_pressure
INM00042111,DEHRADUN,2023-03-21 12:00:00,30.3167,78.0333,682.0,18.6,937.6,71.0,station_level_pressure
INM00042111,DEHRADUN,2023-03-21 15:00:00,30.3167,78.0333,682.0,15.2,938.7,94.0,station_level_pressure
INM00042111,DEHRADUN,2023-03-21 18:00:00,30.3167,78.0333,682.0,13.6,939.1,96.0,station_level_pressure
INM00042111,DEHRADUN,2023-03-21 21:00:00,30.3167,78.0333,682.0,12.7,938.5,98.0,station_level_pressure
INM00042111,DEHRADUN,2023-03-22 00:00:00,30.3167,78.0333,682.0,12.5,938.0,97.0,station_level_pressure
INM00042111,DEHRADUN,2023-03-22 03:00:00,30.3167,78.0333,682.0,14.6,940.5,90.0,station_level_pressure
INM00042111,DEHRADUN,2023-03-22 06:00:00,30.3167,78.0333,682.0,22.5,941.1,54.0,station_level_pressure
INM00042111,DEHRADUN,2023-03-22 09:00:00,30.3167,78.0333,682.0,25.0,938.5,52.0,station_level_pressure
INM00042111,DEHRADUN,2023-03-22 12:00:00,30.3167,78.0333,682.0,23.6,936.1,57.0,station_level_pressure
INM00042111,DEHRADUN,2023-03-22 15:00:00,30.3167,78.0333,682.0,18.8,936.9,83.0,station_level_pressure
INM00042111,DEHRADUN,2023-03-22 18:00:00,30.3167,78.0333,682.0,16.6,938.7,88.0,station_level_pressure
INM00042111,DEHRADUN,2023-03-22 21:00:00,30.3167,78.0333,682.0,15.2,937.6,94.0,station_level_pressure
INM00042111,DEHRADUN,2023-03-23 00:00:00,30.3167,78.0333,682.0,13.6,936.9,93.0,station_level_pressure
INM00042111,DEHRADUN,2023-03-23 03:00:00,30.3167,78.0333,682.0,16.0,938.5,88.0,station_level_pressure
INM00042111,DEHRADUN,2023-03-23 06:00:00,30.3167,78.0333,682.0,24.6,939.1,47.0,station_level_pressure
INM00042111,DEHRADUN,2023-03-23 09:00:00,30.3167,78.0333,682.0,27.4,937.0,49.0,station_level_pressure
INM00042111,DEHRADUN,2023-03-23 12:00:00,30.3167,78.0333,682.0,25.6,935.6,54.0,station_level_pressure
INM00042111,DEHRADUN,2023-03-23 15:00:00,30.3167,78.0333,682.0,20.0,937.7,74.0,station_level_pressure
INM00042111,DEHRADUN,2023-03-23 18:00:00,30.3167,78.0333,682.0,17.5,937.2,86.0,station_level_pressure
INM00042111,DEHRADUN,2023-03-23 21:00:00,30.3167,78.0333,682.0,16.4,936.4,90.0,station_level_pressure
INM00042111,DEHRADUN,2023-03-24 00:00:00,30.3167,78.0333,682.0,15.0,936.1,94.0,station_level_pressure
INM00042111,DEHRADUN,2023-03-24 03:00:00,30.3167,78.0333,682.0,17.8,938.1,83.0,station_level_pressure
INM00042111,DEHRADUN,2023-03-24 06:00:00,30.3167,78.0333,682.0,26.6,940.6,39.0,station_level_pressure
INM00042111,DEHRADUN,2023-03-24 09:00:00,30.3167,78.0333,682.0,22.4,940.2,60.0,station_level_pressure
INM00042111,DEHRADUN,2023-03-24 12:00:00,30.3167,78.0333,682.0,23.7,938.1,53.0,station_level_pressure
INM00042111,DEHRADUN,2023-03-24 15:00:00,30.3167,78.0333,682.0,19.8,938.5,75.0,station_level_pressure
INM00042111,DEHRADUN,2023-03-24 18:00:00,30.3167,78.0333,682.0,17.2,939.2,88.0,station_level_pressure
INM00042111,DEHRADUN,2023-03-24 21:00:00,30.3167,78.0333,682.0,16.6,941.1,96.0,station_level_pressure
INM00042111,DEHRADUN,2023-03-25 00:00:00,30.3167,78.0333,682.0,15.6,938.2,91.0,station_level_pressure
INM00042111,DEHRADUN,2023-03-25 03:00:00,30.3167,78.0333,682.0,17.8,940.0,86.0,station_level_pressure
INM00042111,DEHRADUN,2023-03-25 06:00:00,30.3167,78.0333,682.0,20.7,942.7,73.0,station_level_pressure
INM00042111,DEHRADUN,2023-03-25 09:00:00,30.3167,78.0333,682.0,24.0,941.8,61.0,station_level_pressure
INM00042111,DEHRADUN,2023-03-25 12:00:00,30.3167,78.0333,682.0,25.6,940.0,60.0,station_level_pressure
INM00042111,DEHRADUN,2023-03-25 15:00:00,30.3167,78.0333,682.0,21.0,940.1,81.0,station_level_pressure
INM00042111,DEHRADUN,2023-03-25 18:00:00,30.3167,78.0333,682.0,16.0,942.4,80.0,station_level_pressure
INM00042111,DEHRADUN,2023-03-25 21:00:00,30.3167,78.0333,682.0,16.4,942.2,73.0,station_level_pressure
INM00042111,DEHRADUN,2023-03-26 00:00:00,30.3167,78.0333,682.0,13.6,941.0,93.0,station_level_pressure
INM00042111,DEHRADUN,2023-03-26 03:00:00,30.3167,78.0333,682.0,17.0,941.3,73.0,station_level_pressure
INM00042111,DEHRADUN,2023-03-26 06:00:00,30.3167,78.0333,682.0,25.0,941.2,49.0,station_level_pressure
INM00042111,DEHRADUN,2023-03-26 09:00:00,30.3167,78.0333,682.0,26.2,939.0,41.0,station_level_pressure
INM00042111,DEHRADUN,2023-03-26 12:00:00,30.3167,78.0333,682.0,25.5,937.2,48.0,station_level_pressure
INM00042111,DEHRADUN,2023-03-26 15:00:00,30.3167,78.0333,682.0,19.4,938.5,73.0,station_level_pressure
INM00042111,DEHRADUN,2023-03-26 18:00:00,30.3167,78.0333,682.0,15.6,938.7,88.0,station_level_pressure
INM00042111,DEHRADUN,2023-03-26 21:00:00,30.3167,78.0333,682.0,14.2,938.1,91.0,station_level_pressure
INM00042111,DEHRADUN,2023-03-27 00:00:00,30.3167,78.0333,682.0,13.5,937.3,93.0,station_level_pressure
INM00042111,DEHRADUN,2023-03-27 03:00:00,30.3167,78.0333,682.0,16.8,939.2,78.0,station_level_pressure
INM00042111,DEHRADUN,2023-03-27 06:00:00,30.3167,78.0333,682.0,26.0,940.2,38.0,station_level_pressure
INM00042111,DEHRADUN,2023-03-27 09:00:00,30.3167,78.0333,682.0,27.0,938.2,43.0,station_level_pressure
INM00042111,DEHRADUN,2023-03-27 12:00:00,30.3167,78.0333,682.0,25.6,937.8,46.0,station_level_pressure
INM00042111,DEHRADUN,2023-03-27 15:00:00,30.3167,78.0333,682.0,19.8,939.2,67.0,station_level_pressure
INM00042111,DEHRADUN,2023-03-27 18:00:00,30.3167,78.0333,682.0,18.0,940.0,74.0,station_level_pressure
INM00042111,DEHRADUN,2023-03-28 00:00:00,30.3167,78.0333,682.0,14.5,937.0,93.0,station_level_pressure
INM00042111,DEHRADUN,2023-03-28 03:00:00,30.3167,78.0333,682.0,17.6,938.0,81.0,station_level_pressure
INM00042111,DEHRADUN,2023-03-28 06:00:00,30.3167,78.0333,682.0,25.2,939.8,39.0,station_level_pressure
INM00042111,DEHRADUN,2023-03-28 09:00:00,30.3167,78.0333,682.0,27.8,938.8,47.0,station_level_pressure
INM00042111,DEHRADUN,2023-03-28 12:00:00,30.3167,78.0333,682.0,27.2,938.0,48.0,station_level_pressure
INM00042111,DEHRADUN,2023-03-28 15:00:00,30.3167,78.0333,682.0,20.2,939.2,72.0,station_level_pressure
INM00042111,DEHRADUN,2023-03-28 18:00:00,30.3167,78.0333,682.0,16.7,940.5,83.0,station_level_pressure
INM00042111,DEHRADUN,2023-03-28 21:00:00,30.3167,78.0333,682.0,15.0,939.8,90.0,station_level_pressure
INM00042111,DEHRADUN,2023-03-29 00:00:00,30.3167,78.0333,682.0,14.2,939.4,91.0,station_level_pressure
INM00042111,DEHRADUN,2023-03-29 03:00:00,30.3167,78.0333,682.0,18.4,938.7,74.0,station_level_pressure
INM00042111,DEHRADUN,2023-03-29 06:00:00,30.3167,78.0333,682.0,26.6,942.4,48.0,station_level_pressure
INM00042111,DEHRADUN,2023-03-29 09:00:00,30.3167,78.0333,682.0,29.4,939.0,43.0,station_level_pressure
INM00042111,DEHRADUN,2023-03-29 12:00:00,30.3167,78.0333,682.0,26.0,938.0,48.0,station_level_pressure
INM00042111,DEHRADUN,2023-03-29 15:00:00,30.3167,78.0333,682.0,21.4,939.2,67.0,station_level_pressure
INM00042111,DEHRADUN,2023-03-29 18:00:00,30.3167,78.0333,682.0,17.7,939.8,78.0,station_level_pressure
INM00042111,DEHRADUN,2023-03-30 00:00:00,30.3167,78.0333,682.0,15.5,938.0,85.0,station_level_pressure
INM00042111,DEHRADUN,2023-03-30 03:00:00,30.3167,78.0333,682.0,19.4,939.1,73.0,station_level_pressure
INM00042111,DEHRADUN,2023-03-30 06:00:00,30.3167,78.0333,682.0,27.7,939.3,42.0,station_level_pressure
INM00042111,DEHRADUN,2023-03-30 09:00:00,30.3167,78.0333,682.0,31.0,936.7,61.0,station_level_pressure
INM00042111,DEHRADUN,2023-03-30 12:00:00,30.3167,78.0333,682.0,28.6,934.8,68.0,station_level_pressure
INM00042111,DEHRADUN,2023-03-30 15:00:00,30.3167,78.0333,682.0,22.6,937.4,71.0,station_level_pressure
INM00042111,DEHRADUN,2023-03-30 18:00:00,30.3167,78.0333,682.0,16.2,938.5,98.0,station_level_pressure
INM00042111,DEHRADUN,2023-03-31 00:00:00,30.3167,78.0333,682.0,17.5,936.2,98.0,station_level_pressure
INM00042111,DEHRADUN,2023-03-31 03:00:00,30.3167,78.0333,682.0,15.6,936.5,98.0,station_level_pressure
INM00042111,DEHRADUN,2023-03-31 06:00:00,30.3167,78.0333,682.0,16.2,940.1,98.0,station_level_pressure
INM00042111,DEHRADUN,2023-03-31 09:00:00,30.3167,78.0333,682.0,15.6,939.2,98.0,station_level_pressure
INM00042111,DEHRADUN,2023-03-31 12:00:00,30.3167,78.0333,682.0,18.0,937.5,96.0,station_level_pressure
INM00042111,DEHRADUN,2023-03-31 15:00:00,30.3167,78.0333,682.0,15.6,937.1,96.0,station_level_pressure
INM00042111,DEHRADUN,2023-03-31 18:00:00,30.3167,78.0333,682.0,14.5,939.0,97.0,station_level_pressure
INM00042111,DEHRADUN,2023-03-31 21:00:00,30.3167,78.0333,682.0,14.0,938.6,97.0,station_level_pressure
INM00042111,DEHRADUN,2023-04-01 00:00:00,30.3167,78.0333,682.0,13.6,938.5,97.0,station_level_pressure
INM00042111,DEHRADUN,2023-04-01 03:00:00,30.3167,78.0333,682.0,15.0,940.3,94.0,station_level_pressure
INM00042111,DEHRADUN,2023-04-01 06:00:00,30.3167,78.0333,682.0,23.0,940.5,56.0,station_level_pressure
INM00042111,DEHRADUN,2023-04-01 09:00:00,30.3167,78.0333,682.0,25.2,938.5,55.0,station_level_pressure
INM00042111,DEHRADUN,2023-04-01 12:00:00,30.3167,78.0333,682.0,21.0,937.4,63.0,station_level_pressure
INM00042111,DEHRADUN,2023-04-01 15:00:00,30.3167,78.0333,682.0,17.8,937.5,88.0,station_level_pressure
INM00042111,DEHRADUN,2023-04-01 18:00:00,30.3167,78.0333,682.0,16.7,939.6,99.0,station_level_pressure
INM00042111,DEHRADUN,2023-04-01 21:00:00,30.3167,78.0333,682.0,14.2,937.5,94.0,station_level_pressure
INM00042111,DEHRADUN,2023-04-02 00:00:00,30.3167,78.0333,682.0,13.2,936.8,96.0,station_level_pressure
INM00042111,DEHRADUN,2023-04-02 03:00:00,30.3167,78.0333,682.0,16.2,937.2,88.0,station_level_pressure
INM00042111,DEHRADUN,2023-04-02 06:00:00,30.3167,78.0333,682.0,22.7,939.3,55.0,station_level_pressure
INM00042111,DEHRADUN,2023-04-02 09:00:00,30.3167,78.0333,682.0,25.0,937.9,56.0,station_level_pressure
INM00042111,DEHRADUN,2023-04-02 12:00:00,30.3167,78.0333,682.0,23.2,936.3,62.0,station_level_pressure
INM00042111,DEHRADUN,2023-04-02 15:00:00,30.3167,78.0333,682.0,19.2,936.6,83.0,station_level_pressure
INM00042111,DEHRADUN,2023-04-02 18:00:00,30.3167,78.0333,682.0,17.7,937.5,89.0,station_level_pressure
INM00042111,DEHRADUN,2023-04-03 00:00:00,30.3167,78.0333,682.0,14.7,934.5,96.0,station_level_pressure
INM00042111,DEHRADUN,2023-04-03 03:00:00,30.3167,78.0333,682.0,18.6,935.2,78.0,station_level_pressure
INM00042111,DEHRADUN,2023-04-03 06:00:00,30.3167,78.0333,682.0,25.0,937.5,37.0,station_level_pressure
INM00042111,DEHRADUN,2023-04-03 09:00:00,30.3167,78.0333,682.0,28.8,936.8,43.0,station_level_pressure
INM00042111,DEHRADUN,2023-04-03 12:00:00,30.3167,78.0333,682.0,27.5,935.7,51.0,station_level_pressure
INM00042111,DEHRADUN,2023-04-03 15:00:00,30.3167,78.0333,682.0,21.2,936.1,76.0,station_level_pressure
INM00042111,DEHRADUN,2023-04-03 18:00:00,30.3167,78.0333,682.0,18.0,938.1,81.0,station_level_pressure
INM00042111,DEHRADUN,2023-04-03 21:00:00,30.3167,78.0333,682.0,16.0,937.2,84.0,station_level_pressure
INM00042111,DEHRADUN,2023-04-04 00:00:00,30.3167,78.0333,682.0,16.0,937.1,82.0,station_level_pressure
INM00042111,DEHRADUN,2023-04-04 03:00:00,30.3167,78.0333,682.0,17.6,940.4,79.0,station_level_pressure
INM00042111,DEHRADUN,2023-04-04 06:00:00,30.3167,78.0333,682.0,22.0,940.5,67.0,station_level_pressure
INM00042111,DEHRADUN,2023-04-04 09:00:00,30.3167,78.0333,682.0,26.4,939.1,71.0,station_level_pressure
INM00042111,DEHRADUN,2023-04-04 12:00:00,30.3167,78.0333,682.0,25.6,937.8,47.0,station_level_pressure
INM00042111,DEHRADUN,2023-04-04 15:00:00,30.3167,78.0333,682.0,20.6,938.0,66.0,station_level_pressure
INM00042111,DEHRADUN,2023-04-05 00:00:00,30.3167,78.0333,682.0,13.7,937.0,86.0,station_level_pressure
INM00042111,DEHRADUN,2023-04-05 03:00:00,30.3167,78.0333,682.0,18.0,939.1,63.0,station_level_pressure
INM00042111,DEHRADUN,2023-04-05 06:00:00,30.3167,78.0333,682.0,25.7,940.2,30.0,station_level_pressure
INM00042111,DEHRADUN,2023-04-05 09:00:00,30.3167,78.0333,682.0,28.0,939.5,30.0,station_level_pressure
INM00042111,DEHRADUN,2023-04-05 12:00:00,30.3167,78.0333,682.0,27.6,937.6,31.0,station_level_pressure
INM00042111,DEHRADUN,2023-04-05 15:00:00,30.3167,78.0333,682.0,19.0,939.3,61.0,station_level_pressure
INM00042111,DEHRADUN,2023-04-05 18:00:00,30.3167,78.0333,682.0,17.7,940.0,67.0,station_level_pressure
INM00042111,DEHRADUN,2023-04-06 00:00:00,30.3167,78.0333,682.0,15.7,939.5,77.0,station_level_pressure
INM00042111,DEHRADUN,2023-04-06 06:00:00,30.3167,78.0333,682.0,28.0,942.1,37.0,station_level_pressure
INM00042111,DEHRADUN,2023-04-06 09:00:00,30.3167,78.0333,682.0,30.0,940.3,27.0,station_level_pressure
INM00042111,DEHRADUN,2023-04-06 12:00:00,30.3167,78.0333,682.0,28.5,939.1,37.0,station_level_pressure
INM00042111,DEHRADUN,2023-04-06 15:00:00,30.3167,78.0333,682.0,21.4,940.1,59.0,station_level_pressure
INM00042111,DEHRADUN,2023-04-06 18:00:00,30.3167,78.0333,682.0,17.6,942.0,74.0,station_level_pressure
INM00042111,DEHRADUN,2023-04-06 21:00:00,30.3167,78.0333,682.0,15.7,941.8,80.0,station_level_pressure
INM00042111,DEHRADUN,2023-04-07 00:00:00,30.3167,78.0333,682.0,15.0,941.6,83.0,station_level_pressure
INM00042111,DEHRADUN,2023-04-07 03:00:00,30.3167,78.0333,682.0,20.0,943.1,62.0,station_level_pressure
INM00042111,DEHRADUN,2023-04-07 06:00:00,30.3167,78.0333,682.0,27.7,943.7,40.0,station_level_pressure
INM00042111,DEHRADUN,2023-04-07 09:00:00,30.3167,78.0333,682.0,30.6,942.3,29.0,station_level_pressure
INM00042111,DEHRADUN,2023-04-07 12:00:00,30.3167,78.0333,682.0,29.7,940.8,31.0,station_level_pressure
INM00042111,DEHRADUN,2023-04-07 15:00:00,30.3167,78.0333,682.0,21.4,942.6,53.0,station_level_pressure
INM00042111,DEHRADUN,2023-04-07 18:00:00,30.3167,78.0333,682.0,18.0,942.1,69.0,station_level_pressure
INM00042111,DEHRADUN,2023-04-07 21:00:00,30.3167,78.0333,682.0,16.8,941.8,75.0,station_level_pressure
INM00042111,DEHRADUN,2023-04-08 00:00:00,30.3167,78.0333,682.0,15.7,942.2,73.0,station_level_pressure
INM00042111,DEHRADUN,2023-04-08 03:00:00,30.3167,78.0333,682.0,21.0,943.9,58.0,station_level_pressure
INM00042111,DEHRADUN,2023-04-08 06:00:00,30.3167,78.0333,682.0,29.2,944.3,33.0,station_level_pressure
INM00042111,DEHRADUN,2023-04-08 09:00:00,30.3167,78.0333,682.0,31.8,942.8,34.0,station_level_pressure
INM00042111,DEHRADUN,2023-04-08 12:00:00,30.3167,78.0333,682.0,30.0,941.9,31.0,station_level_pressure
INM00042111,DEHRADUN,2023-04-08 15:00:00,30.3167,78.0333,682.0,22.4,943.5,58.0,station_level_pressure
INM00042111,DEHRADUN,2023-04-08 18:00:00,30.3167,78.0333,682.0,20.2,944.0,69.0,station_level_pressure
INM00042111,DEHRADUN,2023-04-09 00:00:00,30.3167,78.0333,682.0,15.6,942.2,82.0,station_level_pressure
INM00042111,DEHRADUN,2023-04-09 03:00:00,30.3167,78.0333,682.0,20.2,945.2,64.0,station_level_pressure
INM00042111,DEHRADUN,2023-04-09 06:00:00,30.3167,78.0333,682.0,29.2,945.1,36.0,station_level_pressure
INM00042111,DEHRADUN,2023-04-09 09:00:00,30.3167,78.0333,682.0,31.6,942.9,33.0,station_level_pressure
INM00042111,DEHRADUN,2023-04-09 12:00:00,30.3167,78.0333,682.0,29.6,941.1,34.0,station_level_pressure
INM00042111,DEHRADUN,2023-04-09 15:00:00,30.3167,78.0333,682.0,22.2,942.1,58.0,station_level_pressure
INM00042111,DEHRADUN,2023-04-09 18:00:00,30.3167,78.0333,682.0,18.6,942.7,69.0,station_level_pressure
INM00042111,DEHRADUN,2023-04-09 21:00:00,30.3167,78.0333,682.0,16.2,940.8,76.0,station_level_pressure
INM00042111,DEHRADUN,2023-04-10 00:00:00,30.3167,78.0333,682.0,15.6,941.2,78.0,station_level_pressure
INM00042111,DEHRADUN,2023-04-10 03:00:00,30.3167,78.0333,682.0,21.2,943.0,59.0,station_level_pressure
INM00042111,DEHRADUN,2023-04-10 06:00:00,30.3167,78.0333,682.0,29.7,943.1,32.0,station_level_pressure
INM00042111,DEHRADUN,2023-04-10 09:00:00,30.3167,78.0333,682.0,31.8,941.1,34.0,station_level_pressure
INM00042111,DEHRADUN,2023-04-10 12:00:00,30.3167,78.0333,682.0,30.7,939.0,35.0,station_level_pressure
INM00042111,DEHRADUN,2023-04-10 15:00:00,30.3167,78.0333,682.0,22.6,940.5,57.0,station_level_pressure
INM00042111,DEHRADUN,2023-04-10 18:00:00,30.3167,78.0333,682.0,19.2,941.0,68.0,station_level_pressure
INM00042111,DEHRADUN,2023-04-10 21:00:00,30.3167,78.0333,682.0,16.5,939.2,76.0,station_level_pressure
INM00042111,DEHRADUN,2023-04-11 00:00:00,30.3167,78.0333,682.0,16.0,938.2,78.0,station_level_pressure
INM00042111,DEHRADUN,2023-04-11 03:00:00,30.3167,78.0333,682.0,21.8,942.4,55.0,station_level_pressure
INM00042111,DEHRADUN,2023-04-11 06:00:00,30.3167,78.0333,682.0,29.6,942.0,34.0,station_level_pressure
INM00042111,DEHRADUN,2023-04-11 09:00:00,30.3167,78.0333,682.0,32.0,939.9,31.0,station_level_pressure
INM00042111,DEHRADUN,2023-04-11 12:00:00,30.3167,78.0333,682.0,32.0,939.4,31.0,station_level_pressure
INM00042111,DEHRADUN,2023-04-11 15:00:00,30.3167,78.0333,682.0,24.4,939.0,55.0,station_level_pressure
INM00042111,DEHRADUN,2023-04-11 21:00:00,30.3167,78.0333,682.0,18.4,940.1,71.0,station_level_pressure
INM00042111,DEHRADUN,2023-04-12 00:00:00,30.3167,78.0333,682.0,17.0,939.8,75.0,station_level_pressure
INM00042111,DEHRADUN,2023-04-12 03:00:00,30.3167,78.0333,682.0,22.2,941.4,58.0,station_level_pressure
INM00042111,DEHRADUN,2023-04-12 06:00:00,30.3167,78.0333,682.0,31.0,941.5,39.0,station_level_pressure
INM00042111,DEHRADUN,2023-04-12 09:00:00,30.3167,78.0333,682.0,34.0,939.4,33.0,station_level_pressure
INM00042111,DEHRADUN,2023-04-12 12:00:00,30.3167,78.0333,682.0,31.6,938.0,37.0,station_level_pressure
INM00042111,DEHRADUN,2023-04-12 15:00:00,30.3167,78.0333,682.0,24.0,939.5,52.0,station_level_pressure
INM00042111,DEHRADUN,2023-04-12 21:00:00,30.3167,78.0333,682.0,19.6,938.2,68.0,station_level_pressure
INM00042111,DEHRADUN,2023-04-13 00:00:00,30.3167,78.0333,682.0,18.2,938.2,70.0,station_level_pressure
INM00042111,DEHRADUN,2023-04-13 03:00:00,30.3167,78.0333,682.0,23.0,940.2,60.0,station_level_pressure
INM00042111,DEHRADUN,2023-04-13 06:00:00,30.3167,78.0333,682.0,31.5,940.3,38.0,station_level_pressure
INM00042111,DEHRADUN,2023-04-13 09:00:00,30.3167,78.0333,682.0,34.0,937.9,37.0,station_level_pressure
INM00042111,DEHRADUN,2023-04-13 12:00:00,30.3167,78.0333,682.0,33.0,936.8,43.0,station_level_pressure
INM00042111,DEHRADUN,2023-04-13 15:00:00,30.3167,78.0333,682.0,25.4,938.2,56.0,station_level_pressure
INM00042111,DEHRADUN,2023-04-13 18:00:00,30.3167,78.0333,682.0,21.6,938.9,65.0,station_level_pressure
INM00042111,DEHRADUN,2023-04-13 21:00:00,30.3167,78.0333,682.0,20.0,938.1,70.0,station_level_pressure
INM00042111,DEHRADUN,2023-04-14 00:00:00,30.3167,78.0333,682.0,19.0,938.2,73.0,station_level_pressure
INM00042111,DEHRADUN,2023-04-14 03:00:00,30.3167,78.0333,682.0,23.8,940.0,57.0,station_level_pressure
INM00042111,DEHRADUN,2023-04-14 06:00:00,30.3167,78.0333,682.0,31.7,939.9,46.0,station_level_pressure
INM00042111,DEHRADUN,2023-04-14 09:00:00,30.3167,78.0333,682.0,35.4,937.6,33.0,station_level_pressure
INM00042111,DEHRADUN,2023-04-14 12:00:00,30.3167,78.0333,682.0,34.0,936.7,31.0,station_level_pressure
INM00042111,DEHRADUN,2023-04-14 15:00:00,30.3167,78.0333,682.0,26.0,938.1,51.0,station_level_pressure
INM00042111,DEHRADUN,2023-04-14 18:00:00,30.3167,78.0333,682.0,22.6,938.5,63.0,station_level_pressure
INM00042111,DEHRADUN,2023-04-14 21:00:00,30.3167,78.0333,682.0,21.0,936.2,66.0,station_level_pressure
INM00042111,DEHRADUN,2023-04-15 00:00:00,30.3167,78.0333,682.0,20.0,937.0,70.0,station_level_pressure
INM00042111,DEHRADUN,2023-04-15 03:00:00,30.3167,78.0333,682.0,24.0,939.8,56.0,station_level_pressure
INM00042111,DEHRADUN,2023-04-15 06:00:00,30.3167,78.0333,682.0,33.2,939.8,36.0,station_level_pressure
INM00042111,DEHRADUN,2023-04-15 09:00:00,30.3167,78.0333,682.0,36.6,938.2,27.0,station_level_pressure
INM00042111,DEHRADUN,2023-04-15 12:00:00,30.3167,78.0333,682.0,34.7,936.9,31.0,station_level_pressure
INM00042111,DEHRADUN,2023-04-15 15:00:00,30.3167,78.0333,682.0,27.8,938.7,38.0,station_level_pressure
INM00042111,DEHRADUN,2023-04-15 18:00:00,30.3167,78.0333,682.0,23.0,939.1,56.0,station_level_pressure
INM00042111,DEHRADUN,2023-04-15 21:00:00,30.3167,78.0333,682.0,20.6,938.6,66.0,station_level_pressure
INM00042111,DEHRADUN,2023-04-16 00:00:00,30.3167,78.0333,682.0,18.7,938.2,70.0,station_level_pressure
INM00042111,DEHRADUN,2023-04-16 03:00:00,30.3167,78.0333,682.0,23.8,939.9,52.0,station_level_pressure
INM00042111,DEHRADUN,2023-04-16 09:00:00,30.3167,78.0333,682.0,36.2,936.5,29.0,station_level_pressure
INM00042111,DEHRADUN,2023-04-16 12:00:00,30.3167,78.0333,682.0,34.6,935.0,31.0,station_level_pressure
INM00042111,DEHRADUN,2023-04-16 15:00:00,30.3167,78.0333,682.0,26.2,935.5,53.0,station_level_pressure
INM00042111,DEHRADUN,2023-04-16 18:00:00,30.3167,78.0333,682.0,24.5,936.0,53.0,station_level_pressure
INM00042111,DEHRADUN,2023-04-17 00:00:00,30.3167,78.0333,682.0,19.7,934.5,69.0,station_level_pressure
INM00042111,DEHRADUN,2023-04-17 03:00:00,30.3167,78.0333,682.0,23.8,936.0,56.0,station_level_pressure
INM00042111,DEHRADUN,2023-04-17 06:00:00,30.3167,78.0333,682.0,33.6,938.7,32.0,station_level_pressure
INM00042111,DEHRADUN,2023-04-17 09:00:00,30.3167,78.0333,682.0,36.0,937.0,25.0,station_level_pressure
INM00042111,DEHRADUN,2023-04-17 12:00:00,30.3167,78.0333,682.0,35.6,936.2,29.0,station_level_pressure
INM00042111,DEHRADUN,2023-04-17 15:00:00,30.3167,78.0333,682.0,26.2,938.5,51.0,station_level_pressure
INM00042111,DEHRADUN,2023-04-17 18:00:00,30.3167,78.0333,682.0,23.0,939.0,64.0,station_level_pressure
INM00042111,DEHRADUN,2023-04-17 21:00:00,30.3167,78.0333,682.0,21.6,938.2,65.0,station_level_pressure
INM00042111,DEHRADUN,2023-04-18 00:00:00,30.3167,78.0333,682.0,20.5,938.4,67.0,station_level_pressure
INM00042111,DEHRADUN,2023-04-18 03:00:00,30.3167,78.0333,682.0,25.4,940.2,48.0,station_level_pressure
INM00042111,DEHRADUN,2023-04-18 06:00:00,30.3167,78.0333,682.0,34.0,940.7,33.0,station_level_pressure
INM00042111,DEHRADUN,2023-04-18 09:00:00,30.3167,78.0333,682.0,36.2,938.6,30.0,station_level_pressure
INM00042111,DEHRADUN,2023-04-19 03:00:00,30.3167,78.0333,682.0,25.0,941.6,46.0,station_level_pressure
INM00042111,DEHRADUN,2023-04-19 06:00:00,30.3167,78.0333,682.0,30.5,938.7,34.0,station_level_pressure
INM00042111,DEHRADUN,2023-04-19 09:00:00,30.3167,78.0333,682.0,30.0,935.5,36.0,station_level_pressure
INM00042111,DEHRADUN,2023-04-19 12:00:00,30.3167,78.0333,682.0,32.0,932.5,33.0,station_level_pressure
INM00042111,DEHRADUN,2023-04-19 15:00:00,30.3167,78.0333,682.0,20.6,935.5,77.0,station_level_pressure
INM00042111,DEHRADUN,2023-04-19 18:00:00,30.3167,78.0333,682.0,21.5,934.8,63.0,station_level_pressure
INM00042111,DEHRADUN,2023-04-19 21:00:00,30.3167,78.0333,682.0,18.6,935.0,90.0,station_level_pressure
INM00042111,DEHRADUN,2023-04-20 00:00:00,30.3167,78.0333,682.0,20.6,932.8,69.0,station_level_pressure
INM00042111,DEHRADUN,2023-04-20 03:00:00,30.3167,78.0333,682.0,21.0,933.1,83.0,station_level_pressure
INM00042111,DEHRADUN,2023-04-20 06:00:00,30.3167,78.0333,682.0,28.2,935.2,52.0,station_level_pressure
INM00042111,DEHRADUN,2023-04-20 09:00:00,30.3167,78.0333,682.0,31.8,933.0,38.0,station_level_pressure
INM00042111,DEHRADUN,2023-04-20 12:00:00,30.3167,78.0333,682.0,30.5,931.1,42.0,station_level_pressure
INM00042111,DEHRADUN,2023-04-20 15:00:00,30.3167,78.0333,682.0,23.6,933.2,53.0,station_level_pressure
INM00042111,DEHRADUN,2023-04-20 18:00:00,30.3167,78.0333,682.0,22.0,931.5,55.0,station_level_pressure
INM00042111,DEHRADUN,2023-04-20 21:00:00,30.3167,78.0333,682.0,19.0,936.0,76.0,station_level_pressure
INM00042111,DEHRADUN,2023-04-21 03:00:00,30.3167,78.0333,682.0,21.0,934.0,66.0,station_level_pressure
INM00042111,DEHRADUN,2023-04-21 06:00:00,30.3167,78.0333,682.0,29.0,936.1,42.0,station_level_pressure
INM00042111,DEHRADUN,2023-04-21 09:00:00,30.3167,78.0333,682.0,30.4,934.7,31.0,station_level_pressure
INM00042111,DEHRADUN,2023-04-21 12:00:00,30.3167,78.0333,682.0,30.0,933.8,36.0,station_level_pressure
INM00042111,DEHRADUN,2023-04-21 15:00:00,30.3167,78.0333,682.0,21.4,935.1,60.0,station_level_pressure
INM00042111,DEHRADUN,2023-04-21 18:00:00,30.3167,78.0333,682.0,21.6,938.3,52.0,station_level_pressure
INM00042111,DEHRADUN,2023-04-21 21:00:00,30.3167,78.0333,682.0,22.4,934.8,42.0,station_level_pressure
INM00042111,DEHRADUN,2023-04-22 00:00:00,30.3167,78.0333,682.0,18.0,934.1,60.0,station_level_pressure
INM00042111,DEHRADUN,2023-04-22 03:00:00,30.3167,78.0333,682.0,22.0,936.8,54.0,station_level_pressure
INM00042111,DEHRADUN,2023-04-22 06:00:00,30.3167,78.0333,682.0,29.2,937.4,31.0,station_level_pressure
INM00042111,DEHRADUN,2023-04-22 09:00:00,30.3167,78.0333,682.0,30.6,935.0,29.0,station_level_pressure
INM00042111,DEHRADUN,2023-04-22 12:00:00,30.3167,78.0333,682.0,29.7,933.5,34.0,station_level_pressure
INM00042111,DEHRADUN,2023-04-22 15:00:00,30.3167,78.0333,682.0,22.2,934.0,55.0,station_level_pressure
INM00042111,DEHRADUN,2023-04-22 18:00:00,30.3167,78.0333,682.0,20.0,935.0,59.0,station_level_pressure
INM00042111,DEHRADUN,2023-04-23 00:00:00,30.3167,78.0333,682.0,18.0,934.0,69.0,station_level_pressure
INM00042111,DEHRADUN,2023-04-23 03:00:00,30.3167,78.0333,682.0,22.0,936.0,52.0,station_level_pressure
INM00042111,DEHRADUN,2023-04-23 06:00:00,30.3167,78.0333,682.0,27.8,938.0,34.0,station_level_pressure
INM00042111,DEHRADUN,2023-04-23 09:00:00,30.3167,78.0333,682.0,28.8,937.7,34.0,station_level_pressure
INM00042111,DEHRADUN,2023-04-23 12:00:00,30.3167,78.0333,682.0,27.6,936.4,37.0,station_level_pressure
INM00042111,DEHRADUN,2023-04-23 15:00:00,30.3167,78.0333,682.0,23.2,937.4,46.0,station_level_pressure
INM00042111,DEHRADUN,2023-04-23 18:00:00,30.3167,78.0333,682.0,18.7,937.2,70.0,station_level_pressure
INM00042111,DEHRADUN,2023-04-23 21:00:00,30.3167,78.0333,682.0,17.8,936.8,70.0,station_level_pressure
INM00042111,DEHRADUN,2023-04-24 00:00:00,30.3167,78.0333,682.0,17.5,937.4,73.0,station_level_pressure
INM00042111,DEHRADUN,2023-04-24 03:00:00,30.3167,78.0333,682.0,23.0,939.1,53.0,station_level_pressure
INM00042111,DEHRADUN,2023-04-24 06:00:00,30.3167,78.0333,682.0,29.2,941.7,41.0,station_level_pressure
INM00042111,DEHRADUN,2023-04-24 09:00:00,30.3167,78.0333,682.0,28.4,941.0,45.0,station_level_pressure
INM00042111,DEHRADUN,2023-04-24 15:00:00,30.3167,78.0333,682.0,21.6,940.0,61.0,station_level_pressure
INM00042111,DEHRADUN,2023-04-24 18:00:00,30.3167,78.0333,682.0,20.0,942.3,65.0,station_level_pressure
INM00042111,DEHRADUN,2023-04-24 21:00:00,30.3167,78.0333,682.0,19.0,941.4,73.0,station_level_pressure
INM00042111,DEHRADUN,2023-04-25 00:00:00,30.3167,78.0333,682.0,17.0,941.7,83.0,station_level_pressure
INM00042111,DEHRADUN,2023-04-25 03:00:00,30.3167,78.0333,682.0,22.0,943.6,64.0,station_level_pressure
INM00042111,DEHRADUN,2023-04-25 06:00:00,30.3167,78.0333,682.0,28.5,944.0,53.0,station_level_pressure
INM00042111,DEHRADUN,2023-04-25 09:00:00,30.3167,78.0333,682.0,29.4,942.0,51.0,station_level_pressure
INM00042111,DEHRADUN,2023-04-25 12:00:00,30.3167,78.0333,682.0,29.2,939.0,57.0,station_level_pressure
INM00042111,DEHRADUN,2023-04-25 15:00:00,30.3167,78.0333,682.0,23.8,940.1,58.0,station_level_pressure
INM00042111,DEHRADUN,2023-04-25 18:00:00,30.3167,78.0333,682.0,19.7,939.2,71.0,station_level_pressure
INM00042111,DEHRADUN,2023-04-25 21:00:00,30.3167,78.0333,682.0,17.6,937.5,79.0,station_level_pressure
INM00042111,DEHRADUN,2023-04-26 00:00:00,30.3167,78.0333,682.0,16.7,937.6,83.0,station_level_pressure
INM00042111,DEHRADUN,2023-04-26 03:00:00,30.3167,78.0333,682.0,22.6,939.2,60.0,station_level_pressure
INM00042111,DEHRADUN,2023-04-26 06:00:00,30.3167,78.0333,682.0,29.6,940.9,58.0,station_level_pressure
INM00042111,DEHRADUN,2023-04-26 09:00:00,30.3167,78.0333,682.0,31.8,938.1,71.0,station_level_pressure
INM00042111,DEHRADUN,2023-04-26 12:00:00,30.3167,78.0333,682.0,30.5,936.6,44.0,station_level_pressure
INM00042111,DEHRADUN,2023-04-26 15:00:00,30.3167,78.0333,682.0,23.8,934.8,67.0,station_level_pressure
INM00042111,DEHRADUN,2023-04-26 18:00:00,30.3167,78.0333,682.0,21.0,937.2,74.0,station_level_pressure
INM00042111,DEHRADUN,2023-04-26 21:00:00,30.3167,78.0333,682.0,19.0,936.5,76.0,station_level_pressure
INM00042111,DEHRADUN,2023-04-27 00:00:00,30.3167,78.0333,682.0,18.7,936.7,73.0,station_level_pressure
INM00042111,DEHRADUN,2023-04-27 03:00:00,30.3167,78.0333,682.0,23.8,938.0,60.0,station_level_pressure
INM00042111,DEHRADUN,2023-04-27 06:00:00,30.3167,78.0333,682.0,30.5,939.9,42.0,station_level_pressure
INM00042111,DEHRADUN,2023-04-27 09:00:00,30.3167,78.0333,682.0,25.4,938.4,62.0,station_level_pressure
INM00042111,DEHRADUN,2023-04-27 12:00:00,30.3167,78.0333,682.0,29.2,936.6,39.0,station_level_pressure
INM00042111,DEHRADUN,2023-04-27 15:00:00,30.3167,78.0333,682.0,23.0,939.2,62.0,station_level_pressure
INM00042111,DEHRADUN,2023-04-27 18:00:00,30.3167,78.0333,682.0,21.6,940.9,59.0,station_level_pressure
INM00042111,DEHRADUN,2023-04-27 21:00:00,30.3167,78.0333,682.0,18.6,939.0,71.0,station_level_pressure
INM00042111,DEHRADUN,2023-04-28 00:00:00,30.3167,78.0333,682.0,17.5,939.1,73.0,station_level_pressure
INM00042111,DEHRADUN,2023-04-28 03:00:00,30.3167,78.0333,682.0,23.4,940.9,57.0,station_level_pressure
INM00042111,DEHRADUN,2023-04-28 06:00:00,30.3167,78.0333,682.0,29.6,940.7,53.0,station_level_pressure
INM00042111,DEHRADUN,2023-04-28 09:00:00,30.3167,78.0333,682.0,32.8,938.8,34.0,station_level_pressure
INM00042111,DEHRADUN,2023-04-28 12:00:00,30.3167,78.0333,682.0,30.5,936.8,36.0,station_level_pressure
INM00042111,DEHRADUN,2023-04-28 15:00:00,30.3167,78.0333,682.0,24.6,937.1,54.0,station_level_pressure
INM00042111,DEHRADUN,2023-04-28 18:00:00,30.3167,78.0333,682.0,21.0,937.2,62.0,station_level_pressure
INM00042111,DEHRADUN,2023-04-28 21:00:00,30.3167,78.0333,682.0,19.8,936.8,67.0,station_level_pressure
INM00042111,DEHRADUN,2023-04-29 00:00:00,30.3167,78.0333,682.0,19.0,937.1,70.0,station_level_pressure
INM00042111,DEHRADUN,2023-04-29 03:00:00,30.3167,78.0333,682.0,23.8,938.8,57.0,station_level_pressure
INM00042111,DEHRADUN,2023-04-29 06:00:00,30.3167,78.0333,682.0,29.7,939.1,41.0,station_level_pressure
INM00042111,DEHRADUN,2023-04-29 09:00:00,30.3167,78.0333,682.0,30.4,937.9,42.0,station_level_pressure
INM00042111,DEHRADUN,2023-04-29 12:00:00,30.3167,78.0333,682.0,29.2,936.4,43.0,station_level_pressure
INM00042111,DEHRADUN,2023-04-29 15:00:00,30.3167,78.0333,682.0,25.2,937.4,46.0,station_level_pressure
INM00042111,DEHRADUN,2023-04-29 18:00:00,30.3167,78.0333,682.0,22.6,937.8,57.0,station_level_pressure
INM00042111,DEHRADUN,2023-04-29 21:00:00,30.3167,78.0333,682.0,21.6,936.7,61.0,station_level_pressure
INM00042111,DEHRADUN,2023-04-30 00:00:00,30.3167,78.0333,682.0,20.6,936.9,71.0,station_level_pressure
INM00042111,DEHRADUN,2023-04-30 03:00:00,30.3167,78.0333,682.0,23.2,939.5,68.0,station_level_pressure
INM00042111,DEHRADUN,2023-04-30 06:00:00,30.3167,78.0333,682.0,26.2,938.5,54.0,station_level_pressure
INM00042111,DEHRADUN,2023-04-30 09:00:00,30.3167,78.0333,682.0,27.8,936.4,53.0,station_level_pressure
INM00042111,DEHRADUN,2023-04-30 12:00:00,30.3167,78.0333,682.0,18.5,936.6,93.0,station_level_pressure
INM00042111,DEHRADUN,2023-04-30 15:00:00,30.3167,78.0333,682.0,18.6,937.8,92.0,station_level_pressure
INM00042111,DEHRADUN,2023-04-30 18:00:00,30.3167,78.0333,682.0,18.5,938.1,96.0,station_level_pressure
INM00042111,DEHRADUN,2023-04-30 21:00:00,30.3167,78.0333,682.0,18.4,936.4,96.0,station_level_pressure
INM00042111,DEHRADUN,2023-05-01 00:00:00,30.3167,78.0333,682.0,18.7,936.5,95.0,station_level_pressure
INM00042111,DEHRADUN,2023-05-01 03:00:00,30.3167,78.0333,682.0,19.2,938.9,89.0,station_level_pressure
INM00042111,DEHRADUN,2023-05-01 06:00:00,30.3167,78.0333,682.0,18.6,940.1,95.0,station_level_pressure
INM00042111,DEHRADUN,2023-05-01 09:00:00,30.3167,78.0333,682.0,19.6,938.6,96.0,station_level_pressure
INM00042111,DEHRADUN,2023-05-01 12:00:00,30.3167,78.0333,682.0,19.5,937.2,96.0,station_level_pressure
INM00042111,DEHRADUN,2023-05-01 15:00:00,30.3167,78.0333,682.0,19.0,937.1,96.0,station_level_pressure
INM00042111,DEHRADUN,2023-05-01 18:00:00,30.3167,78.0333,682.0,19.0,938.6,96.0,station_level_pressure
INM00042111,DEHRADUN,2023-05-01 21:00:00,30.3167,78.0333,682.0,18.8,938.5,96.0,station_level_pressure
INM00042111,DEHRADUN,2023-05-02 00:00:00,30.3167,78.0333,682.0,18.5,937.9,96.0,station_level_pressure
INM00042111,DEHRADUN,2023-05-02 03:00:00,30.3167,78.0333,682.0,19.8,939.8,87.0,station_level_pressure
INM00042111,DEHRADUN,2023-05-02 06:00:00,30.3167,78.0333,682.0,20.2,941.7,82.0,station_level_pressure
INM00042111,DEHRADUN,2023-05-02 09:00:00,30.3167,78.0333,682.0,20.2,940.1,81.0,station_level_pressure
INM00042111,DEHRADUN,2023-05-02 12:00:00,30.3167,78.0333,682.0,23.6,938.1,73.0,station_level_pressure
INM00042111,DEHRADUN,2023-05-02 18:00:00,30.3167,78.0333,682.0,18.2,940.9,92.0,station_level_pressure
INM00042111,DEHRADUN,2023-05-02 21:00:00,30.3167,78.0333,682.0,18.0,939.9,94.0,station_level_pressure
INM00042111,DEHRADUN,2023-05-03 00:00:00,30.3167,78.0333,682.0,17.7,939.8,93.0,station_level_pressure
INM00042111,DEHRADUN,2023-05-03 03:00:00,30.3167,78.0333,682.0,20.2,941.1,80.0,station_level_pressure
INM00042111,DEHRADUN,2023-05-03 06:00:00,30.3167,78.0333,682.0,18.2,943.5,90.0,station_level_pressure
INM00042111,DEHRADUN,2023-05-03 09:00:00,30.3167,78.0333,682.0,18.0,942.0,96.0,station_level_pressure
INM00042111,DEHRADUN,2023-05-03 12:00:00,30.3167,78.0333,682.0,23.0,938.1,68.0,station_level_pressure
INM00042111,DEHRADUN,2023-05-03 15:00:00,30.3167,78.0333,682.0,19.6,939.1,86.0,station_level_pressure
INM00042111,DEHRADUN,2023-05-03 18:00:00,30.3167,78.0333,682.0,17.0,939.9,94.0,station_level_pressure
INM00042111,DEHRADUN,2023-05-03 21:00:00,30.3167,78.0333,682.0,15.6,939.3,96.0,station_level_pressure
INM00042111,DEHRADUN,2023-05-04 00:00:00,30.3167,78.0333,682.0,15.6,940.2,94.0,station_level_pressure
INM00042111,DEHRADUN,2023-05-04 03:00:00,30.3167,78.0333,682.0,20.8,941.5,63.0,station_level_pressure
INM00042111,DEHRADUN,2023-05-04 06:00:00,30.3167,78.0333,682.0,25.7,941.4,54.0,station_level_pressure
INM00042111,DEHRADUN,2023-05-04 09:00:00,30.3167,78.0333,682.0,28.2,939.0,43.0,station_level_pressure
INM00042111,DEHRADUN,2023-05-04 15:00:00,30.3167,78.0333,682.0,23.4,938.2,74.0,station_level_pressure
INM00042111,DEHRADUN,2023-05-04 21:00:00,30.3167,78.0333,682.0,19.6,939.0,78.0,station_level_pressure
INM00042111,DEHRADUN,2023-05-05 03:00:00,30.3167,78.0333,682.0,22.8,939.7,68.0,station_level_pressure
INM00042111,DEHRADUN,2023-05-05 06:00:00,30.3167,78.0333,682.0,28.2,939.5,48.0,station_level_pressure
INM00042111,DEHRADUN,2023-05-05 09:00:00,30.3167,78.0333,682.0,29.6,937.1,54.0,station_level_pressure
INM00042111,DEHRADUN,2023-05-05 12:00:00,30.3167,78.0333,682.0,29.0,934.5,45.0,station_level_pressure
INM00042111,DEHRADUN,2023-05-05 15:00:00,30.3167,78.0333,682.0,24.0,935.1,68.0,station_level_pressure
INM00042111,DEHRADUN,2023-05-05 18:00:00,30.3167,78.0333,682.0,21.0,935.8,83.0,station_level_pressure
INM00042111,DEHRADUN,2023-05-05 21:00:00,30.3167,78.0333,682.0,19.0,935.1,89.0,station_level_pressure
INM00042111,DEHRADUN,2023-05-06 00:00:00,30.3167,78.0333,682.0,18.2,935.8,87.0,station_level_pressure
INM00042111,DEHRADUN,2023-05-06 03:00:00,30.3167,78.0333,682.0,24.2,937.1,63.0,station_level_pressure
INM00042111,DEHRADUN,2023-05-06 06:00:00,30.3167,78.0333,682.0,29.7,937.3,42.0,station_level_pressure
INM00042111,DEHRADUN,2023-05-06 09:00:00,30.3167,78.0333,682.0,31.8,935.5,41.0,station_level_pressure
INM00042111,DEHRADUN,2023-05-06 12:00:00,30.3167,78.0333,682.0,30.6,933.5,43.0,station_level_pressure
INM00042111,DEHRADUN,2023-05-06 15:00:00,30.3167,78.0333,682.0,25.2,934.0,65.0,station_level_pressure
INM00042111,DEHRADUN,2023-05-06 18:00:00,30.3167,78.0333,682.0,23.0,934.0,68.0,station_level_pressure
INM00042111,DEHRADUN,2023-05-06 21:00:00,30.3167,78.0333,682.0,20.0,933.5,79.0,station_level_pressure
INM00042111,DEHRADUN,2023-05-07 00:00:00,30.3167,78.0333,682.0,18.2,934.0,85.0,station_level_pressure
INM00042111,DEHRADUN,2023-05-07 03:00:00,30.3167,78.0333,682.0,25.6,937.3,54.0,station_level_pressure
INM00042111,DEHRADUN,2023-05-07 06:00:00,30.3167,78.0333,682.0,28.7,938.4,33.0,station_level_pressure
INM00042111,DEHRADUN,2023-05-07 09:00:00,30.3167,78.0333,682.0,31.0,936.9,35.0,station_level_pressure
INM00042111,DEHRADUN,2023-05-07 12:00:00,30.3167,78.0333,682.0,31.6,934.6,36.0,station_level_pressure
INM00042111,DEHRADUN,2023-05-07 15:00:00,30.3167,78.0333,682.0,25.8,934.0,49.0,station_level_pressure
INM00042111,DEHRADUN,2023-05-07 18:00:00,30.3167,78.0333,682.0,22.0,935.1,65.0,station_level_pressure
INM00042111,DEHRADUN,2023-05-07 21:00:00,30.3167,78.0333,682.0,20.0,935.0,70.0,station_level_pressure
INM00042111,DEHRADUN,2023-05-08 00:00:00,30.3167,78.0333,682.0,19.5,935.3,71.0,station_level_pressure
INM00042111,DEHRADUN,2023-05-08 03:00:00,30.3167,78.0333,682.0,24.4,936.3,50.0,station_level_pressure
INM00042111,DEHRADUN,2023-05-08 06:00:00,30.3167,78.0333,682.0,30.5,937.5,38.0,station_level_pressure
INM00042111,DEHRADUN,2023-05-08 09:00:00,30.3167,78.0333,682.0,32.8,936.2,35.0,station_level_pressure
INM00042111,DEHRADUN,2023-05-08 12:00:00,30.3167,78.0333,682.0,31.6,935.0,36.0,station_level_pressure
INM00042111,DEHRADUN,2023-05-08 15:00:00,30.3167,78.0333,682.0,26.6,935.2,51.0,station_level_pressure
INM00042111,DEHRADUN,2023-05-08 18:00:00,30.3167,78.0333,682.0,24.5,937.0,59.0,station_level_pressure
INM00042111,DEHRADUN,2023-05-08 21:00:00,30.3167,78.0333,682.0,22.0,936.5,61.0,station_level_pressure
INM00042111,DEHRADUN,2023-05-09 00:00:00,30.3167,78.0333,682.0,20.2,937.0,58.0,station_level_pressure
INM00042111,DEHRADUN,2023-05-09 03:00:00,30.3167,78.0333,682.0,25.8,938.8,40.0,station_level_pressure
INM00042111,DEHRADUN,2023-05-09 06:00:00,30.3167,78.0333,682.0,30.6,938.5,30.0,station_level_pressure
INM00042111,DEHRADUN,2023-05-09 09:00:00,30.3167,78.0333,682.0,33.4,936.8,30.0,station_level_pressure
INM00042111,DEHRADUN,2023-05-09 12:00:00,30.3167,78.0333,682.0,28.0,936.2,32.0,station_level_pressure
INM00042111,DEHRADUN,2023-05-09 15:00:00,30.3167,78.0333,682.0,23.6,936.0,52.0,station_level_pressure
INM00042111,DEHRADUN,2023-05-09 18:00:00,30.3167,78.0333,682.0,21.0,936.0,58.0,station_level_pressure
INM00042111,DEHRADUN,2023-05-09 21:00:00,30.3167,78.0333,682.0,19.0,934.0,66.0,station_level_pressure
INM00042111,DEHRADUN,2023-05-10 00:00:00,30.3167,78.0333,682.0,17.5,934.5,68.0,station_level_pressure
INM00042111,DEHRADUN,2023-05-10 03:00:00,30.3167,78.0333,682.0,23.4,936.8,49.0,station_level_pressure
INM00042111,DEHRADUN,2023-05-10 06:00:00,30.3167,78.0333,682.0,29.7,937.3,32.0,station_level_pressure
INM00042111,DEHRADUN,2023-05-10 09:00:00,30.3167,78.0333,682.0,32.4,935.9,27.0,station_level_pressure
INM00042111,DEHRADUN,2023-05-10 12:00:00,30.3167,78.0333,682.0,31.6,934.5,29.0,station_level_pressure
INM00042111,DEHRADUN,2023-05-10 15:00:00,30.3167,78.0333,682.0,24.5,934.2,45.0,station_level_pressure
INM00042111,DEHRADUN,2023-05-10 18:00:00,30.3167,78.0333,682.0,20.6,935.2,63.0,station_level_pressure
INM00042111,DEHRADUN,2023-05-10 21:00:00,30.3167,78.0333,682.0,18.5,935.1,72.0,station_level_pressure
INM00042111,DEHRADUN,2023-05-11 00:00:00,30.3167,78.0333,682.0,17.5,935.1,73.0,station_level_pressure
INM00042111,DEHRADUN,2023-05-11 03:00:00,30.3167,78.0333,682.0,24.8,938.8,48.0,station_level_pressure
INM00042111,DEHRADUN,2023-05-11 06:00:00,30.3167,78.0333,682.0,31.2,939.1,31.0,station_level_pressure
INM00042111,DEHRADUN,2023-05-11 09:00:00,30.3167,78.0333,682.0,34.2,937.7,27.0,station_level_pressure
INM00042111,DEHRADUN,2023-05-11 12:00:00,30.3167,78.0333,682.0,33.6,935.5,31.0,station_level_pressure
INM00042111,DEHRADUN,2023-05-11 15:00:00,30.3167,78.0333,682.0,26.8,936.0,46.0,station_level_pressure
INM00042111,DEHRADUN,2023-05-11 18:00:00,30.3167,78.0333,682.0,22.6,936.0,63.0,station_level_pressure
INM00042111,DEHRADUN,2023-05-11 21:00:00,30.3167,78.0333,682.0,21.0,936.2,66.0,station_level_pressure
INM00042111,DEHRADUN,2023-05-12 00:00:00,30.3167,78.0333,682.0,20.5,936.0,66.0,station_level_pressure
INM00042111,DEHRADUN,2023-05-12 03:00:00,30.3167,78.0333,682.0,25.8,938.5,52.0,station_level_pressure
INM00042111,DEHRADUN,2023-05-12 06:00:00,30.3167,78.0333,682.0,32.6,938.9,31.0,station_level_pressure
INM00042111,DEHRADUN,2023-05-12 09:00:00,30.3167,78.0333,682.0,35.2,937.1,27.0,station_level_pressure
INM00042111,DEHRADUN,2023-05-12 12:00:00,30.3167,78.0333,682.0,35.0,935.0,27.0,station_level_pressure
INM00042111,DEHRADUN,2023-05-12 15:00:00,30.3167,78.0333,682.0,26.8,935.2,46.0,station_level_pressure
INM00042111,DEHRADUN,2023-05-12 18:00:00,30.3167,78.0333,682.0,22.7,935.0,64.0,station_level_pressure
INM00042111,DEHRADUN,2023-05-13 00:00:00,30.3167,78.0333,682.0,20.6,935.2,66.0,station_level_pressure
INM00042111,DEHRADUN,2023-05-13 03:00:00,30.3167,78.0333,682.0,26.8,938.7,48.0,station_level_pressure
INM00042111,DEHRADUN,2023-05-13 06:00:00,30.3167,78.0333,682.0,33.5,939.5,41.0,station_level_pressure
INM00042111,DEHRADUN,2023-05-13 09:00:00,30.3167,78.0333,682.0,36.0,936.1,28.0,station_level_pressure
INM00042111,DEHRADUN,2023-05-13 12:00:00,30.3167,78.0333,682.0,35.0,934.0,32.0,station_level_pressure
INM00042111,DEHRADUN,2023-05-13 15:00:00,30.3167,78.0333,682.0,28.2,934.3,55.0,station_level_pressure
INM00042111,DEHRADUN,2023-05-13 18:00:00,30.3167,78.0333,682.0,24.6,935.2,64.0,station_level_pressure
INM00042111,DEHRADUN,2023-05-13 21:00:00,30.3167,78.0333,682.0,23.2,934.4,68.0,station_level_pressure
INM00042111,DEHRADUN,2023-05-14 00:00:00,30.3167,78.0333,682.0,22.2,933.8,67.0,station_level_pressure
INM00042111,DEHRADUN,2023-05-14 03:00:00,30.3167,78.0333,682.0,27.2,935.8,45.0,station_level_pressure
INM00042111,DEHRADUN,2023-05-14 06:00:00,30.3167,78.0333,682.0,32.2,935.4,25.0,station_level_pressure
INM00042111,DEHRADUN,2023-05-14 09:00:00,30.3167,78.0333,682.0,36.0,933.0,23.0,station_level_pressure
INM00042111,DEHRADUN,2023-05-14 12:00:00,30.3167,78.0333,682.0,35.0,930.2,20.0,station_level_pressure
INM00042111,DEHRADUN,2023-05-14 15:00:00,30.3167,78.0333,682.0,27.6,931.0,45.0,station_level_pressure
INM00042111,DEHRADUN,2023-05-14 18:00:00,30.3167,78.0333,682.0,25.0,931.0,56.0,station_level_pressure
INM00042111,DEHRADUN,2023-05-15 00:00:00,30.3167,78.0333,682.0,20.7,931.0,66.0,station_level_pressure
INM00042111,DEHRADUN,2023-05-15 03:00:00,30.3167,78.0333,682.0,27.6,934.1,51.0,station_level_pressure
INM00042111,DEHRADUN,2023-05-15 06:00:00,30.3167,78.0333,682.0,33.6,934.6,28.0,station_level_pressure
INM00042111,DEHRADUN,2023-05-15 09:00:00,30.3167,78.0333,682.0,37.6,932.8,21.0,station_level_pressure
INM00042111,DEHRADUN,2023-05-15 12:00:00,30.3167,78.0333,682.0,35.5,931.4,23.0,station_level_pressure
INM00042111,DEHRADUN,2023-05-15 15:00:00,30.3167,78.0333,682.0,27.4,932.0,48.0,station_level_pressure
INM00042111,DEHRADUN,2023-05-15 18:00:00,30.3167,78.0333,682.0,24.7,932.2,57.0,station_level_pressure
INM00042111,DEHRADUN,2023-05-15 21:00:00,30.3167,78.0333,682.0,22.2,932.0,63.0,station_level_pressure
INM00042111,DEHRADUN,2023-05-16 00:00:00,30.3167,78.0333,682.0,21.0,934.0,66.0,station_level_pressure
INM00042111,DEHRADUN,2023-05-16 03:00:00,30.3167,78.0333,682.0,28.8,935.4,41.0,station_level_pressure
INM00042111,DEHRADUN,2023-05-16 06:00:00,30.3167,78.0333,682.0,34.7,935.1,27.0,station_level_pressure
INM00042111,DEHRADUN,2023-05-16 09:00:00,30.3167,78.0333,682.0,37.6,933.1,22.0,station_level_pressure
INM00042111,DEHRADUN,2023-05-16 12:00:00,30.3167,78.0333,682.0,35.5,932.3,21.0,station_level_pressure
INM00042111,DEHRADUN,2023-05-16 18:00:00,30.3167,78.0333,682.0,25.0,933.0,49.0,station_level_pressure
INM00042111,DEHRADUN,2023-05-17 00:00:00,30.3167,78.0333,682.0,22.2,934.0,60.0,station_level_pressure
INM00042111,DEHRADUN,2023-05-17 03:00:00,30.3167,78.0333,682.0,28.2,935.3,42.0,station_level_pressure
INM00042111,DEHRADUN,2023-05-17 06:00:00,30.3167,78.0333,682.0,34.7,936.9,30.0,station_level_pressure
INM00042111,DEHRADUN,2023-05-17 09:00:00,30.3167,78.0333,682.0,37.2,935.8,24.0,station_level_pressure
INM00042111,DEHRADUN,2023-05-17 12:00:00,30.3167,78.0333,682.0,35.7,933.8,27.0,station_level_pressure
INM00042111,DEHRADUN,2023-05-17 15:00:00,30.3167,78.0333,682.0,29.6,934.5,48.0,station_level_pressure
INM00042111,DEHRADUN,2023-05-17 21:00:00,30.3167,78.0333,682.0,22.0,936.2,80.0,station_level_pressure
INM00042111,DEHRADUN,2023-05-18 00:00:00,30.3167,78.0333,682.0,19.6,944.2,91.0,station_level_pressure
INM00042111,DEHRADUN,2023-05-18 03:00:00,30.3167,78.0333,682.0,22.8,939.8,74.0,station_level_pressure
INM00042111,DEHRADUN,2023-05-18 06:00:00,30.3167,78.0333,682.0,26.2,940.3,59.0,station_level_pressure
INM00042111,DEHRADUN,2023-05-18 09:00:00,30.3167,78.0333,682.0,32.2,939.6,33.0,station_level_pressure
INM00042111,DEHRADUN,2023-05-18 12:00:00,30.3167,78.0333,682.0,31.6,937.9,39.0,station_level_pressure
INM00042111,DEHRADUN,2023-05-18 15:00:00,30.3167,78.0333,682.0,25.8,938.1,62.0,station_level_pressure
INM00042111,DEHRADUN,2023-05-18 18:00:00,30.3167,78.0333,682.0,22.2,938.1,73.0,station_level_pressure
INM00042111,DEHRADUN,2023-05-18 21:00:00,30.3167,78.0333,682.0,21.4,936.1,78.0,station_level_pressure
INM00042111,DEHRADUN,2023-05-19 00:00:00,30.3167,78.0333,682.0,20.6,935.7,80.0,station_level_pressure
INM00042111,DEHRADUN,2023-05-19 03:00:00,30.3167,78.0333,682.0,26.7,936.9,56.0,station_level_pressure
INM00042111,DEHRADUN,2023-05-19 06:00:00,30.3167,78.0333,682.0,31.5,937.1,39.0,station_level_pressure
INM00042111,DEHRADUN,2023-05-19 12:00:00,30.3167,78.0333,682.0,33.2,934.0,31.0,station_level_pressure
INM00042111,DEHRADUN,2023-05-19 15:00:00,30.3167,78.0333,682.0,27.6,935.0,51.0,station_level_pressure
INM00042111,DEHRADUN,2023-05-19 18:00:00,30.3167,78.0333,682.0,24.0,935.7,67.0,station_level_pressure
INM00042111,DEHRADUN,2023-05-19 21:00:00,30.3167,78.0333,682.0,21.8,933.7,72.0,station_level_pressure
INM00042111,DEHRADUN,2023-05-20 03:00:00,30.3167,78.0333,682.0,28.2,934.7,54.0,station_level_pressure
INM00042111,DEHRADUN,2023-05-20 06:00:00,30.3167,78.0333,682.0,32.2,935.3,35.0,station_level_pressure
INM00042111,DEHRADUN,2023-05-20 09:00:00,30.3167,78.0333,682.0,35.0,934.5,32.0,station_level_pressure
INM00042111,DEHRADUN,2023-05-20 12:00:00,30.3167,78.0333,682.0,34.7,932.6,26.0,station_level_pressure
INM00042111,DEHRADUN,2023-05-20 15:00:00,30.3167,78.0333,682.0,29.6,933.3,39.0,station_level_pressure
INM00042111,DEHRADUN,2023-05-20 18:00:00,30.3167,78.0333,682.0,25.5,935.2,54.0,station_level_pressure
INM00042111,DEHRADUN,2023-05-20 21:00:00,30.3167,78.0333,682.0,22.6,933.0,68.0,station_level_pressure
INM00042111,DEHRADUN,2023-05-21 00:00:00,30.3167,78.0333,682.0,21.0,933.5,74.0,station_level_pressure
INM00042111,DEHRADUN,2023-05-21 03:00:00,30.3167,78.0333,682.0,29.4,936.8,40.0,station_level_pressure
INM00042111,DEHRADUN,2023-05-21 06:00:00,30.3167,78.0333,682.0,33.7,937.2,32.0,station_level_pressure
INM00042111,DEHRADUN,2023-05-21 09:00:00,30.3167,78.0333,682.0,36.6,935.9,27.0,station_level_pressure
INM00042111,DEHRADUN,2023-05-21 12:00:00,30.3167,78.0333,682.0,36.0,934.4,31.0,station_level_pressure
INM00042111,DEHRADUN,2023-05-21 15:00:00,30.3167,78.0333,682.0,29.0,934.9,57.0,station_level_pressure
INM00042111,DEHRADUN,2023-05-21 18:00:00,30.3167,78.0333,682.0,25.5,935.1,64.0,station_level_pressure
INM00042111,DEHRADUN,2023-05-21 21:00:00,30.3167,78.0333,682.0,23.0,934.7,68.0,station_level_pressure
INM00042111,DEHRADUN,2023-05-22 00:00:00,30.3167,78.0333,682.0,21.7,935.5,71.0,station_level_pressure
INM00042111,DEHRADUN,2023-05-22 03:00:00,30.3167,78.0333,682.0,29.8,936.8,47.0,station_level_pressure
INM00042111,DEHRADUN,2023-05-22 06:00:00,30.3167,78.0333,682.0,35.5,936.7,31.0,station_level_pressure
INM00042111,DEHRADUN,2023-05-22 09:00:00,30.3167,78.0333,682.0,38.7,935.4,27.0,station_level_pressure
INM00042111,DEHRADUN,2023-05-22 12:00:00,30.3167,78.0333,682.0,36.7,934.2,31.0,station_level_pressure
INM00042111,DEHRADUN,2023-05-22 15:00:00,30.3167,78.0333,682.0,30.4,935.4,53.0,station_level_pressure
INM00042111,DEHRADUN,2023-05-22 18:00:00,30.3167,78.0333,682.0,27.6,936.2,63.0,station_level_pressure
INM00042111,DEHRADUN,2023-05-22 21:00:00,30.3167,78.0333,682.0,25.4,936.3,67.0,station_level_pressure
INM00042111,DEHRADUN,2023-05-23 00:00:00,30.3167,78.0333,682.0,24.2,936.4,70.0,station_level_pressure
INM00042111,DEHRADUN,2023-05-23 03:00:00,30.3167,78.0333,682.0,30.0,937.8,47.0,station_level_pressure
INM00042111,DEHRADUN,2023-05-23 06:00:00,30.3167,78.0333,682.0,35.2,937.5,37.0,station_level_pressure
INM00042111,DEHRADUN,2023-05-23 09:00:00,30.3167,78.0333,682.0,31.8,935.7,46.0,station_level_pressure
INM00042111,DEHRADUN,2023-05-23 12:00:00,30.3167,78.0333,682.0,35.7,933.7,42.0,station_level_pressure
INM00042111,DEHRADUN,2023-05-23 15:00:00,30.3167,78.0333,682.0,32.2,934.4,30.0,station_level_pressure
INM00042111,DEHRADUN,2023-05-23 18:00:00,30.3167,78.0333,682.0,21.0,939.3,95.0,station_level_pressure
INM00042111,DEHRADUN,2023-05-23 21:00:00,30.3167,78.0333,682.0,21.8,935.6,90.0,station_level_pressure
INM00042111,DEHRADUN,2023-05-24 00:00:00,30.3167,78.0333,682.0,22.2,935.4,78.0,station_level_pressure
INM00042111,DEHRADUN,2023-05-24 03:00:00,30.3167,78.0333,682.0,24.2,938.4,70.0,station_level_pressure
INM00042111,DEHRADUN,2023-05-24 06:00:00,30.3167,78.0333,682.0,26.7,937.0,64.0,station_level_pressure
INM00042111,DEHRADUN,2023-05-24 09:00:00,30.3167,78.0333,682.0,32.2,936.2,41.0,station_level_pressure
INM00042111,DEHRADUN,2023-05-24 12:00:00,30.3167,78.0333,682.0,31.6,934.9,46.0,station_level_pressure
INM00042111,DEHRADUN,2023-05-24 15:00:00,30.3167,78.0333,682.0,26.4,936.1,58.0,station_level_pressure
INM00042111,DEHRADUN,2023-05-24 18:00:00,30.3167,78.0333,682.0,23.2,936.4,86.0,station_level_pressure
INM00042111,DEHRADUN,2023-05-24 21:00:00,30.3167,78.0333,682.0,20.0,937.7,95.0,station_level_pressure
INM00042111,DEHRADUN,2023-05-25 00:00:00,30.3167,78.0333,682.0,19.7,934.3,82.0,station_level_pressure
INM00042111,DEHRADUN,2023-05-25 03:00:00,30.3167,78.0333,682.0,21.6,937.1,93.0,station_level_pressure
INM00042111,DEHRADUN,2023-05-25 06:00:00,30.3167,78.0333,682.0,27.2,936.8,64.0,station_level_pressure
INM00042111,DEHRADUN,2023-05-25 09:00:00,30.3167,78.0333,682.0,31.0,935.3,42.0,station_level_pressure
INM00042111,DEHRADUN,2023-05-25 12:00:00,30.3167,78.0333,682.0,20.7,936.2,79.0,station_level_pressure
INM00042111,DEHRADUN,2023-05-25 18:00:00,30.3167,78.0333,682.0,19.7,935.2,79.0,station_level_pressure
INM00042111,DEHRADUN,2023-05-25 21:00:00,30.3167,78.0333,682.0,19.0,935.2,89.0,station_level_pressure
INM00042111,DEHRADUN,2023-05-26 00:00:00,30.3167,78.0333,682.0,19.2,935.1,85.0,station_level_pressure
INM00042111,DEHRADUN,2023-05-26 03:00:00,30.3167,78.0333,682.0,23.8,937.4,67.0,station_level_pressure
INM00042111,DEHRADUN,2023-05-26 06:00:00,30.3167,78.0333,682.0,28.7,938.1,45.0,station_level_pressure
INM00042111,DEHRADUN,2023-05-26 09:00:00,30.3167,78.0333,682.0,31.2,936.5,45.0,station_level_pressure
INM00042111,DEHRADUN,2023-05-26 12:00:00,30.3167,78.0333,682.0,30.2,935.1,49.0,station_level_pressure
INM00042111,DEHRADUN,2023-05-26 15:00:00,30.3167,78.0333,682.0,25.8,935.0,64.0,station_level_pressure
INM00042111,DEHRADUN,2023-05-26 18:00:00,30.3167,78.0333,682.0,25.7,935.0,65.0,station_level_pressure
INM00042111,DEHRADUN,2023-05-26 21:00:00,30.3167,78.0333,682.0,21.6,935.0,84.0,station_level_pressure
INM00042111,DEHRADUN,2023-05-27 00:00:00,30.3167,78.0333,682.0,21.0,932.6,86.0,station_level_pressure
INM00042111,DEHRADUN,2023-05-27 03:00:00,30.3167,78.0333,682.0,23.2,937.5,79.0,station_level_pressure
INM00042111,DEHRADUN,2023-05-27 06:00:00,30.3167,78.0333,682.0,27.2,937.2,60.0,station_level_pressure
INM00042111,DEHRADUN,2023-05-27 09:00:00,30.3167,78.0333,682.0,30.4,935.8,47.0,station_level_pressure
INM00042111,DEHRADUN,2023-05-27 12:00:00,30.3167,78.0333,682.0,29.5,935.0,53.0,station_level_pressure
INM00042111,DEHRADUN,2023-05-27 18:00:00,30.3167,78.0333,682.0,22.6,937.0,78.0,station_level_pressure
INM00042111,DEHRADUN,2023-05-27 21:00:00,30.3167,78.0333,682.0,21.0,936.5,83.0,station_level_pressure
INM00042111,DEHRADUN,2023-05-28 00:00:00,30.3167,78.0333,682.0,20.2,936.0,84.0,station_level_pressure
INM00042111,DEHRADUN,2023-05-28 09:00:00,30.3167,78.0333,682.0,32.6,937.3,45.0,station_level_pressure
INM00042111,DEHRADUN,2023-05-28 12:00:00,30.3167,78.0333,682.0,31.2,934.6,48.0,station_level_pressure
INM00042111,DEHRADUN,2023-05-28 15:00:00,30.3167,78.0333,682.0,26.8,935.1,59.0,station_level_pressure
INM00042111,DEHRADUN,2023-05-28 18:00:00,30.3167,78.0333,682.0,25.2,938.4,66.0,station_level_pressure
INM00042111,DEHRADUN,2023-05-28 21:00:00,30.3167,78.0333,682.0,23.4,937.4,77.0,station_level_pressure
INM00042111,DEHRADUN,2023-05-29 00:00:00,30.3167,78.0333,682.0,23.0,938.4,79.0,station_level_pressure
INM00042111,DEHRADUN,2023-05-29 03:00:00,30.3167,78.0333,682.0,28.2,938.9,59.0,station_level_pressure
INM00042111,DEHRADUN,2023-05-29 06:00:00,30.3167,78.0333,682.0,31.5,939.7,49.0,station_level_pressure
INM00042111,DEHRADUN,2023-05-29 09:00:00,30.3167,78.0333,682.0,32.0,937.7,48.0,station_level_pressure
INM00042111,DEHRADUN,2023-05-29 12:00:00,30.3167,78.0333,682.0,26.5,937.8,46.0,station_level_pressure
INM00042111,DEHRADUN,2023-05-29 15:00:00,30.3167,78.0333,682.0,25.5,939.0,56.0,station_level_pressure
INM00042111,DEHRADUN,2023-05-29 18:00:00,30.3167,78.0333,682.0,24.0,939.2,60.0,station_level_pressure
INM00042111,DEHRADUN,2023-05-29 21:00:00,30.3167,78.0333,682.0,21.7,939.7,92.0,station_level_pressure
INM00042111,DEHRADUN,2023-05-30 00:00:00,30.3167,78.0333,682.0,21.0,940.0,91.0,station_level_pressure
INM00042111,DEHRADUN,2023-05-30 03:00:00,30.3167,78.0333,682.0,24.2,940.1,73.0,station_level_pressure
INM00042111,DEHRADUN,2023-05-30 06:00:00,30.3167,78.0333,682.0,31.7,939.8,43.0,station_level_pressure
INM00042111,DEHRADUN,2023-05-30 09:00:00,30.3167,78.0333,682.0,26.0,938.6,74.0,station_level_pressure
INM00042111,DEHRADUN,2023-05-30 12:00:00,30.3167,78.0333,682.0,25.0,937.1,69.0,station_level_pressure
INM00042111,DEHRADUN,2023-05-30 15:00:00,30.3167,78.0333,682.0,24.0,937.7,92.0,station_level_pressure
INM00042111,DEHRADUN,2023-05-30 18:00:00,30.3167,78.0333,682.0,22.6,937.8,91.0,station_level_pressure
INM00042111,DEHRADUN,2023-05-30 21:00:00,30.3167,78.0333,682.0,22.4,936.4,88.0,station_level_pressure
INM00042111,DEHRADUN,2023-05-31 00:00:00,30.3167,78.0333,682.0,22.0,935.6,91.0,station_level_pressure
INM00042111,DEHRADUN,2023-05-31 03:00:00,30.3167,78.0333,682.0,24.6,936.2,73.0,station_level_pressure
INM00042111,DEHRADUN,2023-05-31 06:00:00,30.3167,78.0333,682.0,24.7,938.0,77.0,station_level_pressure
INM00042111,DEHRADUN,2023-05-31 09:00:00,30.3167,78.0333,682.0,21.6,936.5,91.0,station_level_pressure
INM00042111,DEHRADUN,2023-05-31 12:00:00,30.3167,78.0333,682.0,21.5,937.0,87.0,station_level_pressure
INM00042111,DEHRADUN,2023-05-31 15:00:00,30.3167,78.0333,682.0,22.0,937.5,86.0,station_level_pressure
INM00042111,DEHRADUN,2023-05-31 18:00:00,30.3167,78.0333,682.0,20.7,937.9,90.0,station_level_pressure
INM00042111,DEHRADUN,2023-05-31 21:00:00,30.3167,78.0333,682.0,19.6,937.1,91.0,station_level_pressure
INM00042111,DEHRADUN,2023-06-01 00:00:00,30.3167,78.0333,682.0,18.6,936.9,95.0,station_level_pressure
INM00042111,DEHRADUN,2023-06-01 03:00:00,30.3167,78.0333,682.0,24.4,937.3,68.0,station_level_pressure
INM00042111,DEHRADUN,2023-06-01 06:00:00,30.3167,78.0333,682.0,29.6,937.2,49.0,station_level_pressure
INM00042111,DEHRADUN,2023-06-01 09:00:00,30.3167,78.0333,682.0,29.8,936.2,51.0,station_level_pressure
INM00042111,DEHRADUN,2023-06-01 15:00:00,30.3167,78.0333,682.0,25.6,937.0,67.0,station_level_pressure
INM00042111,DEHRADUN,2023-06-01 18:00:00,30.3167,78.0333,682.0,22.7,937.2,77.0,station_level_pressure
INM00042111,DEHRADUN,2023-06-01 21:00:00,30.3167,78.0333,682.0,21.2,934.5,90.0,station_level_pressure
INM00042111,DEHRADUN,2023-06-02 00:00:00,30.3167,78.0333,682.0,20.6,935.0,91.0,station_level_pressure
INM00042111,DEHRADUN,2023-06-02 03:00:00,30.3167,78.0333,682.0,21.8,937.8,73.0,station_level_pressure
INM00042111,DEHRADUN,2023-06-02 06:00:00,30.3167,78.0333,682.0,28.5,937.2,48.0,station_level_pressure
INM00042111,DEHRADUN,2023-06-02 09:00:00,30.3167,78.0333,682.0,31.6,936.2,39.0,station_level_pressure
INM00042111,DEHRADUN,2023-06-02 12:00:00,30.3167,78.0333,682.0,31.0,935.2,42.0,station_level_pressure
INM00042111,DEHRADUN,2023-06-02 15:00:00,30.3167,78.0333,682.0,25.6,935.8,63.0,station_level_pressure
INM00042111,DEHRADUN,2023-06-02 18:00:00,30.3167,78.0333,682.0,22.5,936.0,76.0,station_level_pressure
INM00042111,DEHRADUN,2023-06-02 21:00:00,30.3167,78.0333,682.0,20.0,934.2,77.0,station_level_pressure
INM00042111,DEHRADUN,2023-06-03 00:00:00,30.3167,78.0333,682.0,19.7,935.3,81.0,station_level_pressure
INM00042111,DEHRADUN,2023-06-03 03:00:00,30.3167,78.0333,682.0,25.8,937.1,59.0,station_level_pressure
INM00042111,DEHRADUN,2023-06-03 06:00:00,30.3167,78.0333,682.0,30.2,937.0,49.0,station_level_pressure
INM00042111,DEHRADUN,2023-06-03 09:00:00,30.3167,78.0333,682.0,32.6,936.5,43.0,station_level_pressure
INM00042111,DEHRADUN,2023-06-03 12:00:00,30.3167,78.0333,682.0,32.5,935.2,46.0,station_level_pressure
INM00042111,DEHRADUN,2023-06-03 15:00:00,30.3167,78.0333,682.0,26.4,935.7,66.0,station_level_pressure
INM00042111,DEHRADUN,2023-06-03 18:00:00,30.3167,78.0333,682.0,24.6,936.3,68.0,station_level_pressure
INM00042111,DEHRADUN,2023-06-03 21:00:00,30.3167,78.0333,682.0,22.6,934.1,77.0,station_level_pressure
INM00042111,DEHRADUN,2023-06-04 00:00:00,30.3167,78.0333,682.0,21.7,935.4,83.0,station_level_pressure
INM00042111,DEHRADUN,2023-06-04 03:00:00,30.3167,78.0333,682.0,27.2,937.4,54.0,station_level_pressure
INM00042111,DEHRADUN,2023-06-04 06:00:00,30.3167,78.0333,682.0,31.6,936.5,43.0,station_level_pressure
INM00042111,DEHRADUN,2023-06-04 09:00:00,30.3167,78.0333,682.0,35.0,935.0,36.0,station_level_pressure
INM00042111,DEHRADUN,2023-06-04 12:00:00,30.3167,78.0333,682.0,32.7,934.4,50.0,station_level_pressure
INM00042111,DEHRADUN,2023-06-04 15:00:00,30.3167,78.0333,682.0,29.2,933.9,57.0,station_level_pressure
INM00042111,DEHRADUN,2023-06-04 18:00:00,30.3167,78.0333,682.0,27.0,932.4,59.0,station_level_pressure
INM00042111,DEHRADUN,2023-06-05 00:00:00,30.3167,78.0333,682.0,23.0,932.5,81.0,station_level_pressure
INM00042111,DEHRADUN,2023-06-05 03:00:00,30.3167,78.0333,682.0,27.8,935.1,61.0,station_level_pressure
INM00042111,DEHRADUN,2023-06-05 06:00:00,30.3167,78.0333,682.0,33.6,934.6,42.0,station_level_pressure
INM00042111,DEHRADUN,2023-06-05 09:00:00,30.3167,78.0333,682.0,36.0,933.5,37.0,station_level_pressure
INM00042111,DEHRADUN,2023-06-05 12:00:00,30.3167,78.0333,682.0,31.5,933.7,33.0,station_level_pressure
INM00042111,DEHRADUN,2023-06-05 15:00:00,30.3167,78.0333,682.0,26.8,934.9,75.0,station_level_pressure
INM00042111,DEHRADUN,2023-06-05 18:00:00,30.3167,78.0333,682.0,21.0,938.4,84.0,station_level_pressure
INM00042111,DEHRADUN,2023-06-05 21:00:00,30.3167,78.0333,682.0,21.0,934.2,83.0,station_level_pressure
INM00042111,DEHRADUN,2023-06-06 00:00:00,30.3167,78.0333,682.0,20.6,934.5,86.0,station_level_pressure
INM00042111,DEHRADUN,2023-06-06 03:00:00,30.3167,78.0333,682.0,25.8,936.1,67.0,station_level_pressure
INM00042111,DEHRADUN,2023-06-06 06:00:00,30.3167,78.0333,682.0,32.2,936.2,38.0,station_level_pressure
INM00042111,DEHRADUN,2023-06-06 09:00:00,30.3167,78.0333,682.0,33.8,934.5,34.0,station_level_pressure
INM00042111,DEHRADUN,2023-06-06 12:00:00,30.3167,78.0333,682.0,33.6,932.0,35.0,station_level_pressure
INM00042111,DEHRADUN,2023-06-06 15:00:00,30.3167,78.0333,682.0,26.8,932.5,53.0,station_level_pressure
INM00042111,DEHRADUN,2023-06-06 18:00:00,30.3167,78.0333,682.0,24.6,933.2,65.0,station_level_pressure
INM00042111,DEHRADUN,2023-06-07 00:00:00,30.3167,78.0333,682.0,21.2,933.5,74.0,station_level_pressure
INM00042111,DEHRADUN,2023-06-07 03:00:00,30.3167,78.0333,682.0,27.6,935.4,52.0,station_level_pressure
INM00042111,DEHRADUN,2023-06-07 06:00:00,30.3167,78.0333,682.0,33.2,935.4,34.0,station_level_pressure
INM00042111,DEHRADUN,2023-06-07 09:00:00,30.3167,78.0333,682.0,34.6,934.2,31.0,station_level_pressure
INM00042111,DEHRADUN,2023-06-07 12:00:00,30.3167,78.0333,682.0,34.2,932.8,34.0,station_level_pressure
INM00042111,DEHRADUN,2023-06-07 15:00:00,30.3167,78.0333,682.0,28.0,933.5,55.0,station_level_pressure
INM00042111,DEHRADUN,2023-06-07 18:00:00,30.3167,78.0333,682.0,24.5,934.3,67.0,station_level_pressure
INM00042111,DEHRADUN,2023-06-07 21:00:00,30.3167,78.0333,682.0,22.4,934.0,67.0,station_level_pressure
INM00042111,DEHRADUN,2023-06-08 00:00:00,30.3167,78.0333,682.0,21.6,934.4,70.0,station_level_pressure
INM00042111,DEHRADUN,2023-06-08 03:00:00,30.3167,78.0333,682.0,28.4,935.1,47.0,station_level_pressure
INM00042111,DEHRADUN,2023-06-08 06:00:00,30.3167,78.0333,682.0,34.6,934.9,29.0,station_level_pressure
INM00042111,DEHRADUN,2023-06-08 09:00:00,30.3167,78.0333,682.0,37.0,933.1,30.0,station_level_pressure
INM00042111,DEHRADUN,2023-06-08 12:00:00,30.3167,78.0333,682.0,35.6,932.1,32.0,station_level_pressure
INM00042111,DEHRADUN,2023-06-08 15:00:00,30.3167,78.0333,682.0,30.0,932.2,36.0,station_level_pressure
INM00042111,DEHRADUN,2023-06-08 18:00:00,30.3167,78.0333,682.0,27.2,932.0,44.0,station_level_pressure
INM00042111,DEHRADUN,2023-06-08 21:00:00,30.3167,78.0333,682.0,23.0,932.0,66.0,station_level_pressure
INM00042111,DEHRADUN,2023-06-09 00:00:00,30.3167,78.0333,682.0,21.6,932.2,70.0,station_level_pressure
INM00042111,DEHRADUN,2023-06-09 03:00:00,30.3167,78.0333,682.0,28.2,933.1,49.0,station_level_pressure
INM00042111,DEHRADUN,2023-06-09 06:00:00,30.3167,78.0333,682.0,34.2,932.8,35.0,station_level_pressure
INM00042111,DEHRADUN,2023-06-09 09:00:00,30.3167,78.0333,682.0,37.2,930.4,27.0,station_level_pressure
INM00042111,DEHRADUN,2023-06-09 12:00:00,30.3167,78.0333,682.0,37.2,928.2,29.0,station_level_pressure
INM00042111,DEHRADUN,2023-06-09 15:00:00,30.3167,78.0333,682.0,29.4,929.1,49.0,station_level_pressure
INM00042111,DEHRADUN,2023-06-09 18:00:00,30.3167,78.0333,682.0,25.6,929.8,61.0,station_level_pressure
INM00042111,DEHRADUN,2023-06-09 21:00:00,30.3167,78.0333,682.0,24.0,929.1,67.0,station_level_pressure
INM00042111,DEHRADUN,2023-06-10 00:00:00,30.3167,78.0333,682.0,23.5,929.6,69.0,station_level_pressure
INM00042111,DEHRADUN,2023-06-10 03:00:00,30.3167,78.0333,682.0,31.2,931.3,46.0,station_level_pressure
INM00042111,DEHRADUN,2023-06-10 06:00:00,30.3167,78.0333,682.0,36.2,930.6,37.0,station_level_pressure
INM00042111,DEHRADUN,2023-06-10 09:00:00,30.3167,78.0333,682.0,38.7,929.0,34.0,station_level_pressure
INM00042111,DEHRADUN,2023-06-10 15:00:00,30.3167,78.0333,682.0,31.2,928.2,51.0,station_level_pressure
INM00042111,DEHRADUN,2023-06-11 00:00:00,30.3167,78.0333,682.0,25.5,929.2,67.0,station_level_pressure
INM00042111,DEHRADUN,2023-06-11 03:00:00,30.3167,78.0333,682.0,28.8,930.3,63.0,station_level_pressure
INM00042111,DEHRADUN,2023-06-11 06:00:00,30.3167,78.0333,682.0,33.6,931.0,41.0,station_level_pressure
INM00042111,DEHRADUN,2023-06-11 09:00:00,30.3167,78.0333,682.0,36.8,928.9,34.0,station_level_pressure
INM00042111,DEHRADUN,2023-06-11 12:00:00,30.3167,78.0333,682.0,35.5,927.8,35.0,station_level_pressure
INM00042111,DEHRADUN,2023-06-11 15:00:00,30.3167,78.0333,682.0,30.6,928.8,48.0,station_level_pressure
INM00042111,DEHRADUN,2023-06-11 18:00:00,30.3167,78.0333,682.0,27.0,929.1,60.0,station_level_pressure
INM00042111,DEHRADUN,2023-06-11 21:00:00,30.3167,78.0333,682.0,24.6,928.4,71.0,station_level_pressure
INM00042111,DEHRADUN,2023-06-12 00:00:00,30.3167,78.0333,682.0,23.6,928.2,74.0,station_level_pressure
INM00042111,DEHRADUN,2023-06-12 03:00:00,30.3167,78.0333,682.0,31.2,929.2,52.0,station_level_pressure
INM00042111,DEHRADUN,2023-06-12 06:00:00,30.3167,78.0333,682.0,34.7,929.5,40.0,station_level_pressure
INM00042111,DEHRADUN,2023-06-12 09:00:00,30.3167,78.0333,682.0,37.2,929.0,38.0,station_level_pressure
INM00042111,DEHRADUN,2023-06-12 12:00:00,30.3167,78.0333,682.0,36.7,927.2,39.0,station_level_pressure
INM00042111,DEHRADUN,2023-06-12 15:00:00,30.3167,78.0333,682.0,32.4,928.0,46.0,station_level_pressure
INM00042111,DEHRADUN,2023-06-12 18:00:00,30.3167,78.0333,682.0,32.5,928.0,46.0,station_level_pressure
INM00042111,DEHRADUN,2023-06-13 00:00:00,30.3167,78.0333,682.0,25.6,929.2,73.0,station_level_pressure
INM00042111,DEHRADUN,2023-06-13 03:00:00,30.3167,78.0333,682.0,31.8,930.0,52.0,station_level_pressure
INM00042111,DEHRADUN,2023-06-13 06:00:00,30.3167,78.0333,682.0,36.2,929.6,38.0,station_level_pressure
INM00042111,DEHRADUN,2023-06-13 09:00:00,30.3167,78.0333,682.0,38.4,927.5,34.0,station_level_pressure
INM00042111,DEHRADUN,2023-06-13 12:00:00,30.3167,78.0333,682.0,37.5,925.8,29.0,station_level_pressure
INM00042111,DEHRADUN,2023-06-13 15:00:00,30.3167,78.0333,682.0,34.0,926.8,42.0,station_level_pressure
INM00042111,DEHRADUN,2023-06-13 18:00:00,30.3167,78.0333,682.0,29.6,928.0,48.0,station_level_pressure
INM00042111,DEHRADUN,2023-06-13 21:00:00,30.3167,78.0333,682.0,26.5,927.2,52.0,station_level_pressure
INM00042111,DEHRADUN,2023-06-14 00:00:00,30.3167,78.0333,682.0,25.2,928.4,62.0,station_level_pressure
INM00042111,DEHRADUN,2023-06-14 03:00:00,30.3167,78.0333,682.0,31.8,930.5,42.0,station_level_pressure
INM00042111,DEHRADUN,2023-06-14 06:00:00,30.3167,78.0333,682.0,35.5,930.6,38.0,station_level_pressure
INM00042111,DEHRADUN,2023-06-14 09:00:00,30.3167,78.0333,682.0,38.0,928.0,33.0,station_level_pressure
INM00042111,DEHRADUN,2023-06-14 12:00:00,30.3167,78.0333,682.0,35.4,928.0,33.0,station_level_pressure
INM00042111,DEHRADUN,2023-06-14 15:00:00,30.3167,78.0333,682.0,30.8,929.2,45.0,station_level_pressure
INM00042111,DEHRADUN,2023-06-14 18:00:00,30.3167,78.0333,682.0,29.6,930.0,48.0,station_level_pressure
INM00042111,DEHRADUN,2023-06-15 00:00:00,30.3167,78.0333,682.0,24.5,929.0,67.0,station_level_pressure
INM00042111,DEHRADUN,2023-06-15 03:00:00,30.3167,78.0333,682.0,30.2,930.6,51.0,station_level_pressure
INM00042111,DEHRADUN,2023-06-15 06:00:00,30.3167,78.0333,682.0,33.7,931.5,44.0,station_level_pressure
INM00042111,DEHRADUN,2023-06-15 09:00:00,30.3167,78.0333,682.0,34.8,931.5,36.0,station_level_pressure
INM00042111,DEHRADUN,2023-06-15 12:00:00,30.3167,78.0333,682.0,34.6,930.3,38.0,station_level_pressure
INM00042111,DEHRADUN,2023-06-15 18:00:00,30.3167,78.0333,682.0,27.0,931.5,61.0,station_level_pressure
INM00042111,DEHRADUN,2023-06-15 21:00:00,30.3167,78.0333,682.0,25.5,930.9,67.0,station_level_pressure
INM00042111,DEHRADUN,2023-06-16 00:00:00,30.3167,78.0333,682.0,23.7,930.3,72.0,station_level_pressure
INM00042111,DEHRADUN,2023-06-16 03:00:00,30.3167,78.0333,682.0,30.2,930.9,54.0,station_level_pressure
INM00042111,DEHRADUN,2023-06-16 06:00:00,30.3167,78.0333,682.0,34.6,931.2,39.0,station_level_pressure
INM00042111,DEHRADUN,2023-06-16 09:00:00,30.3167,78.0333,682.0,36.6,930.0,35.0,station_level_pressure
INM00042111,DEHRADUN,2023-06-16 12:00:00,30.3167,78.0333,682.0,35.5,928.5,41.0,station_level_pressure
INM00042111,DEHRADUN,2023-06-16 15:00:00,30.3167,78.0333,682.0,31.6,930.0,55.0,station_level_pressure
INM00042111,DEHRADUN,2023-06-16 18:00:00,30.3167,78.0333,682.0,28.7,932.2,58.0,station_level_pressure
INM00042111,DEHRADUN,2023-06-17 00:00:00,30.3167,78.0333,682.0,25.5,930.0,75.0,station_level_pressure
INM00042111,DEHRADUN,2023-06-17 03:00:00,30.3167,78.0333,682.0,32.2,931.7,48.0,station_level_pressure
INM00042111,DEHRADUN,2023-06-17 06:00:00,30.3167,78.0333,682.0,36.5,932.7,34.0,station_level_pressure
INM00042111,DEHRADUN,2023-06-17 09:00:00,30.3167,78.0333,682.0,37.8,930.7,33.0,station_level_pressure
INM00042111,DEHRADUN,2023-06-17 12:00:00,30.3167,78.0333,682.0,35.6,929.3,43.0,station_level_pressure
INM00042111,DEHRADUN,2023-06-17 15:00:00,30.3167,78.0333,682.0,32.2,929.0,54.0,station_level_pressure
INM00042111,DEHRADUN,2023-06-17 18:00:00,30.3167,78.0333,682.0,29.0,931.0,59.0,station_level_pressure
INM00042111,DEHRADUN,2023-06-18 00:00:00,30.3167,78.0333,682.0,26.5,931.0,84.0,station_level_pressure
INM00042111,DEHRADUN,2023-06-18 03:00:00,30.3167,78.0333,682.0,26.8,934.1,83.0,station_level_pressure
INM00042111,DEHRADUN,2023-06-18 06:00:00,30.3167,78.0333,682.0,28.6,933.5,75.0,station_level_pressure
INM00042111,DEHRADUN,2023-06-18 09:00:00,30.3167,78.0333,682.0,32.6,931.7,55.0,station_level_pressure
INM00042111,DEHRADUN,2023-06-18 12:00:00,30.3167,78.0333,682.0,35.4,930.0,38.0,station_level_pressure
INM00042111,DEHRADUN,2023-06-18 15:00:00,30.3167,78.0333,682.0,29.8,930.0,58.0,station_level_pressure
INM00042111,DEHRADUN,2023-06-18 18:00:00,30.3167,78.0333,682.0,28.0,931.0,62.0,station_level_pressure
INM00042111,DEHRADUN,2023-06-19 00:00:00,30.3167,78.0333,682.0,25.5,931.5,76.0,station_level_pressure
INM00042111,DEHRADUN,2023-06-19 03:00:00,30.3167,78.0333,682.0,31.6,931.8,55.0,station_level_pressure
INM00042111,DEHRADUN,2023-06-19 06:00:00,30.3167,78.0333,682.0,36.5,931.0,39.0,station_level_pressure
INM00042111,DEHRADUN,2023-06-19 09:00:00,30.3167,78.0333,682.0,23.2,931.2,79.0,station_level_pressure
INM00042111,DEHRADUN,2023-06-19 12:00:00,30.3167,78.0333,682.0,27.2,929.4,80.0,station_level_pressure
INM00042111,DEHRADUN,2023-06-19 15:00:00,30.3167,78.0333,682.0,25.4,930.2,84.0,station_level_pressure
INM00042111,DEHRADUN,2023-06-19 18:00:00,30.3167,78.0333,682.0,24.5,931.2,87.0,station_level_pressure
INM00042111,DEHRADUN,2023-06-20 00:00:00,30.3167,78.0333,682.0,25.0,929.5,86.0,station_level_pressure
INM00042111,DEHRADUN,2023-06-20 03:00:00,30.3167,78.0333,682.0,28.8,931.4,71.0,station_level_pressure
INM00042111,DEHRADUN,2023-06-20 06:00:00,30.3167,78.0333,682.0,36.5,931.6,41.0,station_level_pressure
INM00042111,DEHRADUN,2023-06-20 09:00:00,30.3167,78.0333,682.0,36.6,929.6,44.0,station_level_pressure
INM00042111,DEHRADUN,2023-06-20 12:00:00,30.3167,78.0333,682.0,28.6,929.5,78.0,station_level_pressure
INM00042111,DEHRADUN,2023-06-20 15:00:00,30.3167,78.0333,682.0,26.2,930.0,90.0,station_level_pressure
INM00042111,DEHRADUN,2023-06-20 18:00:00,30.3167,78.0333,682.0,26.2,930.0,90.0,station_level_pressure
INM00042111,DEHRADUN,2023-06-21 00:00:00,30.3167,78.0333,682.0,25.5,930.2,95.0,station_level_pressure
INM00042111,DEHRADUN,2023-06-21 03:00:00,30.3167,78.0333,682.0,29.8,932.4,69.0,station_level_pressure
INM00042111,DEHRADUN,2023-06-21 06:00:00,30.3167,78.0333,682.0,33.2,933.0,59.0,station_level_pressure
INM00042111,DEHRADUN,2023-06-21 09:00:00,30.3167,78.0333,682.0,35.0,935.0,51.0,station_level_pressure
INM00042111,DEHRADUN,2023-06-21 12:00:00,30.3167,78.0333,682.0,34.7,929.4,56.0,station_level_pressure
INM00042111,DEHRADUN,2023-06-21 15:00:00,30.3167,78.0333,682.0,30.8,930.4,71.0,station_level_pressure
INM00042111,DEHRADUN,2023-06-21 18:00:00,30.3167,78.0333,682.0,29.0,932.3,78.0,station_level_pressure
INM00042111,DEHRADUN,2023-06-21 21:00:00,30.3167,78.0333,682.0,28.5,931.9,83.0,station_level_pressure
INM00042111,DEHRADUN,2023-06-22 00:00:00,30.3167,78.0333,682.0,27.7,931.6,90.0,station_level_pressure
INM00042111,DEHRADUN,2023-06-22 03:00:00,30.3167,78.0333,682.0,26.4,933.6,92.0,station_level_pressure
INM00042111,DEHRADUN,2023-06-22 06:00:00,30.3167,78.0333,682.0,25.5,934.6,93.0,station_level_pressure
INM00042111,DEHRADUN,2023-06-22 09:00:00,30.3167,78.0333,682.0,28.4,932.1,81.0,station_level_pressure
INM00042111,DEHRADUN,2023-06-22 12:00:00,30.3167,78.0333,682.0,32.7,930.0,62.0,station_level_pressure
INM00042111,DEHRADUN,2023-06-22 15:00:00,30.3167,78.0333,682.0,30.2,930.0,82.0,station_level_pressure
INM00042111,DEHRADUN,2023-06-23 00:00:00,30.3167,78.0333,682.0,25.6,932.0,98.0,station_level_pressure
INM00042111,DEHRADUN,2023-06-23 03:00:00,30.3167,78.0333,682.0,27.6,933.1,89.0,station_level_pressure
INM00042111,DEHRADUN,2023-06-23 06:00:00,30.3167,78.0333,682.0,27.7,934.8,90.0,station_level_pressure
INM00042111,DEHRADUN,2023-06-23 09:00:00,30.3167,78.0333,682.0,30.0,932.6,77.0,station_level_pressure
INM00042111,DEHRADUN,2023-06-23 12:00:00,30.3167,78.0333,682.0,30.7,930.4,77.0,station_level_pressure
INM00042111,DEHRADUN,2023-06-23 15:00:00,30.3167,78.0333,682.0,29.0,931.3,84.0,station_level_pressure
INM00042111,DEHRADUN,2023-06-23 18:00:00,30.3167,78.0333,682.0,28.0,932.0,85.0,station_level_pressure
INM00042111,DEHRADUN,2023-06-23 21:00:00,30.3167,78.0333,682.0,27.6,931.5,88.0,station_level_pressure
INM00042111,DEHRADUN,2023-06-24 00:00:00,30.3167,78.0333,682.0,26.6,931.8,92.0,station_level_pressure
INM00042111,DEHRADUN,2023-06-24 03:00:00,30.3167,78.0333,682.0,25.6,932.5,97.0,station_level_pressure
INM00042111,DEHRADUN,2023-06-24 06:00:00,30.3167,78.0333,682.0,26.0,933.1,95.0,station_level_pressure
INM00042111,DEHRADUN,2023-06-24 09:00:00,30.3167,78.0333,682.0,28.2,931.2,88.0,station_level_pressure
INM00042111,DEHRADUN,2023-06-24 12:00:00,30.3167,78.0333,682.0,28.7,930.0,81.0,station_level_pressure
INM00042111,DEHRADUN,2023-06-24 15:00:00,30.3167,78.0333,682.0,27.2,931.0,86.0,station_level_pressure
INM00042111,DEHRADUN,2023-06-24 18:00:00,30.3167,78.0333,682.0,27.0,932.4,89.0,station_level_pressure
INM00042111,DEHRADUN,2023-06-24 21:00:00,30.3167,78.0333,682.0,26.6,931.3,92.0,station_level_pressure
INM00042111,DEHRADUN,2023-06-25 00:00:00,30.3167,78.0333,682.0,24.8,930.4,94.0,station_level_pressure
INM00042111,DEHRADUN,2023-06-25 03:00:00,30.3167,78.0333,682.0,23.8,933.4,98.0,station_level_pressure
INM00042111,DEHRADUN,2023-06-25 06:00:00,30.3167,78.0333,682.0,23.8,934.6,98.0,station_level_pressure
INM00042111,DEHRADUN,2023-06-25 09:00:00,30.3167,78.0333,682.0,24.0,934.5,95.0,station_level_pressure
INM00042111,DEHRADUN,2023-06-25 12:00:00,30.3167,78.0333,682.0,25.4,932.2,94.0,station_level_pressure
INM00042111,DEHRADUN,2023-06-25 15:00:00,30.3167,78.0333,682.0,24.0,931.0,96.0,station_level_pressure
INM00042111,DEHRADUN,2023-06-25 18:00:00,30.3167,78.0333,682.0,23.6,934.2,95.0,station_level_pressure
INM00042111,DEHRADUN,2023-06-26 00:00:00,30.3167,78.0333,682.0,24.2,932.9,95.0,station_level_pressure
INM00042111,DEHRADUN,2023-06-26 03:00:00,30.3167,78.0333,682.0,25.2,933.6,92.0,station_level_pressure
INM00042111,DEHRADUN,2023-06-26 06:00:00,30.3167,78.0333,682.0,26.6,935.2,86.0,station_level_pressure
INM00042111,DEHRADUN,2023-06-26 09:00:00,30.3167,78.0333,682.0,25.6,934.1,87.0,station_level_pressure
INM00042111,DEHRADUN,2023-06-26 12:00:00,30.3167,78.0333,682.0,28.2,930.5,84.0,station_level_pressure
INM00042111,DEHRADUN,2023-06-26 15:00:00,30.3167,78.0333,682.0,26.4,931.9,86.0,station_level_pressure
INM00042111,DEHRADUN,2023-06-26 18:00:00,30.3167,78.0333,682.0,25.0,933.9,92.0,station_level_pressure
INM00042111,DEHRADUN,2023-06-26 21:00:00,30.3167,78.0333,682.0,24.6,932.6,92.0,station_level_pressure
INM00042111,DEHRADUN,2023-06-27 00:00:00,30.3167,78.0333,682.0,25.2,931.6,92.0,station_level_pressure
INM00042111,DEHRADUN,2023-06-27 03:00:00,30.3167,78.0333,682.0,26.8,932.2,89.0,station_level_pressure
INM00042111,DEHRADUN,2023-06-27 06:00:00,30.3167,78.0333,682.0,30.6,933.2,66.0,station_level_pressure
INM00042111,DEHRADUN,2023-06-27 09:00:00,30.3167,78.0333,682.0,29.0,932.6,73.0,station_level_pressure
INM00042111,DEHRADUN,2023-06-27 12:00:00,30.3167,78.0333,682.0,25.0,932.8,87.0,station_level_pressure
INM00042111,DEHRADUN,2023-06-27 15:00:00,30.3167,78.0333,682.0,24.8,932.1,90.0,station_level_pressure
INM00042111,DEHRADUN,2023-06-27 18:00:00,30.3167,78.0333,682.0,24.7,934.2,93.0,station_level_pressure
INM00042111,DEHRADUN,2023-06-27 21:00:00,30.3167,78.0333,682.0,24.5,933.5,91.0,station_level_pressure
INM00042111,DEHRADUN,2023-06-28 00:00:00,30.3167,78.0333,682.0,24.5,933.0,91.0,station_level_pressure
INM00042111,DEHRADUN,2023-06-28 03:00:00,30.3167,78.0333,682.0,25.4,935.1,87.0,station_level_pressure
INM00042111,DEHRADUN,2023-06-28 06:00:00,30.3167,78.0333,682.0,25.6,935.2,92.0,station_level_pressure
INM00042111,DEHRADUN,2023-06-28 09:00:00,30.3167,78.0333,682.0,28.6,934.1,77.0,station_level_pressure
INM00042111,DEHRADUN,2023-06-28 12:00:00,30.3167,78.0333,682.0,30.7,931.4,72.0,station_level_pressure
INM00042111,DEHRADUN,2023-06-28 15:00:00,30.3167,78.0333,682.0,27.0,932.3,85.0,station_level_pressure
INM00042111,DEHRADUN,2023-06-28 18:00:00,30.3167,78.0333,682.0,25.6,934.5,87.0,station_level_pressure
INM00042111,DEHRADUN,2023-06-28 21:00:00,30.3167,78.0333,682.0,25.0,933.1,92.0,station_level_pressure
INM00042111,DEHRADUN,2023-06-29 00:00:00,30.3167,78.0333,682.0,24.7,932.6,95.0,station_level_pressure
INM00042111,DEHRADUN,2023-06-29 03:00:00,30.3167,78.0333,682.0,26.6,933.5,85.0,station_level_pressure
INM00042111,DEHRADUN,2023-06-29 06:00:00,30.3167,78.0333,682.0,27.5,934.4,83.0,station_level_pressure
INM00042111,DEHRADUN,2023-06-29 09:00:00,30.3167,78.0333,682.0,28.0,932.2,77.0,station_level_pressure
INM00042111,DEHRADUN,2023-06-29 12:00:00,30.3167,78.0333,682.0,30.5,929.2,70.0,station_level_pressure
INM00042111,DEHRADUN,2023-06-29 15:00:00,30.3167,78.0333,682.0,28.0,930.5,82.0,station_level_pressure
INM00042111,DEHRADUN,2023-06-29 18:00:00,30.3167,78.0333,682.0,26.0,931.8,92.0,station_level_pressure
INM00042111,DEHRADUN,2023-06-29 21:00:00,30.3167,78.0333,682.0,25.6,931.1,92.0,station_level_pressure
INM00042111,DEHRADUN,2023-06-30 00:00:00,30.3167,78.0333,682.0,25.2,931.0,95.0,station_level_pressure
INM00042111,DEHRADUN,2023-06-30 03:00:00,30.3167,78.0333,682.0,24.6,932.0,96.0,station_level_pressure
INM00042111,DEHRADUN,2023-06-30 06:00:00,30.3167,78.0333,682.0,29.6,932.1,71.0,station_level_pressure
INM00042111,DEHRADUN,2023-06-30 09:00:00,30.3167,78.0333,682.0,29.0,931.1,78.0,station_level_pressure
INM00042111,DEHRADUN,2023-06-30 12:00:00,30.3167,78.0333,682.0,28.5,929.1,82.0,station_level_pressure
INM00042111,DEHRADUN,2023-06-30 15:00:00,30.3167,78.0333,682.0,25.4,929.8,89.0,station_level_pressure
INM00042111,DEHRADUN,2023-06-30 18:00:00,30.3167,78.0333,682.0,25.0,931.2,92.0,station_level_pressure
INM00042111,DEHRADUN,2023-06-30 21:00:00,30.3167,78.0333,682.0,25.0,930.9,94.0,station_level_pressure
INM00042111,DEHRADUN,2023-07-01 00:00:00,30.3167,78.0333,682.0,24.6,930.2,92.0,station_level_pressure
INM00042111,DEHRADUN,2023-07-01 03:00:00,30.3167,78.0333,682.0,26.6,931.2,85.0,station_level_pressure
INM00042111,DEHRADUN,2023-07-01 06:00:00,30.3167,78.0333,682.0,31.5,931.4,60.0,station_level_pressure
INM00042111,DEHRADUN,2023-07-01 09:00:00,30.3167,78.0333,682.0,32.2,930.8,63.0,station_level_pressure
INM00042111,DEHRADUN,2023-07-01 12:00:00,30.3167,78.0333,682.0,24.6,931.1,95.0,station_level_pressure
INM00042111,DEHRADUN,2023-07-01 15:00:00,30.3167,78.0333,682.0,25.2,932.0,96.0,station_level_pressure
INM00042111,DEHRADUN,2023-07-01 18:00:00,30.3167,78.0333,682.0,25.2,932.0,96.0,station_level_pressure
INM00042111,DEHRADUN,2023-07-01 21:00:00,30.3167,78.0333,682.0,25.0,932.0,96.0,station_level_pressure
INM00042111,DEHRADUN,2023-07-02 00:00:00,30.3167,78.0333,682.0,25.2,931.0,96.0,station_level_pressure
INM00042111,DEHRADUN,2023-07-02 03:00:00,30.3167,78.0333,682.0,27.2,932.5,82.0,station_level_pressure
INM00042111,DEHRADUN,2023-07-02 06:00:00,30.3167,78.0333,682.0,31.6,932.8,60.0,station_level_pressure
INM00042111,DEHRADUN,2023-07-02 09:00:00,30.3167,78.0333,682.0,30.0,931.8,82.0,station_level_pressure
INM00042111,DEHRADUN,2023-07-02 12:00:00,30.3167,78.0333,682.0,28.5,930.2,89.0,station_level_pressure
INM00042111,DEHRADUN,2023-07-02 15:00:00,30.3167,78.0333,682.0,27.4,931.6,89.0,station_level_pressure
INM00042111,DEHRADUN,2023-07-02 18:00:00,30.3167,78.0333,682.0,26.0,932.3,94.0,station_level_pressure
INM00042111,DEHRADUN,2023-07-02 21:00:00,30.3167,78.0333,682.0,25.6,932.3,94.0,station_level_pressure
INM00042111,DEHRADUN,2023-07-03 00:00:00,30.3167,78.0333,682.0,25.2,932.2,96.0,station_level_pressure
INM00042111,DEHRADUN,2023-07-03 03:00:00,30.3167,78.0333,682.0,27.2,933.0,89.0,station_level_pressure
INM00042111,DEHRADUN,2023-07-03 06:00:00,30.3167,78.0333,682.0,30.6,932.5,70.0,station_level_pressure
INM00042111,DEHRADUN,2023-07-03 09:00:00,30.3167,78.0333,682.0,33.2,931.0,68.0,station_level_pressure
INM00042111,DEHRADUN,2023-07-03 12:00:00,30.3167,78.0333,682.0,32.0,928.2,74.0,station_level_pressure
INM00042111,DEHRADUN,2023-07-03 15:00:00,30.3167,78.0333,682.0,29.8,929.5,84.0,station_level_pressure
INM00042111,DEHRADUN,2023-07-03 18:00:00,30.3167,78.0333,682.0,27.7,930.4,84.0,station_level_pressure
INM00042111,DEHRADUN,2023-07-03 21:00:00,30.3167,78.0333,682.0,27.6,929.9,86.0,station_level_pressure
INM00042111,DEHRADUN,2023-07-04 00:00:00,30.3167,78.0333,682.0,23.0,930.2,96.0,station_level_pressure
INM00042111,DEHRADUN,2023-07-04 03:00:00,30.3167,78.0333,682.0,25.2,931.4,90.0,station_level_pressure
INM00042111,DEHRADUN,2023-07-04 06:00:00,30.3167,78.0333,682.0,30.2,931.6,72.0,station_level_pressure
INM00042111,DEHRADUN,2023-07-04 09:00:00,30.3167,78.0333,682.0,31.8,931.2,60.0,station_level_pressure
INM00042111,DEHRADUN,2023-07-04 12:00:00,30.3167,78.0333,682.0,30.0,928.6,75.0,station_level_pressure
INM00042111,DEHRADUN,2023-07-04 21:00:00,30.3167,78.0333,682.0,23.7,931.6,100.0,station_level_pressure
INM00042111,DEHRADUN,2023-07-05 00:00:00,30.3167,78.0333,682.0,23.6,930.6,100.0,station_level_pressure
INM00042111,DEHRADUN,2023-07-05 03:00:00,30.3167,78.0333,682.0,26.2,931.1,93.0,station_level_pressure
INM00042111,DEHRADUN,2023-07-05 06:00:00,30.3167,78.0333,682.0,25.2,932.2,98.0,station_level_pressure
INM00042111,DEHRADUN,2023-07-05 09:00:00,30.3167,78.0333,682.0,23.2,931.9,98.0,station_level_pressure
INM00042111,DEHRADUN,2023-07-05 12:00:00,30.3167,78.0333,682.0,24.7,930.5,97.0,station_level_pressure
INM00042111,DEHRADUN,2023-07-05 15:00:00,30.3167,78.0333,682.0,24.8,931.0,96.0,station_level_pressure
INM00042111,DEHRADUN,2023-07-05 18:00:00,30.3167,78.0333,682.0,24.6,932.3,98.0,station_level_pressure
INM00042111,DEHRADUN,2023-07-05 21:00:00,30.3167,78.0333,682.0,24.2,932.1,98.0,station_level_pressure
INM00042111,DEHRADUN,2023-07-06 00:00:00,30.3167,78.0333,682.0,24.2,932.2,98.0,station_level_pressure
INM00042111,DEHRADUN,2023-07-06 03:00:00,30.3167,78.0333,682.0,24.8,933.3,96.0,station_level_pressure
INM00042111,DEHRADUN,2023-07-06 06:00:00,30.3167,78.0333,682.0,26.6,934.1,86.0,station_level_pressure
INM00042111,DEHRADUN,2023-07-06 09:00:00,30.3167,78.0333,682.0,30.2,933.0,75.0,station_level_pressure
INM00042111,DEHRADUN,2023-07-06 12:00:00,30.3167,78.0333,682.0,29.7,931.2,71.0,station_level_pressure
INM00042111,DEHRADUN,2023-07-06 15:00:00,30.3167,78.0333,682.0,26.6,932.4,85.0,station_level_pressure
INM00042111,DEHRADUN,2023-07-06 18:00:00,30.3167,78.0333,682.0,25.7,933.4,91.0,station_level_pressure
INM00042111,DEHRADUN,2023-07-06 21:00:00,30.3167,78.0333,682.0,25.0,933.1,95.0,station_level_pressure
INM00042111,DEHRADUN,2023-07-07 00:00:00,30.3167,78.0333,682.0,25.0,933.2,95.0,station_level_pressure
INM00042111,DEHRADUN,2023-07-07 03:00:00,30.3167,78.0333,682.0,27.4,933.7,85.0,station_level_pressure
INM00042111,DEHRADUN,2023-07-07 06:00:00,30.3167,78.0333,682.0,30.2,934.4,70.0,station_level_pressure
INM00042111,DEHRADUN,2023-07-07 09:00:00,30.3167,78.0333,682.0,24.0,934.5,96.0,station_level_pressure
INM00042111,DEHRADUN,2023-07-07 12:00:00,30.3167,78.0333,682.0,30.0,931.4,73.0,station_level_pressure
INM00042111,DEHRADUN,2023-07-07 15:00:00,30.3167,78.0333,682.0,26.8,932.0,90.0,station_level_pressure
INM00042111,DEHRADUN,2023-07-07 18:00:00,30.3167,78.0333,682.0,25.6,934.0,94.0,station_level_pressure
INM00042111,DEHRADUN,2023-07-08 00:00:00,30.3167,78.0333,682.0,25.2,933.0,98.0,station_level_pressure
INM00042111,DEHRADUN,2023-07-08 03:00:00,30.3167,78.0333,682.0,24.6,934.7,98.0,station_level_pressure
INM00042111,DEHRADUN,2023-07-08 06:00:00,30.3167,78.0333,682.0,25.5,934.8,96.0,station_level_pressure
INM00042111,DEHRADUN,2023-07-08 09:00:00,30.3167,78.0333,682.0,25.8,933.2,95.0,station_level_pressure
INM00042111,DEHRADUN,2023-07-08 12:00:00,30.3167,78.0333,682.0,25.0,933.0,96.0,station_level_pressure
INM00042111,DEHRADUN,2023-07-08 15:00:00,30.3167,78.0333,682.0,24.4,933.4,96.0,station_level_pressure
INM00042111,DEHRADUN,2023-07-08 18:00:00,30.3167,78.0333,682.0,24.0,933.6,98.0,station_level_pressure
INM00042111,DEHRADUN,2023-07-08 21:00:00,30.3167,78.0333,682.0,23.6,932.0,100.0,station_level_pressure
INM00042111,DEHRADUN,2023-07-09 00:00:00,30.3167,78.0333,682.0,23.6,932.2,100.0,station_level_pressure
INM00042111,DEHRADUN,2023-07-09 03:00:00,30.3167,78.0333,682.0,25.4,932.6,92.0,station_level_pressure
INM00042111,DEHRADUN,2023-07-09 06:00:00,30.3167,78.0333,682.0,25.2,933.2,95.0,station_level_pressure
INM00042111,DEHRADUN,2023-07-09 09:00:00,30.3167,78.0333,682.0,24.4,932.9,95.0,station_level_pressure
INM00042111,DEHRADUN,2023-07-09 12:00:00,30.3167,78.0333,682.0,23.7,932.0,100.0,station_level_pressure
INM00042111,DEHRADUN,2023-07-09 15:00:00,30.3167,78.0333,682.0,23.6,932.5,100.0,station_level_pressure
INM00042111,DEHRADUN,2023-07-09 18:00:00,30.3167,78.0333,682.0,23.5,933.0,99.0,station_level_pressure
INM00042111,DEHRADUN,2023-07-10 00:00:00,30.3167,78.0333,682.0,23.6,932.1,100.0,station_level_pressure
INM00042111,DEHRADUN,2023-07-10 03:00:00,30.3167,78.0333,682.0,28.6,932.7,77.0,station_level_pressure
INM00042111,DEHRADUN,2023-07-10 06:00:00,30.3167,78.0333,682.0,30.7,932.8,69.0,station_level_pressure
INM00042111,DEHRADUN,2023-07-10 09:00:00,30.3167,78.0333,682.0,28.0,932.3,82.0,station_level_pressure
INM00042111,DEHRADUN,2023-07-10 12:00:00,30.3167,78.0333,682.0,24.5,932.3,96.0,station_level_pressure
INM00042111,DEHRADUN,2023-07-10 15:00:00,30.3167,78.0333,682.0,24.0,933.4,98.0,station_level_pressure
INM00042111,DEHRADUN,2023-07-10 18:00:00,30.3167,78.0333,682.0,23.7,932.8,99.0,station_level_pressure
INM00042111,DEHRADUN,2023-07-10 21:00:00,30.3167,78.0333,682.0,23.8,931.9,98.0,station_level_pressure
INM00042111,DEHRADUN,2023-07-11 00:00:00,30.3167,78.0333,682.0,23.6,931.7,100.0,station_level_pressure
INM00042111,DEHRADUN,2023-07-11 03:00:00,30.3167,78.0333,682.0,23.4,933.5,98.0,station_level_pressure
INM00042111,DEHRADUN,2023-07-11 06:00:00,30.3167,78.0333,682.0,24.6,933.4,98.0,station_level_pressure
INM00042111,DEHRADUN,2023-07-11 09:00:00,30.3167,78.0333,682.0,25.0,933.0,98.0,station_level_pressure
INM00042111,DEHRADUN,2023-07-11 12:00:00,30.3167,78.0333,682.0,27.2,931.5,92.0,station_level_pressure
INM00042111,DEHRADUN,2023-07-11 15:00:00,30.3167,78.0333,682.0,25.4,931.6,94.0,station_level_pressure
INM00042111,DEHRADUN,2023-07-11 18:00:00,30.3167,78.0333,682.0,24.6,933.3,96.0,station_level_pressure
INM00042111,DEHRADUN,2023-07-11 21:00:00,30.3167,78.0333,682.0,24.8,932.4,96.0,station_level_pressure
INM00042111,DEHRADUN,2023-07-12 00:00:00,30.3167,78.0333,682.0,24.2,932.1,96.0,station_level_pressure
INM00042111,DEHRADUN,2023-07-12 03:00:00,30.3167,78.0333,682.0,24.6,932.7,92.0,station_level_pressure
INM00042111,DEHRADUN,2023-07-12 06:00:00,30.3167,78.0333,682.0,23.7,933.8,99.0,station_level_pressure
INM00042111,DEHRADUN,2023-07-12 09:00:00,30.3167,78.0333,682.0,23.8,932.2,100.0,station_level_pressure
INM00042111,DEHRADUN,2023-07-12 12:00:00,30.3167,78.0333,682.0,24.6,931.5,100.0,station_level_pressure
INM00042111,DEHRADUN,2023-07-12 15:00:00,30.3167,78.0333,682.0,24.2,931.0,100.0,station_level_pressure
INM00042111,DEHRADUN,2023-07-12 18:00:00,30.3167,78.0333,682.0,24.5,932.0,98.0,station_level_pressure
INM00042111,DEHRADUN,2023-07-13 00:00:00,30.3167,78.0333,682.0,23.6,931.2,100.0,station_level_pressure
INM00042111,DEHRADUN,2023-07-13 03:00:00,30.3167,78.0333,682.0,24.2,933.2,96.0,station_level_pressure
INM00042111,DEHRADUN,2023-07-13 06:00:00,30.3167,78.0333,682.0,24.5,934.0,96.0,station_level_pressure
INM00042111,DEHRADUN,2023-07-13 09:00:00,30.3167,78.0333,682.0,28.4,931.9,81.0,station_level_pressure
INM00042111,DEHRADUN,2023-07-13 12:00:00,30.3167,78.0333,682.0,30.4,931.3,67.0,station_level_pressure
INM00042111,DEHRADUN,2023-07-13 15:00:00,30.3167,78.0333,682.0,27.0,932.5,88.0,station_level_pressure
INM00042111,DEHRADUN,2023-07-13 18:00:00,30.3167,78.0333,682.0,25.5,933.7,93.0,station_level_pressure
INM00042111,DEHRADUN,2023-07-13 21:00:00,30.3167,78.0333,682.0,25.0,934.1,96.0,station_level_pressure
INM00042111,DEHRADUN,2023-07-14 00:00:00,30.3167,78.0333,682.0,24.7,933.4,95.0,station_level_pressure
INM00042111,DEHRADUN,2023-07-14 03:00:00,30.3167,78.0333,682.0,27.0,934.0,88.0,station_level_pressure
INM00042111,DEHRADUN,2023-07-14 06:00:00,30.3167,78.0333,682.0,30.5,934.6,72.0,station_level_pressure
INM00042111,DEHRADUN,2023-07-14 09:00:00,30.3167,78.0333,682.0,31.2,933.1,71.0,station_level_pressure
INM00042111,DEHRADUN,2023-07-14 12:00:00,30.3167,78.0333,682.0,31.5,930.6,73.0,station_level_pressure
INM00042111,DEHRADUN,2023-07-14 15:00:00,30.3167,78.0333,682.0,28.6,932.0,85.0,station_level_pressure
INM00042111,DEHRADUN,2023-07-14 18:00:00,30.3167,78.0333,682.0,27.6,932.0,85.0,station_level_pressure
INM00042111,DEHRADUN,2023-07-14 21:00:00,30.3167,78.0333,682.0,25.7,931.5,99.0,station_level_pressure
INM00042111,DEHRADUN,2023-07-15 00:00:00,30.3167,78.0333,682.0,25.6,932.0,98.0,station_level_pressure
INM00042111,DEHRADUN,2023-07-15 03:00:00,30.3167,78.0333,682.0,27.2,932.9,88.0,station_level_pressure
INM00042111,DEHRADUN,2023-07-15 06:00:00,30.3167,78.0333,682.0,31.5,933.3,69.0,station_level_pressure
INM00042111,DEHRADUN,2023-07-15 09:00:00,30.3167,78.0333,682.0,32.2,932.0,64.0,station_level_pressure
INM00042111,DEHRADUN,2023-07-15 12:00:00,30.3167,78.0333,682.0,28.6,930.7,79.0,station_level_pressure
INM00042111,DEHRADUN,2023-07-15 15:00:00,30.3167,78.0333,682.0,26.6,931.4,88.0,station_level_pressure
INM00042111,DEHRADUN,2023-07-15 18:00:00,30.3167,78.0333,682.0,26.6,932.2,90.0,station_level_pressure
INM00042111,DEHRADUN,2023-07-15 21:00:00,30.3167,78.0333,682.0,26.0,932.4,92.0,station_level_pressure
INM00042111,DEHRADUN,2023-07-16 00:00:00,30.3167,78.0333,682.0,25.5,932.4,95.0,station_level_pressure
INM00042111,DEHRADUN,2023-07-16 03:00:00,30.3167,78.0333,682.0,28.2,933.5,81.0,station_level_pressure
INM00042111,DEHRADUN,2023-07-16 06:00:00,30.3167,78.0333,682.0,31.2,933.6,70.0,station_level_pressure
INM00042111,DEHRADUN,2023-07-16 09:00:00,30.3167,78.0333,682.0,30.4,932.4,75.0,station_level_pressure
INM00042111,DEHRADUN,2023-07-16 12:00:00,30.3167,78.0333,682.0,31.6,931.2,72.0,station_level_pressure
INM00042111,DEHRADUN,2023-07-16 15:00:00,30.3167,78.0333,682.0,27.2,930.0,92.0,station_level_pressure
INM00042111,DEHRADUN,2023-07-16 18:00:00,30.3167,78.0333,682.0,27.2,930.0,92.0,station_level_pressure
INM00042111,DEHRADUN,2023-07-16 21:00:00,30.3167,78.0333,682.0,26.6,932.0,94.0,station_level_pressure
INM00042111,DEHRADUN,2023-07-17 00:00:00,30.3167,78.0333,682.0,26.2,931.7,92.0,station_level_pressure
INM00042111,DEHRADUN,2023-07-17 03:00:00,30.3167,78.0333,682.0,29.2,932.5,80.0,station_level_pressure
INM00042111,DEHRADUN,2023-07-17 06:00:00,30.3167,78.0333,682.0,31.5,932.7,69.0,station_level_pressure
INM00042111,DEHRADUN,2023-07-17 09:00:00,30.3167,78.0333,682.0,27.6,931.4,92.0,station_level_pressure
INM00042111,DEHRADUN,2023-07-17 12:00:00,30.3167,78.0333,682.0,29.5,929.1,78.0,station_level_pressure
INM00042111,DEHRADUN,2023-07-17 15:00:00,30.3167,78.0333,682.0,27.8,930.8,91.0,station_level_pressure
INM00042111,DEHRADUN,2023-07-17 18:00:00,30.3167,78.0333,682.0,25.5,932.5,96.0,station_level_pressure
INM00042111,DEHRADUN,2023-07-17 21:00:00,30.3167,78.0333,682.0,25.4,931.7,100.0,station_level_pressure
INM00042111,DEHRADUN,2023-07-18 00:00:00,30.3167,78.0333,682.0,24.6,931.8,95.0,station_level_pressure
INM00042111,DEHRADUN,2023-07-18 03:00:00,30.3167,78.0333,682.0,24.6,933.2,98.0,station_level_pressure
INM00042111,DEHRADUN,2023-07-18 06:00:00,30.3167,78.0333,682.0,24.7,934.3,99.0,station_level_pressure
INM00042111,DEHRADUN,2023-07-18 09:00:00,30.3167,78.0333,682.0,26.8,932.2,90.0,station_level_pressure
INM00042111,DEHRADUN,2023-07-18 12:00:00,30.3167,78.0333,682.0,28.6,931.0,82.0,station_level_pressure
INM00042111,DEHRADUN,2023-07-18 15:00:00,30.3167,78.0333,682.0,26.2,931.1,90.0,station_level_pressure
INM00042111,DEHRADUN,2023-07-18 18:00:00,30.3167,78.0333,682.0,25.7,933.0,94.0,station_level_pressure
INM00042111,DEHRADUN,2023-07-18 21:00:00,30.3167,78.0333,682.0,25.6,932.1,95.0,station_level_pressure
INM00042111,DEHRADUN,2023-07-19 00:00:00,30.3167,78.0333,682.0,25.0,932.2,96.0,station_level_pressure
INM00042111,DEHRADUN,2023-07-19 03:00:00,30.3167,78.0333,682.0,26.2,933.1,89.0,station_level_pressure
INM00042111,DEHRADUN,2023-07-19 06:00:00,30.3167,78.0333,682.0,30.6,933.0,70.0,station_level_pressure
INM00042111,DEHRADUN,2023-07-19 09:00:00,30.3167,78.0333,682.0,27.2,932.4,86.0,station_level_pressure
INM00042111,DEHRADUN,2023-07-19 12:00:00,30.3167,78.0333,682.0,30.2,930.9,75.0,station_level_pressure
INM00042111,DEHRADUN,2023-07-19 15:00:00,30.3167,78.0333,682.0,28.6,930.5,82.0,station_level_pressure
INM00042111,DEHRADUN,2023-07-19 18:00:00,30.3167,78.0333,682.0,28.6,930.5,82.0,station_level_pressure
INM00042111,DEHRADUN,2023-07-19 21:00:00,30.3167,78.0333,682.0,26.7,932.2,90.0,station_level_pressure
INM00042111,DEHRADUN,2023-07-20 00:00:00,30.3167,78.0333,682.0,26.2,937.1,97.0,station_level_pressure
INM00042111,DEHRADUN,2023-07-20 03:00:00,30.3167,78.0333,682.0,27.2,933.2,77.0,station_level_pressure
INM00042111,DEHRADUN,2023-07-20 06:00:00,30.3167,78.0333,682.0,31.7,932.4,64.0,station_level_pressure
INM00042111,DEHRADUN,2023-07-20 09:00:00,30.3167,78.0333,682.0,34.4,931.7,50.0,station_level_pressure
INM00042111,DEHRADUN,2023-07-20 12:00:00,30.3167,78.0333,682.0,35.4,929.7,58.0,station_level_pressure
INM00042111,DEHRADUN,2023-07-20 15:00:00,30.3167,78.0333,682.0,30.6,930.9,66.0,station_level_pressure
INM00042111,DEHRADUN,2023-07-20 18:00:00,30.3167,78.0333,682.0,28.0,933.3,82.0,station_level_pressure
INM00042111,DEHRADUN,2023-07-20 21:00:00,30.3167,78.0333,682.0,27.2,932.5,86.0,station_level_pressure
INM00042111,DEHRADUN,2023-07-21 00:00:00,30.3167,78.0333,682.0,26.7,932.6,88.0,station_level_pressure
INM00042111,DEHRADUN,2023-07-21 03:00:00,30.3167,78.0333,682.0,30.2,933.9,75.0,station_level_pressure
INM00042111,DEHRADUN,2023-07-21 06:00:00,30.3167,78.0333,682.0,33.7,934.3,60.0,station_level_pressure
INM00042111,DEHRADUN,2023-07-21 09:00:00,30.3167,78.0333,682.0,32.6,933.0,69.0,station_level_pressure
INM00042111,DEHRADUN,2023-07-21 12:00:00,30.3167,78.0333,682.0,31.2,931.5,75.0,station_level_pressure
INM00042111,DEHRADUN,2023-07-21 15:00:00,30.3167,78.0333,682.0,29.4,933.1,82.0,station_level_pressure
INM00042111,DEHRADUN,2023-07-21 18:00:00,30.3167,78.0333,682.0,28.0,934.6,83.0,station_level_pressure
INM00042111,DEHRADUN,2023-07-21 21:00:00,30.3167,78.0333,682.0,27.4,934.8,85.0,station_level_pressure
INM00042111,DEHRADUN,2023-07-22 00:00:00,30.3167,78.0333,682.0,26.7,935.4,93.0,station_level_pressure
INM00042111,DEHRADUN,2023-07-22 03:00:00,30.3167,78.0333,682.0,27.6,937.6,85.0,station_level_pressure
INM00042111,DEHRADUN,2023-07-22 06:00:00,30.3167,78.0333,682.0,26.2,939.0,92.0,station_level_pressure
INM00042111,DEHRADUN,2023-07-22 09:00:00,30.3167,78.0333,682.0,28.4,938.0,79.0,station_level_pressure
INM00042111,DEHRADUN,2023-07-22 15:00:00,30.3167,78.0333,682.0,27.2,934.0,90.0,station_level_pressure
INM00042111,DEHRADUN,2023-07-22 18:00:00,30.3167,78.0333,682.0,26.0,937.0,94.0,station_level_pressure
INM00042111,DEHRADUN,2023-07-22 21:00:00,30.3167,78.0333,682.0,26.0,937.0,94.0,station_level_pressure
INM00042111,DEHRADUN,2023-07-23 00:00:00,30.3167,78.0333,682.0,25.7,937.0,94.0,station_level_pressure
INM00042111,DEHRADUN,2023-07-23 03:00:00,30.3167,78.0333,682.0,27.2,937.9,82.0,station_level_pressure
INM00042111,DEHRADUN,2023-07-23 06:00:00,30.3167,78.0333,682.0,31.7,937.5,61.0,station_level_pressure
INM00042111,DEHRADUN,2023-07-23 09:00:00,30.3167,78.0333,682.0,35.4,935.4,59.0,station_level_pressure
INM00042111,DEHRADUN,2023-07-23 12:00:00,30.3167,78.0333,682.0,26.5,933.2,95.0,station_level_pressure
INM00042111,DEHRADUN,2023-07-23 15:00:00,30.3167,78.0333,682.0,25.4,934.8,96.0,station_level_pressure
INM00042111,DEHRADUN,2023-07-23 18:00:00,30.3167,78.0333,682.0,25.7,935.3,96.0,station_level_pressure
INM00042111,DEHRADUN,2023-07-23 21:00:00,30.3167,78.0333,682.0,26.0,934.5,92.0,station_level_pressure
INM00042111,DEHRADUN,2023-07-24 00:00:00,30.3167,78.0333,682.0,25.7,934.4,89.0,station_level_pressure
INM00042111,DEHRADUN,2023-07-24 03:00:00,30.3167,78.0333,682.0,27.8,935.5,85.0,station_level_pressure
INM00042111,DEHRADUN,2023-07-24 06:00:00,30.3167,78.0333,682.0,31.6,935.0,67.0,station_level_pressure
INM00042111,DEHRADUN,2023-07-24 09:00:00,30.3167,78.0333,682.0,32.2,933.2,67.0,station_level_pressure
INM00042111,DEHRADUN,2023-07-24 12:00:00,30.3167,78.0333,682.0,27.2,931.5,90.0,station_level_pressure
INM00042111,DEHRADUN,2023-07-24 15:00:00,30.3167,78.0333,682.0,27.6,932.3,88.0,station_level_pressure
INM00042111,DEHRADUN,2023-07-24 18:00:00,30.3167,78.0333,682.0,27.0,933.7,92.0,station_level_pressure
INM00042111,DEHRADUN,2023-07-24 21:00:00,30.3167,78.0333,682.0,25.6,933.5,98.0,station_level_pressure
INM00042111,DEHRADUN,2023-07-25 00:00:00,30.3167,78.0333,682.0,26.2,932.4,90.0,station_level_pressure
INM00042111,DEHRADUN,2023-07-25 03:00:00,30.3167,78.0333,682.0,30.0,934.6,71.0,station_level_pressure
INM00042111,DEHRADUN,2023-07-25 06:00:00,30.3167,78.0333,682.0,32.5,934.6,61.0,station_level_pressure
INM00042111,DEHRADUN,2023-07-25 09:00:00,30.3167,78.0333,682.0,32.6,933.5,66.0,station_level_pressure
INM00042111,DEHRADUN,2023-07-25 12:00:00,30.3167,78.0333,682.0,28.6,932.5,81.0,station_level_pressure
INM00042111,DEHRADUN,2023-07-25 18:00:00,30.3167,78.0333,682.0,26.6,935.3,90.0,station_level_pressure
INM00042111,DEHRADUN,2023-07-25 21:00:00,30.3167,78.0333,682.0,26.0,934.2,94.0,station_level_pressure
INM00042111,DEHRADUN,2023-07-26 00:00:00,30.3167,78.0333,682.0,24.7,934.0,100.0,station_level_pressure
INM00042111,DEHRADUN,2023-07-26 03:00:00,30.3167,78.0333,682.0,23.5,936.0,96.0,station_level_pressure
INM00042111,DEHRADUN,2023-07-26 06:00:00,30.3167,78.0333,682.0,25.2,935.8,92.0,station_level_pressure
INM00042111,DEHRADUN,2023-07-26 09:00:00,30.3167,78.0333,682.0,27.0,935.7,85.0,station_level_pressure
INM00042111,DEHRADUN,2023-07-26 12:00:00,30.3167,78.0333,682.0,27.6,933.1,85.0,station_level_pressure
INM00042111,DEHRADUN,2023-07-26 15:00:00,30.3167,78.0333,682.0,26.0,935.0,90.0,station_level_pressure
INM00042111,DEHRADUN,2023-07-26 18:00:00,30.3167,78.0333,682.0,25.5,935.4,93.0,station_level_pressure
INM00042111,DEHRADUN,2023-07-26 21:00:00,30.3167,78.0333,682.0,25.0,934.9,94.0,station_level_pressure
INM00042111,DEHRADUN,2023-07-27 00:00:00,30.3167,78.0333,682.0,25.0,934.5,95.0,station_level_pressure
INM00042111,DEHRADUN,2023-07-27 03:00:00,30.3167,78.0333,682.0,26.6,935.1,90.0,station_level_pressure
INM00042111,DEHRADUN,2023-07-27 06:00:00,30.3167,78.0333,682.0,31.6,934.8,66.0,station_level_pressure
INM00042111,DEHRADUN,2023-07-27 09:00:00,30.3167,78.0333,682.0,28.4,933.0,79.0,station_level_pressure
INM00042111,DEHRADUN,2023-07-27 12:00:00,30.3167,78.0333,682.0,28.0,932.0,86.0,station_level_pressure
INM00042111,DEHRADUN,2023-07-27 15:00:00,30.3167,78.0333,682.0,27.2,932.2,90.0,station_level_pressure
INM00042111,DEHRADUN,2023-07-27 18:00:00,30.3167,78.0333,682.0,25.6,933.4,92.0,station_level_pressure
INM00042111,DEHRADUN,2023-07-27 21:00:00,30.3167,78.0333,682.0,25.4,932.6,96.0,station_level_pressure
INM00042111,DEHRADUN,2023-07-28 00:00:00,30.3167,78.0333,682.0,25.0,932.1,96.0,station_level_pressure
INM00042111,DEHRADUN,2023-07-28 03:00:00,30.3167,78.0333,682.0,25.8,932.5,92.0,station_level_pressure
INM00042111,DEHRADUN,2023-07-28 06:00:00,30.3167,78.0333,682.0,28.0,932.8,85.0,station_level_pressure
INM00042111,DEHRADUN,2023-07-28 09:00:00,30.3167,78.0333,682.0,30.6,930.5,71.0,station_level_pressure
INM00042111,DEHRADUN,2023-07-28 12:00:00,30.3167,78.0333,682.0,31.0,929.1,70.0,station_level_pressure
INM00042111,DEHRADUN,2023-07-28 15:00:00,30.3167,78.0333,682.0,26.4,930.0,86.0,station_level_pressure
INM00042111,DEHRADUN,2023-07-28 18:00:00,30.3167,78.0333,682.0,26.5,930.0,86.0,station_level_pressure
INM00042111,DEHRADUN,2023-07-28 21:00:00,30.3167,78.0333,682.0,23.7,931.5,100.0,station_level_pressure
INM00042111,DEHRADUN,2023-07-29 00:00:00,30.3167,78.0333,682.0,23.6,929.6,100.0,station_level_pressure
INM00042111,DEHRADUN,2023-07-29 03:00:00,30.3167,78.0333,682.0,25.2,931.0,94.0,station_level_pressure
INM00042111,DEHRADUN,2023-07-29 06:00:00,30.3167,78.0333,682.0,28.5,932.7,79.0,station_level_pressure
INM00042111,DEHRADUN,2023-07-29 09:00:00,30.3167,78.0333,682.0,28.6,931.7,79.0,station_level_pressure
INM00042111,DEHRADUN,2023-07-29 12:00:00,30.3167,78.0333,682.0,29.6,930.1,69.0,station_level_pressure
INM00042111,DEHRADUN,2023-07-29 15:00:00,30.3167,78.0333,682.0,26.8,930.6,85.0,station_level_pressure
INM00042111,DEHRADUN,2023-07-29 18:00:00,30.3167,78.0333,682.0,25.0,931.9,89.0,station_level_pressure
INM00042111,DEHRADUN,2023-07-29 21:00:00,30.3167,78.0333,682.0,24.0,931.2,92.0,station_level_pressure
INM00042111,DEHRADUN,2023-07-30 00:00:00,30.3167,78.0333,682.0,24.2,930.5,93.0,station_level_pressure
INM00042111,DEHRADUN,2023-07-30 03:00:00,30.3167,78.0333,682.0,28.2,931.2,73.0,station_level_pressure
INM00042111,DEHRADUN,2023-07-30 06:00:00,30.3167,78.0333,682.0,31.7,931.2,74.0,station_level_pressure
INM00042111,DEHRADUN,2023-07-30 09:00:00,30.3167,78.0333,682.0,29.4,929.0,91.0,station_level_pressure
INM00042111,DEHRADUN,2023-07-30 12:00:00,30.3167,78.0333,682.0,27.2,928.0,92.0,station_level_pressure
INM00042111,DEHRADUN,2023-07-30 15:00:00,30.3167,78.0333,682.0,26.0,929.2,92.0,station_level_pressure
INM00042111,DEHRADUN,2023-07-30 18:00:00,30.3167,78.0333,682.0,25.5,930.5,93.0,station_level_pressure
INM00042111,DEHRADUN,2023-07-31 00:00:00,30.3167,78.0333,682.0,25.5,929.3,96.0,station_level_pressure
INM00042111,DEHRADUN,2023-07-31 03:00:00,30.3167,78.0333,682.0,28.0,930.3,83.0,station_level_pressure
INM00042111,DEHRADUN,2023-07-31 06:00:00,30.3167,78.0333,682.0,31.6,930.4,69.0,station_level_pressure
INM00042111,DEHRADUN,2023-07-31 09:00:00,30.3167,78.0333,682.0,32.4,929.2,71.0,station_level_pressure
INM00042111,DEHRADUN,2023-07-31 12:00:00,30.3167,78.0333,682.0,28.6,927.5,84.0,station_level_pressure
INM00042111,DEHRADUN,2023-07-31 15:00:00,30.3167,78.0333,682.0,26.2,929.0,100.0,station_level_pressure
INM00042111,DEHRADUN,2023-07-31 18:00:00,30.3167,78.0333,682.0,26.2,929.0,100.0,station_level_pressure
INM00042111,DEHRADUN,2023-07-31 21:00:00,30.3167,78.0333,682.0,26.0,927.0,98.0,station_level_pressure
INM00042111,DEHRADUN,2023-08-01 00:00:00,30.3167,78.0333,682.0,26.0,928.3,97.0,station_level_pressure
INM00042111,DEHRADUN,2023-08-01 03:00:00,30.3167,78.0333,682.0,26.6,928.9,97.0,station_level_pressure
INM00042111,DEHRADUN,2023-08-01 06:00:00,30.3167,78.0333,682.0,31.2,929.2,75.0,station_level_pressure
INM00042111,DEHRADUN,2023-08-01 09:00:00,30.3167,78.0333,682.0,34.0,927.8,67.0,station_level_pressure
INM00042111,DEHRADUN,2023-08-01 12:00:00,30.3167,78.0333,682.0,32.5,925.6,71.0,station_level_pressure
INM00042111,DEHRADUN,2023-08-01 15:00:00,30.3167,78.0333,682.0,29.6,927.6,82.0,station_level_pressure
INM00042111,DEHRADUN,2023-08-01 18:00:00,30.3167,78.0333,682.0,28.5,928.5,89.0,station_level_pressure
INM00042111,DEHRADUN,2023-08-01 21:00:00,30.3167,78.0333,682.0,27.6,927.9,92.0,station_level_pressure
INM00042111,DEHRADUN,2023-08-02 00:00:00,30.3167,78.0333,682.0,27.5,927.8,93.0,station_level_pressure
INM00042111,DEHRADUN,2023-08-02 03:00:00,30.3167,78.0333,682.0,27.2,929.1,92.0,station_level_pressure
INM00042111,DEHRADUN,2023-08-02 06:00:00,30.3167,78.0333,682.0,29.5,930.5,86.0,station_level_pressure
INM00042111,DEHRADUN,2023-08-02 09:00:00,30.3167,78.0333,682.0,28.8,930.1,82.0,station_level_pressure
INM00042111,DEHRADUN,2023-08-02 12:00:00,30.3167,78.0333,682.0,27.5,928.0,93.0,station_level_pressure
INM00042111,DEHRADUN,2023-08-02 15:00:00,30.3167,78.0333,682.0,27.2,928.8,95.0,station_level_pressure
INM00042111,DEHRADUN,2023-08-02 18:00:00,30.3167,78.0333,682.0,25.7,929.6,96.0,station_level_pressure
INM00042111,DEHRADUN,2023-08-02 21:00:00,30.3167,78.0333,682.0,25.4,928.2,96.0,station_level_pressure
INM00042111,DEHRADUN,2023-08-03 00:00:00,30.3167,78.0333,682.0,25.0,928.4,96.0,station_level_pressure
INM00042111,DEHRADUN,2023-08-03 03:00:00,30.3167,78.0333,682.0,28.0,929.9,82.0,station_level_pressure
INM00042111,DEHRADUN,2023-08-03 06:00:00,30.3167,78.0333,682.0,32.2,929.8,66.0,station_level_pressure
INM00042111,DEHRADUN,2023-08-03 09:00:00,30.3167,78.0333,682.0,34.0,928.6,64.0,station_level_pressure
INM00042111,DEHRADUN,2023-08-03 12:00:00,30.3167,78.0333,682.0,31.5,927.9,73.0,station_level_pressure
INM00042111,DEHRADUN,2023-08-03 15:00:00,30.3167,78.0333,682.0,27.0,928.0,100.0,station_level_pressure
INM00042111,DEHRADUN,2023-08-03 18:00:00,30.3167,78.0333,682.0,26.7,930.0,100.0,station_level_pressure
INM00042111,DEHRADUN,2023-08-03 21:00:00,30.3167,78.0333,682.0,26.0,929.0,98.0,station_level_pressure
INM00042111,DEHRADUN,2023-08-04 03:00:00,30.3167,78.0333,682.0,25.2,932.2,98.0,station_level_pressure
INM00042111,DEHRADUN,2023-08-04 06:00:00,30.3167,78.0333,682.0,26.6,933.5,95.0,station_level_pressure
INM00042111,DEHRADUN,2023-08-04 09:00:00,30.3167,78.0333,682.0,28.0,933.0,86.0,station_level_pressure
INM00042111,DEHRADUN,2023-08-04 12:00:00,30.3167,78.0333,682.0,28.7,931.2,84.0,station_level_pressure
INM00042111,DEHRADUN,2023-08-04 15:00:00,30.3167,78.0333,682.0,27.4,933.3,92.0,station_level_pressure
INM00042111,DEHRADUN,2023-08-04 18:00:00,30.3167,78.0333,682.0,26.6,933.7,95.0,station_level_pressure
INM00042111,DEHRADUN,2023-08-04 21:00:00,30.3167,78.0333,682.0,25.4,933.1,96.0,station_level_pressure
INM00042111,DEHRADUN,2023-08-05 00:00:00,30.3167,78.0333,682.0,25.6,933.1,98.0,station_level_pressure
INM00042111,DEHRADUN,2023-08-05 03:00:00,30.3167,78.0333,682.0,29.0,934.2,82.0,station_level_pressure
INM00042111,DEHRADUN,2023-08-05 06:00:00,30.3167,78.0333,682.0,29.5,934.3,82.0,station_level_pressure
INM00042111,DEHRADUN,2023-08-05 09:00:00,30.3167,78.0333,682.0,28.8,933.2,91.0,station_level_pressure
INM00042111,DEHRADUN,2023-08-05 12:00:00,30.3167,78.0333,682.0,30.5,930.6,80.0,station_level_pressure
INM00042111,DEHRADUN,2023-08-05 15:00:00,30.3167,78.0333,682.0,25.4,931.5,100.0,station_level_pressure
INM00042111,DEHRADUN,2023-08-05 18:00:00,30.3167,78.0333,682.0,25.0,931.9,100.0,station_level_pressure
INM00042111,DEHRADUN,2023-08-05 21:00:00,30.3167,78.0333,682.0,25.0,931.1,100.0,station_level_pressure
INM00042111,DEHRADUN,2023-08-06 00:00:00,30.3167,78.0333,682.0,25.0,930.9,100.0,station_level_pressure
INM00042111,DEHRADUN,2023-08-06 03:00:00,30.3167,78.0333,682.0,26.0,930.8,95.0,station_level_pressure
INM00042111,DEHRADUN,2023-08-06 06:00:00,30.3167,78.0333,682.0,29.0,930.9,88.0,station_level_pressure
INM00042111,DEHRADUN,2023-08-06 09:00:00,30.3167,78.0333,682.0,28.8,929.1,84.0,station_level_pressure
INM00042111,DEHRADUN,2023-08-06 12:00:00,30.3167,78.0333,682.0,28.7,928.1,81.0,station_level_pressure
INM00042111,DEHRADUN,2023-08-06 15:00:00,30.3167,78.0333,682.0,27.0,928.0,97.0,station_level_pressure
INM00042111,DEHRADUN,2023-08-06 18:00:00,30.3167,78.0333,682.0,25.5,928.0,99.0,station_level_pressure
INM00042111,DEHRADUN,2023-08-07 00:00:00,30.3167,78.0333,682.0,25.0,926.9,100.0,station_level_pressure
INM00042111,DEHRADUN,2023-08-07 03:00:00,30.3167,78.0333,682.0,26.0,928.5,95.0,station_level_pressure
INM00042111,DEHRADUN,2023-08-07 06:00:00,30.3167,78.0333,682.0,29.2,928.4,80.0,station_level_pressure
INM00042111,DEHRADUN,2023-08-07 09:00:00,30.3167,78.0333,682.0,31.8,926.9,71.0,station_level_pressure
INM00042111,DEHRADUN,2023-08-07 12:00:00,30.3167,78.0333,682.0,30.0,925.7,79.0,station_level_pressure
INM00042111,DEHRADUN,2023-08-07 18:00:00,30.3167,78.0333,682.0,25.6,927.2,90.0,station_level_pressure
INM00042111,DEHRADUN,2023-08-07 21:00:00,30.3167,78.0333,682.0,26.2,926.1,92.0,station_level_pressure
INM00042111,DEHRADUN,2023-08-08 00:00:00,30.3167,78.0333,682.0,25.7,926.2,91.0,station_level_pressure
INM00042111,DEHRADUN,2023-08-08 03:00:00,30.3167,78.0333,682.0,26.8,928.0,92.0,station_level_pressure
INM00042111,DEHRADUN,2023-08-08 06:00:00,30.3167,78.0333,682.0,30.0,928.7,76.0,station_level_pressure
INM00042111,DEHRADUN,2023-08-08 09:00:00,30.3167,78.0333,682.0,30.6,928.2,75.0,station_level_pressure
INM00042111,DEHRADUN,2023-08-08 12:00:00,30.3167,78.0333,682.0,29.5,928.0,85.0,station_level_pressure
INM00042111,DEHRADUN,2023-08-08 15:00:00,30.3167,78.0333,682.0,25.8,928.7,94.0,station_level_pressure
INM00042111,DEHRADUN,2023-08-08 18:00:00,30.3167,78.0333,682.0,25.7,930.2,94.0,station_level_pressure
INM00042111,DEHRADUN,2023-08-08 21:00:00,30.3167,78.0333,682.0,25.8,929.8,95.0,station_level_pressure
INM00042111,DEHRADUN,2023-08-09 00:00:00,30.3167,78.0333,682.0,25.6,930.5,97.0,station_level_pressure
INM00042111,DEHRADUN,2023-08-09 03:00:00,30.3167,78.0333,682.0,28.0,932.6,86.0,station_level_pressure
INM00042111,DEHRADUN,2023-08-09 06:00:00,30.3167,78.0333,682.0,29.5,933.4,82.0,station_level_pressure
INM00042111,DEHRADUN,2023-08-09 09:00:00,30.3167,78.0333,682.0,30.4,932.5,77.0,station_level_pressure
INM00042111,DEHRADUN,2023-08-09 12:00:00,30.3167,78.0333,682.0,28.7,932.1,81.0,station_level_pressure
INM00042111,DEHRADUN,2023-08-09 15:00:00,30.3167,78.0333,682.0,26.8,932.8,90.0,station_level_pressure
INM00042111,DEHRADUN,2023-08-09 18:00:00,30.3167,78.0333,682.0,25.6,933.6,100.0,station_level_pressure
INM00042111,DEHRADUN,2023-08-10 03:00:00,30.3167,78.0333,682.0,25.2,934.8,94.0,station_level_pressure
INM00042111,DEHRADUN,2023-08-10 06:00:00,30.3167,78.0333,682.0,26.7,935.7,89.0,station_level_pressure
INM00042111,DEHRADUN,2023-08-10 09:00:00,30.3167,78.0333,682.0,28.8,934.6,84.0,station_level_pressure
INM00042111,DEHRADUN,2023-08-10 12:00:00,30.3167,78.0333,682.0,29.0,933.8,82.0,station_level_pressure
INM00042111,DEHRADUN,2023-08-10 15:00:00,30.3167,78.0333,682.0,26.0,934.9,94.0,station_level_pressure
INM00042111,DEHRADUN,2023-08-10 18:00:00,30.3167,78.0333,682.0,25.5,935.8,93.0,station_level_pressure
INM00042111,DEHRADUN,2023-08-10 21:00:00,30.3167,78.0333,682.0,24.4,934.7,96.0,station_level_pressure
INM00042111,DEHRADUN,2023-08-11 00:00:00,30.3167,78.0333,682.0,24.6,934.2,98.0,station_level_pressure
INM00042111,DEHRADUN,2023-08-11 03:00:00,30.3167,78.0333,682.0,24.8,935.6,96.0,station_level_pressure
INM00042111,DEHRADUN,2023-08-11 06:00:00,30.3167,78.0333,682.0,26.6,934.9,90.0,station_level_pressure
INM00042111,DEHRADUN,2023-08-11 09:00:00,30.3167,78.0333,682.0,29.8,934.0,77.0,station_level_pressure
INM00042111,DEHRADUN,2023-08-11 12:00:00,30.3167,78.0333,682.0,30.5,932.0,76.0,station_level_pressure
INM00042111,DEHRADUN,2023-08-11 15:00:00,30.3167,78.0333,682.0,27.0,932.1,92.0,station_level_pressure
INM00042111,DEHRADUN,2023-08-11 18:00:00,30.3167,78.0333,682.0,26.5,932.4,93.0,station_level_pressure
INM00042111,DEHRADUN,2023-08-11 21:00:00,30.3167,78.0333,682.0,26.4,931.3,94.0,station_level_pressure
INM00042111,DEHRADUN,2023-08-12 00:00:00,30.3167,78.0333,682.0,26.2,931.4,94.0,station_level_pressure
INM00042111,DEHRADUN,2023-08-12 03:00:00,30.3167,78.0333,682.0,26.8,932.8,88.0,station_level_pressure
INM00042111,DEHRADUN,2023-08-12 06:00:00,30.3167,78.0333,682.0,27.5,933.2,84.0,station_level_pressure
INM00042111,DEHRADUN,2023-08-12 09:00:00,30.3167,78.0333,682.0,27.0,931.7,90.0,station_level_pressure
INM00042111,DEHRADUN,2023-08-12 12:00:00,30.3167,78.0333,682.0,26.6,929.6,95.0,station_level_pressure
INM00042111,DEHRADUN,2023-08-12 15:00:00,30.3167,78.0333,682.0,27.0,929.2,97.0,station_level_pressure
INM00042111,DEHRADUN,2023-08-12 18:00:00,30.3167,78.0333,682.0,26.0,930.2,100.0,station_level_pressure
INM00042111,DEHRADUN,2023-08-12 21:00:00,30.3167,78.0333,682.0,25.6,929.2,100.0,station_level_pressure
INM00042111,DEHRADUN,2023-08-13 00:00:00,30.3167,78.0333,682.0,25.5,928.5,98.0,station_level_pressure
INM00042111,DEHRADUN,2023-08-13 03:00:00,30.3167,78.0333,682.0,25.6,929.5,97.0,station_level_pressure
INM00042111,DEHRADUN,2023-08-13 06:00:00,30.3167,78.0333,682.0,25.5,930.9,98.0,station_level_pressure
INM00042111,DEHRADUN,2023-08-13 09:00:00,30.3167,78.0333,682.0,25.0,930.1,98.0,station_level_pressure
INM00042111,DEHRADUN,2023-08-13 12:00:00,30.3167,78.0333,682.0,25.0,929.2,100.0,station_level_pressure
INM00042111,DEHRADUN,2023-08-13 18:00:00,30.3167,78.0333,682.0,24.7,932.2,100.0,station_level_pressure
INM00042111,DEHRADUN,2023-08-13 21:00:00,30.3167,78.0333,682.0,24.0,932.9,100.0,station_level_pressure
INM00042111,DEHRADUN,2023-08-14 00:00:00,30.3167,78.0333,682.0,23.2,934.2,100.0,station_level_pressure
INM00042111,DEHRADUN,2023-08-14 03:00:00,30.3167,78.0333,682.0,23.6,935.7,98.0,station_level_pressure
INM00042111,DEHRADUN,2023-08-14 06:00:00,30.3167,78.0333,682.0,25.2,936.2,94.0,station_level_pressure
INM00042111,DEHRADUN,2023-08-14 09:00:00,30.3167,78.0333,682.0,28.0,935.0,81.0,station_level_pressure
INM00042111,DEHRADUN,2023-08-14 12:00:00,30.3167,78.0333,682.0,27.5,934.0,86.0,station_level_pressure
INM00042111,DEHRADUN,2023-08-14 15:00:00,30.3167,78.0333,682.0,26.0,935.1,92.0,station_level_pressure
INM00042111,DEHRADUN,2023-08-14 18:00:00,30.3167,78.0333,682.0,25.5,936.1,93.0,station_level_pressure
INM00042111,DEHRADUN,2023-08-14 21:00:00,30.3167,78.0333,682.0,25.2,935.2,95.0,station_level_pressure
INM00042111,DEHRADUN,2023-08-15 00:00:00,30.3167,78.0333,682.0,24.7,934.7,95.0,station_level_pressure
INM00042111,DEHRADUN,2023-08-15 03:00:00,30.3167,78.0333,682.0,25.4,935.8,92.0,station_level_pressure
INM00042111,DEHRADUN,2023-08-15 06:00:00,30.3167,78.0333,682.0,28.6,936.3,77.0,station_level_pressure
INM00042111,DEHRADUN,2023-08-15 09:00:00,30.3167,78.0333,682.0,31.0,934.7,68.0,station_level_pressure
INM00042111,DEHRADUN,2023-08-15 12:00:00,30.3167,78.0333,682.0,30.5,933.4,73.0,station_level_pressure
INM00042111,DEHRADUN,2023-08-15 15:00:00,30.3167,78.0333,682.0,26.2,933.0,100.0,station_level_pressure
INM00042111,DEHRADUN,2023-08-15 18:00:00,30.3167,78.0333,682.0,26.2,933.0,100.0,station_level_pressure
INM00042111,DEHRADUN,2023-08-15 21:00:00,30.3167,78.0333,682.0,24.7,932.8,94.0,station_level_pressure
INM00042111,DEHRADUN,2023-08-16 00:00:00,30.3167,78.0333,682.0,24.6,934.2,95.0,station_level_pressure
INM00042111,DEHRADUN,2023-08-16 03:00:00,30.3167,78.0333,682.0,27.4,934.8,80.0,station_level_pressure
INM00042111,DEHRADUN,2023-08-16 06:00:00,30.3167,78.0333,682.0,30.6,935.3,72.0,station_level_pressure
INM00042111,DEHRADUN,2023-08-16 09:00:00,30.3167,78.0333,682.0,33.4,933.1,68.0,station_level_pressure
INM00042111,DEHRADUN,2023-08-16 12:00:00,30.3167,78.0333,682.0,32.0,931.3,71.0,station_level_pressure
INM00042111,DEHRADUN,2023-08-16 15:00:00,30.3167,78.0333,682.0,28.8,932.4,82.0,station_level_pressure
INM00042111,DEHRADUN,2023-08-16 18:00:00,30.3167,78.0333,682.0,27.5,933.0,83.0,station_level_pressure
INM00042111,DEHRADUN,2023-08-16 21:00:00,30.3167,78.0333,682.0,26.8,932.5,88.0,station_level_pressure
INM00042111,DEHRADUN,2023-08-17 00:00:00,30.3167,78.0333,682.0,26.7,932.2,91.0,station_level_pressure
INM00042111,DEHRADUN,2023-08-17 03:00:00,30.3167,78.0333,682.0,27.2,933.8,89.0,station_level_pressure
INM00042111,DEHRADUN,2023-08-17 06:00:00,30.3167,78.0333,682.0,31.5,934.2,66.0,station_level_pressure
INM00042111,DEHRADUN,2023-08-17 09:00:00,30.3167,78.0333,682.0,31.6,933.5,75.0,station_level_pressure
INM00042111,DEHRADUN,2023-08-17 12:00:00,30.3167,78.0333,682.0,28.6,931.4,81.0,station_level_pressure
INM00042111,DEHRADUN,2023-08-17 18:00:00,30.3167,78.0333,682.0,25.5,933.8,96.0,station_level_pressure
INM00042111,DEHRADUN,2023-08-17 21:00:00,30.3167,78.0333,682.0,23.6,934.1,100.0,station_level_pressure
INM00042111,DEHRADUN,2023-08-18 00:00:00,30.3167,78.0333,682.0,23.6,933.9,100.0,station_level_pressure
INM00042111,DEHRADUN,2023-08-18 03:00:00,30.3167,78.0333,682.0,25.4,934.8,98.0,station_level_pressure
INM00042111,DEHRADUN,2023-08-18 06:00:00,30.3167,78.0333,682.0,29.6,935.3,82.0,station_level_pressure
INM00042111,DEHRADUN,2023-08-18 09:00:00,30.3167,78.0333,682.0,33.4,933.7,69.0,station_level_pressure
INM00042111,DEHRADUN,2023-08-18 12:00:00,30.3167,78.0333,682.0,30.5,933.0,72.0,station_level_pressure
INM00042111,DEHRADUN,2023-08-18 15:00:00,30.3167,78.0333,682.0,27.2,933.0,80.0,station_level_pressure
INM00042111,DEHRADUN,2023-08-18 18:00:00,30.3167,78.0333,682.0,26.7,933.5,82.0,station_level_pressure
INM00042111,DEHRADUN,2023-08-18 21:00:00,30.3167,78.0333,682.0,25.2,934.0,89.0,station_level_pressure
INM00042111,DEHRADUN,2023-08-19 00:00:00,30.3167,78.0333,682.0,25.0,934.2,89.0,station_level_pressure
INM00042111,DEHRADUN,2023-08-19 03:00:00,30.3167,78.0333,682.0,27.2,936.0,80.0,station_level_pressure
INM00042111,DEHRADUN,2023-08-19 06:00:00,30.3167,78.0333,682.0,32.2,936.1,59.0,station_level_pressure
INM00042111,DEHRADUN,2023-08-19 09:00:00,30.3167,78.0333,682.0,33.4,936.3,68.0,station_level_pressure
INM00042111,DEHRADUN,2023-08-19 12:00:00,30.3167,78.0333,682.0,32.6,935.1,70.0,station_level_pressure
INM00042111,DEHRADUN,2023-08-19 15:00:00,30.3167,78.0333,682.0,25.6,935.2,95.0,station_level_pressure
INM00042111,DEHRADUN,2023-08-19 18:00:00,30.3167,78.0333,682.0,25.6,935.3,94.0,station_level_pressure
INM00042111,DEHRADUN,2023-08-19 21:00:00,30.3167,78.0333,682.0,25.8,935.3,94.0,station_level_pressure
INM00042111,DEHRADUN,2023-08-20 00:00:00,30.3167,78.0333,682.0,25.5,935.2,91.0,station_level_pressure
INM00042111,DEHRADUN,2023-08-20 03:00:00,30.3167,78.0333,682.0,27.6,936.3,89.0,station_level_pressure
INM00042111,DEHRADUN,2023-08-20 06:00:00,30.3167,78.0333,682.0,29.7,936.6,79.0,station_level_pressure
INM00042111,DEHRADUN,2023-08-20 09:00:00,30.3167,78.0333,682.0,30.2,935.8,76.0,station_level_pressure
INM00042111,DEHRADUN,2023-08-20 12:00:00,30.3167,78.0333,682.0,28.0,934.5,85.0,station_level_pressure
INM00042111,DEHRADUN,2023-08-20 15:00:00,30.3167,78.0333,682.0,27.0,935.4,88.0,station_level_pressure
INM00042111,DEHRADUN,2023-08-20 18:00:00,30.3167,78.0333,682.0,25.5,936.1,96.0,station_level_pressure
INM00042111,DEHRADUN,2023-08-20 21:00:00,30.3167,78.0333,682.0,25.2,935.2,98.0,station_level_pressure
INM00042111,DEHRADUN,2023-08-21 00:00:00,30.3167,78.0333,682.0,24.6,935.4,100.0,station_level_pressure
INM00042111,DEHRADUN,2023-08-21 03:00:00,30.3167,78.0333,682.0,25.0,935.1,96.0,station_level_pressure
INM00042111,DEHRADUN,2023-08-21 06:00:00,30.3167,78.0333,682.0,25.5,935.2,95.0,station_level_pressure
INM00042111,DEHRADUN,2023-08-21 09:00:00,30.3167,78.0333,682.0,29.2,933.6,81.0,station_level_pressure
INM00042111,DEHRADUN,2023-08-21 12:00:00,30.3167,78.0333,682.0,28.0,932.4,89.0,station_level_pressure
INM00042111,DEHRADUN,2023-08-21 15:00:00,30.3167,78.0333,682.0,26.4,933.2,92.0,station_level_pressure
INM00042111,DEHRADUN,2023-08-21 18:00:00,30.3167,78.0333,682.0,24.5,934.3,99.0,station_level_pressure
INM00042111,DEHRADUN,2023-08-21 21:00:00,30.3167,78.0333,682.0,24.8,932.6,100.0,station_level_pressure
INM00042111,DEHRADUN,2023-08-22 00:00:00,30.3167,78.0333,682.0,25.2,931.3,96.0,station_level_pressure
INM00042111,DEHRADUN,2023-08-22 03:00:00,30.3167,78.0333,682.0,25.6,932.0,98.0,station_level_pressure
INM00042111,DEHRADUN,2023-08-22 06:00:00,30.3167,78.0333,682.0,25.6,932.8,97.0,station_level_pressure
INM00042111,DEHRADUN,2023-08-22 09:00:00,30.3167,78.0333,682.0,27.4,931.2,97.0,station_level_pressure
INM00042111,DEHRADUN,2023-08-22 12:00:00,30.3167,78.0333,682.0,26.0,930.0,97.0,station_level_pressure
INM00042111,DEHRADUN,2023-08-22 15:00:00,30.3167,78.0333,682.0,25.0,931.8,98.0,station_level_pressure
INM00042111,DEHRADUN,2023-08-22 18:00:00,30.3167,78.0333,682.0,24.7,932.2,99.0,station_level_pressure
INM00042111,DEHRADUN,2023-08-22 21:00:00,30.3167,78.0333,682.0,24.8,930.6,98.0,station_level_pressure
INM00042111,DEHRADUN,2023-08-23 00:00:00,30.3167,78.0333,682.0,24.6,930.5,98.0,station_level_pressure
INM00042111,DEHRADUN,2023-08-23 03:00:00,30.3167,78.0333,682.0,24.6,931.5,96.0,station_level_pressure
INM00042111,DEHRADUN,2023-08-23 06:00:00,30.3167,78.0333,682.0,24.6,932.1,98.0,station_level_pressure
INM00042111,DEHRADUN,2023-08-23 09:00:00,30.3167,78.0333,682.0,24.8,931.4,100.0,station_level_pressure
INM00042111,DEHRADUN,2023-08-23 12:00:00,30.3167,78.0333,682.0,25.5,929.8,96.0,station_level_pressure
INM00042111,DEHRADUN,2023-08-23 15:00:00,30.3167,78.0333,682.0,24.8,930.6,96.0,station_level_pressure
INM00042111,DEHRADUN,2023-08-23 18:00:00,30.3167,78.0333,682.0,24.5,931.2,96.0,station_level_pressure
INM00042111,DEHRADUN,2023-08-23 21:00:00,30.3167,78.0333,682.0,24.0,930.2,100.0,station_level_pressure
INM00042111,DEHRADUN,2023-08-24 00:00:00,30.3167,78.0333,682.0,24.0,929.8,100.0,station_level_pressure
INM00042111,DEHRADUN,2023-08-24 03:00:00,30.3167,78.0333,682.0,24.8,930.9,96.0,station_level_pressure
INM00042111,DEHRADUN,2023-08-24 06:00:00,30.3167,78.0333,682.0,27.5,930.6,86.0,station_level_pressure
INM00042111,DEHRADUN,2023-08-24 09:00:00,30.3167,78.0333,682.0,28.6,929.3,82.0,station_level_pressure
INM00042111,DEHRADUN,2023-08-24 12:00:00,30.3167,78.0333,682.0,27.2,928.9,91.0,station_level_pressure
INM00042111,DEHRADUN,2023-08-24 18:00:00,30.3167,78.0333,682.0,25.5,929.0,98.0,station_level_pressure
INM00042111,DEHRADUN,2023-08-24 21:00:00,30.3167,78.0333,682.0,25.5,928.0,98.0,station_level_pressure
INM00042111,DEHRADUN,2023-08-25 00:00:00,30.3167,78.0333,682.0,25.2,928.2,98.0,station_level_pressure
INM00042111,DEHRADUN,2023-08-25 03:00:00,30.3167,78.0333,682.0,27.2,929.7,85.0,station_level_pressure
INM00042111,DEHRADUN,2023-08-25 06:00:00,30.3167,78.0333,682.0,29.6,930.3,71.0,station_level_pressure
INM00042111,DEHRADUN,2023-08-25 09:00:00,30.3167,78.0333,682.0,31.8,930.2,71.0,station_level_pressure
INM00042111,DEHRADUN,2023-08-25 12:00:00,30.3167,78.0333,682.0,30.7,930.4,72.0,station_level_pressure
INM00042111,DEHRADUN,2023-08-25 15:00:00,30.3167,78.0333,682.0,27.6,930.7,85.0,station_level_pressure
INM00042111,DEHRADUN,2023-08-25 18:00:00,30.3167,78.0333,682.0,22.6,932.2,90.0,station_level_pressure
INM00042111,DEHRADUN,2023-08-25 21:00:00,30.3167,78.0333,682.0,23.0,931.1,96.0,station_level_pressure
INM00042111,DEHRADUN,2023-08-26 00:00:00,30.3167,78.0333,682.0,23.5,931.3,91.0,station_level_pressure
INM00042111,DEHRADUN,2023-08-26 03:00:00,30.3167,78.0333,682.0,26.4,931.6,85.0,station_level_pressure
INM00042111,DEHRADUN,2023-08-26 06:00:00,30.3167,78.0333,682.0,30.7,932.3,67.0,station_level_pressure
INM00042111,DEHRADUN,2023-08-26 09:00:00,30.3167,78.0333,682.0,32.6,931.0,62.0,station_level_pressure
INM00042111,DEHRADUN,2023-08-26 12:00:00,30.3167,78.0333,682.0,30.6,930.0,69.0,station_level_pressure
INM00042111,DEHRADUN,2023-08-26 15:00:00,30.3167,78.0333,682.0,27.6,931.4,83.0,station_level_pressure
INM00042111,DEHRADUN,2023-08-26 18:00:00,30.3167,78.0333,682.0,26.2,932.0,90.0,station_level_pressure
INM00042111,DEHRADUN,2023-08-26 21:00:00,30.3167,78.0333,682.0,25.6,931.2,94.0,station_level_pressure
INM00042111,DEHRADUN,2023-08-27 00:00:00,30.3167,78.0333,682.0,24.0,931.1,90.0,station_level_pressure
INM00042111,DEHRADUN,2023-08-27 03:00:00,30.3167,78.0333,682.0,26.6,932.0,80.0,station_level_pressure
INM00042111,DEHRADUN,2023-08-27 06:00:00,30.3167,78.0333,682.0,30.7,931.7,58.0,station_level_pressure
INM00042111,DEHRADUN,2023-08-27 09:00:00,30.3167,78.0333,682.0,32.0,930.8,60.0,station_level_pressure
INM00042111,DEHRADUN,2023-08-27 12:00:00,30.3167,78.0333,682.0,28.7,929.9,70.0,station_level_pressure
INM00042111,DEHRADUN,2023-08-27 15:00:00,30.3167,78.0333,682.0,27.2,930.2,83.0,station_level_pressure
INM00042111,DEHRADUN,2023-08-27 18:00:00,30.3167,78.0333,682.0,26.5,930.5,86.0,station_level_pressure
INM00042111,DEHRADUN,2023-08-27 21:00:00,30.3167,78.0333,682.0,24.7,930.3,93.0,station_level_pressure
INM00042111,DEHRADUN,2023-08-28 00:00:00,30.3167,78.0333,682.0,24.6,930.4,92.0,station_level_pressure
INM00042111,DEHRADUN,2023-08-28 03:00:00,30.3167,78.0333,682.0,26.6,931.1,85.0,station_level_pressure
INM00042111,DEHRADUN,2023-08-28 06:00:00,30.3167,78.0333,682.0,29.7,932.4,70.0,station_level_pressure
INM00042111,DEHRADUN,2023-08-28 09:00:00,30.3167,78.0333,682.0,30.8,930.3,66.0,station_level_pressure
INM00042111,DEHRADUN,2023-08-28 12:00:00,30.3167,78.0333,682.0,31.0,929.7,64.0,station_level_pressure
INM00042111,DEHRADUN,2023-08-28 15:00:00,30.3167,78.0333,682.0,25.4,932.2,84.0,station_level_pressure
INM00042111,DEHRADUN,2023-08-28 18:00:00,30.3167,78.0333,682.0,24.2,933.0,90.0,station_level_pressure
INM00042111,DEHRADUN,2023-08-28 21:00:00,30.3167,78.0333,682.0,23.0,932.7,93.0,station_level_pressure
INM00042111,DEHRADUN,2023-08-29 00:00:00,30.3167,78.0333,682.0,22.7,932.7,95.0,station_level_pressure
INM00042111,DEHRADUN,2023-08-29 03:00:00,30.3167,78.0333,682.0,26.4,934.3,77.0,station_level_pressure
INM00042111,DEHRADUN,2023-08-29 06:00:00,30.3167,78.0333,682.0,30.5,934.2,53.0,station_level_pressure
INM00042111,DEHRADUN,2023-08-29 09:00:00,30.3167,78.0333,682.0,32.0,933.0,61.0,station_level_pressure
INM00042111,DEHRADUN,2023-08-29 12:00:00,30.3167,78.0333,682.0,31.6,932.0,64.0,station_level_pressure
INM00042111,DEHRADUN,2023-08-29 15:00:00,30.3167,78.0333,682.0,28.0,934.2,77.0,station_level_pressure
INM00042111,DEHRADUN,2023-08-29 18:00:00,30.3167,78.0333,682.0,26.2,935.1,86.0,station_level_pressure
INM00042111,DEHRADUN,2023-08-29 21:00:00,30.3167,78.0333,682.0,25.0,934.0,87.0,station_level_pressure
INM00042111,DEHRADUN,2023-08-30 00:00:00,30.3167,78.0333,682.0,24.6,934.0,92.0,station_level_pressure
INM00042111,DEHRADUN,2023-08-30 03:00:00,30.3167,78.0333,682.0,27.6,936.0,77.0,station_level_pressure
INM00042111,DEHRADUN,2023-08-30 06:00:00,30.3167,78.0333,682.0,30.2,936.3,63.0,station_level_pressure
INM00042111,DEHRADUN,2023-08-30 09:00:00,30.3167,78.0333,682.0,33.6,935.3,62.0,station_level_pressure
INM00042111,DEHRADUN,2023-08-30 12:00:00,30.3167,78.0333,682.0,31.6,934.4,67.0,station_level_pressure
INM00042111,DEHRADUN,2023-08-30 15:00:00,30.3167,78.0333,682.0,28.2,934.3,84.0,station_level_pressure
INM00042111,DEHRADUN,2023-08-30 18:00:00,30.3167,78.0333,682.0,26.5,935.2,87.0,station_level_pressure
INM00042111,DEHRADUN,2023-08-30 21:00:00,30.3167,78.0333,682.0,25.2,935.6,89.0,station_level_pressure
INM00042111,DEHRADUN,2023-08-31 00:00:00,30.3167,78.0333,682.0,24.5,935.4,93.0,station_level_pressure
INM00042111,DEHRADUN,2023-08-31 03:00:00,30.3167,78.0333,682.0,27.4,936.7,82.0,station_level_pressure
INM00042111,DEHRADUN,2023-08-31 06:00:00,30.3167,78.0333,682.0,31.5,937.3,64.0,station_level_pressure
INM00042111,DEHRADUN,2023-08-31 09:00:00,30.3167,78.0333,682.0,34.0,936.1,63.0,station_level_pressure
INM00042111,DEHRADUN,2023-08-31 12:00:00,30.3167,78.0333,682.0,32.0,935.1,73.0,station_level_pressure
INM00042111,DEHRADUN,2023-08-31 15:00:00,30.3167,78.0333,682.0,29.0,936.2,82.0,station_level_pressure
INM00042111,DEHRADUN,2023-08-31 18:00:00,30.3167,78.0333,682.0,28.0,936.0,88.0,station_level_pressure
INM00042111,DEHRADUN,2023-08-31 21:00:00,30.3167,78.0333,682.0,26.4,935.2,86.0,station_level_pressure
INM00042111,DEHRADUN,2023-09-01 00:00:00,30.3167,78.0333,682.0,26.0,935.4,92.0,station_level_pressure
INM00042111,DEHRADUN,2023-09-01 03:00:00,30.3167,78.0333,682.0,28.4,936.8,75.0,station_level_pressure
INM00042111,DEHRADUN,2023-09-01 06:00:00,30.3167,78.0333,682.0,32.7,937.1,63.0,station_level_pressure
INM00042111,DEHRADUN,2023-09-01 09:00:00,30.3167,78.0333,682.0,34.2,936.2,62.0,station_level_pressure
INM00042111,DEHRADUN,2023-09-01 12:00:00,30.3167,78.0333,682.0,31.6,935.0,69.0,station_level_pressure
INM00042111,DEHRADUN,2023-09-01 15:00:00,30.3167,78.0333,682.0,29.4,935.1,73.0,station_level_pressure
INM00042111,DEHRADUN,2023-09-01 18:00:00,30.3167,78.0333,682.0,27.6,935.3,85.0,station_level_pressure
INM00042111,DEHRADUN,2023-09-01 21:00:00,30.3167,78.0333,682.0,26.0,934.3,89.0,station_level_pressure
INM00042111,DEHRADUN,2023-09-02 00:00:00,30.3167,78.0333,682.0,25.6,933.6,87.0,station_level_pressure
INM00042111,DEHRADUN,2023-09-02 03:00:00,30.3167,78.0333,682.0,28.2,935.8,75.0,station_level_pressure
INM00042111,DEHRADUN,2023-09-02 06:00:00,30.3167,78.0333,682.0,31.7,935.8,66.0,station_level_pressure
INM00042111,DEHRADUN,2023-09-02 09:00:00,30.3167,78.0333,682.0,33.7,935.1,64.0,station_level_pressure
INM00042111,DEHRADUN,2023-09-02 12:00:00,30.3167,78.0333,682.0,30.7,932.9,68.0,station_level_pressure
INM00042111,DEHRADUN,2023-09-02 15:00:00,30.3167,78.0333,682.0,28.4,933.1,79.0,station_level_pressure
INM00042111,DEHRADUN,2023-09-02 18:00:00,30.3167,78.0333,682.0,27.0,934.0,88.0,station_level_pressure
INM00042111,DEHRADUN,2023-09-03 00:00:00,30.3167,78.0333,682.0,25.7,933.4,89.0,station_level_pressure
INM00042111,DEHRADUN,2023-09-03 03:00:00,30.3167,78.0333,682.0,28.2,933.8,82.0,station_level_pressure
INM00042111,DEHRADUN,2023-09-03 06:00:00,30.3167,78.0333,682.0,32.7,934.4,62.0,station_level_pressure
INM00042111,DEHRADUN,2023-09-03 09:00:00,30.3167,78.0333,682.0,34.0,932.6,66.0,station_level_pressure
INM00042111,DEHRADUN,2023-09-03 12:00:00,30.3167,78.0333,682.0,32.0,931.1,69.0,station_level_pressure
INM00042111,DEHRADUN,2023-09-03 15:00:00,30.3167,78.0333,682.0,28.0,933.1,81.0,station_level_pressure
INM00042111,DEHRADUN,2023-09-03 18:00:00,30.3167,78.0333,682.0,26.6,933.4,86.0,station_level_pressure
INM00042111,DEHRADUN,2023-09-03 21:00:00,30.3167,78.0333,682.0,25.6,932.7,90.0,station_level_pressure
INM00042111,DEHRADUN,2023-09-04 00:00:00,30.3167,78.0333,682.0,25.2,932.0,87.0,station_level_pressure
INM00042111,DEHRADUN,2023-09-04 03:00:00,30.3167,78.0333,682.0,28.2,934.3,75.0,station_level_pressure
INM00042111,DEHRADUN,2023-09-04 06:00:00,30.3167,78.0333,682.0,32.7,934.9,64.0,station_level_pressure
INM00042111,DEHRADUN,2023-09-04 09:00:00,30.3167,78.0333,682.0,34.8,933.3,59.0,station_level_pressure
INM00042111,DEHRADUN,2023-09-04 12:00:00,30.3167,78.0333,682.0,30.6,932.0,75.0,station_level_pressure
INM00042111,DEHRADUN,2023-09-04 15:00:00,30.3167,78.0333,682.0,26.6,933.1,76.0,station_level_pressure
INM00042111,DEHRADUN,2023-09-04 18:00:00,30.3167,78.0333,682.0,27.0,934.3,83.0,station_level_pressure
INM00042111,DEHRADUN,2023-09-04 21:00:00,30.3167,78.0333,682.0,24.0,936.2,76.0,station_level_pressure
INM00042111,DEHRADUN,2023-09-05 00:00:00,30.3167,78.0333,682.0,22.6,934.9,83.0,station_level_pressure
INM00042111,DEHRADUN,2023-09-05 03:00:00,30.3167,78.0333,682.0,27.4,936.1,69.0,station_level_pressure
INM00042111,DEHRADUN,2023-09-05 06:00:00,30.3167,78.0333,682.0,32.6,936.1,51.0,station_level_pressure
INM00042111,DEHRADUN,2023-09-05 09:00:00,30.3167,78.0333,682.0,34.0,934.4,49.0,station_level_pressure
INM00042111,DEHRADUN,2023-09-05 12:00:00,30.3167,78.0333,682.0,32.7,933.1,58.0,station_level_pressure
INM00042111,DEHRADUN,2023-09-05 15:00:00,30.3167,78.0333,682.0,29.2,933.0,79.0,station_level_pressure
INM00042111,DEHRADUN,2023-09-05 18:00:00,30.3167,78.0333,682.0,27.2,934.2,83.0,station_level_pressure
INM00042111,DEHRADUN,2023-09-05 21:00:00,30.3167,78.0333,682.0,26.2,933.6,90.0,station_level_pressure
INM00042111,DEHRADUN,2023-09-06 00:00:00,30.3167,78.0333,682.0,25.6,934.0,92.0,station_level_pressure
INM00042111,DEHRADUN,2023-09-06 03:00:00,30.3167,78.0333,682.0,28.2,937.1,75.0,station_level_pressure
INM00042111,DEHRADUN,2023-09-06 06:00:00,30.3167,78.0333,682.0,33.6,936.8,56.0,station_level_pressure
INM00042111,DEHRADUN,2023-09-06 09:00:00,30.3167,78.0333,682.0,35.0,935.2,56.0,station_level_pressure
INM00042111,DEHRADUN,2023-09-06 12:00:00,30.3167,78.0333,682.0,33.6,934.2,57.0,station_level_pressure
INM00042111,DEHRADUN,2023-09-06 15:00:00,30.3167,78.0333,682.0,29.0,935.5,76.0,station_level_pressure
INM00042111,DEHRADUN,2023-09-06 18:00:00,30.3167,78.0333,682.0,26.6,935.4,85.0,station_level_pressure
INM00042111,DEHRADUN,2023-09-06 21:00:00,30.3167,78.0333,682.0,25.6,935.7,80.0,station_level_pressure
INM00042111,DEHRADUN,2023-09-07 00:00:00,30.3167,78.0333,682.0,25.6,935.9,83.0,station_level_pressure
INM00042111,DEHRADUN,2023-09-07 03:00:00,30.3167,78.0333,682.0,28.8,936.9,77.0,station_level_pressure
INM00042111,DEHRADUN,2023-09-07 06:00:00,30.3167,78.0333,682.0,33.7,936.2,56.0,station_level_pressure
INM00042111,DEHRADUN,2023-09-07 09:00:00,30.3167,78.0333,682.0,34.2,934.2,53.0,station_level_pressure
INM00042111,DEHRADUN,2023-09-07 12:00:00,30.3167,78.0333,682.0,33.7,932.6,57.0,station_level_pressure
INM00042111,DEHRADUN,2023-09-07 15:00:00,30.3167,78.0333,682.0,29.4,933.6,73.0,station_level_pressure
INM00042111,DEHRADUN,2023-09-07 18:00:00,30.3167,78.0333,682.0,28.0,935.6,78.0,station_level_pressure
INM00042111,DEHRADUN,2023-09-07 21:00:00,30.3167,78.0333,682.0,27.6,935.2,80.0,station_level_pressure
INM00042111,DEHRADUN,2023-09-08 00:00:00,30.3167,78.0333,682.0,24.6,936.0,84.0,station_level_pressure
INM00042111,DEHRADUN,2023-09-08 03:00:00,30.3167,78.0333,682.0,26.2,936.2,82.0,station_level_pressure
INM00042111,DEHRADUN,2023-09-08 06:00:00,30.3167,78.0333,682.0,30.5,936.5,66.0,station_level_pressure
INM00042111,DEHRADUN,2023-09-08 09:00:00,30.3167,78.0333,682.0,33.0,935.3,56.0,station_level_pressure
INM00042111,DEHRADUN,2023-09-08 12:00:00,30.3167,78.0333,682.0,31.0,933.3,70.0,station_level_pressure
INM00042111,DEHRADUN,2023-09-08 15:00:00,30.3167,78.0333,682.0,27.8,935.1,82.0,station_level_pressure
INM00042111,DEHRADUN,2023-09-08 18:00:00,30.3167,78.0333,682.0,26.6,934.5,86.0,station_level_pressure
INM00042111,DEHRADUN,2023-09-09 00:00:00,30.3167,78.0333,682.0,25.6,934.5,92.0,station_level_pressure
INM00042111,DEHRADUN,2023-09-09 03:00:00,30.3167,78.0333,682.0,25.5,936.2,85.0,station_level_pressure
INM00042111,DEHRADUN,2023-09-09 06:00:00,30.3167,78.0333,682.0,28.5,935.6,80.0,station_level_pressure
INM00042111,DEHRADUN,2023-09-09 09:00:00,30.3167,78.0333,682.0,28.4,934.2,86.0,station_level_pressure
INM00042111,DEHRADUN,2023-09-09 12:00:00,30.3167,78.0333,682.0,27.0,933.2,88.0,station_level_pressure
INM00042111,DEHRADUN,2023-09-09 15:00:00,30.3167,78.0333,682.0,25.0,934.8,96.0,station_level_pressure
INM00042111,DEHRADUN,2023-09-09 18:00:00,30.3167,78.0333,682.0,23.0,935.2,96.0,station_level_pressure
INM00042111,DEHRADUN,2023-09-09 21:00:00,30.3167,78.0333,682.0,22.0,933.5,100.0,station_level_pressure
INM00042111,DEHRADUN,2023-09-10 00:00:00,30.3167,78.0333,682.0,22.6,932.1,93.0,station_level_pressure
INM00042111,DEHRADUN,2023-09-10 03:00:00,30.3167,78.0333,682.0,23.4,933.6,91.0,station_level_pressure
INM00042111,DEHRADUN,2023-09-10 06:00:00,30.3167,78.0333,682.0,25.2,933.9,86.0,station_level_pressure
INM00042111,DEHRADUN,2023-09-10 09:00:00,30.3167,78.0333,682.0,30.0,932.2,66.0,station_level_pressure
INM00042111,DEHRADUN,2023-09-10 12:00:00,30.3167,78.0333,682.0,28.7,932.0,77.0,station_level_pressure
INM00042111,DEHRADUN,2023-09-10 15:00:00,30.3167,78.0333,682.0,26.5,933.4,87.0,station_level_pressure
INM00042111,DEHRADUN,2023-09-10 18:00:00,30.3167,78.0333,682.0,24.7,934.2,94.0,station_level_pressure
INM00042111,DEHRADUN,2023-09-10 21:00:00,30.3167,78.0333,682.0,23.7,933.7,94.0,station_level_pressure
INM00042111,DEHRADUN,2023-09-11 00:00:00,30.3167,78.0333,682.0,23.6,932.5,93.0,station_level_pressure
INM00042111,DEHRADUN,2023-09-11 03:00:00,30.3167,78.0333,682.0,25.2,934.1,89.0,station_level_pressure
INM00042111,DEHRADUN,2023-09-11 06:00:00,30.3167,78.0333,682.0,30.7,934.0,64.0,station_level_pressure
INM00042111,DEHRADUN,2023-09-11 09:00:00,30.3167,78.0333,682.0,32.8,932.6,59.0,station_level_pressure
INM00042111,DEHRADUN,2023-09-11 12:00:00,30.3167,78.0333,682.0,30.0,932.0,72.0,station_level_pressure
INM00042111,DEHRADUN,2023-09-11 15:00:00,30.3167,78.0333,682.0,25.0,933.0,98.0,station_level_pressure
INM00042111,DEHRADUN,2023-09-11 18:00:00,30.3167,78.0333,682.0,24.7,933.5,99.0,station_level_pressure
INM00042111,DEHRADUN,2023-09-11 21:00:00,30.3167,78.0333,682.0,25.5,933.2,93.0,station_level_pressure
INM00042111,DEHRADUN,2023-09-12 00:00:00,30.3167,78.0333,682.0,25.2,932.6,94.0,station_level_pressure
INM00042111,DEHRADUN,2023-09-12 03:00:00,30.3167,78.0333,682.0,26.8,934.4,88.0,station_level_pressure
INM00042111,DEHRADUN,2023-09-12 06:00:00,30.3167,78.0333,682.0,31.2,934.2,73.0,station_level_pressure
INM00042111,DEHRADUN,2023-09-12 09:00:00,30.3167,78.0333,682.0,31.8,933.3,71.0,station_level_pressure
INM00042111,DEHRADUN,2023-09-12 12:00:00,30.3167,78.0333,682.0,32.0,932.1,71.0,station_level_pressure
INM00042111,DEHRADUN,2023-09-12 15:00:00,30.3167,78.0333,682.0,28.4,933.5,84.0,station_level_pressure
INM00042111,DEHRADUN,2023-09-12 18:00:00,30.3167,78.0333,682.0,27.0,933.8,89.0,station_level_pressure
INM00042111,DEHRADUN,2023-09-12 21:00:00,30.3167,78.0333,682.0,26.8,933.8,90.0,station_level_pressure
INM00042111,DEHRADUN,2023-09-13 00:00:00,30.3167,78.0333,682.0,26.7,933.7,91.0,station_level_pressure
INM00042111,DEHRADUN,2023-09-13 03:00:00,30.3167,78.0333,682.0,25.2,935.1,96.0,station_level_pressure
INM00042111,DEHRADUN,2023-09-13 06:00:00,30.3167,78.0333,682.0,28.5,935.2,84.0,station_level_pressure
INM00042111,DEHRADUN,2023-09-13 09:00:00,30.3167,78.0333,682.0,30.8,933.1,77.0,station_level_pressure
INM00042111,DEHRADUN,2023-09-13 12:00:00,30.3167,78.0333,682.0,28.6,932.5,88.0,station_level_pressure
INM00042111,DEHRADUN,2023-09-13 15:00:00,30.3167,78.0333,682.0,27.0,932.8,95.0,station_level_pressure
INM00042111,DEHRADUN,2023-09-13 18:00:00,30.3167,78.0333,682.0,26.7,934.3,96.0,station_level_pressure
INM00042111,DEHRADUN,2023-09-13 21:00:00,30.3167,78.0333,682.0,26.4,934.2,97.0,station_level_pressure
INM00042111,DEHRADUN,2023-09-14 00:00:00,30.3167,78.0333,682.0,26.0,934.5,98.0,station_level_pressure
INM00042111,DEHRADUN,2023-09-14 03:00:00,30.3167,78.0333,682.0,25.8,936.8,97.0,station_level_pressure
INM00042111,DEHRADUN,2023-09-14 06:00:00,30.3167,78.0333,682.0,29.7,936.6,83.0,station_level_pressure
INM00042111,DEHRADUN,2023-09-14 09:00:00,30.3167,78.0333,682.0,30.8,934.4,77.0,station_level_pressure
INM00042111,DEHRADUN,2023-09-14 12:00:00,30.3167,78.0333,682.0,29.2,933.6,87.0,station_level_pressure
INM00042111,DEHRADUN,2023-09-14 15:00:00,30.3167,78.0333,682.0,27.6,934.0,92.0,station_level_pressure
INM00042111,DEHRADUN,2023-09-14 18:00:00,30.3167,78.0333,682.0,26.2,935.6,94.0,station_level_pressure
INM00042111,DEHRADUN,2023-09-14 21:00:00,30.3167,78.0333,682.0,25.6,935.2,95.0,station_level_pressure
INM00042111,DEHRADUN,2023-09-15 00:00:00,30.3167,78.0333,682.0,22.6,936.0,100.0,station_level_pressure
INM00042111,DEHRADUN,2023-09-15 03:00:00,30.3167,78.0333,682.0,23.4,937.3,96.0,station_level_pressure
INM00042111,DEHRADUN,2023-09-15 06:00:00,30.3167,78.0333,682.0,25.2,938.8,94.0,station_level_pressure
INM00042111,DEHRADUN,2023-09-15 09:00:00,30.3167,78.0333,682.0,28.2,935.8,82.0,station_level_pressure
INM00042111,DEHRADUN,2023-09-15 12:00:00,30.3167,78.0333,682.0,29.0,933.9,76.0,station_level_pressure
INM00042111,DEHRADUN,2023-09-15 15:00:00,30.3167,78.0333,682.0,26.0,935.1,92.0,station_level_pressure
INM00042111,DEHRADUN,2023-09-15 18:00:00,30.3167,78.0333,682.0,25.0,936.9,92.0,station_level_pressure
INM00042111,DEHRADUN,2023-09-15 21:00:00,30.3167,78.0333,682.0,24.0,936.4,93.0,station_level_pressure
INM00042111,DEHRADUN,2023-09-16 00:00:00,30.3167,78.0333,682.0,23.7,935.2,94.0,station_level_pressure
INM00042111,DEHRADUN,2023-09-16 03:00:00,30.3167,78.0333,682.0,26.4,937.1,85.0,station_level_pressure
INM00042111,DEHRADUN,2023-09-16 06:00:00,30.3167,78.0333,682.0,28.7,938.7,76.0,station_level_pressure
INM00042111,DEHRADUN,2023-09-16 09:00:00,30.3167,78.0333,682.0,29.8,934.0,77.0,station_level_pressure
INM00042111,DEHRADUN,2023-09-16 12:00:00,30.3167,78.0333,682.0,28.5,933.0,82.0,station_level_pressure
INM00042111,DEHRADUN,2023-09-16 15:00:00,30.3167,78.0333,682.0,26.2,935.3,90.0,station_level_pressure
INM00042111,DEHRADUN,2023-09-16 18:00:00,30.3167,78.0333,682.0,26.0,935.1,92.0,station_level_pressure
INM00042111,DEHRADUN,2023-09-16 21:00:00,30.3167,78.0333,682.0,25.6,934.2,94.0,station_level_pressure
INM00042111,DEHRADUN,2023-09-17 00:00:00,30.3167,78.0333,682.0,25.0,934.3,96.0,station_level_pressure
INM00042111,DEHRADUN,2023-09-17 03:00:00,30.3167,78.0333,682.0,26.2,935.4,87.0,station_level_pressure
INM00042111,DEHRADUN,2023-09-17 06:00:00,30.3167,78.0333,682.0,28.7,936.4,77.0,station_level_pressure
INM00042111,DEHRADUN,2023-09-17 09:00:00,30.3167,78.0333,682.0,29.2,933.5,76.0,station_level_pressure
INM00042111,DEHRADUN,2023-09-17 12:00:00,30.3167,78.0333,682.0,30.2,932.9,76.0,station_level_pressure
INM00042111,DEHRADUN,2023-09-17 15:00:00,30.3167,78.0333,682.0,26.8,933.2,89.0,station_level_pressure
INM00042111,DEHRADUN,2023-09-17 18:00:00,30.3167,78.0333,682.0,25.7,934.3,93.0,station_level_pressure
INM00042111,DEHRADUN,2023-09-17 21:00:00,30.3167,78.0333,682.0,25.2,935.0,96.0,station_level_pressure
INM00042111,DEHRADUN,2023-09-18 00:00:00,30.3167,78.0333,682.0,24.7,935.2,99.0,station_level_pressure
INM00042111,DEHRADUN,2023-09-18 03:00:00,30.3167,78.0333,682.0,26.6,935.5,83.0,station_level_pressure
INM00042111,DEHRADUN,2023-09-18 06:00:00,30.3167,78.0333,682.0,29.7,936.2,71.0,station_level_pressure
INM00042111,DEHRADUN,2023-09-18 09:00:00,30.3167,78.0333,682.0,32.6,934.0,65.0,station_level_pressure
INM00042111,DEHRADUN,2023-09-18 12:00:00,30.3167,78.0333,682.0,30.2,933.3,71.0,station_level_pressure
INM00042111,DEHRADUN,2023-09-18 15:00:00,30.3167,78.0333,682.0,26.0,936.2,80.0,station_level_pressure
INM00042111,DEHRADUN,2023-09-18 18:00:00,30.3167,78.0333,682.0,25.2,937.0,87.0,station_level_pressure
INM00042111,DEHRADUN,2023-09-18 21:00:00,30.3167,78.0333,682.0,24.6,937.1,89.0,station_level_pressure
INM00042111,DEHRADUN,2023-09-19 00:00:00,30.3167,78.0333,682.0,24.2,936.6,92.0,station_level_pressure
INM00042111,DEHRADUN,2023-09-19 06:00:00,30.3167,78.0333,682.0,32.0,938.0,73.0,station_level_pressure
INM00042111,DEHRADUN,2023-09-19 09:00:00,30.3167,78.0333,682.0,33.4,935.9,61.0,station_level_pressure
INM00042111,DEHRADUN,2023-09-19 12:00:00,30.3167,78.0333,682.0,28.5,935.2,73.0,station_level_pressure
INM00042111,DEHRADUN,2023-09-20 00:00:00,30.3167,78.0333,682.0,25.0,937.2,89.0,station_level_pressure
INM00042111,DEHRADUN,2023-09-20 03:00:00,30.3167,78.0333,682.0,26.2,938.7,83.0,station_level_pressure
INM00042111,DEHRADUN,2023-09-20 06:00:00,30.3167,78.0333,682.0,31.7,938.4,60.0,station_level_pressure
INM00042111,DEHRADUN,2023-09-20 09:00:00,30.3167,78.0333,682.0,31.8,935.6,65.0,station_level_pressure
INM00042111,DEHRADUN,2023-09-20 12:00:00,30.3167,78.0333,682.0,29.7,934.5,74.0,station_level_pressure
INM00042111,DEHRADUN,2023-09-20 15:00:00,30.3167,78.0333,682.0,27.0,934.0,89.0,station_level_pressure
INM00042111,DEHRADUN,2023-09-20 18:00:00,30.3167,78.0333,682.0,25.2,936.6,92.0,station_level_pressure
INM00042111,DEHRADUN,2023-09-20 21:00:00,30.3167,78.0333,682.0,24.7,936.2,94.0,station_level_pressure
INM00042111,DEHRADUN,2023-09-21 00:00:00,30.3167,78.0333,682.0,24.0,936.0,95.0,station_level_pressure
INM00042111,DEHRADUN,2023-09-21 03:00:00,30.3167,78.0333,682.0,26.2,937.8,80.0,station_level_pressure
INM00042111,DEHRADUN,2023-09-21 06:00:00,30.3167,78.0333,682.0,30.6,937.6,71.0,station_level_pressure
INM00042111,DEHRADUN,2023-09-21 09:00:00,30.3167,78.0333,682.0,31.8,934.5,66.0,station_level_pressure
INM00042111,DEHRADUN,2023-09-21 12:00:00,30.3167,78.0333,682.0,31.2,933.6,68.0,station_level_pressure
INM00042111,DEHRADUN,2023-09-21 15:00:00,30.3167,78.0333,682.0,27.6,935.7,83.0,station_level_pressure
INM00042111,DEHRADUN,2023-09-21 18:00:00,30.3167,78.0333,682.0,26.0,936.3,87.0,station_level_pressure
INM00042111,DEHRADUN,2023-09-21 21:00:00,30.3167,78.0333,682.0,25.5,936.1,85.0,station_level_pressure
INM00042111,DEHRADUN,2023-09-22 00:00:00,30.3167,78.0333,682.0,24.2,936.3,90.0,station_level_pressure
INM00042111,DEHRADUN,2023-09-22 03:00:00,30.3167,78.0333,682.0,26.6,937.6,79.0,station_level_pressure
INM00042111,DEHRADUN,2023-09-22 06:00:00,30.3167,78.0333,682.0,30.5,937.9,75.0,station_level_pressure
INM00042111,DEHRADUN,2023-09-22 09:00:00,30.3167,78.0333,682.0,29.8,935.8,72.0,station_level_pressure
INM00042111,DEHRADUN,2023-09-22 12:00:00,30.3167,78.0333,682.0,27.7,934.8,78.0,station_level_pressure
INM00042111,DEHRADUN,2023-09-22 15:00:00,30.3167,78.0333,682.0,24.0,935.6,95.0,station_level_pressure
INM00042111,DEHRADUN,2023-09-22 18:00:00,30.3167,78.0333,682.0,24.5,936.3,93.0,station_level_pressure
INM00042111,DEHRADUN,2023-09-22 21:00:00,30.3167,78.0333,682.0,24.4,936.2,95.0,station_level_pressure
INM00042111,DEHRADUN,2023-09-23 00:00:00,30.3167,78.0333,682.0,24.2,936.3,93.0,station_level_pressure
INM00042111,DEHRADUN,2023-09-23 03:00:00,30.3167,78.0333,682.0,26.0,938.4,90.0,station_level_pressure
INM00042111,DEHRADUN,2023-09-23 06:00:00,30.3167,78.0333,682.0,29.6,939.4,76.0,station_level_pressure
INM00042111,DEHRADUN,2023-09-23 09:00:00,30.3167,78.0333,682.0,30.2,936.6,67.0,station_level_pressure
INM00042111,DEHRADUN,2023-09-23 12:00:00,30.3167,78.0333,682.0,29.6,935.7,72.0,station_level_pressure
INM00042111,DEHRADUN,2023-09-23 15:00:00,30.3167,78.0333,682.0,26.0,936.5,92.0,station_level_pressure
INM00042111,DEHRADUN,2023-09-23 21:00:00,30.3167,78.0333,682.0,23.7,936.0,96.0,station_level_pressure
INM00042111,DEHRADUN,2023-09-24 00:00:00,30.3167,78.0333,682.0,23.0,935.0,91.0,station_level_pressure
INM00042111,DEHRADUN,2023-09-24 03:00:00,30.3167,78.0333,682.0,24.8,937.9,73.0,station_level_pressure
INM00042111,DEHRADUN,2023-09-24 06:00:00,30.3167,78.0333,682.0,29.5,938.1,63.0,station_level_pressure
INM00042111,DEHRADUN,2023-09-24 09:00:00,30.3167,78.0333,682.0,30.4,935.5,69.0,station_level_pressure
INM00042111,DEHRADUN,2023-09-24 12:00:00,30.3167,78.0333,682.0,28.5,933.7,72.0,station_level_pressure
INM00042111,DEHRADUN,2023-09-24 15:00:00,30.3167,78.0333,682.0,25.0,935.5,84.0,station_level_pressure
INM00042111,DEHRADUN,2023-09-24 18:00:00,30.3167,78.0333,682.0,23.5,936.9,91.0,station_level_pressure
INM00042111,DEHRADUN,2023-09-24 21:00:00,30.3167,78.0333,682.0,22.4,936.8,91.0,station_level_pressure
INM00042111,DEHRADUN,2023-09-25 00:00:00,30.3167,78.0333,682.0,21.7,936.5,92.0,station_level_pressure
INM00042111,DEHRADUN,2023-09-25 03:00:00,30.3167,78.0333,682.0,25.2,938.3,80.0,station_level_pressure
INM00042111,DEHRADUN,2023-09-25 06:00:00,30.3167,78.0333,682.0,29.7,938.7,63.0,station_level_pressure
INM00042111,DEHRADUN,2023-09-25 09:00:00,30.3167,78.0333,682.0,31.4,937.4,62.0,station_level_pressure
INM00042111,DEHRADUN,2023-09-25 12:00:00,30.3167,78.0333,682.0,29.7,936.9,67.0,station_level_pressure
INM00042111,DEHRADUN,2023-09-25 15:00:00,30.3167,78.0333,682.0,26.2,937.1,83.0,station_level_pressure
INM00042111,DEHRADUN,2023-09-25 18:00:00,30.3167,78.0333,682.0,24.5,938.3,93.0,station_level_pressure
INM00042111,DEHRADUN,2023-09-25 21:00:00,30.3167,78.0333,682.0,23.2,938.1,95.0,station_level_pressure
INM00042111,DEHRADUN,2023-09-26 00:00:00,30.3167,78.0333,682.0,22.5,937.8,91.0,station_level_pressure
INM00042111,DEHRADUN,2023-09-26 03:00:00,30.3167,78.0333,682.0,24.8,939.7,87.0,station_level_pressure
INM00042111,DEHRADUN,2023-09-26 06:00:00,30.3167,78.0333,682.0,29.7,939.4,65.0,station_level_pressure
INM00042111,DEHRADUN,2023-09-26 09:00:00,30.3167,78.0333,682.0,31.4,937.5,62.0,station_level_pressure
INM00042111,DEHRADUN,2023-09-26 12:00:00,30.3167,78.0333,682.0,29.0,937.5,69.0,station_level_pressure
INM00042111,DEHRADUN,2023-09-26 15:00:00,30.3167,78.0333,682.0,26.0,937.0,86.0,station_level_pressure
INM00042111,DEHRADUN,2023-09-26 18:00:00,30.3167,78.0333,682.0,24.6,937.5,90.0,station_level_pressure
INM00042111,DEHRADUN,2023-09-26 21:00:00,30.3167,78.0333,682.0,22.6,937.5,95.0,station_level_pressure
INM00042111,DEHRADUN,2023-09-27 00:00:00,30.3167,78.0333,682.0,22.2,937.5,95.0,station_level_pressure
INM00042111,DEHRADUN,2023-09-27 03:00:00,30.3167,78.0333,682.0,24.0,939.0,85.0,station_level_pressure
INM00042111,DEHRADUN,2023-09-27 06:00:00,30.3167,78.0333,682.0,30.2,938.5,63.0,station_level_pressure
INM00042111,DEHRADUN,2023-09-27 09:00:00,30.3167,78.0333,682.0,31.2,936.6,69.0,station_level_pressure
INM00042111,DEHRADUN,2023-09-27 12:00:00,30.3167,78.0333,682.0,30.5,935.6,68.0,station_level_pressure
INM00042111,DEHRADUN,2023-09-27 15:00:00,30.3167,78.0333,682.0,26.4,936.2,83.0,station_level_pressure
INM00042111,DEHRADUN,2023-09-27 18:00:00,30.3167,78.0333,682.0,24.0,936.8,87.0,station_level_pressure
INM00042111,DEHRADUN,2023-09-27 21:00:00,30.3167,78.0333,682.0,22.4,936.3,91.0,station_level_pressure
INM00042111,DEHRADUN,2023-09-28 00:00:00,30.3167,78.0333,682.0,21.6,936.5,93.0,station_level_pressure
INM00042111,DEHRADUN,2023-09-28 03:00:00,30.3167,78.0333,682.0,24.6,938.2,84.0,station_level_pressure
INM00042111,DEHRADUN,2023-09-28 06:00:00,30.3167,78.0333,682.0,30.0,939.0,63.0,station_level_pressure
INM00042111,DEHRADUN,2023-09-28 09:00:00,30.3167,78.0333,682.0,32.0,937.0,46.0,station_level_pressure
INM00042111,DEHRADUN,2023-09-28 18:00:00,30.3167,78.0333,682.0,22.7,936.9,85.0,station_level_pressure
INM00042111,DEHRADUN,2023-09-28 21:00:00,30.3167,78.0333,682.0,21.4,936.6,88.0,station_level_pressure
INM00042111,DEHRADUN,2023-09-29 00:00:00,30.3167,78.0333,682.0,21.2,936.4,80.0,station_level_pressure
INM00042111,DEHRADUN,2023-09-29 03:00:00,30.3167,78.0333,682.0,24.6,938.4,76.0,station_level_pressure
INM00042111,DEHRADUN,2023-09-29 06:00:00,30.3167,78.0333,682.0,31.6,938.6,59.0,station_level_pressure
INM00042111,DEHRADUN,2023-09-29 09:00:00,30.3167,78.0333,682.0,33.2,936.3,56.0,station_level_pressure
INM00042111,DEHRADUN,2023-09-29 15:00:00,30.3167,78.0333,682.0,26.4,936.0,86.0,station_level_pressure
INM00042111,DEHRADUN,2023-09-29 21:00:00,30.3167,78.0333,682.0,23.5,937.5,91.0,station_level_pressure
INM00042111,DEHRADUN,2023-09-30 00:00:00,30.3167,78.0333,682.0,23.0,936.5,91.0,station_level_pressure
INM00042111,DEHRADUN,2023-09-30 03:00:00,30.3167,78.0333,682.0,25.6,937.8,84.0,station_level_pressure
INM00042111,DEHRADUN,2023-09-30 06:00:00,30.3167,78.0333,682.0,32.0,938.2,58.0,station_level_pressure
INM00042111,DEHRADUN,2023-09-30 09:00:00,30.3167,78.0333,682.0,34.4,936.2,50.0,station_level_pressure
INM00042111,DEHRADUN,2023-09-30 12:00:00,30.3167,78.0333,682.0,30.7,934.9,56.0,station_level_pressure
INM00042111,DEHRADUN,2023-09-30 18:00:00,30.3167,78.0333,682.0,24.5,936.4,83.0,station_level_pressure
INM00042111,DEHRADUN,2023-09-30 21:00:00,30.3167,78.0333,682.0,22.7,936.1,89.0,station_level_pressure
INM00042111,DEHRADUN,2023-10-01 00:00:00,30.3167,78.0333,682.0,22.5,936.5,87.0,station_level_pressure
INM00042111,DEHRADUN,2023-10-01 03:00:00,30.3167,78.0333,682.0,25.2,938.0,81.0,station_level_pressure
INM00042111,DEHRADUN,2023-10-01 06:00:00,30.3167,78.0333,682.0,30.6,938.0,62.0,station_level_pressure
INM00042111,DEHRADUN,2023-10-01 09:00:00,30.3167,78.0333,682.0,32.0,936.0,61.0,station_level_pressure
INM00042111,DEHRADUN,2023-10-01 12:00:00,30.3167,78.0333,682.0,30.6,935.5,66.0,station_level_pressure
INM00042111,DEHRADUN,2023-10-01 15:00:00,30.3167,78.0333,682.0,26.4,935.4,79.0,station_level_pressure
INM00042111,DEHRADUN,2023-10-01 18:00:00,30.3167,78.0333,682.0,24.7,936.3,86.0,station_level_pressure
INM00042111,DEHRADUN,2023-10-01 21:00:00,30.3167,78.0333,682.0,24.0,936.0,89.0,station_level_pressure
INM00042111,DEHRADUN,2023-10-02 00:00:00,30.3167,78.0333,682.0,23.5,936.1,91.0,station_level_pressure
INM00042111,DEHRADUN,2023-10-02 03:00:00,30.3167,78.0333,682.0,26.0,937.7,85.0,station_level_pressure
INM00042111,DEHRADUN,2023-10-02 06:00:00,30.3167,78.0333,682.0,31.0,938.3,55.0,station_level_pressure
INM00042111,DEHRADUN,2023-10-02 09:00:00,30.3167,78.0333,682.0,32.4,936.5,60.0,station_level_pressure
INM00042111,DEHRADUN,2023-10-02 12:00:00,30.3167,78.0333,682.0,29.2,936.4,63.0,station_level_pressure
INM00042111,DEHRADUN,2023-10-02 15:00:00,30.3167,78.0333,682.0,26.8,937.2,76.0,station_level_pressure
INM00042111,DEHRADUN,2023-10-02 18:00:00,30.3167,78.0333,682.0,25.2,938.0,87.0,station_level_pressure
INM00042111,DEHRADUN,2023-10-02 21:00:00,30.3167,78.0333,682.0,21.2,938.0,91.0,station_level_pressure
INM00042111,DEHRADUN,2023-10-03 00:00:00,30.3167,78.0333,682.0,19.5,937.5,92.0,station_level_pressure
INM00042111,DEHRADUN,2023-10-03 03:00:00,30.3167,78.0333,682.0,21.6,937.9,75.0,station_level_pressure
INM00042111,DEHRADUN,2023-10-03 06:00:00,30.3167,78.0333,682.0,30.5,938.2,43.0,station_level_pressure
INM00042111,DEHRADUN,2023-10-03 09:00:00,30.3167,78.0333,682.0,32.8,935.7,47.0,station_level_pressure
INM00042111,DEHRADUN,2023-10-03 12:00:00,30.3167,78.0333,682.0,29.6,935.4,60.0,station_level_pressure
INM00042111,DEHRADUN,2023-10-03 15:00:00,30.3167,78.0333,682.0,24.6,937.0,78.0,station_level_pressure
INM00042111,DEHRADUN,2023-10-03 18:00:00,30.3167,78.0333,682.0,22.6,938.3,82.0,station_level_pressure
INM00042111,DEHRADUN,2023-10-03 21:00:00,30.3167,78.0333,682.0,21.0,937.8,90.0,station_level_pressure
INM00042111,DEHRADUN,2023-10-04 00:00:00,30.3167,78.0333,682.0,20.2,937.2,93.0,station_level_pressure
INM00042111,DEHRADUN,2023-10-04 03:00:00,30.3167,78.0333,682.0,23.0,938.4,82.0,station_level_pressure
INM00042111,DEHRADUN,2023-10-04 06:00:00,30.3167,78.0333,682.0,29.7,938.6,53.0,station_level_pressure
INM00042111,DEHRADUN,2023-10-04 09:00:00,30.3167,78.0333,682.0,31.6,936.7,50.0,station_level_pressure
INM00042111,DEHRADUN,2023-10-04 12:00:00,30.3167,78.0333,682.0,29.6,935.9,60.0,station_level_pressure
INM00042111,DEHRADUN,2023-10-04 15:00:00,30.3167,78.0333,682.0,25.0,937.7,80.0,station_level_pressure
INM00042111,DEHRADUN,2023-10-04 18:00:00,30.3167,78.0333,682.0,23.0,938.0,83.0,station_level_pressure
INM00042111,DEHRADUN,2023-10-05 00:00:00,30.3167,78.0333,682.0,20.6,938.0,91.0,station_level_pressure
INM00042111,DEHRADUN,2023-10-05 03:00:00,30.3167,78.0333,682.0,23.0,938.6,83.0,station_level_pressure
INM00042111,DEHRADUN,2023-10-05 06:00:00,30.3167,78.0333,682.0,30.7,938.3,53.0,station_level_pressure
INM00042111,DEHRADUN,2023-10-05 09:00:00,30.3167,78.0333,682.0,32.2,935.9,53.0,station_level_pressure
INM00042111,DEHRADUN,2023-10-05 12:00:00,30.3167,78.0333,682.0,29.6,935.4,63.0,station_level_pressure
INM00042111,DEHRADUN,2023-10-05 15:00:00,30.3167,78.0333,682.0,25.2,926.3,81.0,station_level_pressure
INM00042111,DEHRADUN,2023-10-05 21:00:00,30.3167,78.0333,682.0,21.7,936.0,90.0,station_level_pressure
INM00042111,DEHRADUN,2023-10-06 00:00:00,30.3167,78.0333,682.0,21.5,935.5,91.0,station_level_pressure
INM00042111,DEHRADUN,2023-10-06 03:00:00,30.3167,78.0333,682.0,23.2,937.1,82.0,station_level_pressure
INM00042111,DEHRADUN,2023-10-06 06:00:00,30.3167,78.0333,682.0,30.5,937.3,58.0,station_level_pressure
INM00042111,DEHRADUN,2023-10-06 09:00:00,30.3167,78.0333,682.0,31.4,935.3,61.0,station_level_pressure
INM00042111,DEHRADUN,2023-10-06 12:00:00,30.3167,78.0333,682.0,29.5,935.3,65.0,station_level_pressure
INM00042111,DEHRADUN,2023-10-06 15:00:00,30.3167,78.0333,682.0,25.4,937.0,81.0,station_level_pressure
INM00042111,DEHRADUN,2023-10-06 18:00:00,30.3167,78.0333,682.0,23.5,937.3,88.0,station_level_pressure
INM00042111,DEHRADUN,2023-10-06 21:00:00,30.3167,78.0333,682.0,22.2,936.5,93.0,station_level_pressure
INM00042111,DEHRADUN,2023-10-07 00:00:00,30.3167,78.0333,682.0,22.2,936.5,90.0,station_level_pressure
INM00042111,DEHRADUN,2023-10-07 03:00:00,30.3167,78.0333,682.0,24.2,938.6,85.0,station_level_pressure
INM00042111,DEHRADUN,2023-10-07 06:00:00,30.3167,78.0333,682.0,29.5,938.7,61.0,station_level_pressure
INM00042111,DEHRADUN,2023-10-07 09:00:00,30.3167,78.0333,682.0,31.4,936.8,57.0,station_level_pressure
INM00042111,DEHRADUN,2023-10-07 12:00:00,30.3167,78.0333,682.0,29.2,936.2,58.0,station_level_pressure
INM00042111,DEHRADUN,2023-10-07 15:00:00,30.3167,78.0333,682.0,24.8,937.6,81.0,station_level_pressure
INM00042111,DEHRADUN,2023-10-07 18:00:00,30.3167,78.0333,682.0,22.7,938.2,85.0,station_level_pressure
INM00042111,DEHRADUN,2023-10-07 21:00:00,30.3167,78.0333,682.0,21.6,937.1,90.0,station_level_pressure
INM00042111,DEHRADUN,2023-10-08 00:00:00,30.3167,78.0333,682.0,20.5,937.1,92.0,station_level_pressure
INM00042111,DEHRADUN,2023-10-08 03:00:00,30.3167,78.0333,682.0,22.6,939.2,83.0,station_level_pressure
INM00042111,DEHRADUN,2023-10-08 06:00:00,30.3167,78.0333,682.0,30.0,939.0,60.0,station_level_pressure
INM00042111,DEHRADUN,2023-10-08 09:00:00,30.3167,78.0333,682.0,32.0,937.4,53.0,station_level_pressure
INM00042111,DEHRADUN,2023-10-08 12:00:00,30.3167,78.0333,682.0,28.7,937.5,63.0,station_level_pressure
INM00042111,DEHRADUN,2023-10-08 15:00:00,30.3167,78.0333,682.0,25.4,937.5,83.0,station_level_pressure
INM00042111,DEHRADUN,2023-10-08 18:00:00,30.3167,78.0333,682.0,24.6,938.0,87.0,station_level_pressure
INM00042111,DEHRADUN,2023-10-08 21:00:00,30.3167,78.0333,682.0,22.6,937.5,88.0,station_level_pressure
INM00042111,DEHRADUN,2023-10-09 00:00:00,30.3167,78.0333,682.0,21.2,937.0,90.0,station_level_pressure
INM00042111,DEHRADUN,2023-10-09 03:00:00,30.3167,78.0333,682.0,22.0,939.8,86.0,station_level_pressure
INM00042111,DEHRADUN,2023-10-09 06:00:00,30.3167,78.0333,682.0,31.0,940.7,49.0,station_level_pressure
INM00042111,DEHRADUN,2023-10-09 09:00:00,30.3167,78.0333,682.0,32.6,937.7,46.0,station_level_pressure
INM00042111,DEHRADUN,2023-10-09 12:00:00,30.3167,78.0333,682.0,30.0,937.6,60.0,station_level_pressure
INM00042111,DEHRADUN,2023-10-09 15:00:00,30.3167,78.0333,682.0,24.4,939.2,76.0,station_level_pressure
INM00042111,DEHRADUN,2023-10-09 18:00:00,30.3167,78.0333,682.0,21.7,939.6,79.0,station_level_pressure
INM00042111,DEHRADUN,2023-10-09 21:00:00,30.3167,78.0333,682.0,20.8,938.5,84.0,station_level_pressure
INM00042111,DEHRADUN,2023-10-10 00:00:00,30.3167,78.0333,682.0,18.6,938.5,93.0,station_level_pressure
INM00042111,DEHRADUN,2023-10-10 03:00:00,30.3167,78.0333,682.0,22.8,941.1,77.0,station_level_pressure
INM00042111,DEHRADUN,2023-10-10 06:00:00,30.3167,78.0333,682.0,30.2,941.7,50.0,station_level_pressure
INM00042111,DEHRADUN,2023-10-10 12:00:00,30.3167,78.0333,682.0,29.2,938.2,62.0,station_level_pressure
INM00042111,DEHRADUN,2023-10-10 15:00:00,30.3167,78.0333,682.0,24.4,939.7,78.0,station_level_pressure
INM00042111,DEHRADUN,2023-10-10 18:00:00,30.3167,78.0333,682.0,21.7,939.8,85.0,station_level_pressure
INM00042111,DEHRADUN,2023-10-11 00:00:00,30.3167,78.0333,682.0,18.7,938.7,89.0,station_level_pressure
INM00042111,DEHRADUN,2023-10-11 03:00:00,30.3167,78.0333,682.0,20.0,941.0,82.0,station_level_pressure
INM00042111,DEHRADUN,2023-10-11 06:00:00,30.3167,78.0333,682.0,30.2,941.4,44.0,station_level_pressure
INM00042111,DEHRADUN,2023-10-11 09:00:00,30.3167,78.0333,682.0,31.6,939.4,49.0,station_level_pressure
INM00042111,DEHRADUN,2023-10-11 12:00:00,30.3167,78.0333,682.0,28.2,939.2,55.0,station_level_pressure
INM00042111,DEHRADUN,2023-10-11 15:00:00,30.3167,78.0333,682.0,23.4,940.0,77.0,station_level_pressure
INM00042111,DEHRADUN,2023-10-11 21:00:00,30.3167,78.0333,682.0,19.0,939.5,89.0,station_level_pressure
INM00042111,DEHRADUN,2023-10-12 00:00:00,30.3167,78.0333,682.0,18.2,939.0,89.0,station_level_pressure
INM00042111,DEHRADUN,2023-10-12 03:00:00,30.3167,78.0333,682.0,20.2,941.7,80.0,station_level_pressure
INM00042111,DEHRADUN,2023-10-12 06:00:00,30.3167,78.0333,682.0,29.2,942.8,45.0,station_level_pressure
INM00042111,DEHRADUN,2023-10-12 09:00:00,30.3167,78.0333,682.0,31.4,941.2,49.0,station_level_pressure
INM00042111,DEHRADUN,2023-10-12 12:00:00,30.3167,78.0333,682.0,28.5,941.2,58.0,station_level_pressure
INM00042111,DEHRADUN,2023-10-12 15:00:00,30.3167,78.0333,682.0,22.0,942.5,83.0,station_level_pressure
INM00042111,DEHRADUN,2023-10-12 21:00:00,30.3167,78.0333,682.0,18.6,941.7,89.0,station_level_pressure
INM00042111,DEHRADUN,2023-10-13 00:00:00,30.3167,78.0333,682.0,17.6,941.7,92.0,station_level_pressure
INM00042111,DEHRADUN,2023-10-13 03:00:00,30.3167,78.0333,682.0,20.4,943.6,82.0,station_level_pressure
INM00042111,DEHRADUN,2023-10-13 06:00:00,30.3167,78.0333,682.0,28.7,944.1,51.0,station_level_pressure
INM00042111,DEHRADUN,2023-10-13 09:00:00,30.3167,78.0333,682.0,31.4,941.9,42.0,station_level_pressure
INM00042111,DEHRADUN,2023-10-13 12:00:00,30.3167,78.0333,682.0,27.6,940.9,63.0,station_level_pressure
INM00042111,DEHRADUN,2023-10-13 15:00:00,30.3167,78.0333,682.0,22.8,942.0,80.0,station_level_pressure
INM00042111,DEHRADUN,2023-10-13 18:00:00,30.3167,78.0333,682.0,20.6,942.2,89.0,station_level_pressure
INM00042111,DEHRADUN,2023-10-13 21:00:00,30.3167,78.0333,682.0,19.6,941.2,91.0,station_level_pressure
INM00042111,DEHRADUN,2023-10-14 00:00:00,30.3167,78.0333,682.0,18.5,941.1,92.0,station_level_pressure
INM00042111,DEHRADUN,2023-10-14 03:00:00,30.3167,78.0333,682.0,20.8,943.2,86.0,station_level_pressure
INM00042111,DEHRADUN,2023-10-14 06:00:00,30.3167,78.0333,682.0,28.5,943.1,55.0,station_level_pressure
INM00042111,DEHRADUN,2023-10-14 09:00:00,30.3167,78.0333,682.0,29.8,941.0,55.0,station_level_pressure
INM00042111,DEHRADUN,2023-10-14 12:00:00,30.3167,78.0333,682.0,27.6,940.6,58.0,station_level_pressure
INM00042111,DEHRADUN,2023-10-14 15:00:00,30.3167,78.0333,682.0,23.4,940.0,82.0,station_level_pressure
INM00042111,DEHRADUN,2023-10-14 18:00:00,30.3167,78.0333,682.0,21.7,940.3,87.0,station_level_pressure
INM00042111,DEHRADUN,2023-10-14 21:00:00,30.3167,78.0333,682.0,20.0,938.8,86.0,station_level_pressure
INM00042111,DEHRADUN,2023-10-15 00:00:00,30.3167,78.0333,682.0,19.5,938.9,90.0,station_level_pressure
INM00042111,DEHRADUN,2023-10-15 03:00:00,30.3167,78.0333,682.0,21.6,941.2,81.0,station_level_pressure
INM00042111,DEHRADUN,2023-10-15 06:00:00,30.3167,78.0333,682.0,27.5,941.5,55.0,station_level_pressure
INM00042111,DEHRADUN,2023-10-15 09:00:00,30.3167,78.0333,682.0,32.0,938.5,32.0,station_level_pressure
INM00042111,DEHRADUN,2023-10-15 12:00:00,30.3167,78.0333,682.0,28.0,938.4,52.0,station_level_pressure
INM00042111,DEHRADUN,2023-10-15 15:00:00,30.3167,78.0333,682.0,21.6,940.3,78.0,station_level_pressure
INM00042111,DEHRADUN,2023-10-15 18:00:00,30.3167,78.0333,682.0,20.0,940.7,84.0,station_level_pressure
INM00042111,DEHRADUN,2023-10-15 21:00:00,30.3167,78.0333,682.0,19.0,939.9,85.0,station_level_pressure
INM00042111,DEHRADUN,2023-10-16 00:00:00,30.3167,78.0333,682.0,18.0,939.9,89.0,station_level_pressure
INM00042111,DEHRADUN,2023-10-16 03:00:00,30.3167,78.0333,682.0,20.2,941.8,80.0,station_level_pressure
INM00042111,DEHRADUN,2023-10-16 06:00:00,30.3167,78.0333,682.0,17.0,945.7,96.0,station_level_pressure
INM00042111,DEHRADUN,2023-10-16 09:00:00,30.3167,78.0333,682.0,17.8,944.0,85.0,station_level_pressure
INM00042111,DEHRADUN,2023-10-16 12:00:00,30.3167,78.0333,682.0,18.5,941.6,83.0,station_level_pressure
INM00042111,DEHRADUN,2023-10-16 15:00:00,30.3167,78.0333,682.0,16.0,942.6,84.0,station_level_pressure
INM00042111,DEHRADUN,2023-10-16 18:00:00,30.3167,78.0333,682.0,15.7,942.8,86.0,station_level_pressure
INM00042111,DEHRADUN,2023-10-16 21:00:00,30.3167,78.0333,682.0,15.8,944.3,88.0,station_level_pressure
INM00042111,DEHRADUN,2023-10-17 00:00:00,30.3167,78.0333,682.0,15.6,943.1,91.0,station_level_pressure
INM00042111,DEHRADUN,2023-10-17 03:00:00,30.3167,78.0333,682.0,17.0,946.2,86.0,station_level_pressure
INM00042111,DEHRADUN,2023-10-17 06:00:00,30.3167,78.0333,682.0,25.5,946.0,57.0,station_level_pressure
INM00042111,DEHRADUN,2023-10-17 09:00:00,30.3167,78.0333,682.0,26.6,943.9,47.0,station_level_pressure
INM00042111,DEHRADUN,2023-10-17 12:00:00,30.3167,78.0333,682.0,25.2,943.7,64.0,station_level_pressure
INM00042111,DEHRADUN,2023-10-17 15:00:00,30.3167,78.0333,682.0,19.4,944.0,80.0,station_level_pressure
INM00042111,DEHRADUN,2023-10-17 18:00:00,30.3167,78.0333,682.0,17.6,944.5,88.0,station_level_pressure
INM00042111,DEHRADUN,2023-10-17 21:00:00,30.3167,78.0333,682.0,15.6,943.0,91.0,station_level_pressure
INM00042111,DEHRADUN,2023-10-18 00:00:00,30.3167,78.0333,682.0,14.7,942.8,88.0,station_level_pressure
INM00042111,DEHRADUN,2023-10-18 03:00:00,30.3167,78.0333,682.0,16.4,944.6,82.0,station_level_pressure
INM00042111,DEHRADUN,2023-10-18 06:00:00,30.3167,78.0333,682.0,25.7,945.4,50.0,station_level_pressure
INM00042111,DEHRADUN,2023-10-18 09:00:00,30.3167,78.0333,682.0,28.0,943.1,43.0,station_level_pressure
INM00042111,DEHRADUN,2023-10-18 12:00:00,30.3167,78.0333,682.0,24.7,942.6,50.0,station_level_pressure
INM00042111,DEHRADUN,2023-10-18 15:00:00,30.3167,78.0333,682.0,19.0,944.1,83.0,station_level_pressure
INM00042111,DEHRADUN,2023-10-18 18:00:00,30.3167,78.0333,682.0,16.6,943.6,88.0,station_level_pressure
INM00042111,DEHRADUN,2023-10-18 21:00:00,30.3167,78.0333,682.0,14.4,942.1,90.0,station_level_pressure
INM00042111,DEHRADUN,2023-10-19 00:00:00,30.3167,78.0333,682.0,14.0,942.9,94.0,station_level_pressure
INM00042111,DEHRADUN,2023-10-19 03:00:00,30.3167,78.0333,682.0,16.6,944.7,82.0,station_level_pressure
INM00042111,DEHRADUN,2023-10-19 06:00:00,30.3167,78.0333,682.0,24.6,945.0,54.0,station_level_pressure
INM00042111,DEHRADUN,2023-10-19 09:00:00,30.3167,78.0333,682.0,28.2,943.0,47.0,station_level_pressure
INM00042111,DEHRADUN,2023-10-19 12:00:00,30.3167,78.0333,682.0,25.0,942.0,62.0,station_level_pressure
INM00042111,DEHRADUN,2023-10-19 15:00:00,30.3167,78.0333,682.0,19.2,943.3,85.0,station_level_pressure
INM00042111,DEHRADUN,2023-10-19 18:00:00,30.3167,78.0333,682.0,17.0,943.7,90.0,station_level_pressure
INM00042111,DEHRADUN,2023-10-19 21:00:00,30.3167,78.0333,682.0,14.6,943.5,94.0,station_level_pressure
INM00042111,DEHRADUN,2023-10-20 00:00:00,30.3167,78.0333,682.0,14.7,943.7,94.0,station_level_pressure
INM00042111,DEHRADUN,2023-10-20 03:00:00,30.3167,78.0333,682.0,17.0,945.8,81.0,station_level_pressure
INM00042111,DEHRADUN,2023-10-20 06:00:00,30.3167,78.0333,682.0,26.6,945.7,48.0,station_level_pressure
INM00042111,DEHRADUN,2023-10-20 09:00:00,30.3167,78.0333,682.0,29.0,943.5,50.0,station_level_pressure
INM00042111,DEHRADUN,2023-10-20 12:00:00,30.3167,78.0333,682.0,25.0,943.1,62.0,station_level_pressure
INM00042111,DEHRADUN,2023-10-20 15:00:00,30.3167,78.0333,682.0,19.0,944.3,82.0,station_level_pressure
INM00042111,DEHRADUN,2023-10-20 18:00:00,30.3167,78.0333,682.0,17.0,944.5,90.0,station_level_pressure
INM00042111,DEHRADUN,2023-10-20 21:00:00,30.3167,78.0333,682.0,15.7,943.9,89.0,station_level_pressure
INM00042111,DEHRADUN,2023-10-21 00:00:00,30.3167,78.0333,682.0,14.7,943.7,90.0,station_level_pressure
INM00042111,DEHRADUN,2023-10-21 03:00:00,30.3167,78.0333,682.0,17.2,946.3,79.0,station_level_pressure
INM00042111,DEHRADUN,2023-10-21 06:00:00,30.3167,78.0333,682.0,26.2,946.7,54.0,station_level_pressure
INM00042111,DEHRADUN,2023-10-21 09:00:00,30.3167,78.0333,682.0,28.0,944.7,46.0,station_level_pressure
INM00042111,DEHRADUN,2023-10-21 12:00:00,30.3167,78.0333,682.0,25.5,944.1,67.0,station_level_pressure
INM00042111,DEHRADUN,2023-10-21 15:00:00,30.3167,78.0333,682.0,19.6,945.4,80.0,station_level_pressure
INM00042111,DEHRADUN,2023-10-21 18:00:00,30.3167,78.0333,682.0,17.0,945.5,90.0,station_level_pressure
INM00042111,DEHRADUN,2023-10-21 21:00:00,30.3167,78.0333,682.0,16.0,944.8,94.0,station_level_pressure
INM00042111,DEHRADUN,2023-10-22 00:00:00,30.3167,78.0333,682.0,15.0,945.3,91.0,station_level_pressure
INM00042111,DEHRADUN,2023-10-22 03:00:00,30.3167,78.0333,682.0,17.8,947.2,83.0,station_level_pressure
INM00042111,DEHRADUN,2023-10-22 09:00:00,30.3167,78.0333,682.0,27.8,944.6,56.0,station_level_pressure
INM00042111,DEHRADUN,2023-10-22 12:00:00,30.3167,78.0333,682.0,23.2,944.1,62.0,station_level_pressure
INM00042111,DEHRADUN,2023-10-22 15:00:00,30.3167,78.0333,682.0,20.4,944.4,82.0,station_level_pressure
INM00042111,DEHRADUN,2023-10-22 18:00:00,30.3167,78.0333,682.0,18.2,944.6,89.0,station_level_pressure
INM00042111,DEHRADUN,2023-10-22 21:00:00,30.3167,78.0333,682.0,17.6,944.2,92.0,station_level_pressure
INM00042111,DEHRADUN,2023-10-23 00:00:00,30.3167,78.0333,682.0,16.5,944.2,93.0,station_level_pressure
INM00042111,DEHRADUN,2023-10-23 03:00:00,30.3167,78.0333,682.0,19.0,945.2,82.0,station_level_pressure
INM00042111,DEHRADUN,2023-10-23 06:00:00,30.3167,78.0333,682.0,26.0,945.7,50.0,station_level_pressure
INM00042111,DEHRADUN,2023-10-23 09:00:00,30.3167,78.0333,682.0,28.8,942.4,41.0,station_level_pressure
INM00042111,DEHRADUN,2023-10-23 12:00:00,30.3167,78.0333,682.0,25.6,942.1,65.0,station_level_pressure
INM00042111,DEHRADUN,2023-10-23 15:00:00,30.3167,78.0333,682.0,20.8,943.0,76.0,station_level_pressure
INM00042111,DEHRADUN,2023-10-23 18:00:00,30.3167,78.0333,682.0,18.6,943.5,87.0,station_level_pressure
INM00042111,DEHRADUN,2023-10-23 21:00:00,30.3167,78.0333,682.0,16.5,942.3,87.0,station_level_pressure
INM00042111,DEHRADUN,2023-10-24 00:00:00,30.3167,78.0333,682.0,15.5,942.0,95.0,station_level_pressure
INM00042111,DEHRADUN,2023-10-24 03:00:00,30.3167,78.0333,682.0,16.8,944.0,75.0,station_level_pressure
INM00042111,DEHRADUN,2023-10-24 06:00:00,30.3167,78.0333,682.0,27.0,944.4,45.0,station_level_pressure
INM00042111,DEHRADUN,2023-10-24 09:00:00,30.3167,78.0333,682.0,29.0,942.7,44.0,station_level_pressure
INM00042111,DEHRADUN,2023-10-24 12:00:00,30.3167,78.0333,682.0,25.7,942.6,62.0,station_level_pressure
INM00042111,DEHRADUN,2023-10-24 15:00:00,30.3167,78.0333,682.0,19.8,943.0,84.0,station_level_pressure
INM00042111,DEHRADUN,2023-10-24 18:00:00,30.3167,78.0333,682.0,17.6,943.3,90.0,station_level_pressure
INM00042111,DEHRADUN,2023-10-25 00:00:00,30.3167,78.0333,682.0,14.5,942.8,91.0,station_level_pressure
INM00042111,DEHRADUN,2023-10-25 03:00:00,30.3167,78.0333,682.0,17.4,945.0,72.0,station_level_pressure
INM00042111,DEHRADUN,2023-10-25 06:00:00,30.3167,78.0333,682.0,27.0,945.4,40.0,station_level_pressure
INM00042111,DEHRADUN,2023-10-25 09:00:00,30.3167,78.0333,682.0,30.2,942.1,45.0,station_level_pressure
INM00042111,DEHRADUN,2023-10-25 12:00:00,30.3167,78.0333,682.0,26.0,942.9,63.0,station_level_pressure
INM00042111,DEHRADUN,2023-10-25 15:00:00,30.3167,78.0333,682.0,20.0,943.1,82.0,station_level_pressure
INM00042111,DEHRADUN,2023-10-25 18:00:00,30.3167,78.0333,682.0,17.6,943.6,88.0,station_level_pressure
INM00042111,DEHRADUN,2023-10-25 21:00:00,30.3167,78.0333,682.0,15.6,943.2,90.0,station_level_pressure
INM00042111,DEHRADUN,2023-10-26 00:00:00,30.3167,78.0333,682.0,15.0,942.2,87.0,station_level_pressure
INM00042111,DEHRADUN,2023-10-26 03:00:00,30.3167,78.0333,682.0,17.0,943.8,72.0,station_level_pressure
INM00042111,DEHRADUN,2023-10-26 06:00:00,30.3167,78.0333,682.0,28.0,944.6,43.0,station_level_pressure
INM00042111,DEHRADUN,2023-10-26 09:00:00,30.3167,78.0333,682.0,29.4,942.4,45.0,station_level_pressure
INM00042111,DEHRADUN,2023-10-26 12:00:00,30.3167,78.0333,682.0,25.6,942.4,63.0,station_level_pressure
INM00042111,DEHRADUN,2023-10-26 15:00:00,30.3167,78.0333,682.0,19.0,943.5,85.0,station_level_pressure
INM00042111,DEHRADUN,2023-10-26 18:00:00,30.3167,78.0333,682.0,17.5,943.7,88.0,station_level_pressure
INM00042111,DEHRADUN,2023-10-26 21:00:00,30.3167,78.0333,682.0,15.7,941.5,89.0,station_level_pressure
INM00042111,DEHRADUN,2023-10-27 00:00:00,30.3167,78.0333,682.0,15.5,941.2,87.0,station_level_pressure
INM00042111,DEHRADUN,2023-10-27 03:00:00,30.3167,78.0333,682.0,17.0,943.1,75.0,station_level_pressure
INM00042111,DEHRADUN,2023-10-27 06:00:00,30.3167,78.0333,682.0,26.6,944.2,47.0,station_level_pressure
INM00042111,DEHRADUN,2023-10-27 09:00:00,30.3167,78.0333,682.0,29.0,942.1,42.0,station_level_pressure
INM00042111,DEHRADUN,2023-10-27 12:00:00,30.3167,78.0333,682.0,25.0,941.5,62.0,station_level_pressure
INM00042111,DEHRADUN,2023-10-27 15:00:00,30.3167,78.0333,682.0,18.6,943.1,83.0,station_level_pressure
INM00042111,DEHRADUN,2023-10-27 18:00:00,30.3167,78.0333,682.0,17.0,943.3,86.0,station_level_pressure
INM00042111,DEHRADUN,2023-10-27 21:00:00,30.3167,78.0333,682.0,15.6,942.4,90.0,station_level_pressure
INM00042111,DEHRADUN,2023-10-28 00:00:00,30.3167,78.0333,682.0,14.5,942.2,91.0,station_level_pressure
INM00042111,DEHRADUN,2023-10-28 03:00:00,30.3167,78.0333,682.0,17.4,944.2,79.0,station_level_pressure
INM00042111,DEHRADUN,2023-10-28 06:00:00,30.3167,78.0333,682.0,26.7,945.0,49.0,station_level_pressure
INM00042111,DEHRADUN,2023-10-28 09:00:00,30.3167,78.0333,682.0,27.6,942.7,46.0,station_level_pressure
INM00042111,DEHRADUN,2023-10-28 12:00:00,30.3167,78.0333,682.0,25.2,942.0,65.0,station_level_pressure
INM00042111,DEHRADUN,2023-10-28 15:00:00,30.3167,78.0333,682.0,19.4,943.3,86.0,station_level_pressure
INM00042111,DEHRADUN,2023-10-28 18:00:00,30.3167,78.0333,682.0,17.6,943.6,90.0,station_level_pressure
INM00042111,DEHRADUN,2023-10-28 21:00:00,30.3167,78.0333,682.0,16.4,943.1,92.0,station_level_pressure
INM00042111,DEHRADUN,2023-10-29 00:00:00,30.3167,78.0333,682.0,16.0,943.1,94.0,station_level_pressure
INM00042111,DEHRADUN,2023-10-29 03:00:00,30.3167,78.0333,682.0,17.0,944.8,94.0,station_level_pressure
INM00042111,DEHRADUN,2023-10-29 06:00:00,30.3167,78.0333,682.0,22.6,945.4,72.0,station_level_pressure
INM00042111,DEHRADUN,2023-10-29 09:00:00,30.3167,78.0333,682.0,28.4,943.0,50.0,station_level_pressure
INM00042111,DEHRADUN,2023-10-29 12:00:00,30.3167,78.0333,682.0,24.5,942.5,72.0,station_level_pressure
INM00042111,DEHRADUN,2023-10-29 18:00:00,30.3167,78.0333,682.0,17.7,943.5,91.0,station_level_pressure
INM00042111,DEHRADUN,2023-10-30 00:00:00,30.3167,78.0333,682.0,15.5,943.0,97.0,station_level_pressure
INM00042111,DEHRADUN,2023-10-30 03:00:00,30.3167,78.0333,682.0,17.6,946.0,88.0,station_level_pressure
INM00042111,DEHRADUN,2023-10-30 06:00:00,30.3167,78.0333,682.0,27.0,946.1,51.0,station_level_pressure
INM00042111,DEHRADUN,2023-10-30 09:00:00,30.3167,78.0333,682.0,29.0,943.7,47.0,station_level_pressure
INM00042111,DEHRADUN,2023-10-30 12:00:00,30.3167,78.0333,682.0,25.6,942.8,70.0,station_level_pressure
INM00042111,DEHRADUN,2023-10-30 15:00:00,30.3167,78.0333,682.0,19.6,944.7,86.0,station_level_pressure
INM00042111,DEHRADUN,2023-10-30 18:00:00,30.3167,78.0333,682.0,17.7,945.2,91.0,station_level_pressure
INM00042111,DEHRADUN,2023-10-30 21:00:00,30.3167,78.0333,682.0,16.6,944.8,86.0,station_level_pressure
INM00042111,DEHRADUN,2023-10-31 00:00:00,30.3167,78.0333,682.0,15.0,944.9,94.0,station_level_pressure
INM00042111,DEHRADUN,2023-10-31 03:00:00,30.3167,78.0333,682.0,17.6,946.8,85.0,station_level_pressure
INM00042111,DEHRADUN,2023-10-31 06:00:00,30.3167,78.0333,682.0,27.0,947.2,51.0,station_level_pressure
INM00042111,DEHRADUN,2023-10-31 09:00:00,30.3167,78.0333,682.0,29.2,945.0,44.0,station_level_pressure
INM00042111,DEHRADUN,2023-10-31 12:00:00,30.3167,78.0333,682.0,25.2,944.0,68.0,station_level_pressure
INM00042111,DEHRADUN,2023-10-31 15:00:00,30.3167,78.0333,682.0,19.4,945.7,87.0,station_level_pressure
INM00042111,DEHRADUN,2023-10-31 18:00:00,30.3167,78.0333,682.0,17.0,946.5,90.0,station_level_pressure
INM00042111,DEHRADUN,2023-10-31 21:00:00,30.3167,78.0333,682.0,15.6,946.7,91.0,station_level_pressure
INM00042111,DEHRADUN,2023-11-01 03:00:00,30.3167,78.0333,682.0,17.2,948.2,83.0,station_level_pressure
INM00042111,DEHRADUN,2023-11-01 06:00:00,30.3167,78.0333,682.0,27.0,947.7,45.0,station_level_pressure
INM00042111,DEHRADUN,2023-11-01 09:00:00,30.3167,78.0333,682.0,29.6,944.7,37.0,station_level_pressure
INM00042111,DEHRADUN,2023-11-01 12:00:00,30.3167,78.0333,682.0,25.4,944.1,62.0,station_level_pressure
INM00042111,DEHRADUN,2023-11-01 15:00:00,30.3167,78.0333,682.0,18.2,944.8,92.0,station_level_pressure
INM00042111,DEHRADUN,2023-11-01 18:00:00,30.3167,78.0333,682.0,16.8,945.3,90.0,station_level_pressure
INM00042111,DEHRADUN,2023-11-01 21:00:00,30.3167,78.0333,682.0,15.8,944.8,96.0,station_level_pressure
INM00042111,DEHRADUN,2023-11-02 00:00:00,30.3167,78.0333,682.0,14.8,944.3,90.0,station_level_pressure
INM00042111,DEHRADUN,2023-11-02 03:00:00,30.3167,78.0333,682.0,17.2,945.5,74.0,station_level_pressure
INM00042111,DEHRADUN,2023-11-02 06:00:00,30.3167,78.0333,682.0,26.8,945.7,47.0,station_level_pressure
INM00042111,DEHRADUN,2023-11-02 09:00:00,30.3167,78.0333,682.0,29.6,943.4,48.0,station_level_pressure
INM00042111,DEHRADUN,2023-11-02 12:00:00,30.3167,78.0333,682.0,25.5,941.9,64.0,station_level_pressure
INM00042111,DEHRADUN,2023-11-02 15:00:00,30.3167,78.0333,682.0,18.6,943.1,85.0,station_level_pressure
INM00042111,DEHRADUN,2023-11-02 18:00:00,30.3167,78.0333,682.0,16.0,943.1,90.0,station_level_pressure
INM00042111,DEHRADUN,2023-11-02 21:00:00,30.3167,78.0333,682.0,14.6,941.7,91.0,station_level_pressure
INM00042111,DEHRADUN,2023-11-03 00:00:00,30.3167,78.0333,682.0,13.7,941.4,92.0,station_level_pressure
INM00042111,DEHRADUN,2023-11-03 03:00:00,30.3167,78.0333,682.0,17.0,942.6,76.0,station_level_pressure
INM00042111,DEHRADUN,2023-11-03 06:00:00,30.3167,78.0333,682.0,25.6,942.8,50.0,station_level_pressure
INM00042111,DEHRADUN,2023-11-03 09:00:00,30.3167,78.0333,682.0,28.2,940.6,47.0,station_level_pressure
INM00042111,DEHRADUN,2023-11-03 12:00:00,30.3167,78.0333,682.0,23.7,940.5,69.0,station_level_pressure
INM00042111,DEHRADUN,2023-11-03 15:00:00,30.3167,78.0333,682.0,18.6,941.8,85.0,station_level_pressure
INM00042111,DEHRADUN,2023-11-03 18:00:00,30.3167,78.0333,682.0,16.6,941.7,86.0,station_level_pressure
INM00042111,DEHRADUN,2023-11-03 21:00:00,30.3167,78.0333,682.0,15.5,941.3,91.0,station_level_pressure
INM00042111,DEHRADUN,2023-11-04 00:00:00,30.3167,78.0333,682.0,14.7,940.9,90.0,station_level_pressure
INM00042111,DEHRADUN,2023-11-04 03:00:00,30.3167,78.0333,682.0,16.6,943.1,82.0,station_level_pressure
INM00042111,DEHRADUN,2023-11-04 06:00:00,30.3167,78.0333,682.0,24.7,943.4,59.0,station_level_pressure
INM00042111,DEHRADUN,2023-11-04 09:00:00,30.3167,78.0333,682.0,28.4,941.1,51.0,station_level_pressure
INM00042111,DEHRADUN,2023-11-04 12:00:00,30.3167,78.0333,682.0,23.5,940.2,69.0,station_level_pressure
INM00042111,DEHRADUN,2023-11-04 15:00:00,30.3167,78.0333,682.0,18.4,941.2,89.0,station_level_pressure
INM00042111,DEHRADUN,2023-11-04 18:00:00,30.3167,78.0333,682.0,16.7,942.0,89.0,station_level_pressure
INM00042111,DEHRADUN,2023-11-04 21:00:00,30.3167,78.0333,682.0,14.7,941.3,91.0,station_level_pressure
INM00042111,DEHRADUN,2023-11-05 00:00:00,30.3167,78.0333,682.0,13.6,941.7,96.0,station_level_pressure
INM00042111,DEHRADUN,2023-11-05 03:00:00,30.3167,78.0333,682.0,16.0,944.5,84.0,station_level_pressure
INM00042111,DEHRADUN,2023-11-05 06:00:00,30.3167,78.0333,682.0,25.7,944.2,44.0,station_level_pressure
INM00042111,DEHRADUN,2023-11-05 09:00:00,30.3167,78.0333,682.0,26.2,942.8,51.0,station_level_pressure
INM00042111,DEHRADUN,2023-11-05 12:00:00,30.3167,78.0333,682.0,23.2,942.6,71.0,station_level_pressure
INM00042111,DEHRADUN,2023-11-05 15:00:00,30.3167,78.0333,682.0,18.4,944.3,87.0,station_level_pressure
INM00042111,DEHRADUN,2023-11-05 18:00:00,30.3167,78.0333,682.0,16.0,944.6,90.0,station_level_pressure
INM00042111,DEHRADUN,2023-11-05 21:00:00,30.3167,78.0333,682.0,15.4,944.3,91.0,station_level_pressure
INM00042111,DEHRADUN,2023-11-06 00:00:00,30.3167,78.0333,682.0,14.5,944.7,93.0,station_level_pressure
INM00042111,DEHRADUN,2023-11-06 03:00:00,30.3167,78.0333,682.0,16.4,946.7,86.0,station_level_pressure
INM00042111,DEHRADUN,2023-11-06 06:00:00,30.3167,78.0333,682.0,25.7,945.2,54.0,station_level_pressure
INM00042111,DEHRADUN,2023-11-06 09:00:00,30.3167,78.0333,682.0,27.2,944.4,51.0,station_level_pressure
INM00042111,DEHRADUN,2023-11-06 12:00:00,30.3167,78.0333,682.0,23.6,943.9,70.0,station_level_pressure
INM00042111,DEHRADUN,2023-11-06 15:00:00,30.3167,78.0333,682.0,18.6,945.0,87.0,station_level_pressure
INM00042111,DEHRADUN,2023-11-06 21:00:00,30.3167,78.0333,682.0,14.8,944.5,94.0,station_level_pressure
INM00042111,DEHRADUN,2023-11-07 00:00:00,30.3167,78.0333,682.0,13.6,943.9,93.0,station_level_pressure
INM00042111,DEHRADUN,2023-11-07 03:00:00,30.3167,78.0333,682.0,15.8,945.4,86.0,station_level_pressure
INM00042111,DEHRADUN,2023-11-07 06:00:00,30.3167,78.0333,682.0,25.2,945.5,54.0,station_level_pressure
INM00042111,DEHRADUN,2023-11-07 09:00:00,30.3167,78.0333,682.0,27.6,943.1,47.0,station_level_pressure
INM00042111,DEHRADUN,2023-11-07 12:00:00,30.3167,78.0333,682.0,23.0,942.5,70.0,station_level_pressure
INM00042111,DEHRADUN,2023-11-07 15:00:00,30.3167,78.0333,682.0,17.6,943.4,86.0,station_level_pressure
INM00042111,DEHRADUN,2023-11-07 18:00:00,30.3167,78.0333,682.0,16.2,943.2,90.0,station_level_pressure
INM00042111,DEHRADUN,2023-11-07 21:00:00,30.3167,78.0333,682.0,15.0,941.7,91.0,station_level_pressure
INM00042111,DEHRADUN,2023-11-08 00:00:00,30.3167,78.0333,682.0,14.0,942.0,91.0,station_level_pressure
INM00042111,DEHRADUN,2023-11-08 03:00:00,30.3167,78.0333,682.0,15.4,943.7,86.0,station_level_pressure
INM00042111,DEHRADUN,2023-11-08 06:00:00,30.3167,78.0333,682.0,25.2,944.0,42.0,station_level_pressure
INM00042111,DEHRADUN,2023-11-08 09:00:00,30.3167,78.0333,682.0,27.8,941.7,46.0,station_level_pressure
INM00042111,DEHRADUN,2023-11-08 12:00:00,30.3167,78.0333,682.0,23.2,941.9,68.0,station_level_pressure
INM00042111,DEHRADUN,2023-11-08 15:00:00,30.3167,78.0333,682.0,17.4,943.3,88.0,station_level_pressure
INM00042111,DEHRADUN,2023-11-08 18:00:00,30.3167,78.0333,682.0,15.7,943.4,93.0,station_level_pressure
INM00042111,DEHRADUN,2023-11-08 21:00:00,30.3167,78.0333,682.0,14.8,942.1,91.0,station_level_pressure
INM00042111,DEHRADUN,2023-11-09 00:00:00,30.3167,78.0333,682.0,13.7,942.2,96.0,station_level_pressure
INM00042111,DEHRADUN,2023-11-09 03:00:00,30.3167,78.0333,682.0,16.2,943.7,84.0,station_level_pressure
INM00042111,DEHRADUN,2023-11-09 06:00:00,30.3167,78.0333,682.0,25.2,944.3,52.0,station_level_pressure
INM00042111,DEHRADUN,2023-11-09 09:00:00,30.3167,78.0333,682.0,28.0,943.4,45.0,station_level_pressure
INM00042111,DEHRADUN,2023-11-09 12:00:00,30.3167,78.0333,682.0,23.7,941.5,71.0,station_level_pressure
INM00042111,DEHRADUN,2023-11-09 15:00:00,30.3167,78.0333,682.0,17.6,944.4,88.0,station_level_pressure
INM00042111,DEHRADUN,2023-11-09 18:00:00,30.3167,78.0333,682.0,16.2,944.4,92.0,station_level_pressure
INM00042111,DEHRADUN,2023-11-09 21:00:00,30.3167,78.0333,682.0,15.2,943.8,90.0,station_level_pressure
INM00042111,DEHRADUN,2023-11-10 00:00:00,30.3167,78.0333,682.0,15.6,943.6,88.0,station_level_pressure
INM00042111,DEHRADUN,2023-11-10 03:00:00,30.3167,78.0333,682.0,16.8,945.8,86.0,station_level_pressure
INM00042111,DEHRADUN,2023-11-10 06:00:00,30.3167,78.0333,682.0,23.6,946.2,63.0,station_level_pressure
INM00042111,DEHRADUN,2023-11-10 09:00:00,30.3167,78.0333,682.0,21.6,945.0,71.0,station_level_pressure
INM00042111,DEHRADUN,2023-11-10 12:00:00,30.3167,78.0333,682.0,20.2,944.2,74.0,station_level_pressure
INM00042111,DEHRADUN,2023-11-10 15:00:00,30.3167,78.0333,682.0,18.0,945.8,87.0,station_level_pressure
INM00042111,DEHRADUN,2023-11-10 18:00:00,30.3167,78.0333,682.0,16.0,946.0,94.0,station_level_pressure
INM00042111,DEHRADUN,2023-11-10 21:00:00,30.3167,78.0333,682.0,16.0,945.3,94.0,station_level_pressure
INM00042111,DEHRADUN,2023-11-11 00:00:00,30.3167,78.0333,682.0,15.6,945.3,96.0,station_level_pressure
INM00042111,DEHRADUN,2023-11-11 03:00:00,30.3167,78.0333,682.0,16.6,946.5,90.0,station_level_pressure
INM00042111,DEHRADUN,2023-11-11 06:00:00,30.3167,78.0333,682.0,23.2,946.9,58.0,station_level_pressure
INM00042111,DEHRADUN,2023-11-11 09:00:00,30.3167,78.0333,682.0,26.2,944.6,49.0,station_level_pressure
INM00042111,DEHRADUN,2023-11-11 12:00:00,30.3167,78.0333,682.0,22.0,944.0,61.0,station_level_pressure
INM00042111,DEHRADUN,2023-11-11 15:00:00,30.3167,78.0333,682.0,17.4,946.7,86.0,station_level_pressure
INM00042111,DEHRADUN,2023-11-11 18:00:00,30.3167,78.0333,682.0,15.6,946.9,91.0,station_level_pressure
INM00042111,DEHRADUN,2023-11-11 21:00:00,30.3167,78.0333,682.0,14.0,946.3,94.0,station_level_pressure
INM00042111,DEHRADUN,2023-11-12 00:00:00,30.3167,78.0333,682.0,13.7,945.5,96.0,station_level_pressure
INM00042111,DEHRADUN,2023-11-12 03:00:00,30.3167,78.0333,682.0,15.6,947.3,88.0,station_level_pressure
INM00042111,DEHRADUN,2023-11-12 06:00:00,30.3167,78.0333,682.0,24.2,947.1,56.0,station_level_pressure
INM00042111,DEHRADUN,2023-11-12 09:00:00,30.3167,78.0333,682.0,26.7,944.7,54.0,station_level_pressure
INM00042111,DEHRADUN,2023-11-12 12:00:00,30.3167,78.0333,682.0,22.7,944.8,71.0,station_level_pressure
INM00042111,DEHRADUN,2023-11-12 15:00:00,30.3167,78.0333,682.0,17.6,946.3,83.0,station_level_pressure
INM00042111,DEHRADUN,2023-11-12 18:00:00,30.3167,78.0333,682.0,15.0,946.6,90.0,station_level_pressure
INM00042111,DEHRADUN,2023-11-13 00:00:00,30.3167,78.0333,682.0,13.7,945.5,96.0,station_level_pressure
INM00042111,DEHRADUN,2023-11-13 03:00:00,30.3167,78.0333,682.0,15.2,947.5,91.0,station_level_pressure
INM00042111,DEHRADUN,2023-11-13 06:00:00,30.3167,78.0333,682.0,23.6,948.0,54.0,station_level_pressure
INM00042111,DEHRADUN,2023-11-13 09:00:00,30.3167,78.0333,682.0,26.4,945.7,51.0,station_level_pressure
INM00042111,DEHRADUN,2023-11-13 12:00:00,30.3167,78.0333,682.0,22.5,945.3,72.0,station_level_pressure
INM00042111,DEHRADUN,2023-11-13 15:00:00,30.3167,78.0333,682.0,17.2,946.7,88.0,station_level_pressure
INM00042111,DEHRADUN,2023-11-13 18:00:00,30.3167,78.0333,682.0,15.5,946.8,87.0,station_level_pressure
INM00042111,DEHRADUN,2023-11-13 21:00:00,30.3167,78.0333,682.0,14.0,945.6,94.0,station_level_pressure
INM00042111,DEHRADUN,2023-11-14 00:00:00,30.3167,78.0333,682.0,13.6,945.4,96.0,station_level_pressure
INM00042111,DEHRADUN,2023-11-14 03:00:00,30.3167,78.0333,682.0,15.2,946.9,90.0,station_level_pressure
INM00042111,DEHRADUN,2023-11-14 06:00:00,30.3167,78.0333,682.0,23.7,947.5,59.0,station_level_pressure
INM00042111,DEHRADUN,2023-11-14 09:00:00,30.3167,78.0333,682.0,27.2,944.5,54.0,station_level_pressure
INM00042111,DEHRADUN,2023-11-14 12:00:00,30.3167,78.0333,682.0,23.6,943.6,71.0,station_level_pressure
INM00042111,DEHRADUN,2023-11-14 15:00:00,30.3167,78.0333,682.0,17.4,945.8,86.0,station_level_pressure
INM00042111,DEHRADUN,2023-11-14 18:00:00,30.3167,78.0333,682.0,15.5,945.9,87.0,station_level_pressure
INM00042111,DEHRADUN,2023-11-15 00:00:00,30.3167,78.0333,682.0,14.2,945.2,94.0,station_level_pressure
INM00042111,DEHRADUN,2023-11-15 03:00:00,30.3167,78.0333,682.0,15.4,946.8,82.0,station_level_pressure
INM00042111,DEHRADUN,2023-11-15 06:00:00,30.3167,78.0333,682.0,24.6,947.0,52.0,station_level_pressure
INM00042111,DEHRADUN,2023-11-15 09:00:00,30.3167,78.0333,682.0,28.4,944.3,45.0,station_level_pressure
INM00042111,DEHRADUN,2023-11-15 12:00:00,30.3167,78.0333,682.0,22.7,944.3,68.0,station_level_pressure
INM00042111,DEHRADUN,2023-11-15 15:00:00,30.3167,78.0333,682.0,17.2,945.5,88.0,station_level_pressure
INM00042111,DEHRADUN,2023-11-15 18:00:00,30.3167,78.0333,682.0,15.4,945.9,90.0,station_level_pressure
INM00042111,DEHRADUN,2023-11-15 21:00:00,30.3167,78.0333,682.0,14.0,945.5,94.0,station_level_pressure
INM00042111,DEHRADUN,2023-11-16 00:00:00,30.3167,78.0333,682.0,13.6,945.3,96.0,station_level_pressure
INM00042111,DEHRADUN,2023-11-16 03:00:00,30.3167,78.0333,682.0,15.4,947.8,82.0,station_level_pressure
INM00042111,DEHRADUN,2023-11-16 06:00:00,30.3167,78.0333,682.0,24.5,948.3,54.0,station_level_pressure
INM00042111,DEHRADUN,2023-11-16 09:00:00,30.3167,78.0333,682.0,27.0,946.5,46.0,station_level_pressure
INM00042111,DEHRADUN,2023-11-16 12:00:00,30.3167,78.0333,682.0,22.6,946.6,69.0,station_level_pressure
INM00042111,DEHRADUN,2023-11-16 15:00:00,30.3167,78.0333,682.0,17.2,947.7,88.0,station_level_pressure
INM00042111,DEHRADUN,2023-11-16 18:00:00,30.3167,78.0333,682.0,15.1,947.7,92.0,station_level_pressure
INM00042111,DEHRADUN,2023-11-16 21:00:00,30.3167,78.0333,682.0,13.6,947.4,93.0,station_level_pressure
INM00042111,DEHRADUN,2023-11-17 00:00:00,30.3167,78.0333,682.0,13.2,947.5,93.0,station_level_pressure
INM00042111,DEHRADUN,2023-11-17 03:00:00,30.3167,78.0333,682.0,15.8,948.7,80.0,station_level_pressure
INM00042111,DEHRADUN,2023-11-17 06:00:00,30.3167,78.0333,682.0,24.2,948.2,48.0,station_level_pressure
INM00042111,DEHRADUN,2023-11-17 09:00:00,30.3167,78.0333,682.0,27.4,945.6,44.0,station_level_pressure
INM00042111,DEHRADUN,2023-11-17 12:00:00,30.3167,78.0333,682.0,22.6,945.1,59.0,station_level_pressure
INM00042111,DEHRADUN,2023-11-17 15:00:00,30.3167,78.0333,682.0,16.8,946.1,88.0,station_level_pressure
INM00042111,DEHRADUN,2023-11-17 18:00:00,30.3167,78.0333,682.0,14.5,945.0,91.0,station_level_pressure
INM00042111,DEHRADUN,2023-11-17 21:00:00,30.3167,78.0333,682.0,13.4,944.8,93.0,station_level_pressure
INM00042111,DEHRADUN,2023-11-18 00:00:00,30.3167,78.0333,682.0,13.2,944.6,91.0,station_level_pressure
INM00042111,DEHRADUN,2023-11-18 03:00:00,30.3167,78.0333,682.0,15.0,946.8,86.0,station_level_pressure
INM00042111,DEHRADUN,2023-11-18 06:00:00,30.3167,78.0333,682.0,24.7,946.6,48.0,station_level_pressure
INM00042111,DEHRADUN,2023-11-18 09:00:00,30.3167,78.0333,682.0,28.0,944.1,42.0,station_level_pressure
INM00042111,DEHRADUN,2023-11-18 12:00:00,30.3167,78.0333,682.0,22.2,943.7,69.0,station_level_pressure
INM00042111,DEHRADUN,2023-11-18 15:00:00,30.3167,78.0333,682.0,16.8,944.9,86.0,station_level_pressure
INM00042111,DEHRADUN,2023-11-18 18:00:00,30.3167,78.0333,682.0,15.0,945.3,91.0,station_level_pressure
INM00042111,DEHRADUN,2023-11-18 21:00:00,30.3167,78.0333,682.0,14.0,945.0,94.0,station_level_pressure
INM00042111,DEHRADUN,2023-11-19 00:00:00,30.3167,78.0333,682.0,13.5,945.6,93.0,station_level_pressure
INM00042111,DEHRADUN,2023-11-19 03:00:00,30.3167,78.0333,682.0,15.6,947.7,84.0,station_level_pressure
INM00042111,DEHRADUN,2023-11-19 06:00:00,30.3167,78.0333,682.0,25.0,948.0,49.0,station_level_pressure
INM00042111,DEHRADUN,2023-11-19 09:00:00,30.3167,78.0333,682.0,26.8,945.6,50.0,station_level_pressure
INM00042111,DEHRADUN,2023-11-19 12:00:00,30.3167,78.0333,682.0,22.0,945.3,72.0,station_level_pressure
INM00042111,DEHRADUN,2023-11-19 15:00:00,30.3167,78.0333,682.0,17.6,946.0,88.0,station_level_pressure
INM00042111,DEHRADUN,2023-11-19 18:00:00,30.3167,78.0333,682.0,17.5,946.0,88.0,station_level_pressure
INM00042111,DEHRADUN,2023-11-19 21:00:00,30.3167,78.0333,682.0,15.4,945.7,94.0,station_level_pressure
INM00042111,DEHRADUN,2023-11-20 00:00:00,30.3167,78.0333,682.0,14.0,945.7,96.0,station_level_pressure
INM00042111,DEHRADUN,2023-11-20 03:00:00,30.3167,78.0333,682.0,15.6,947.3,88.0,station_level_pressure
INM00042111,DEHRADUN,2023-11-20 06:00:00,30.3167,78.0333,682.0,24.5,947.7,56.0,station_level_pressure
INM00042111,DEHRADUN,2023-11-20 09:00:00,30.3167,78.0333,682.0,26.4,944.9,51.0,station_level_pressure
INM00042111,DEHRADUN,2023-11-20 12:00:00,30.3167,78.0333,682.0,22.2,944.4,72.0,station_level_pressure
INM00042111,DEHRADUN,2023-11-20 15:00:00,30.3167,78.0333,682.0,17.0,944.9,90.0,station_level_pressure
INM00042111,DEHRADUN,2023-11-20 18:00:00,30.3167,78.0333,682.0,15.6,945.4,91.0,station_level_pressure
INM00042111,DEHRADUN,2023-11-20 21:00:00,30.3167,78.0333,682.0,15.0,945.7,94.0,station_level_pressure
INM00042111,DEHRADUN,2023-11-21 00:00:00,30.3167,78.0333,682.0,13.6,945.1,96.0,station_level_pressure
INM00042111,DEHRADUN,2023-11-21 03:00:00,30.3167,78.0333,682.0,15.0,946.0,86.0,station_level_pressure
INM00042111,DEHRADUN,2023-11-21 06:00:00,30.3167,78.0333,682.0,23.0,945.5,53.0,station_level_pressure
INM00042111,DEHRADUN,2023-11-21 09:00:00,30.3167,78.0333,682.0,26.2,942.7,41.0,station_level_pressure
INM00042111,DEHRADUN,2023-11-21 12:00:00,30.3167,78.0333,682.0,21.6,942.6,65.0,station_level_pressure
INM00042111,DEHRADUN,2023-11-21 15:00:00,30.3167,78.0333,682.0,15.2,943.2,91.0,station_level_pressure
INM00042111,DEHRADUN,2023-11-21 18:00:00,30.3167,78.0333,682.0,13.6,943.0,91.0,station_level_pressure
INM00042111,DEHRADUN,2023-11-21 21:00:00,30.3167,78.0333,682.0,11.6,941.2,93.0,station_level_pressure
INM00042111,DEHRADUN,2023-11-22 00:00:00,30.3167,78.0333,682.0,11.5,941.1,95.0,station_level_pressure
INM00042111,DEHRADUN,2023-11-22 03:00:00,30.3167,78.0333,682.0,14.0,942.9,79.0,station_level_pressure
INM00042111,DEHRADUN,2023-11-22 06:00:00,30.3167,78.0333,682.0,24.0,943.2,48.0,station_level_pressure
INM00042111,DEHRADUN,2023-11-22 09:00:00,30.3167,78.0333,682.0,25.4,941.4,44.0,station_level_pressure
INM00042111,DEHRADUN,2023-11-22 12:00:00,30.3167,78.0333,682.0,20.2,941.6,70.0,station_level_pressure
INM00042111,DEHRADUN,2023-11-22 15:00:00,30.3167,78.0333,682.0,15.2,942.7,87.0,station_level_pressure
INM00042111,DEHRADUN,2023-11-22 18:00:00,30.3167,78.0333,682.0,13.6,943.1,89.0,station_level_pressure
INM00042111,DEHRADUN,2023-11-22 21:00:00,30.3167,78.0333,682.0,12.4,941.6,96.0,station_level_pressure
INM00042111,DEHRADUN,2023-11-23 00:00:00,30.3167,78.0333,682.0,11.7,941.5,96.0,station_level_pressure
INM00042111,DEHRADUN,2023-11-23 03:00:00,30.3167,78.0333,682.0,14.0,944.1,89.0,station_level_pressure
INM00042111,DEHRADUN,2023-11-23 06:00:00,30.3167,78.0333,682.0,21.6,944.4,61.0,station_level_pressure
INM00042111,DEHRADUN,2023-11-23 09:00:00,30.3167,78.0333,682.0,25.2,941.6,48.0,station_level_pressure
INM00042111,DEHRADUN,2023-11-23 12:00:00,30.3167,78.0333,682.0,20.6,941.7,72.0,station_level_pressure
INM00042111,DEHRADUN,2023-11-23 15:00:00,30.3167,78.0333,682.0,15.4,943.5,91.0,station_level_pressure
INM00042111,DEHRADUN,2023-11-23 18:00:00,30.3167,78.0333,682.0,13.2,944.0,93.0,station_level_pressure
INM00042111,DEHRADUN,2023-11-23 21:00:00,30.3167,78.0333,682.0,12.6,943.6,96.0,station_level_pressure
INM00042111,DEHRADUN,2023-11-24 00:00:00,30.3167,78.0333,682.0,11.6,943.9,97.0,station_level_pressure
INM00042111,DEHRADUN,2023-11-24 03:00:00,30.3167,78.0333,682.0,13.6,945.8,89.0,station_level_pressure
INM00042111,DEHRADUN,2023-11-24 06:00:00,30.3167,78.0333,682.0,23.6,946.1,52.0,station_level_pressure
INM00042111,DEHRADUN,2023-11-24 09:00:00,30.3167,78.0333,682.0,27.2,943.7,42.0,station_level_pressure
INM00042111,DEHRADUN,2023-11-24 12:00:00,30.3167,78.0333,682.0,21.2,943.4,74.0,station_level_pressure
INM00042111,DEHRADUN,2023-11-24 15:00:00,30.3167,78.0333,682.0,15.8,944.8,86.0,station_level_pressure
INM00042111,DEHRADUN,2023-11-24 18:00:00,30.3167,78.0333,682.0,14.0,945.2,94.0,station_level_pressure
INM00042111,DEHRADUN,2023-11-24 21:00:00,30.3167,78.0333,682.0,13.0,945.2,96.0,station_level_pressure
INM00042111,DEHRADUN,2023-11-25 00:00:00,30.3167,78.0333,682.0,12.2,944.3,96.0,station_level_pressure
INM00042111,DEHRADUN,2023-11-25 03:00:00,30.3167,78.0333,682.0,12.8,946.1,87.0,station_level_pressure
INM00042111,DEHRADUN,2023-11-25 06:00:00,30.3167,78.0333,682.0,23.5,946.7,52.0,station_level_pressure
INM00042111,DEHRADUN,2023-11-25 09:00:00,30.3167,78.0333,682.0,26.4,945.0,51.0,station_level_pressure
INM00042111,DEHRADUN,2023-11-25 12:00:00,30.3167,78.0333,682.0,21.0,945.0,73.0,station_level_pressure
INM00042111,DEHRADUN,2023-11-25 15:00:00,30.3167,78.0333,682.0,15.6,946.9,86.0,station_level_pressure
INM00042111,DEHRADUN,2023-11-25 18:00:00,30.3167,78.0333,682.0,14.0,946.8,89.0,station_level_pressure
INM00042111,DEHRADUN,2023-11-25 21:00:00,30.3167,78.0333,682.0,12.6,946.8,93.0,station_level_pressure
INM00042111,DEHRADUN,2023-11-26 00:00:00,30.3167,78.0333,682.0,13.0,946.6,93.0,station_level_pressure
INM00042111,DEHRADUN,2023-11-26 03:00:00,30.3167,78.0333,682.0,14.0,947.9,89.0,station_level_pressure
INM00042111,DEHRADUN,2023-11-26 06:00:00,30.3167,78.0333,682.0,22.0,948.9,55.0,station_level_pressure
INM00042111,DEHRADUN,2023-11-26 09:00:00,30.3167,78.0333,682.0,25.6,946.1,40.0,station_level_pressure
INM00042111,DEHRADUN,2023-11-26 12:00:00,30.3167,78.0333,682.0,21.0,945.4,70.0,station_level_pressure
INM00042111,DEHRADUN,2023-11-26 15:00:00,30.3167,78.0333,682.0,15.6,946.6,88.0,station_level_pressure
INM00042111,DEHRADUN,2023-11-26 18:00:00,30.3167,78.0333,682.0,14.6,945.1,87.0,station_level_pressure
INM00042111,DEHRADUN,2023-11-26 21:00:00,30.3167,78.0333,682.0,14.4,943.9,85.0,station_level_pressure
INM00042111,DEHRADUN,2023-11-27 00:00:00,30.3167,78.0333,682.0,14.0,944.4,87.0,station_level_pressure
INM00042111,DEHRADUN,2023-11-27 03:00:00,30.3167,78.0333,682.0,15.2,945.6,81.0,station_level_pressure
INM00042111,DEHRADUN,2023-11-27 06:00:00,30.3167,78.0333,682.0,19.5,947.5,69.0,station_level_pressure
INM00042111,DEHRADUN,2023-11-27 09:00:00,30.3167,78.0333,682.0,19.8,944.4,78.0,station_level_pressure
INM00042111,DEHRADUN,2023-11-27 12:00:00,30.3167,78.0333,682.0,17.7,944.0,87.0,station_level_pressure
INM00042111,DEHRADUN,2023-11-27 15:00:00,30.3167,78.0333,682.0,15.6,944.6,88.0,station_level_pressure
INM00042111,DEHRADUN,2023-11-27 18:00:00,30.3167,78.0333,682.0,14.7,944.8,92.0,station_level_pressure
INM00042111,DEHRADUN,2023-11-27 21:00:00,30.3167,78.0333,682.0,14.2,944.5,94.0,station_level_pressure
INM00042111,DEHRADUN,2023-11-28 00:00:00,30.3167,78.0333,682.0,13.5,942.8,95.0,station_level_pressure
INM00042111,DEHRADUN,2023-11-28 03:00:00,30.3167,78.0333,682.0,14.8,944.7,85.0,station_level_pressure
INM00042111,DEHRADUN,2023-11-28 06:00:00,30.3167,78.0333,682.0,20.0,945.3,69.0,station_level_pressure
INM00042111,DEHRADUN,2023-11-28 09:00:00,30.3167,78.0333,682.0,21.6,943.2,65.0,station_level_pressure
INM00042111,DEHRADUN,2023-11-28 12:00:00,30.3167,78.0333,682.0,18.5,943.2,81.0,station_level_pressure
INM00042111,DEHRADUN,2023-11-28 15:00:00,30.3167,78.0333,682.0,16.6,943.0,86.0,station_level_pressure
INM00042111,DEHRADUN,2023-11-28 21:00:00,30.3167,78.0333,682.0,13.0,943.2,93.0,station_level_pressure
INM00042111,DEHRADUN,2023-11-29 00:00:00,30.3167,78.0333,682.0,11.6,943.2,97.0,station_level_pressure
INM00042111,DEHRADUN,2023-11-29 03:00:00,30.3167,78.0333,682.0,12.8,945.3,84.0,station_level_pressure
INM00042111,DEHRADUN,2023-11-29 06:00:00,30.3167,78.0333,682.0,22.0,946.0,52.0,station_level_pressure
INM00042111,DEHRADUN,2023-11-29 09:00:00,30.3167,78.0333,682.0,25.4,943.7,40.0,station_level_pressure
INM00042111,DEHRADUN,2023-11-29 12:00:00,30.3167,78.0333,682.0,20.5,943.8,69.0,station_level_pressure
INM00042111,DEHRADUN,2023-11-29 15:00:00,30.3167,78.0333,682.0,14.8,944.7,87.0,station_level_pressure
INM00042111,DEHRADUN,2023-11-29 18:00:00,30.3167,78.0333,682.0,13.2,944.3,93.0,station_level_pressure
INM00042111,DEHRADUN,2023-11-29 21:00:00,30.3167,78.0333,682.0,12.8,944.3,91.0,station_level_pressure
INM00042111,DEHRADUN,2023-11-30 00:00:00,30.3167,78.0333,682.0,13.0,944.0,96.0,station_level_pressure
INM00042111,DEHRADUN,2023-11-30 03:00:00,30.3167,78.0333,682.0,14.8,946.0,85.0,station_level_pressure
INM00042111,DEHRADUN,2023-11-30 06:00:00,30.3167,78.0333,682.0,22.7,946.6,59.0,station_level_pressure
INM00042111,DEHRADUN,2023-11-30 09:00:00,30.3167,78.0333,682.0,23.6,944.9,54.0,station_level_pressure
INM00042111,DEHRADUN,2023-11-30 12:00:00,30.3167,78.0333,682.0,18.2,945.3,85.0,station_level_pressure
INM00042111,DEHRADUN,2023-11-30 15:00:00,30.3167,78.0333,682.0,16.2,946.0,88.0,station_level_pressure
INM00042111,DEHRADUN,2023-11-30 18:00:00,30.3167,78.0333,682.0,14.7,946.1,96.0,station_level_pressure
INM00042111,DEHRADUN,2023-11-30 21:00:00,30.3167,78.0333,682.0,13.4,945.5,96.0,station_level_pressure
INM00042111,DEHRADUN,2023-12-01 00:00:00,30.3167,78.0333,682.0,12.2,945.4,97.0,station_level_pressure
INM00042111,DEHRADUN,2023-12-01 03:00:00,30.3167,78.0333,682.0,12.8,947.0,97.0,station_level_pressure
INM00042111,DEHRADUN,2023-12-01 06:00:00,30.3167,78.0333,682.0,22.0,946.5,60.0,station_level_pressure
INM00042111,DEHRADUN,2023-12-01 09:00:00,30.3167,78.0333,682.0,25.2,943.9,47.0,station_level_pressure
INM00042111,DEHRADUN,2023-12-01 12:00:00,30.3167,78.0333,682.0,20.5,943.9,70.0,station_level_pressure
INM00042111,DEHRADUN,2023-12-01 15:00:00,30.3167,78.0333,682.0,15.4,945.1,90.0,station_level_pressure
INM00042111,DEHRADUN,2023-12-01 18:00:00,30.3167,78.0333,682.0,14.5,945.3,91.0,station_level_pressure
INM00042111,DEHRADUN,2023-12-01 21:00:00,30.3167,78.0333,682.0,13.0,945.0,96.0,station_level_pressure
INM00042111,DEHRADUN,2023-12-02 00:00:00,30.3167,78.0333,682.0,12.0,945.6,96.0,station_level_pressure
INM00042111,DEHRADUN,2023-12-02 03:00:00,30.3167,78.0333,682.0,13.4,947.4,91.0,station_level_pressure
INM00042111,DEHRADUN,2023-12-02 06:00:00,30.3167,78.0333,682.0,22.0,947.3,60.0,station_level_pressure
INM00042111,DEHRADUN,2023-12-02 09:00:00,30.3167,78.0333,682.0,24.2,945.1,51.0,station_level_pressure
INM00042111,DEHRADUN,2023-12-02 12:00:00,30.3167,78.0333,682.0,20.2,944.5,74.0,station_level_pressure
INM00042111,DEHRADUN,2023-12-02 15:00:00,30.3167,78.0333,682.0,14.6,945.6,87.0,station_level_pressure
INM00042111,DEHRADUN,2023-12-02 18:00:00,30.3167,78.0333,682.0,13.0,946.1,96.0,station_level_pressure
INM00042111,DEHRADUN,2023-12-02 21:00:00,30.3167,78.0333,682.0,12.0,946.2,96.0,station_level_pressure
INM00042111,DEHRADUN,2023-12-03 00:00:00,30.3167,78.0333,682.0,11.7,945.9,96.0,station_level_pressure
INM00042111,DEHRADUN,2023-12-03 03:00:00,30.3167,78.0333,682.0,12.6,947.8,91.0,station_level_pressure
INM00042111,DEHRADUN,2023-12-03 06:00:00,30.3167,78.0333,682.0,22.5,947.7,54.0,station_level_pressure
INM00042111,DEHRADUN,2023-12-03 09:00:00,30.3167,78.0333,682.0,25.8,948.4,36.0,station_level_pressure
INM00042111,DEHRADUN,2023-12-03 12:00:00,30.3167,78.0333,682.0,20.7,947.5,68.0,station_level_pressure
INM00042111,DEHRADUN,2023-12-03 15:00:00,30.3167,78.0333,682.0,15.0,945.6,86.0,station_level_pressure
INM00042111,DEHRADUN,2023-12-03 18:00:00,30.3167,78.0333,682.0,14.7,945.6,88.0,station_level_pressure
INM00042111,DEHRADUN,2023-12-03 21:00:00,30.3167,78.0333,682.0,15.2,944.6,84.0,station_level_pressure
INM00042111,DEHRADUN,2023-12-04 00:00:00,30.3167,78.0333,682.0,15.5,944.0,87.0,station_level_pressure
INM00042111,DEHRADUN,2023-12-04 03:00:00,30.3167,78.0333,682.0,14.2,946.1,87.0,station_level_pressure
INM00042111,DEHRADUN,2023-12-04 06:00:00,30.3167,78.0333,682.0,23.2,946.5,55.0,station_level_pressure
INM00042111,DEHRADUN,2023-12-04 09:00:00,30.3167,78.0333,682.0,24.8,947.6,45.0,station_level_pressure
INM00042111,DEHRADUN,2023-12-04 12:00:00,30.3167,78.0333,682.0,20.6,943.8,66.0,station_level_pressure
INM00042111,DEHRADUN,2023-12-04 15:00:00,30.3167,78.0333,682.0,15.8,943.5,88.0,station_level_pressure
INM00042111,DEHRADUN,2023-12-04 18:00:00,30.3167,78.0333,682.0,15.2,944.0,90.0,station_level_pressure
INM00042111,DEHRADUN,2023-12-05 00:00:00,30.3167,78.0333,682.0,12.6,944.2,96.0,station_level_pressure
INM00042111,DEHRADUN,2023-12-05 03:00:00,30.3167,78.0333,682.0,13.2,945.1,76.0,station_level_pressure
INM00042111,DEHRADUN,2023-12-05 06:00:00,30.3167,78.0333,682.0,22.0,945.4,48.0,station_level_pressure
INM00042111,DEHRADUN,2023-12-05 09:00:00,30.3167,78.0333,682.0,25.2,942.6,34.0,station_level_pressure
INM00042111,DEHRADUN,2023-12-05 12:00:00,30.3167,78.0333,682.0,20.0,942.1,65.0,station_level_pressure
INM00042111,DEHRADUN,2023-12-05 15:00:00,30.3167,78.0333,682.0,14.8,943.9,87.0,station_level_pressure
INM00042111,DEHRADUN,2023-12-05 18:00:00,30.3167,78.0333,682.0,13.0,944.7,91.0,station_level_pressure
INM00042111,DEHRADUN,2023-12-05 21:00:00,30.3167,78.0333,682.0,11.2,944.4,91.0,station_level_pressure
INM00042111,DEHRADUN,2023-12-06 00:00:00,30.3167,78.0333,682.0,10.7,943.9,95.0,station_level_pressure
INM00042111,DEHRADUN,2023-12-06 03:00:00,30.3167,78.0333,682.0,12.6,944.8,86.0,station_level_pressure
INM00042111,DEHRADUN,2023-12-06 06:00:00,30.3167,78.0333,682.0,23.2,945.9,48.0,station_level_pressure
INM00042111,DEHRADUN,2023-12-06 09:00:00,30.3167,78.0333,682.0,26.2,944.0,32.0,station_level_pressure
INM00042111,DEHRADUN,2023-12-06 12:00:00,30.3167,78.0333,682.0,20.5,944.1,62.0,station_level_pressure
INM00042111,DEHRADUN,2023-12-06 15:00:00,30.3167,78.0333,682.0,14.4,945.1,85.0,station_level_pressure
INM00042111,DEHRADUN,2023-12-06 18:00:00,30.3167,78.0333,682.0,12.5,945.3,88.0,station_level_pressure
INM00042111,DEHRADUN,2023-12-06 21:00:00,30.3167,78.0333,682.0,10.8,945.1,93.0,station_level_pressure
INM00042111,DEHRADUN,2023-12-07 00:00:00,30.3167,78.0333,682.0,10.7,944.3,94.0,station_level_pressure
INM00042111,DEHRADUN,2023-12-07 03:00:00,30.3167,78.0333,682.0,12.6,945.5,80.0,station_level_pressure
INM00042111,DEHRADUN,2023-12-07 06:00:00,30.3167,78.0333,682.0,22.6,945.2,45.0,station_level_pressure
INM00042111,DEHRADUN,2023-12-07 09:00:00,30.3167,78.0333,682.0,25.4,942.2,31.0,station_level_pressure
INM00042111,DEHRADUN,2023-12-07 12:00:00,30.3167,78.0333,682.0,19.5,941.5,66.0,station_level_pressure
INM00042111,DEHRADUN,2023-12-07 15:00:00,30.3167,78.0333,682.0,14.8,942.8,85.0,station_level_pressure
INM00042111,DEHRADUN,2023-12-07 18:00:00,30.3167,78.0333,682.0,12.7,943.2,87.0,station_level_pressure
INM00042111,DEHRADUN,2023-12-07 21:00:00,30.3167,78.0333,682.0,10.6,942.7,88.0,station_level_pressure
INM00042111,DEHRADUN,2023-12-08 00:00:00,30.3167,78.0333,682.0,10.0,942.0,88.0,station_level_pressure
INM00042111,DEHRADUN,2023-12-08 03:00:00,30.3167,78.0333,682.0,11.6,944.3,81.0,station_level_pressure
INM00042111,DEHRADUN,2023-12-08 06:00:00,30.3167,78.0333,682.0,22.0,944.6,48.0,station_level_pressure
INM00042111,DEHRADUN,2023-12-08 09:00:00,30.3167,78.0333,682.0,23.2,941.9,42.0,station_level_pressure
INM00042111,DEHRADUN,2023-12-08 12:00:00,30.3167,78.0333,682.0,18.6,941.6,55.0,station_level_pressure
INM00042111,DEHRADUN,2023-12-08 15:00:00,30.3167,78.0333,682.0,13.4,943.3,85.0,station_level_pressure
INM00042111,DEHRADUN,2023-12-08 18:00:00,30.3167,78.0333,682.0,11.2,943.2,93.0,station_level_pressure
INM00042111,DEHRADUN,2023-12-08 21:00:00,30.3167,78.0333,682.0,10.0,943.2,95.0,station_level_pressure
INM00042111,DEHRADUN,2023-12-09 00:00:00,30.3167,78.0333,682.0,9.6,943.9,95.0,station_level_pressure
INM00042111,DEHRADUN,2023-12-09 03:00:00,30.3167,78.0333,682.0,11.2,944.3,86.0,station_level_pressure
INM00042111,DEHRADUN,2023-12-09 06:00:00,30.3167,78.0333,682.0,19.5,945.4,57.0,station_level_pressure
INM00042111,DEHRADUN,2023-12-09 09:00:00,30.3167,78.0333,682.0,23.4,943.2,48.0,station_level_pressure
INM00042111,DEHRADUN,2023-12-09 12:00:00,30.3167,78.0333,682.0,18.0,942.3,63.0,station_level_pressure
INM00042111,DEHRADUN,2023-12-09 15:00:00,30.3167,78.0333,682.0,12.8,942.2,87.0,station_level_pressure
INM00042111,DEHRADUN,2023-12-09 21:00:00,30.3167,78.0333,682.0,10.0,941.0,97.0,station_level_pressure
INM00042111,DEHRADUN,2023-12-10 00:00:00,30.3167,78.0333,682.0,9.5,940.6,97.0,station_level_pressure
INM00042111,DEHRADUN,2023-12-10 06:00:00,30.3167,78.0333,682.0,20.5,942.4,49.0,station_level_pressure
INM00042111,DEHRADUN,2023-12-10 09:00:00,30.3167,78.0333,682.0,23.0,940.8,49.0,station_level_pressure
INM00042111,DEHRADUN,2023-12-10 12:00:00,30.3167,78.0333,682.0,17.7,940.9,74.0,station_level_pressure
INM00042111,DEHRADUN,2023-12-10 15:00:00,30.3167,78.0333,682.0,12.0,942.6,87.0,station_level_pressure
INM00042111,DEHRADUN,2023-12-10 18:00:00,30.3167,78.0333,682.0,10.2,942.8,95.0,station_level_pressure
INM00042111,DEHRADUN,2023-12-10 21:00:00,30.3167,78.0333,682.0,9.6,942.5,95.0,station_level_pressure
INM00042111,DEHRADUN,2023-12-11 00:00:00,30.3167,78.0333,682.0,9.0,942.1,97.0,station_level_pressure
INM00042111,DEHRADUN,2023-12-11 03:00:00,30.3167,78.0333,682.0,10.0,943.8,97.0,station_level_pressure
INM00042111,DEHRADUN,2023-12-11 06:00:00,30.3167,78.0333,682.0,18.7,944.0,56.0,station_level_pressure
INM00042111,DEHRADUN,2023-12-11 09:00:00,30.3167,78.0333,682.0,21.8,942.8,52.0,station_level_pressure
INM00042111,DEHRADUN,2023-12-11 12:00:00,30.3167,78.0333,682.0,17.6,942.3,76.0,station_level_pressure
INM00042111,DEHRADUN,2023-12-11 15:00:00,30.3167,78.0333,682.0,12.6,943.0,85.0,station_level_pressure
INM00042111,DEHRADUN,2023-12-11 18:00:00,30.3167,78.0333,682.0,11.0,943.4,88.0,station_level_pressure
INM00042111,DEHRADUN,2023-12-11 21:00:00,30.3167,78.0333,682.0,10.6,942.5,91.0,station_level_pressure
INM00042111,DEHRADUN,2023-12-12 00:00:00,30.3167,78.0333,682.0,8.6,942.9,100.0,station_level_pressure
INM00042111,DEHRADUN,2023-12-12 03:00:00,30.3167,78.0333,682.0,9.8,943.7,92.0,station_level_pressure
INM00042111,DEHRADUN,2023-12-12 06:00:00,30.3167,78.0333,682.0,19.0,944.0,52.0,station_level_pressure
INM00042111,DEHRADUN,2023-12-12 09:00:00,30.3167,78.0333,682.0,21.6,941.3,41.0,station_level_pressure
INM00042111,DEHRADUN,2023-12-12 12:00:00,30.3167,78.0333,682.0,17.6,941.5,70.0,station_level_pressure
INM00042111,DEHRADUN,2023-12-12 18:00:00,30.3167,78.0333,682.0,10.0,943.3,92.0,station_level_pressure
INM00042111,DEHRADUN,2023-12-12 21:00:00,30.3167,78.0333,682.0,9.6,943.2,95.0,station_level_pressure
INM00042111,DEHRADUN,2023-12-13 00:00:00,30.3167,78.0333,682.0,8.6,942.8,95.0,station_level_pressure
INM00042111,DEHRADUN,2023-12-13 03:00:00,30.3167,78.0333,682.0,9.2,944.9,85.0,station_level_pressure
INM00042111,DEHRADUN,2023-12-13 06:00:00,30.3167,78.0333,682.0,20.0,945.4,42.0,station_level_pressure
INM00042111,DEHRADUN,2023-12-13 09:00:00,30.3167,78.0333,682.0,22.2,941.5,38.0,station_level_pressure
INM00042111,DEHRADUN,2023-12-13 12:00:00,30.3167,78.0333,682.0,17.5,942.2,54.0,station_level_pressure
INM00042111,DEHRADUN,2023-12-13 15:00:00,30.3167,78.0333,682.0,11.8,944.0,91.0,station_level_pressure
INM00042111,DEHRADUN,2023-12-13 18:00:00,30.3167,78.0333,682.0,10.5,944.3,92.0,station_level_pressure
INM00042111,DEHRADUN,2023-12-13 21:00:00,30.3167,78.0333,682.0,8.7,943.3,95.0,station_level_pressure
INM00042111,DEHRADUN,2023-12-14 00:00:00,30.3167,78.0333,682.0,8.0,943.0,92.0,station_level_pressure
INM00042111,DEHRADUN,2023-12-14 03:00:00,30.3167,78.0333,682.0,8.0,944.0,87.0,station_level_pressure
INM00042111,DEHRADUN,2023-12-14 06:00:00,30.3167,78.0333,682.0,20.2,944.9,44.0,station_level_pressure
INM00042111,DEHRADUN,2023-12-14 09:00:00,30.3167,78.0333,682.0,23.0,943.3,42.0,station_level_pressure
INM00042111,DEHRADUN,2023-12-14 12:00:00,30.3167,78.0333,682.0,17.6,943.6,67.0,station_level_pressure
INM00042111,DEHRADUN,2023-12-14 15:00:00,30.3167,78.0333,682.0,11.8,945.3,86.0,station_level_pressure
INM00042111,DEHRADUN,2023-12-14 18:00:00,30.3167,78.0333,682.0,9.7,945.6,93.0,station_level_pressure
INM00042111,DEHRADUN,2023-12-14 21:00:00,30.3167,78.0333,682.0,8.6,945.3,95.0,station_level_pressure
INM00042111,DEHRADUN,2023-12-15 00:00:00,30.3167,78.0333,682.0,7.7,945.2,95.0,station_level_pressure
INM00042111,DEHRADUN,2023-12-15 03:00:00,30.3167,78.0333,682.0,9.6,946.8,90.0,station_level_pressure
INM00042111,DEHRADUN,2023-12-15 06:00:00,30.3167,78.0333,682.0,18.7,948.6,56.0,station_level_pressure
INM00042111,DEHRADUN,2023-12-15 09:00:00,30.3167,78.0333,682.0,22.8,945.7,45.0,station_level_pressure
INM00042111,DEHRADUN,2023-12-15 12:00:00,30.3167,78.0333,682.0,18.5,944.6,81.0,station_level_pressure
INM00042111,DEHRADUN,2023-12-15 15:00:00,30.3167,78.0333,682.0,12.6,945.1,82.0,station_level_pressure
INM00042111,DEHRADUN,2023-12-15 18:00:00,30.3167,78.0333,682.0,10.5,945.4,92.0,station_level_pressure
INM00042111,DEHRADUN,2023-12-15 21:00:00,30.3167,78.0333,682.0,9.5,944.7,94.0,station_level_pressure
INM00042111,DEHRADUN,2023-12-16 00:00:00,30.3167,78.0333,682.0,8.5,944.3,94.0,station_level_pressure
INM00042111,DEHRADUN,2023-12-16 03:00:00,30.3167,78.0333,682.0,9.0,945.6,92.0,station_level_pressure
INM00042111,DEHRADUN,2023-12-16 06:00:00,30.3167,78.0333,682.0,18.0,946.1,62.0,station_level_pressure
INM00042111,DEHRADUN,2023-12-16 09:00:00,30.3167,78.0333,682.0,21.6,943.3,46.0,station_level_pressure
INM00042111,DEHRADUN,2023-12-16 12:00:00,30.3167,78.0333,682.0,17.2,942.5,66.0,station_level_pressure
INM00042111,DEHRADUN,2023-12-16 15:00:00,30.3167,78.0333,682.0,12.4,943.5,87.0,station_level_pressure
INM00042111,DEHRADUN,2023-12-16 18:00:00,30.3167,78.0333,682.0,10.2,944.0,91.0,station_level_pressure
INM00042111,DEHRADUN,2023-12-16 21:00:00,30.3167,78.0333,682.0,9.0,944.2,95.0,station_level_pressure
INM00042111,DEHRADUN,2023-12-17 00:00:00,30.3167,78.0333,682.0,8.0,944.0,97.0,station_level_pressure
INM00042111,DEHRADUN,2023-12-17 03:00:00,30.3167,78.0333,682.0,8.0,946.4,97.0,station_level_pressure
INM00042111,DEHRADUN,2023-12-17 06:00:00,30.3167,78.0333,682.0,18.7,946.2,50.0,station_level_pressure
INM00042111,DEHRADUN,2023-12-17 09:00:00,30.3167,78.0333,682.0,21.2,944.6,46.0,station_level_pressure
INM00042111,DEHRADUN,2023-12-17 12:00:00,30.3167,78.0333,682.0,17.7,944.6,50.0,station_level_pressure
INM00042111,DEHRADUN,2023-12-17 15:00:00,30.3167,78.0333,682.0,10.8,945.9,91.0,station_level_pressure
INM00042111,DEHRADUN,2023-12-17 18:00:00,30.3167,78.0333,682.0,8.5,946.5,94.0,station_level_pressure
INM00042111,DEHRADUN,2023-12-17 21:00:00,30.3167,78.0333,682.0,7.6,946.5,97.0,station_level_pressure
INM00042111,DEHRADUN,2023-12-18 00:00:00,30.3167,78.0333,682.0,6.7,946.3,98.0,station_level_pressure
INM00042111,DEHRADUN,2023-12-18 03:00:00,30.3167,78.0333,682.0,8.4,947.4,87.0,station_level_pressure
INM00042111,DEHRADUN,2023-12-18 06:00:00,30.3167,78.0333,682.0,17.7,947.5,47.0,station_level_pressure
INM00042111,DEHRADUN,2023-12-18 09:00:00,30.3167,78.0333,682.0,22.4,945.0,34.0,station_level_pressure
INM00042111,DEHRADUN,2023-12-18 12:00:00,30.3167,78.0333,682.0,17.6,944.0,65.0,station_level_pressure
INM00042111,DEHRADUN,2023-12-18 15:00:00,30.3167,78.0333,682.0,11.4,946.5,86.0,station_level_pressure
INM00042111,DEHRADUN,2023-12-18 18:00:00,30.3167,78.0333,682.0,8.6,945.9,92.0,station_level_pressure
INM00042111,DEHRADUN,2023-12-18 21:00:00,30.3167,78.0333,682.0,7.8,945.4,95.0,station_level_pressure
INM00042111,DEHRADUN,2023-12-19 00:00:00,30.3167,78.0333,682.0,7.0,945.7,97.0,station_level_pressure
INM00042111,DEHRADUN,2023-12-19 03:00:00,30.3167,78.0333,682.0,8.0,947.6,87.0,station_level_pressure
INM00042111,DEHRADUN,2023-12-19 06:00:00,30.3167,78.0333,682.0,20.0,947.7,37.0,station_level_pressure
INM00042111,DEHRADUN,2023-12-19 09:00:00,30.3167,78.0333,682.0,22.8,945.4,36.0,station_level_pressure
INM00042111,DEHRADUN,2023-12-19 12:00:00,30.3167,78.0333,682.0,17.0,945.1,59.0,station_level_pressure
INM00042111,DEHRADUN,2023-12-19 15:00:00,30.3167,78.0333,682.0,10.8,946.0,86.0,station_level_pressure
INM00042111,DEHRADUN,2023-12-19 18:00:00,30.3167,78.0333,682.0,8.5,946.0,92.0,station_level_pressure
INM00042111,DEHRADUN,2023-12-19 21:00:00,30.3167,78.0333,682.0,8.2,946.2,92.0,station_level_pressure
INM00042111,DEHRADUN,2023-12-20 00:00:00,30.3167,78.0333,682.0,7.0,945.5,97.0,station_level_pressure
INM00042111,DEHRADUN,2023-12-20 03:00:00,30.3167,78.0333,682.0,7.8,948.2,95.0,station_level_pressure
INM00042111,DEHRADUN,2023-12-20 06:00:00,30.3167,78.0333,682.0,18.7,947.9,50.0,station_level_pressure
INM00042111,DEHRADUN,2023-12-20 09:00:00,30.3167,78.0333,682.0,20.6,945.0,48.0,station_level_pressure
INM00042111,DEHRADUN,2023-12-20 12:00:00,30.3167,78.0333,682.0,16.6,945.0,71.0,station_level_pressure
INM00042111,DEHRADUN,2023-12-20 15:00:00,30.3167,78.0333,682.0,10.8,946.5,91.0,station_level_pressure
INM00042111,DEHRADUN,2023-12-20 18:00:00,30.3167,78.0333,682.0,9.0,946.7,95.0,station_level_pressure
INM00042111,DEHRADUN,2023-12-20 21:00:00,30.3167,78.0333,682.0,8.4,946.2,95.0,station_level_pressure
INM00042111,DEHRADUN,2023-12-21 00:00:00,30.3167,78.0333,682.0,7.7,945.2,98.0,station_level_pressure
INM00042111,DEHRADUN,2023-12-21 03:00:00,30.3167,78.0333,682.0,8.4,946.0,87.0,station_level_pressure
INM00042111,DEHRADUN,2023-12-21 06:00:00,30.3167,78.0333,682.0,18.5,946.3,44.0,station_level_pressure
INM00042111,DEHRADUN,2023-12-21 09:00:00,30.3167,78.0333,682.0,24.0,944.0,39.0,station_level_pressure
INM00042111,DEHRADUN,2023-12-21 12:00:00,30.3167,78.0333,682.0,18.0,943.7,72.0,station_level_pressure
INM00042111,DEHRADUN,2023-12-21 15:00:00,30.3167,78.0333,682.0,12.0,944.7,88.0,station_level_pressure
INM00042111,DEHRADUN,2023-12-21 18:00:00,30.3167,78.0333,682.0,10.2,945.3,92.0,station_level_pressure
INM00042111,DEHRADUN,2023-12-21 21:00:00,30.3167,78.0333,682.0,9.6,946.2,95.0,station_level_pressure
INM00042111,DEHRADUN,2023-12-22 00:00:00,30.3167,78.0333,682.0,8.5,945.1,94.0,station_level_pressure
INM00042111,DEHRADUN,2023-12-22 03:00:00,30.3167,78.0333,682.0,9.0,946.7,87.0,station_level_pressure
INM00042111,DEHRADUN,2023-12-22 06:00:00,30.3167,78.0333,682.0,19.0,947.8,49.0,station_level_pressure
INM00042111,DEHRADUN,2023-12-22 09:00:00,30.3167,78.0333,682.0,23.0,944.1,38.0,station_level_pressure
INM00042111,DEHRADUN,2023-12-22 12:00:00,30.3167,78.0333,682.0,18.5,944.3,69.0,station_level_pressure
INM00042111,DEHRADUN,2023-12-22 15:00:00,30.3167,78.0333,682.0,13.0,945.0,84.0,station_level_pressure
INM00042111,DEHRADUN,2023-12-22 18:00:00,30.3167,78.0333,682.0,11.0,945.5,88.0,station_level_pressure
INM00042111,DEHRADUN,2023-12-22 21:00:00,30.3167,78.0333,682.0,10.6,946.2,86.0,station_level_pressure
INM00042111,DEHRADUN,2023-12-23 00:00:00,30.3167,78.0333,682.0,10.7,944.0,91.0,station_level_pressure
INM00042111,DEHRADUN,2023-12-23 03:00:00,30.3167,78.0333,682.0,11.0,948.4,86.0,station_level_pressure
INM00042111,DEHRADUN,2023-12-23 06:00:00,30.3167,78.0333,682.0,20.6,950.0,55.0,station_level_pressure
INM00042111,DEHRADUN,2023-12-23 09:00:00,30.3167,78.0333,682.0,24.4,947.5,39.0,station_level_pressure
INM00042111,DEHRADUN,2023-12-23 12:00:00,30.3167,78.0333,682.0,19.0,947.3,64.0,station_level_pressure
INM00042111,DEHRADUN,2023-12-23 15:00:00,30.3167,78.0333,682.0,12.5,949.3,88.0,station_level_pressure
INM00042111,DEHRADUN,2023-12-23 18:00:00,30.3167,78.0333,682.0,11.0,949.5,95.0,station_level_pressure
INM00042111,DEHRADUN,2023-12-23 21:00:00,30.3167,78.0333,682.0,9.8,949.4,95.0,station_level_pressure
INM00042111,DEHRADUN,2023-12-24 00:00:00,30.3167,78.0333,682.0,8.6,948.7,95.0,station_level_pressure
INM00042111,DEHRADUN,2023-12-24 03:00:00,30.3167,78.0333,682.0,10.2,950.2,85.0,station_level_pressure
INM00042111,DEHRADUN,2023-12-24 06:00:00,30.3167,78.0333,682.0,20.0,950.3,49.0,station_level_pressure
INM00042111,DEHRADUN,2023-12-24 09:00:00,30.3167,78.0333,682.0,24.2,948.2,36.0,station_level_pressure
INM00042111,DEHRADUN,2023-12-24 12:00:00,30.3167,78.0333,682.0,19.0,947.3,58.0,station_level_pressure
INM00042111,DEHRADUN,2023-12-24 15:00:00,30.3167,78.0333,682.0,12.6,948.1,87.0,station_level_pressure
INM00042111,DEHRADUN,2023-12-24 18:00:00,30.3167,78.0333,682.0,10.2,947.6,92.0,station_level_pressure
INM00042111,DEHRADUN,2023-12-26 12:00:00,30.3167,78.0333,682.0,19.5,945.9,69.0,station_level_pressure
INM00042111,DEHRADUN,2023-12-26 18:00:00,30.3167,78.0333,682.0,12.0,947.9,96.0,station_level_pressure
INM00042111,DEHRADUN,2023-12-26 21:00:00,30.3167,78.0333,682.0,10.4,947.3,95.0,station_level_pressure
INM00042111,DEHRADUN,2023-12-27 00:00:00,30.3167,78.0333,682.0,9.7,947.3,98.0,station_level_pressure
INM00042111,DEHRADUN,2023-12-27 03:00:00,30.3167,78.0333,682.0,11.2,949.4,88.0,station_level_pressure
INM00042111,DEHRADUN,2023-12-27 06:00:00,30.3167,78.0333,682.0,20.0,950.2,57.0,station_level_pressure
INM00042111,DEHRADUN,2023-12-27 09:00:00,30.3167,78.0333,682.0,24.4,947.4,46.0,station_level_pressure
INM00042111,DEHRADUN,2023-12-27 12:00:00,30.3167,78.0333,682.0,20.0,946.7,69.0,station_level_pressure
INM00042111,DEHRADUN,2023-12-27 15:00:00,30.3167,78.0333,682.0,13.8,947.4,87.0,station_level_pressure
INM00042111,DEHRADUN,2023-12-27 18:00:00,30.3167,78.0333,682.0,12.0,947.0,96.0,station_level_pressure
INM00042111,DEHRADUN,2023-12-27 21:00:00,30.3167,78.0333,682.0,10.0,946.1,97.0,station_level_pressure
INM00042111,DEHRADUN,2023-12-28 00:00:00,30.3167,78.0333,682.0,9.7,945.4,98.0,station_level_pressure
INM00042111,DEHRADUN,2023-12-28 03:00:00,30.3167,78.0333,682.0,9.8,946.5,92.0,station_level_pressure
INM00042111,DEHRADUN,2023-12-28 06:00:00,30.3167,78.0333,682.0,19.6,947.2,57.0,station_level_pressure
INM00042111,DEHRADUN,2023-12-28 09:00:00,30.3167,78.0333,682.0,22.2,945.0,53.0,station_level_pressure
INM00042111,DEHRADUN,2023-12-28 12:00:00,30.3167,78.0333,682.0,18.5,945.9,74.0,station_level_pressure
INM00042111,DEHRADUN,2023-12-28 15:00:00,30.3167,78.0333,682.0,14.2,946.0,83.0,station_level_pressure
INM00042111,DEHRADUN,2023-12-28 18:00:00,30.3167,78.0333,682.0,12.5,947.0,88.0,station_level_pressure
INM00042111,DEHRADUN,2023-12-29 00:00:00,30.3167,78.0333,682.0,9.7,946.0,95.0,station_level_pressure
INM00042111,DEHRADUN,2023-12-29 03:00:00,30.3167,78.0333,682.0,10.0,948.4,97.0,station_level_pressure
INM00042111,DEHRADUN,2023-12-29 06:00:00,30.3167,78.0333,682.0,19.7,948.7,58.0,station_level_pressure
INM00042111,DEHRADUN,2023-12-29 09:00:00,30.3167,78.0333,682.0,24.0,945.9,45.0,station_level_pressure
INM00042111,DEHRADUN,2023-12-29 12:00:00,30.3167,78.0333,682.0,19.7,945.1,67.0,station_level_pressure
INM00042111,DEHRADUN,2023-12-29 15:00:00,30.3167,78.0333,682.0,13.2,947.2,91.0,station_level_pressure
INM00042111,DEHRADUN,2023-12-29 18:00:00,30.3167,78.0333,682.0,11.5,946.8,95.0,station_level_pressure
INM00042111,DEHRADUN,2023-12-29 21:00:00,30.3167,78.0333,682.0,10.8,946.1,95.0,station_level_pressure
INM00042111,DEHRADUN,2023-12-30 00:00:00,30.3167,78.0333,682.0,9.7,945.4,98.0,station_level_pressure
INM00042111,DEHRADUN,2023-12-30 03:00:00,30.3167,78.0333,682.0,10.4,946.7,95.0,station_level_pressure
INM00042111,DEHRADUN,2023-12-30 06:00:00,30.3167,78.0333,682.0,19.5,946.8,58.0,station_level_pressure
INM00042111,DEHRADUN,2023-12-30 09:00:00,30.3167,78.0333,682.0,23.0,945.1,48.0,station_level_pressure
INM00042111,DEHRADUN,2023-12-30 12:00:00,30.3167,78.0333,682.0,16.5,944.7,76.0,station_level_pressure
INM00042111,DEHRADUN,2023-12-30 15:00:00,30.3167,78.0333,682.0,12.6,945.0,87.0,station_level_pressure
INM00042111,DEHRADUN,2023-12-30 18:00:00,30.3167,78.0333,682.0,10.7,945.2,95.0,station_level_pressure
INM00042111,DEHRADUN,2023-12-30 21:00:00,30.3167,78.0333,682.0,10.0,944.9,100.0,station_level_pressure
INM00042111,DEHRADUN,2023-12-31 00:00:00,30.3167,78.0333,682.0,8.6,944.7,100.0,station_level_pressure
INM00042111,DEHRADUN,2023-12-31 03:00:00,30.3167,78.0333,682.0,8.6,946.7,100.0,station_level_pressure
INM00042111,DEHRADUN,2023-12-31 06:00:00,30.3167,78.0333,682.0,15.5,946.9,69.0,station_level_pressure
INM00042111,DEHRADUN,2023-12-31 09:00:00,30.3167,78.0333,682.0,21.0,944.6,60.0,station_level_pressure
INM00042111,DEHRADUN,2023-12-31 12:00:00,30.3167,78.0333,682.0,14.5,944.3,81.0,station_level_pressure
INM00042111,DEHRADUN,2023-12-31 15:00:00,30.3167,78.0333,682.0,11.0,944.8,97.0,station_level_pressure
INM00042111,DEHRADUN,2023-12-31 18:00:00,30.3167,78.0333,682.0,10.7,944.0,98.0,station_level_pressure
INM00042111,DEHRADUN,2023-12-31 21:00:00,30.3167,78.0333,682.0,10.5,944.0,97.0,station_level_pressure
